{"type":"FeatureCollection","name":"arboles_2024","crs":{"type":"name","properties":{"name":"urn:ogc:def:crs:EPSG::32614"}},"features":[{"type":"Feature","properties":{"UBI":null,"PROYE":"Parque Central","NOMCIEN":"Platanus racemosa","NOMBRE":"Árbol nuevo","OBJECTID":0,"FECHA LEV":2024,"NOMCOM":null,"ORIGEN":null,"SALUD":null,"ACCESO":null,"ACCESIBIL":null,"COLONIA":null,"LAT":null,"LONG":null,"DAP":null,"ALTURA":null,"TRONCO":null,"CFE":null},"geometry":{"type":"MultiPoint","coordinates":[[370839.61215,2837819.5636]]}},{"type":"Feature","properties":{"UBI":null,"PROYE":"Parque Central","NOMCIEN":"Platanus wrightii","NOMBRE":"Árbol nuevo","OBJECTID":1,"FECHA LEV":2024,"NOMCOM":null,"ORIGEN":null,"SALUD":null,"ACCESO":null,"ACCESIBIL":null,"COLONIA":null,"LAT":null,"LONG":null,"DAP":null,"ALTURA":null,"TRONCO":null,"CFE":null},"geometry":{"type":"MultiPoint","coordinates":[[370833.29497,2837811.79797]]}},{"type":"Feature","properties":{"UBI":null,"PROYE":"Parque Central","NOMCIEN":"Platanus wrightii","NOMBRE":"Árbol nuevo","OBJECTID":2,"FECHA LEV":2024,"NOMCOM":null,"ORIGEN":null,"SALUD":null,"ACCESO":null,"ACCESIBIL":null,"COLONIA":null,"LAT":null,"LONG":null,"DAP":null,"ALTURA":null,"TRONCO":null,"CFE":null},"geometry":{"type":"MultiPoint","coordinates":[[370851.82085,2837805.27521]]}},{"type":"Feature","properties":{"UBI":null,"PROYE":"Parque Central","NOMCIEN":"Platanus wrightii","NOMBRE":"Árbol nuevo","OBJECTID":3,"FECHA LEV":2024,"NOMCOM":null,"ORIGEN":null,"SALUD":null,"ACCESO":null,"ACCESIBIL":null,"COLONIA":null,"LAT":null,"LONG":null,"DAP":null,"ALTURA":null,"TRONCO":null,"CFE":null},"geometry":{"type":"MultiPoint","coordinates":[[370851.35425,2837813.10681]]}},{"type":"Feature","properties":{"UBI":null,"PROYE":"Parque Central","NOMCIEN":"Platanus wrightii","NOMBRE":"Árbol nuevo","OBJECTID":4,"FECHA LEV":2024,"NOMCOM":null,"ORIGEN":null,"SALUD":null,"ACCESO":null,"ACCESIBIL":null,"COLONIA":null,"LAT":null,"LONG":null,"DAP":null,"ALTURA":null,"TRONCO":null,"CFE":null},"geometry":{"type":"MultiPoint","coordinates":[[370848.85514,2837821.22806]]}},{"type":"Feature","properties":{"UBI":null,"PROYE":"Parque Central","NOMCIEN":"Platanus wrightii","NOMBRE":"Árbol nuevo","OBJECTID":5,"FECHA LEV":2024,"NOMCOM":null,"ORIGEN":null,"SALUD":null,"ACCESO":null,"ACCESIBIL":null,"COLONIA":null,"LAT":null,"LONG":null,"DAP":null,"ALTURA":null,"TRONCO":null,"CFE":null},"geometry":{"type":"MultiPoint","coordinates":[[370848.64808,2837827.84259]]}},{"type":"Feature","properties":{"UBI":null,"PROYE":"Parque Central","NOMCIEN":"Platanus wrightii","NOMBRE":"Árbol nuevo","OBJECTID":6,"FECHA LEV":2024,"NOMCOM":null,"ORIGEN":null,"SALUD":null,"ACCESO":null,"ACCESIBIL":null,"COLONIA":null,"LAT":null,"LONG":null,"DAP":null,"ALTURA":null,"TRONCO":null,"CFE":null},"geometry":{"type":"MultiPoint","coordinates":[[370859.24049,2837814.78447]]}},{"type":"Feature","properties":{"UBI":null,"PROYE":"Parque Central","NOMCIEN":"Platanus wrightii","NOMBRE":"Árbol nuevo","OBJECTID":7,"FECHA LEV":2024,"NOMCOM":null,"ORIGEN":null,"SALUD":null,"ACCESO":null,"ACCESIBIL":null,"COLONIA":null,"LAT":null,"LONG":null,"DAP":null,"ALTURA":null,"TRONCO":null,"CFE":null},"geometry":{"type":"MultiPoint","coordinates":[[370859.84091,2837820.7164]]}},{"type":"Feature","properties":{"UBI":null,"PROYE":"Parque Central","NOMCIEN":"Platanus wrightii","NOMBRE":"Árbol nuevo","OBJECTID":8,"FECHA LEV":2024,"NOMCOM":null,"ORIGEN":null,"SALUD":null,"ACCESO":null,"ACCESIBIL":null,"COLONIA":null,"LAT":null,"LONG":null,"DAP":null,"ALTURA":null,"TRONCO":null,"CFE":null},"geometry":{"type":"MultiPoint","coordinates":[[370877.68917,2837828.23498]]}},{"type":"Feature","properties":{"UBI":null,"PROYE":"Parque Central","NOMCIEN":"Platanus wrightii","NOMBRE":"Árbol nuevo","OBJECTID":9,"FECHA LEV":2024,"NOMCOM":null,"ORIGEN":null,"SALUD":null,"ACCESO":null,"ACCESIBIL":null,"COLONIA":null,"LAT":null,"LONG":null,"DAP":null,"ALTURA":null,"TRONCO":null,"CFE":null},"geometry":{"type":"MultiPoint","coordinates":[[370891.39238,2837828.10178]]}},{"type":"Feature","properties":{"UBI":null,"PROYE":"Parque Central","NOMCIEN":"Platanus wrightii","NOMBRE":"Árbol nuevo","OBJECTID":10,"FECHA LEV":2024,"NOMCOM":null,"ORIGEN":null,"SALUD":null,"ACCESO":null,"ACCESIBIL":null,"COLONIA":null,"LAT":null,"LONG":null,"DAP":null,"ALTURA":null,"TRONCO":null,"CFE":null},"geometry":{"type":"MultiPoint","coordinates":[[370901.0332,2837828.81777]]}},{"type":"Feature","properties":{"UBI":null,"PROYE":"Parque Central","NOMCIEN":"Taxodium sp.","NOMBRE":"Árbol nuevo","OBJECTID":11,"FECHA LEV":2024,"NOMCOM":null,"ORIGEN":null,"SALUD":null,"ACCESO":null,"ACCESIBIL":null,"COLONIA":null,"LAT":null,"LONG":null,"DAP":null,"ALTURA":null,"TRONCO":null,"CFE":null},"geometry":{"type":"MultiPoint","coordinates":[[370819.3537,2837801.4075]]}},{"type":"Feature","properties":{"UBI":null,"PROYE":"Parque Central","NOMCIEN":"Taxodium sp.","NOMBRE":"Árbol nuevo","OBJECTID":12,"FECHA LEV":2024,"NOMCOM":null,"ORIGEN":null,"SALUD":null,"ACCESO":null,"ACCESIBIL":null,"COLONIA":null,"LAT":null,"LONG":null,"DAP":null,"ALTURA":null,"TRONCO":null,"CFE":null},"geometry":{"type":"MultiPoint","coordinates":[[370830.79376,2837805.74957]]}},{"type":"Feature","properties":{"UBI":null,"PROYE":"Parque Central","NOMCIEN":"Taxodium sp.","NOMBRE":"Árbol nuevo","OBJECTID":13,"FECHA LEV":2024,"NOMCOM":null,"ORIGEN":null,"SALUD":null,"ACCESO":null,"ACCESIBIL":null,"COLONIA":null,"LAT":null,"LONG":null,"DAP":null,"ALTURA":null,"TRONCO":null,"CFE":null},"geometry":{"type":"MultiPoint","coordinates":[[370837.12721,2837801.23465]]}},{"type":"Feature","properties":{"UBI":null,"PROYE":"Parque Central","NOMCIEN":"Taxodium sp.","NOMBRE":"Árbol nuevo","OBJECTID":14,"FECHA LEV":2024,"NOMCOM":null,"ORIGEN":null,"SALUD":null,"ACCESO":null,"ACCESIBIL":null,"COLONIA":null,"LAT":null,"LONG":null,"DAP":null,"ALTURA":null,"TRONCO":null,"CFE":null},"geometry":{"type":"MultiPoint","coordinates":[[370845.17013,2837805.06997]]}},{"type":"Feature","properties":{"UBI":null,"PROYE":"Parque Central","NOMCIEN":"Taxodium sp.","NOMBRE":"Árbol nuevo","OBJECTID":15,"FECHA LEV":2024,"NOMCOM":null,"ORIGEN":null,"SALUD":null,"ACCESO":null,"ACCESIBIL":null,"COLONIA":null,"LAT":null,"LONG":null,"DAP":null,"ALTURA":null,"TRONCO":null,"CFE":null},"geometry":{"type":"MultiPoint","coordinates":[[370842.38654,2837811.84451]]}},{"type":"Feature","properties":{"UBI":null,"PROYE":"Parque Central","NOMCIEN":"Taxodium sp.","NOMBRE":"Árbol nuevo","OBJECTID":16,"FECHA LEV":2024,"NOMCOM":null,"ORIGEN":null,"SALUD":null,"ACCESO":null,"ACCESIBIL":null,"COLONIA":null,"LAT":null,"LONG":null,"DAP":null,"ALTURA":null,"TRONCO":null,"CFE":null},"geometry":{"type":"MultiPoint","coordinates":[[370863.4262,2837826.61931]]}},{"type":"Feature","properties":{"UBI":null,"PROYE":"Parque Central","NOMCIEN":"Taxodium sp.","NOMBRE":"Árbol nuevo","OBJECTID":17,"FECHA LEV":2024,"NOMCOM":null,"ORIGEN":null,"SALUD":null,"ACCESO":null,"ACCESIBIL":null,"COLONIA":null,"LAT":null,"LONG":null,"DAP":null,"ALTURA":null,"TRONCO":null,"CFE":null},"geometry":{"type":"MultiPoint","coordinates":[[370843.62415,2837827.48659]]}},{"type":"Feature","properties":{"UBI":null,"PROYE":"Parque Central","NOMCIEN":"Taxodium sp.","NOMBRE":"Árbol nuevo","OBJECTID":18,"FECHA LEV":2024,"NOMCOM":null,"ORIGEN":null,"SALUD":null,"ACCESO":null,"ACCESIBIL":null,"COLONIA":null,"LAT":null,"LONG":null,"DAP":null,"ALTURA":null,"TRONCO":null,"CFE":null},"geometry":{"type":"MultiPoint","coordinates":[[370869.61611,2837821.29611]]}},{"type":"Feature","properties":{"UBI":null,"PROYE":"Parque Central","NOMCIEN":"Taxodium sp.","NOMBRE":"Árbol nuevo","OBJECTID":19,"FECHA LEV":2024,"NOMCOM":null,"ORIGEN":null,"SALUD":null,"ACCESO":null,"ACCESIBIL":null,"COLONIA":null,"LAT":null,"LONG":null,"DAP":null,"ALTURA":null,"TRONCO":null,"CFE":null},"geometry":{"type":"MultiPoint","coordinates":[[370956.30646,2837864.58811]]}},{"type":"Feature","properties":{"UBI":null,"PROYE":"Parque Central","NOMCIEN":"Fraxinus uhdei","NOMBRE":"Árbol nuevo","OBJECTID":20,"FECHA LEV":2024,"NOMCOM":null,"ORIGEN":null,"SALUD":null,"ACCESO":null,"ACCESIBIL":null,"COLONIA":null,"LAT":null,"LONG":null,"DAP":null,"ALTURA":null,"TRONCO":null,"CFE":null},"geometry":{"type":"MultiPoint","coordinates":[[370754.01995,2837764.88824]]}},{"type":"Feature","properties":{"UBI":null,"PROYE":"Parque Central","NOMCIEN":"Cordia Boissieri","NOMBRE":"Árbol nuevo","OBJECTID":21,"FECHA LEV":2024,"NOMCOM":null,"ORIGEN":null,"SALUD":null,"ACCESO":null,"ACCESIBIL":null,"COLONIA":null,"LAT":null,"LONG":null,"DAP":null,"ALTURA":null,"TRONCO":null,"CFE":null},"geometry":{"type":"MultiPoint","coordinates":[[370835.89035,2837832.65757]]}},{"type":"Feature","properties":{"UBI":null,"PROYE":"Parque Central","NOMCIEN":"Cordia Boissieri","NOMBRE":"Árbol nuevo","OBJECTID":22,"FECHA LEV":2024,"NOMCOM":null,"ORIGEN":null,"SALUD":null,"ACCESO":null,"ACCESIBIL":null,"COLONIA":null,"LAT":null,"LONG":null,"DAP":null,"ALTURA":null,"TRONCO":null,"CFE":null},"geometry":{"type":"MultiPoint","coordinates":[[370884.13657,2837807.52507]]}},{"type":"Feature","properties":{"UBI":null,"PROYE":"Parque Central","NOMCIEN":"Cordia Boissieri","NOMBRE":"Árbol nuevo","OBJECTID":23,"FECHA LEV":2024,"NOMCOM":null,"ORIGEN":null,"SALUD":null,"ACCESO":null,"ACCESIBIL":null,"COLONIA":null,"LAT":null,"LONG":null,"DAP":null,"ALTURA":null,"TRONCO":null,"CFE":null},"geometry":{"type":"MultiPoint","coordinates":[[370804.23857,2837795.88663]]}},{"type":"Feature","properties":{"UBI":null,"PROYE":"Parque Central","NOMCIEN":"Cordia Boissieri","NOMBRE":"Árbol nuevo","OBJECTID":24,"FECHA LEV":2024,"NOMCOM":null,"ORIGEN":null,"SALUD":null,"ACCESO":null,"ACCESIBIL":null,"COLONIA":null,"LAT":null,"LONG":null,"DAP":null,"ALTURA":null,"TRONCO":null,"CFE":null},"geometry":{"type":"MultiPoint","coordinates":[[370959.56518,2837921.00947]]}},{"type":"Feature","properties":{"UBI":null,"PROYE":"Parque Central","NOMCIEN":"Cordia Boissieri","NOMBRE":"Árbol nuevo","OBJECTID":25,"FECHA LEV":2024,"NOMCOM":null,"ORIGEN":null,"SALUD":null,"ACCESO":null,"ACCESIBIL":null,"COLONIA":null,"LAT":null,"LONG":null,"DAP":null,"ALTURA":null,"TRONCO":null,"CFE":null},"geometry":{"type":"MultiPoint","coordinates":[[370924.28103,2837834.13545]]}},{"type":"Feature","properties":{"UBI":null,"PROYE":"Parque Central","NOMCIEN":"Cordia Boissieri","NOMBRE":"Árbol nuevo","OBJECTID":26,"FECHA LEV":2024,"NOMCOM":null,"ORIGEN":null,"SALUD":null,"ACCESO":null,"ACCESIBIL":null,"COLONIA":null,"LAT":null,"LONG":null,"DAP":null,"ALTURA":null,"TRONCO":null,"CFE":null},"geometry":{"type":"MultiPoint","coordinates":[[370914.76146,2837838.98527]]}},{"type":"Feature","properties":{"UBI":null,"PROYE":"Parque Central","NOMCIEN":"Cordia Boissieri","NOMBRE":"Árbol nuevo","OBJECTID":27,"FECHA LEV":2024,"NOMCOM":null,"ORIGEN":null,"SALUD":null,"ACCESO":null,"ACCESIBIL":null,"COLONIA":null,"LAT":null,"LONG":null,"DAP":null,"ALTURA":null,"TRONCO":null,"CFE":null},"geometry":{"type":"MultiPoint","coordinates":[[370930.74687,2837859.60344]]}},{"type":"Feature","properties":{"UBI":null,"PROYE":"Parque Central","NOMCIEN":"Cordia Boissieri","NOMBRE":"Árbol nuevo","OBJECTID":28,"FECHA LEV":2024,"NOMCOM":null,"ORIGEN":null,"SALUD":null,"ACCESO":null,"ACCESIBIL":null,"COLONIA":null,"LAT":null,"LONG":null,"DAP":null,"ALTURA":null,"TRONCO":null,"CFE":null},"geometry":{"type":"MultiPoint","coordinates":[[370888.04986,2837879.52329]]}},{"type":"Feature","properties":{"UBI":null,"PROYE":"Parque Central","NOMCIEN":"Prosopis laevigata","NOMBRE":"Árbol nuevo","OBJECTID":29,"FECHA LEV":2024,"NOMCOM":null,"ORIGEN":null,"SALUD":null,"ACCESO":null,"ACCESIBIL":null,"COLONIA":null,"LAT":null,"LONG":null,"DAP":null,"ALTURA":null,"TRONCO":null,"CFE":null},"geometry":{"type":"MultiPoint","coordinates":[[370839.85642,2837835.85778]]}},{"type":"Feature","properties":{"UBI":null,"PROYE":"Parque Central","NOMCIEN":"Prosopis laevigata","NOMBRE":"Árbol nuevo","OBJECTID":30,"FECHA LEV":2024,"NOMCOM":null,"ORIGEN":null,"SALUD":null,"ACCESO":null,"ACCESIBIL":null,"COLONIA":null,"LAT":null,"LONG":null,"DAP":null,"ALTURA":null,"TRONCO":null,"CFE":null},"geometry":{"type":"MultiPoint","coordinates":[[370838.33543,2837827.80792]]}},{"type":"Feature","properties":{"UBI":null,"PROYE":"Parque Central","NOMCIEN":"Prosopis laevigata","NOMBRE":"Árbol nuevo","OBJECTID":31,"FECHA LEV":2024,"NOMCOM":null,"ORIGEN":null,"SALUD":null,"ACCESO":null,"ACCESIBIL":null,"COLONIA":null,"LAT":null,"LONG":null,"DAP":null,"ALTURA":null,"TRONCO":null,"CFE":null},"geometry":{"type":"MultiPoint","coordinates":[[370907.05394,2837806.08777]]}},{"type":"Feature","properties":{"UBI":null,"PROYE":"Parque Central","NOMCIEN":"Prosopis laevigata","NOMBRE":"Árbol nuevo","OBJECTID":32,"FECHA LEV":2024,"NOMCOM":null,"ORIGEN":null,"SALUD":null,"ACCESO":null,"ACCESIBIL":null,"COLONIA":null,"LAT":null,"LONG":null,"DAP":null,"ALTURA":null,"TRONCO":null,"CFE":null},"geometry":{"type":"MultiPoint","coordinates":[[370826.94052,2837814.1539]]}},{"type":"Feature","properties":{"UBI":null,"PROYE":"Parque Central","NOMCIEN":"Ebenopsis ebano","NOMBRE":"Árbol nuevo","OBJECTID":33,"FECHA LEV":2024,"NOMCOM":null,"ORIGEN":null,"SALUD":null,"ACCESO":null,"ACCESIBIL":null,"COLONIA":null,"LAT":null,"LONG":null,"DAP":null,"ALTURA":null,"TRONCO":null,"CFE":null},"geometry":{"type":"MultiPoint","coordinates":[[370827.67199,2837827.93088]]}},{"type":"Feature","properties":{"UBI":null,"PROYE":"Parque Central","NOMCIEN":"Ebenopsis ebano","NOMBRE":"Árbol nuevo","OBJECTID":34,"FECHA LEV":2024,"NOMCOM":null,"ORIGEN":null,"SALUD":null,"ACCESO":null,"ACCESIBIL":null,"COLONIA":null,"LAT":null,"LONG":null,"DAP":null,"ALTURA":null,"TRONCO":null,"CFE":null},"geometry":{"type":"MultiPoint","coordinates":[[370875.93388,2837876.12662]]}},{"type":"Feature","properties":{"UBI":null,"PROYE":"Parque Central","NOMCIEN":"Ebenopsis ebano","NOMBRE":"Árbol nuevo","OBJECTID":35,"FECHA LEV":2024,"NOMCOM":null,"ORIGEN":null,"SALUD":null,"ACCESO":null,"ACCESIBIL":null,"COLONIA":null,"LAT":null,"LONG":null,"DAP":null,"ALTURA":null,"TRONCO":null,"CFE":null},"geometry":{"type":"MultiPoint","coordinates":[[370869.83825,2837863.2308]]}},{"type":"Feature","properties":{"UBI":null,"PROYE":"Parque Central","NOMCIEN":"Ebenopsis ebano","NOMBRE":"Árbol nuevo","OBJECTID":36,"FECHA LEV":2024,"NOMCOM":null,"ORIGEN":null,"SALUD":null,"ACCESO":null,"ACCESIBIL":null,"COLONIA":null,"LAT":null,"LONG":null,"DAP":null,"ALTURA":null,"TRONCO":null,"CFE":null},"geometry":{"type":"MultiPoint","coordinates":[[370859.70329,2837867.51275]]}},{"type":"Feature","properties":{"UBI":null,"PROYE":"Parque Central","NOMCIEN":"Ebenopsis ebano","NOMBRE":"Árbol nuevo","OBJECTID":37,"FECHA LEV":2024,"NOMCOM":null,"ORIGEN":null,"SALUD":null,"ACCESO":null,"ACCESIBIL":null,"COLONIA":null,"LAT":null,"LONG":null,"DAP":null,"ALTURA":null,"TRONCO":null,"CFE":null},"geometry":{"type":"MultiPoint","coordinates":[[370847.70538,2837847.65697]]}},{"type":"Feature","properties":{"UBI":null,"PROYE":"Parque Central","NOMCIEN":"Ebenopsis ebano","NOMBRE":"Árbol nuevo","OBJECTID":38,"FECHA LEV":2024,"NOMCOM":null,"ORIGEN":null,"SALUD":null,"ACCESO":null,"ACCESIBIL":null,"COLONIA":null,"LAT":null,"LONG":null,"DAP":null,"ALTURA":null,"TRONCO":null,"CFE":null},"geometry":{"type":"MultiPoint","coordinates":[[370844.25446,2837841.61782]]}},{"type":"Feature","properties":{"UBI":null,"PROYE":"Parque Central","NOMCIEN":"Ebenopsis ebano","NOMBRE":"Árbol nuevo","OBJECTID":39,"FECHA LEV":2024,"NOMCOM":null,"ORIGEN":null,"SALUD":null,"ACCESO":null,"ACCESIBIL":null,"COLONIA":null,"LAT":null,"LONG":null,"DAP":null,"ALTURA":null,"TRONCO":null,"CFE":null},"geometry":{"type":"MultiPoint","coordinates":[[370790.11696,2837780.90964]]}},{"type":"Feature","properties":{"UBI":null,"PROYE":"Parque Central","NOMCIEN":"Ebenopsis ebano","NOMBRE":"Árbol nuevo","OBJECTID":40,"FECHA LEV":2024,"NOMCOM":null,"ORIGEN":null,"SALUD":null,"ACCESO":null,"ACCESIBIL":null,"COLONIA":null,"LAT":null,"LONG":null,"DAP":null,"ALTURA":null,"TRONCO":null,"CFE":null},"geometry":{"type":"MultiPoint","coordinates":[[370833.12859,2837822.59553]]}},{"type":"Feature","properties":{"UBI":null,"PROYE":"Parque Central","NOMCIEN":"Ebenopsis ebano","NOMBRE":"Árbol nuevo","OBJECTID":41,"FECHA LEV":2024,"NOMCOM":null,"ORIGEN":null,"SALUD":null,"ACCESO":null,"ACCESIBIL":null,"COLONIA":null,"LAT":null,"LONG":null,"DAP":null,"ALTURA":null,"TRONCO":null,"CFE":null},"geometry":{"type":"MultiPoint","coordinates":[[370913.73831,2837946.98543]]}},{"type":"Feature","properties":{"UBI":null,"PROYE":"Parque Central","NOMCIEN":"Ebenopsis ebano","NOMBRE":"Árbol nuevo","OBJECTID":42,"FECHA LEV":2024,"NOMCOM":null,"ORIGEN":null,"SALUD":null,"ACCESO":null,"ACCESIBIL":null,"COLONIA":null,"LAT":null,"LONG":null,"DAP":null,"ALTURA":null,"TRONCO":null,"CFE":null},"geometry":{"type":"MultiPoint","coordinates":[[370937.14636,2837845.42795]]}},{"type":"Feature","properties":{"UBI":null,"PROYE":"Parque Central","NOMCIEN":"Fraxinus berlandieriana","NOMBRE":"Árbol nuevo","OBJECTID":43,"FECHA LEV":2024,"NOMCOM":null,"ORIGEN":null,"SALUD":null,"ACCESO":null,"ACCESIBIL":null,"COLONIA":null,"LAT":null,"LONG":null,"DAP":null,"ALTURA":null,"TRONCO":null,"CFE":null},"geometry":{"type":"MultiPoint","coordinates":[[370790.78771,2837752.15932]]}},{"type":"Feature","properties":{"UBI":null,"PROYE":"Parque Central","NOMCIEN":"Salix babylonica","NOMBRE":"Árbol nuevo","OBJECTID":44,"FECHA LEV":2024,"NOMCOM":null,"ORIGEN":null,"SALUD":null,"ACCESO":null,"ACCESIBIL":null,"COLONIA":null,"LAT":null,"LONG":null,"DAP":null,"ALTURA":null,"TRONCO":null,"CFE":null},"geometry":{"type":"MultiPoint","coordinates":[[370814.51531,2837806.17778]]}},{"type":"Feature","properties":{"UBI":null,"PROYE":"Parque Central","NOMCIEN":"Ulmus Crassifolia","NOMBRE":"Árbol nuevo","OBJECTID":45,"FECHA LEV":2024,"NOMCOM":null,"ORIGEN":null,"SALUD":null,"ACCESO":null,"ACCESIBIL":null,"COLONIA":null,"LAT":null,"LONG":null,"DAP":null,"ALTURA":null,"TRONCO":null,"CFE":null},"geometry":{"type":"MultiPoint","coordinates":[[370792.29782,2837792.64178]]}},{"type":"Feature","properties":{"UBI":null,"PROYE":"Parque Central","NOMCIEN":"Ulmus Crassifolia","NOMBRE":"Árbol nuevo","OBJECTID":46,"FECHA LEV":2024,"NOMCOM":null,"ORIGEN":null,"SALUD":null,"ACCESO":null,"ACCESIBIL":null,"COLONIA":null,"LAT":null,"LONG":null,"DAP":null,"ALTURA":null,"TRONCO":null,"CFE":null},"geometry":{"type":"MultiPoint","coordinates":[[370822.73054,2837822.69212]]}},{"type":"Feature","properties":{"UBI":null,"PROYE":"Parque Central","NOMCIEN":"Ulmus Crassifolia","NOMBRE":"Árbol nuevo","OBJECTID":47,"FECHA LEV":2024,"NOMCOM":null,"ORIGEN":null,"SALUD":null,"ACCESO":null,"ACCESIBIL":null,"COLONIA":null,"LAT":null,"LONG":null,"DAP":null,"ALTURA":null,"TRONCO":null,"CFE":null},"geometry":{"type":"MultiPoint","coordinates":[[370854.07633,2837860.95497]]}},{"type":"Feature","properties":{"UBI":null,"PROYE":"Parque Central","NOMCIEN":"Ulmus Crassifolia","NOMBRE":"Árbol nuevo","OBJECTID":48,"FECHA LEV":2024,"NOMCOM":null,"ORIGEN":null,"SALUD":null,"ACCESO":null,"ACCESIBIL":null,"COLONIA":null,"LAT":null,"LONG":null,"DAP":null,"ALTURA":null,"TRONCO":null,"CFE":null},"geometry":{"type":"MultiPoint","coordinates":[[370846.94512,2837853.19727]]}},{"type":"Feature","properties":{"UBI":null,"PROYE":"Parque Central","NOMCIEN":"Ulmus Crassifolia","NOMBRE":"Árbol nuevo","OBJECTID":49,"FECHA LEV":2024,"NOMCOM":null,"ORIGEN":null,"SALUD":null,"ACCESO":null,"ACCESIBIL":null,"COLONIA":null,"LAT":null,"LONG":null,"DAP":null,"ALTURA":null,"TRONCO":null,"CFE":null},"geometry":{"type":"MultiPoint","coordinates":[[370902.18798,2837808.02436]]}},{"type":"Feature","properties":{"UBI":null,"PROYE":"Parque Central","NOMCIEN":"Ulmus Crassifolia","NOMBRE":"Árbol nuevo","OBJECTID":50,"FECHA LEV":2024,"NOMCOM":null,"ORIGEN":null,"SALUD":null,"ACCESO":null,"ACCESIBIL":null,"COLONIA":null,"LAT":null,"LONG":null,"DAP":null,"ALTURA":null,"TRONCO":null,"CFE":null},"geometry":{"type":"MultiPoint","coordinates":[[370907.66746,2837813.36908]]}},{"type":"Feature","properties":{"UBI":null,"PROYE":"Parque Central","NOMCIEN":"Ulmus Crassifolia","NOMBRE":"Árbol nuevo","OBJECTID":51,"FECHA LEV":2024,"NOMCOM":null,"ORIGEN":null,"SALUD":null,"ACCESO":null,"ACCESIBIL":null,"COLONIA":null,"LAT":null,"LONG":null,"DAP":null,"ALTURA":null,"TRONCO":null,"CFE":null},"geometry":{"type":"MultiPoint","coordinates":[[370927.64717,2837816.81854]]}},{"type":"Feature","properties":{"UBI":null,"PROYE":"Parque Central","NOMCIEN":"Ulmus Crassifolia","NOMBRE":"Árbol nuevo","OBJECTID":52,"FECHA LEV":2024,"NOMCOM":null,"ORIGEN":null,"SALUD":null,"ACCESO":null,"ACCESIBIL":null,"COLONIA":null,"LAT":null,"LONG":null,"DAP":null,"ALTURA":null,"TRONCO":null,"CFE":null},"geometry":{"type":"MultiPoint","coordinates":[[370921.38582,2837828.75491]]}},{"type":"Feature","properties":{"UBI":null,"PROYE":"Parque Central","NOMCIEN":"Ulmus Crassifolia","NOMBRE":"Árbol nuevo","OBJECTID":53,"FECHA LEV":2024,"NOMCOM":null,"ORIGEN":null,"SALUD":null,"ACCESO":null,"ACCESIBIL":null,"COLONIA":null,"LAT":null,"LONG":null,"DAP":null,"ALTURA":null,"TRONCO":null,"CFE":null},"geometry":{"type":"MultiPoint","coordinates":[[370811.06698,2837800.4085]]}},{"type":"Feature","properties":{"UBI":null,"PROYE":"Parque Central","NOMCIEN":"Ulmus Crassifolia","NOMBRE":"Árbol nuevo","OBJECTID":54,"FECHA LEV":2024,"NOMCOM":null,"ORIGEN":null,"SALUD":null,"ACCESO":null,"ACCESIBIL":null,"COLONIA":null,"LAT":null,"LONG":null,"DAP":null,"ALTURA":null,"TRONCO":null,"CFE":null},"geometry":{"type":"MultiPoint","coordinates":[[370946.87711,2837927.9515]]}},{"type":"Feature","properties":{"UBI":null,"PROYE":"Parque Central","NOMCIEN":"Ulmus Crassifolia","NOMBRE":"Árbol nuevo","OBJECTID":55,"FECHA LEV":2024,"NOMCOM":null,"ORIGEN":null,"SALUD":null,"ACCESO":null,"ACCESIBIL":null,"COLONIA":null,"LAT":null,"LONG":null,"DAP":null,"ALTURA":null,"TRONCO":null,"CFE":null},"geometry":{"type":"MultiPoint","coordinates":[[370941.64831,2837931.33239]]}},{"type":"Feature","properties":{"UBI":null,"PROYE":"Parque Central","NOMCIEN":"Ulmus Crassifolia","NOMBRE":"Árbol nuevo","OBJECTID":56,"FECHA LEV":2024,"NOMCOM":null,"ORIGEN":null,"SALUD":null,"ACCESO":null,"ACCESIBIL":null,"COLONIA":null,"LAT":null,"LONG":null,"DAP":null,"ALTURA":null,"TRONCO":null,"CFE":null},"geometry":{"type":"MultiPoint","coordinates":[[370943.14091,2837920.8519]]}},{"type":"Feature","properties":{"UBI":null,"PROYE":"Parque Central","NOMCIEN":"Ulmus Crassifolia","NOMBRE":"Árbol nuevo","OBJECTID":57,"FECHA LEV":2024,"NOMCOM":null,"ORIGEN":null,"SALUD":null,"ACCESO":null,"ACCESIBIL":null,"COLONIA":null,"LAT":null,"LONG":null,"DAP":null,"ALTURA":null,"TRONCO":null,"CFE":null},"geometry":{"type":"MultiPoint","coordinates":[[370937.11189,2837923.92342]]}},{"type":"Feature","properties":{"UBI":null,"PROYE":"Parque Central","NOMCIEN":"Ulmus Crassifolia","NOMBRE":"Árbol nuevo","OBJECTID":58,"FECHA LEV":2024,"NOMCOM":null,"ORIGEN":null,"SALUD":null,"ACCESO":null,"ACCESIBIL":null,"COLONIA":null,"LAT":null,"LONG":null,"DAP":null,"ALTURA":null,"TRONCO":null,"CFE":null},"geometry":{"type":"MultiPoint","coordinates":[[370903.7813,2837939.62917]]}},{"type":"Feature","properties":{"UBI":null,"PROYE":"Parque Central","NOMCIEN":"Ulmus Crassifolia","NOMBRE":"Árbol nuevo","OBJECTID":59,"FECHA LEV":2024,"NOMCOM":null,"ORIGEN":null,"SALUD":null,"ACCESO":null,"ACCESIBIL":null,"COLONIA":null,"LAT":null,"LONG":null,"DAP":null,"ALTURA":null,"TRONCO":null,"CFE":null},"geometry":{"type":"MultiPoint","coordinates":[[370930.32016,2837848.50724]]}},{"type":"Feature","properties":{"UBI":null,"PROYE":"Parque Central","NOMCIEN":"Ulmus Crassifolia","NOMBRE":"Árbol nuevo","OBJECTID":60,"FECHA LEV":2024,"NOMCOM":null,"ORIGEN":null,"SALUD":null,"ACCESO":null,"ACCESIBIL":null,"COLONIA":null,"LAT":null,"LONG":null,"DAP":null,"ALTURA":null,"TRONCO":null,"CFE":null},"geometry":{"type":"MultiPoint","coordinates":[[370905.87514,2837876.1785]]}},{"type":"Feature","properties":{"UBI":null,"PROYE":"Parque Central","NOMCIEN":"Ulmus Crassifolia","NOMBRE":"Árbol nuevo","OBJECTID":61,"FECHA LEV":2024,"NOMCOM":null,"ORIGEN":null,"SALUD":null,"ACCESO":null,"ACCESIBIL":null,"COLONIA":null,"LAT":null,"LONG":null,"DAP":null,"ALTURA":null,"TRONCO":null,"CFE":null},"geometry":{"type":"MultiPoint","coordinates":[[370894.25374,2837878.0358]]}},{"type":"Feature","properties":{"UBI":null,"PROYE":"Parque Central","NOMCIEN":"Ulmus Crassifolia","NOMBRE":"Árbol nuevo","OBJECTID":62,"FECHA LEV":2024,"NOMCOM":null,"ORIGEN":null,"SALUD":null,"ACCESO":null,"ACCESIBIL":null,"COLONIA":null,"LAT":null,"LONG":null,"DAP":null,"ALTURA":null,"TRONCO":null,"CFE":null},"geometry":{"type":"MultiPoint","coordinates":[[370914.7578,2837887.8268]]}},{"type":"Feature","properties":{"UBI":null,"PROYE":"Parque Central","NOMCIEN":"Catalpa speciosa","NOMBRE":"Árbol nuevo","OBJECTID":63,"FECHA LEV":2024,"NOMCOM":null,"ORIGEN":null,"SALUD":null,"ACCESO":null,"ACCESIBIL":null,"COLONIA":null,"LAT":null,"LONG":null,"DAP":null,"ALTURA":null,"TRONCO":null,"CFE":null},"geometry":{"type":"MultiPoint","coordinates":[[370864.30936,2837777.89398]]}},{"type":"Feature","properties":{"UBI":null,"PROYE":"Parque Central","NOMCIEN":"Ehretia anacua","NOMBRE":"Árbol nuevo","OBJECTID":64,"FECHA LEV":2024,"NOMCOM":null,"ORIGEN":null,"SALUD":null,"ACCESO":null,"ACCESIBIL":null,"COLONIA":null,"LAT":null,"LONG":null,"DAP":null,"ALTURA":null,"TRONCO":null,"CFE":null},"geometry":{"type":"MultiPoint","coordinates":[[370861.86106,2837746.32038]]}},{"type":"Feature","properties":{"UBI":null,"PROYE":"Parque Central","NOMCIEN":"Ehretia anacua","NOMBRE":"Árbol nuevo","OBJECTID":65,"FECHA LEV":2024,"NOMCOM":null,"ORIGEN":null,"SALUD":null,"ACCESO":null,"ACCESIBIL":null,"COLONIA":null,"LAT":null,"LONG":null,"DAP":null,"ALTURA":null,"TRONCO":null,"CFE":null},"geometry":{"type":"MultiPoint","coordinates":[[370849.82341,2837754.79062]]}},{"type":"Feature","properties":{"UBI":null,"PROYE":"Parque Central","NOMCIEN":"Ehretia anacua","NOMBRE":"Árbol nuevo","OBJECTID":66,"FECHA LEV":2024,"NOMCOM":null,"ORIGEN":null,"SALUD":null,"ACCESO":null,"ACCESIBIL":null,"COLONIA":null,"LAT":null,"LONG":null,"DAP":null,"ALTURA":null,"TRONCO":null,"CFE":null},"geometry":{"type":"MultiPoint","coordinates":[[370843.58323,2837758.12914]]}},{"type":"Feature","properties":{"UBI":null,"PROYE":"Parque Central","NOMCIEN":"Ehretia anacua","NOMBRE":"Árbol nuevo","OBJECTID":67,"FECHA LEV":2024,"NOMCOM":null,"ORIGEN":null,"SALUD":null,"ACCESO":null,"ACCESIBIL":null,"COLONIA":null,"LAT":null,"LONG":null,"DAP":null,"ALTURA":null,"TRONCO":null,"CFE":null},"geometry":{"type":"MultiPoint","coordinates":[[370829.79808,2837834.0663]]}},{"type":"Feature","properties":{"UBI":null,"PROYE":"Parque Central","NOMCIEN":"Ehretia anacua","NOMBRE":"Árbol nuevo","OBJECTID":68,"FECHA LEV":2024,"NOMCOM":null,"ORIGEN":null,"SALUD":null,"ACCESO":null,"ACCESIBIL":null,"COLONIA":null,"LAT":null,"LONG":null,"DAP":null,"ALTURA":null,"TRONCO":null,"CFE":null},"geometry":{"type":"MultiPoint","coordinates":[[370860.59267,2837861.29646]]}},{"type":"Feature","properties":{"UBI":null,"PROYE":"Parque Central","NOMCIEN":"Ehretia anacua","NOMBRE":"Árbol nuevo","OBJECTID":69,"FECHA LEV":2024,"NOMCOM":null,"ORIGEN":null,"SALUD":null,"ACCESO":null,"ACCESIBIL":null,"COLONIA":null,"LAT":null,"LONG":null,"DAP":null,"ALTURA":null,"TRONCO":null,"CFE":null},"geometry":{"type":"MultiPoint","coordinates":[[370886.09038,2837799.13922]]}},{"type":"Feature","properties":{"UBI":null,"PROYE":"Parque Central","NOMCIEN":"Ehretia anacua","NOMBRE":"Árbol nuevo","OBJECTID":70,"FECHA LEV":2024,"NOMCOM":null,"ORIGEN":null,"SALUD":null,"ACCESO":null,"ACCESIBIL":null,"COLONIA":null,"LAT":null,"LONG":null,"DAP":null,"ALTURA":null,"TRONCO":null,"CFE":null},"geometry":{"type":"MultiPoint","coordinates":[[370804.04646,2837790.08567]]}},{"type":"Feature","properties":{"UBI":null,"PROYE":"Parque Central","NOMCIEN":"Ehretia anacua","NOMBRE":"Árbol nuevo","OBJECTID":71,"FECHA LEV":2024,"NOMCOM":null,"ORIGEN":null,"SALUD":null,"ACCESO":null,"ACCESIBIL":null,"COLONIA":null,"LAT":null,"LONG":null,"DAP":null,"ALTURA":null,"TRONCO":null,"CFE":null},"geometry":{"type":"MultiPoint","coordinates":[[370822.36007,2837789.63765]]}},{"type":"Feature","properties":{"UBI":null,"PROYE":"Parque Central","NOMCIEN":"Ehretia anacua","NOMBRE":"Árbol nuevo","OBJECTID":72,"FECHA LEV":2024,"NOMCOM":null,"ORIGEN":null,"SALUD":null,"ACCESO":null,"ACCESIBIL":null,"COLONIA":null,"LAT":null,"LONG":null,"DAP":null,"ALTURA":null,"TRONCO":null,"CFE":null},"geometry":{"type":"MultiPoint","coordinates":[[370811.41463,2837766.3978]]}},{"type":"Feature","properties":{"UBI":null,"PROYE":"Parque Central","NOMCIEN":"Ehretia anacua","NOMBRE":"Árbol nuevo","OBJECTID":73,"FECHA LEV":2024,"NOMCOM":null,"ORIGEN":null,"SALUD":null,"ACCESO":null,"ACCESIBIL":null,"COLONIA":null,"LAT":null,"LONG":null,"DAP":null,"ALTURA":null,"TRONCO":null,"CFE":null},"geometry":{"type":"MultiPoint","coordinates":[[370931.0002,2837836.44881]]}},{"type":"Feature","properties":{"UBI":null,"PROYE":"Parque Central","NOMCIEN":"Ehretia anacua","NOMBRE":"Árbol nuevo","OBJECTID":74,"FECHA LEV":2024,"NOMCOM":null,"ORIGEN":null,"SALUD":null,"ACCESO":null,"ACCESIBIL":null,"COLONIA":null,"LAT":null,"LONG":null,"DAP":null,"ALTURA":null,"TRONCO":null,"CFE":null},"geometry":{"type":"MultiPoint","coordinates":[[370924.55911,2837846.34315]]}},{"type":"Feature","properties":{"UBI":null,"PROYE":"Parque Central","NOMCIEN":"Ehretia anacua","NOMBRE":"Árbol nuevo","OBJECTID":75,"FECHA LEV":2024,"NOMCOM":null,"ORIGEN":null,"SALUD":null,"ACCESO":null,"ACCESIBIL":null,"COLONIA":null,"LAT":null,"LONG":null,"DAP":null,"ALTURA":null,"TRONCO":null,"CFE":null},"geometry":{"type":"MultiPoint","coordinates":[[370935.16468,2837854.80322]]}},{"type":"Feature","properties":{"UBI":null,"PROYE":"Parque Central","NOMCIEN":"Ehretia anacua","NOMBRE":"Árbol nuevo","OBJECTID":76,"FECHA LEV":2024,"NOMCOM":null,"ORIGEN":null,"SALUD":null,"ACCESO":null,"ACCESIBIL":null,"COLONIA":null,"LAT":null,"LONG":null,"DAP":null,"ALTURA":null,"TRONCO":null,"CFE":null},"geometry":{"type":"MultiPoint","coordinates":[[370890.51529,2837887.11097]]}},{"type":"Feature","properties":{"UBI":null,"PROYE":"Parque Central","NOMCIEN":"Ehretia anacua","NOMBRE":"Árbol nuevo","OBJECTID":77,"FECHA LEV":2024,"NOMCOM":null,"ORIGEN":null,"SALUD":null,"ACCESO":null,"ACCESIBIL":null,"COLONIA":null,"LAT":null,"LONG":null,"DAP":null,"ALTURA":null,"TRONCO":null,"CFE":null},"geometry":{"type":"MultiPoint","coordinates":[[370895.72645,2837898.31921]]}},{"type":"Feature","properties":{"UBI":null,"PROYE":"Parque Central","NOMCIEN":"Ehretia anacua","NOMBRE":"Árbol nuevo","OBJECTID":78,"FECHA LEV":2024,"NOMCOM":null,"ORIGEN":null,"SALUD":null,"ACCESO":null,"ACCESIBIL":null,"COLONIA":null,"LAT":null,"LONG":null,"DAP":null,"ALTURA":null,"TRONCO":null,"CFE":null},"geometry":{"type":"MultiPoint","coordinates":[[370892.92146,2837905.00667]]}},{"type":"Feature","properties":{"UBI":null,"PROYE":"Parque Central","NOMCIEN":"Ehretia anacua","NOMBRE":"Árbol nuevo","OBJECTID":79,"FECHA LEV":2024,"NOMCOM":null,"ORIGEN":null,"SALUD":null,"ACCESO":null,"ACCESIBIL":null,"COLONIA":null,"LAT":null,"LONG":null,"DAP":null,"ALTURA":null,"TRONCO":null,"CFE":null},"geometry":{"type":"MultiPoint","coordinates":[[370900.75507,2837907.15058]]}},{"type":"Feature","properties":{"UBI":null,"PROYE":"Parque Central","NOMCIEN":"Ehretia anacua","NOMBRE":"Árbol nuevo","OBJECTID":80,"FECHA LEV":2024,"NOMCOM":null,"ORIGEN":null,"SALUD":null,"ACCESO":null,"ACCESIBIL":null,"COLONIA":null,"LAT":null,"LONG":null,"DAP":null,"ALTURA":null,"TRONCO":null,"CFE":null},"geometry":{"type":"MultiPoint","coordinates":[[370898.27356,2837914.31061]]}},{"type":"Feature","properties":{"UBI":null,"PROYE":"Parque Central","NOMCIEN":"Ehretia anacua","NOMBRE":"Árbol nuevo","OBJECTID":81,"FECHA LEV":2024,"NOMCOM":null,"ORIGEN":null,"SALUD":null,"ACCESO":null,"ACCESIBIL":null,"COLONIA":null,"LAT":null,"LONG":null,"DAP":null,"ALTURA":null,"TRONCO":null,"CFE":null},"geometry":{"type":"MultiPoint","coordinates":[[370916.90448,2837928.24276]]}},{"type":"Feature","properties":{"UBI":null,"PROYE":"Parque Central","NOMCIEN":"Ehretia anacua","NOMBRE":"Árbol nuevo","OBJECTID":82,"FECHA LEV":2024,"NOMCOM":null,"ORIGEN":null,"SALUD":null,"ACCESO":null,"ACCESIBIL":null,"COLONIA":null,"LAT":null,"LONG":null,"DAP":null,"ALTURA":null,"TRONCO":null,"CFE":null},"geometry":{"type":"MultiPoint","coordinates":[[370933.19622,2837914.76409]]}},{"type":"Feature","properties":{"UBI":null,"PROYE":"Parque Central","NOMCIEN":"Ehretia anacua","NOMBRE":"Árbol nuevo","OBJECTID":83,"FECHA LEV":2024,"NOMCOM":null,"ORIGEN":null,"SALUD":null,"ACCESO":null,"ACCESIBIL":null,"COLONIA":null,"LAT":null,"LONG":null,"DAP":null,"ALTURA":null,"TRONCO":null,"CFE":null},"geometry":{"type":"MultiPoint","coordinates":[[370972.19627,2837908.20071]]}},{"type":"Feature","properties":{"UBI":null,"PROYE":"Parque Central","NOMCIEN":"Ehretia anacua","NOMBRE":"Árbol nuevo","OBJECTID":84,"FECHA LEV":2024,"NOMCOM":null,"ORIGEN":null,"SALUD":null,"ACCESO":null,"ACCESIBIL":null,"COLONIA":null,"LAT":null,"LONG":null,"DAP":null,"ALTURA":null,"TRONCO":null,"CFE":null},"geometry":{"type":"MultiPoint","coordinates":[[370977.99348,2837897.67839]]}},{"type":"Feature","properties":{"UBI":null,"PROYE":"Parque Central","NOMCIEN":"Ehretia anacua","NOMBRE":"Árbol nuevo","OBJECTID":85,"FECHA LEV":2024,"NOMCOM":null,"ORIGEN":null,"SALUD":null,"ACCESO":null,"ACCESIBIL":null,"COLONIA":null,"LAT":null,"LONG":null,"DAP":null,"ALTURA":null,"TRONCO":null,"CFE":null},"geometry":{"type":"MultiPoint","coordinates":[[370932.17177,2837874.97149]]}},{"type":"Feature","properties":{"UBI":null,"PROYE":"Parque Central","NOMCIEN":"Ehretia anacua","NOMBRE":"Árbol nuevo","OBJECTID":86,"FECHA LEV":2024,"NOMCOM":null,"ORIGEN":null,"SALUD":null,"ACCESO":null,"ACCESIBIL":null,"COLONIA":null,"LAT":null,"LONG":null,"DAP":null,"ALTURA":null,"TRONCO":null,"CFE":null},"geometry":{"type":"MultiPoint","coordinates":[[370906.21642,2837894.88716]]}},{"type":"Feature","properties":{"UBI":null,"PROYE":"Parque Central","NOMCIEN":"Ehretia anacua","NOMBRE":"Árbol nuevo","OBJECTID":87,"FECHA LEV":2024,"NOMCOM":null,"ORIGEN":null,"SALUD":null,"ACCESO":null,"ACCESIBIL":null,"COLONIA":null,"LAT":null,"LONG":null,"DAP":null,"ALTURA":null,"TRONCO":null,"CFE":null},"geometry":{"type":"MultiPoint","coordinates":[[370913.46709,2837919.07878]]}},{"type":"Feature","properties":{"UBI":null,"PROYE":"Parque Central","NOMCIEN":"Ehretia anacua","NOMBRE":"Árbol nuevo","OBJECTID":88,"FECHA LEV":2024,"NOMCOM":null,"ORIGEN":null,"SALUD":null,"ACCESO":null,"ACCESIBIL":null,"COLONIA":null,"LAT":null,"LONG":null,"DAP":null,"ALTURA":null,"TRONCO":null,"CFE":null},"geometry":{"type":"MultiPoint","coordinates":[[370920.59671,2837914.4108]]}},{"type":"Feature","properties":{"UBI":null,"PROYE":"Parque Central","NOMCIEN":"Ehretia anacua","NOMBRE":"Árbol nuevo","OBJECTID":89,"FECHA LEV":2024,"NOMCOM":null,"ORIGEN":null,"SALUD":null,"ACCESO":null,"ACCESIBIL":null,"COLONIA":null,"LAT":null,"LONG":null,"DAP":null,"ALTURA":null,"TRONCO":null,"CFE":null},"geometry":{"type":"MultiPoint","coordinates":[[370929.7157,2837901.16039]]}},{"type":"Feature","properties":{"UBI":null,"PROYE":"Parque Central","NOMCIEN":"Ehretia anacua","NOMBRE":"Árbol nuevo","OBJECTID":90,"FECHA LEV":2024,"NOMCOM":null,"ORIGEN":null,"SALUD":null,"ACCESO":null,"ACCESIBIL":null,"COLONIA":null,"LAT":null,"LONG":null,"DAP":null,"ALTURA":null,"TRONCO":null,"CFE":null},"geometry":{"type":"MultiPoint","coordinates":[[370950.26512,2837899.21638]]}},{"type":"Feature","properties":{"UBI":null,"PROYE":"Parque Central","NOMCIEN":"Ehretia anacua","NOMBRE":"Árbol nuevo","OBJECTID":91,"FECHA LEV":2024,"NOMCOM":null,"ORIGEN":null,"SALUD":null,"ACCESO":null,"ACCESIBIL":null,"COLONIA":null,"LAT":null,"LONG":null,"DAP":null,"ALTURA":null,"TRONCO":null,"CFE":null},"geometry":{"type":"MultiPoint","coordinates":[[370962.5612,2837901.1584]]}},{"type":"Feature","properties":{"UBI":null,"PROYE":"Parque Central","NOMCIEN":"Helietta parvifolia","NOMBRE":"Árbol nuevo","OBJECTID":92,"FECHA LEV":2024,"NOMCOM":null,"ORIGEN":null,"SALUD":null,"ACCESO":null,"ACCESIBIL":null,"COLONIA":null,"LAT":null,"LONG":null,"DAP":null,"ALTURA":null,"TRONCO":null,"CFE":null},"geometry":{"type":"MultiPoint","coordinates":[[370779.56588,2837778.91414]]}},{"type":"Feature","properties":{"UBI":null,"PROYE":"Parque Central","NOMCIEN":"Vachellia farnesiana","NOMBRE":"Árbol nuevo","OBJECTID":93,"FECHA LEV":2024,"NOMCOM":null,"ORIGEN":null,"SALUD":null,"ACCESO":null,"ACCESIBIL":null,"COLONIA":null,"LAT":null,"LONG":null,"DAP":null,"ALTURA":null,"TRONCO":null,"CFE":null},"geometry":{"type":"MultiPoint","coordinates":[[370855.53102,2837751.35155]]}},{"type":"Feature","properties":{"UBI":null,"PROYE":"Parque Central","NOMCIEN":"Vachellia farnesiana","NOMBRE":"Árbol nuevo","OBJECTID":94,"FECHA LEV":2024,"NOMCOM":null,"ORIGEN":null,"SALUD":null,"ACCESO":null,"ACCESIBIL":null,"COLONIA":null,"LAT":null,"LONG":null,"DAP":null,"ALTURA":null,"TRONCO":null,"CFE":null},"geometry":{"type":"MultiPoint","coordinates":[[370913.09319,2837831.3898]]}},{"type":"Feature","properties":{"UBI":null,"PROYE":"Parque Central","NOMCIEN":"Vachellia farnesiana","NOMBRE":"Árbol nuevo","OBJECTID":95,"FECHA LEV":2024,"NOMCOM":null,"ORIGEN":null,"SALUD":null,"ACCESO":null,"ACCESIBIL":null,"COLONIA":null,"LAT":null,"LONG":null,"DAP":null,"ALTURA":null,"TRONCO":null,"CFE":null},"geometry":{"type":"MultiPoint","coordinates":[[370927.98264,2837854.08013]]}},{"type":"Feature","properties":{"UBI":null,"PROYE":"Parque Central","NOMCIEN":"Parkinsonia aculeata","NOMBRE":"Árbol nuevo","OBJECTID":96,"FECHA LEV":2024,"NOMCOM":null,"ORIGEN":null,"SALUD":null,"ACCESO":null,"ACCESIBIL":null,"COLONIA":null,"LAT":null,"LONG":null,"DAP":null,"ALTURA":null,"TRONCO":null,"CFE":null},"geometry":{"type":"MultiPoint","coordinates":[[370873.43795,2837870.61799]]}},{"type":"Feature","properties":{"UBI":null,"PROYE":"Parque Central","NOMCIEN":"Parkinsonia aculeata","NOMBRE":"Árbol nuevo","OBJECTID":97,"FECHA LEV":2024,"NOMCOM":null,"ORIGEN":null,"SALUD":null,"ACCESO":null,"ACCESIBIL":null,"COLONIA":null,"LAT":null,"LONG":null,"DAP":null,"ALTURA":null,"TRONCO":null,"CFE":null},"geometry":{"type":"MultiPoint","coordinates":[[370860.66012,2837854.27846]]}},{"type":"Feature","properties":{"UBI":null,"PROYE":"Parque Central","NOMCIEN":"Parkinsonia aculeata","NOMBRE":"Árbol nuevo","OBJECTID":98,"FECHA LEV":2024,"NOMCOM":null,"ORIGEN":null,"SALUD":null,"ACCESO":null,"ACCESIBIL":null,"COLONIA":null,"LAT":null,"LONG":null,"DAP":null,"ALTURA":null,"TRONCO":null,"CFE":null},"geometry":{"type":"MultiPoint","coordinates":[[370797.09812,2837787.18436]]}},{"type":"Feature","properties":{"UBI":null,"PROYE":"Parque Central","NOMCIEN":"Parkinsonia aculeata","NOMBRE":"Árbol nuevo","OBJECTID":99,"FECHA LEV":2024,"NOMCOM":null,"ORIGEN":null,"SALUD":null,"ACCESO":null,"ACCESIBIL":null,"COLONIA":null,"LAT":null,"LONG":null,"DAP":null,"ALTURA":null,"TRONCO":null,"CFE":null},"geometry":{"type":"MultiPoint","coordinates":[[370917.75673,2837835.46747]]}},{"type":"Feature","properties":{"UBI":null,"PROYE":"Parque Central","NOMCIEN":"Parkinsonia aculeata","NOMBRE":"Árbol nuevo","OBJECTID":100,"FECHA LEV":2024,"NOMCOM":null,"ORIGEN":null,"SALUD":null,"ACCESO":null,"ACCESIBIL":null,"COLONIA":null,"LAT":null,"LONG":null,"DAP":null,"ALTURA":null,"TRONCO":null,"CFE":null},"geometry":{"type":"MultiPoint","coordinates":[[370942.58319,2837863.45283]]}},{"type":"Feature","properties":{"UBI":null,"PROYE":"Parque Central","NOMCIEN":"Parkinsonia aculeata","NOMBRE":"Árbol nuevo","OBJECTID":101,"FECHA LEV":2024,"NOMCOM":null,"ORIGEN":null,"SALUD":null,"ACCESO":null,"ACCESIBIL":null,"COLONIA":null,"LAT":null,"LONG":null,"DAP":null,"ALTURA":null,"TRONCO":null,"CFE":null},"geometry":{"type":"MultiPoint","coordinates":[[370936.70586,2837865.73001]]}},{"type":"Feature","properties":{"UBI":null,"PROYE":"Parque Central","NOMCIEN":"Parkinsonia aculeata","NOMBRE":"Árbol nuevo","OBJECTID":102,"FECHA LEV":2024,"NOMCOM":null,"ORIGEN":null,"SALUD":null,"ACCESO":null,"ACCESIBIL":null,"COLONIA":null,"LAT":null,"LONG":null,"DAP":null,"ALTURA":null,"TRONCO":null,"CFE":null},"geometry":{"type":"MultiPoint","coordinates":[[370885.39505,2837885.25783]]}},{"type":"Feature","properties":{"UBI":null,"PROYE":"Parque Central","NOMCIEN":"Parkinsonia aculeata","NOMBRE":"Árbol nuevo","OBJECTID":103,"FECHA LEV":2024,"NOMCOM":null,"ORIGEN":null,"SALUD":null,"ACCESO":null,"ACCESIBIL":null,"COLONIA":null,"LAT":null,"LONG":null,"DAP":null,"ALTURA":null,"TRONCO":null,"CFE":null},"geometry":{"type":"MultiPoint","coordinates":[[370939.19745,2837876.01325]]}},{"type":"Feature","properties":{"UBI":null,"PROYE":"Parque Central","NOMCIEN":"Carya illinoensis","NOMBRE":"Árbol nuevo","OBJECTID":104,"FECHA LEV":2024,"NOMCOM":null,"ORIGEN":null,"SALUD":null,"ACCESO":null,"ACCESIBIL":null,"COLONIA":null,"LAT":null,"LONG":null,"DAP":null,"ALTURA":null,"TRONCO":null,"CFE":null},"geometry":{"type":"MultiPoint","coordinates":[[370897.68971,2837805.90889]]}},{"type":"Feature","properties":{"UBI":null,"PROYE":"Parque Central","NOMCIEN":"Carya illinoensis","NOMBRE":"Árbol nuevo","OBJECTID":105,"FECHA LEV":2024,"NOMCOM":null,"ORIGEN":null,"SALUD":null,"ACCESO":null,"ACCESIBIL":null,"COLONIA":null,"LAT":null,"LONG":null,"DAP":null,"ALTURA":null,"TRONCO":null,"CFE":null},"geometry":{"type":"MultiPoint","coordinates":[[370926.24321,2837811.97401]]}},{"type":"Feature","properties":{"UBI":null,"PROYE":"Parque Central","NOMCIEN":"Juglans regia","NOMBRE":"Árbol nuevo","OBJECTID":106,"FECHA LEV":2024,"NOMCOM":null,"ORIGEN":null,"SALUD":null,"ACCESO":null,"ACCESIBIL":null,"COLONIA":null,"LAT":null,"LONG":null,"DAP":null,"ALTURA":null,"TRONCO":null,"CFE":null},"geometry":{"type":"MultiPoint","coordinates":[[370764.5816,2837757.70111]]}},{"type":"Feature","properties":{"UBI":null,"PROYE":"Parque Central","NOMCIEN":"Juglans nigra","NOMBRE":"Árbol nuevo","OBJECTID":107,"FECHA LEV":2024,"NOMCOM":null,"ORIGEN":null,"SALUD":null,"ACCESO":null,"ACCESIBIL":null,"COLONIA":null,"LAT":null,"LONG":null,"DAP":null,"ALTURA":null,"TRONCO":null,"CFE":null},"geometry":{"type":"MultiPoint","coordinates":[[370784.89589,2837785.84091]]}},{"type":"Feature","properties":{"UBI":null,"PROYE":"Parque Central","NOMCIEN":"Juglans nigra","NOMBRE":"Árbol nuevo","OBJECTID":108,"FECHA LEV":2024,"NOMCOM":null,"ORIGEN":null,"SALUD":null,"ACCESO":null,"ACCESIBIL":null,"COLONIA":null,"LAT":null,"LONG":null,"DAP":null,"ALTURA":null,"TRONCO":null,"CFE":null},"geometry":{"type":"MultiPoint","coordinates":[[370809.85153,2837810.23476]]}},{"type":"Feature","properties":{"UBI":null,"PROYE":"Parque Central","NOMCIEN":"Juglans nigra","NOMBRE":"Árbol nuevo","OBJECTID":109,"FECHA LEV":2024,"NOMCOM":null,"ORIGEN":null,"SALUD":null,"ACCESO":null,"ACCESIBIL":null,"COLONIA":null,"LAT":null,"LONG":null,"DAP":null,"ALTURA":null,"TRONCO":null,"CFE":null},"geometry":{"type":"MultiPoint","coordinates":[[370754.38722,2837769.85429]]}},{"type":"Feature","properties":{"UBI":null,"PROYE":"Parque Central","NOMCIEN":"Juglans nigra","NOMBRE":"Árbol nuevo","OBJECTID":110,"FECHA LEV":2024,"NOMCOM":null,"ORIGEN":null,"SALUD":null,"ACCESO":null,"ACCESIBIL":null,"COLONIA":null,"LAT":null,"LONG":null,"DAP":null,"ALTURA":null,"TRONCO":null,"CFE":null},"geometry":{"type":"MultiPoint","coordinates":[[370764.65464,2837765.20771]]}},{"type":"Feature","properties":{"UBI":null,"PROYE":"Parque Central","NOMCIEN":"Juglans nigra","NOMBRE":"Árbol nuevo","OBJECTID":111,"FECHA LEV":2024,"NOMCOM":null,"ORIGEN":null,"SALUD":null,"ACCESO":null,"ACCESIBIL":null,"COLONIA":null,"LAT":null,"LONG":null,"DAP":null,"ALTURA":null,"TRONCO":null,"CFE":null},"geometry":{"type":"MultiPoint","coordinates":[[370773.44957,2837751.27062]]}},{"type":"Feature","properties":{"UBI":null,"PROYE":"Parque Central","NOMCIEN":"Juglans nigra","NOMBRE":"Árbol nuevo","OBJECTID":112,"FECHA LEV":2024,"NOMCOM":null,"ORIGEN":null,"SALUD":null,"ACCESO":null,"ACCESIBIL":null,"COLONIA":null,"LAT":null,"LONG":null,"DAP":null,"ALTURA":null,"TRONCO":null,"CFE":null},"geometry":{"type":"MultiPoint","coordinates":[[370774.14738,2837779.28407]]}},{"type":"Feature","properties":{"UBI":null,"PROYE":"Parque Central","NOMCIEN":"Juglans nigra","NOMBRE":"Árbol nuevo","OBJECTID":113,"FECHA LEV":2024,"NOMCOM":null,"ORIGEN":null,"SALUD":null,"ACCESO":null,"ACCESIBIL":null,"COLONIA":null,"LAT":null,"LONG":null,"DAP":null,"ALTURA":null,"TRONCO":null,"CFE":null},"geometry":{"type":"MultiPoint","coordinates":[[370841.32077,2837846.90936]]}},{"type":"Feature","properties":{"UBI":null,"PROYE":"Parque Central","NOMCIEN":"Olea europaea","NOMBRE":"Árbol nuevo","OBJECTID":114,"FECHA LEV":2024,"NOMCOM":null,"ORIGEN":null,"SALUD":null,"ACCESO":null,"ACCESIBIL":null,"COLONIA":null,"LAT":null,"LONG":null,"DAP":null,"ALTURA":null,"TRONCO":null,"CFE":null},"geometry":{"type":"MultiPoint","coordinates":[[370784.57572,2837769.22291]]}},{"type":"Feature","properties":{"UBI":null,"PROYE":"Parque Central","NOMCIEN":"Olea europaea","NOMBRE":"Árbol nuevo","OBJECTID":115,"FECHA LEV":2024,"NOMCOM":null,"ORIGEN":null,"SALUD":null,"ACCESO":null,"ACCESIBIL":null,"COLONIA":null,"LAT":null,"LONG":null,"DAP":null,"ALTURA":null,"TRONCO":null,"CFE":null},"geometry":{"type":"MultiPoint","coordinates":[[370784.91139,2837775.83219]]}},{"type":"Feature","properties":{"UBI":null,"PROYE":"Parque Central","NOMCIEN":"Olea europaea","NOMBRE":"Árbol nuevo","OBJECTID":116,"FECHA LEV":2024,"NOMCOM":null,"ORIGEN":null,"SALUD":null,"ACCESO":null,"ACCESIBIL":null,"COLONIA":null,"LAT":null,"LONG":null,"DAP":null,"ALTURA":null,"TRONCO":null,"CFE":null},"geometry":{"type":"MultiPoint","coordinates":[[370790.9538,2837769.29582]]}},{"type":"Feature","properties":{"UBI":null,"PROYE":"Parque Central","NOMCIEN":"Olea europaea","NOMBRE":"Árbol nuevo","OBJECTID":117,"FECHA LEV":2024,"NOMCOM":null,"ORIGEN":null,"SALUD":null,"ACCESO":null,"ACCESIBIL":null,"COLONIA":null,"LAT":null,"LONG":null,"DAP":null,"ALTURA":null,"TRONCO":null,"CFE":null},"geometry":{"type":"MultiPoint","coordinates":[[370810.4311,2837790.83326]]}},{"type":"Feature","properties":{"UBI":null,"PROYE":"Parque Central","NOMCIEN":"Olea europaea","NOMBRE":"Árbol nuevo","OBJECTID":118,"FECHA LEV":2024,"NOMCOM":null,"ORIGEN":null,"SALUD":null,"ACCESO":null,"ACCESIBIL":null,"COLONIA":null,"LAT":null,"LONG":null,"DAP":null,"ALTURA":null,"TRONCO":null,"CFE":null},"geometry":{"type":"MultiPoint","coordinates":[[370798.12626,2837767.33675]]}},{"type":"Feature","properties":{"UBI":null,"PROYE":"Parque Central","NOMCIEN":"Olea europaea","NOMBRE":"Árbol nuevo","OBJECTID":119,"FECHA LEV":2024,"NOMCOM":null,"ORIGEN":null,"SALUD":null,"ACCESO":null,"ACCESIBIL":null,"COLONIA":null,"LAT":null,"LONG":null,"DAP":null,"ALTURA":null,"TRONCO":null,"CFE":null},"geometry":{"type":"MultiPoint","coordinates":[[370806.75784,2837775.88958]]}},{"type":"Feature","properties":{"UBI":null,"PROYE":"Parque Central","NOMCIEN":"Quercus robur","NOMBRE":"Árbol nuevo","OBJECTID":120,"FECHA LEV":2024,"NOMCOM":null,"ORIGEN":null,"SALUD":null,"ACCESO":null,"ACCESIBIL":null,"COLONIA":null,"LAT":null,"LONG":null,"DAP":null,"ALTURA":null,"TRONCO":null,"CFE":null},"geometry":{"type":"MultiPoint","coordinates":[[370825.94144,2837795.13575]]}},{"type":"Feature","properties":{"UBI":null,"PROYE":"Parque Central","NOMCIEN":"Quercus robur","NOMBRE":"Árbol nuevo","OBJECTID":121,"FECHA LEV":2024,"NOMCOM":null,"ORIGEN":null,"SALUD":null,"ACCESO":null,"ACCESIBIL":null,"COLONIA":null,"LAT":null,"LONG":null,"DAP":null,"ALTURA":null,"TRONCO":null,"CFE":null},"geometry":{"type":"MultiPoint","coordinates":[[370822.07348,2837774.12122]]}},{"type":"Feature","properties":{"UBI":null,"PROYE":"Parque Central","NOMCIEN":"Quercus obtusta","NOMBRE":"Árbol nuevo","OBJECTID":122,"FECHA LEV":2024,"NOMCOM":null,"ORIGEN":null,"SALUD":null,"ACCESO":null,"ACCESIBIL":null,"COLONIA":null,"LAT":null,"LONG":null,"DAP":null,"ALTURA":null,"TRONCO":null,"CFE":null},"geometry":{"type":"MultiPoint","coordinates":[[370781.70543,2837747.48951]]}},{"type":"Feature","properties":{"UBI":null,"PROYE":"Parque Central","NOMCIEN":"Quercus pungens","NOMBRE":"Árbol nuevo","OBJECTID":123,"FECHA LEV":2024,"NOMCOM":null,"ORIGEN":null,"SALUD":null,"ACCESO":null,"ACCESIBIL":null,"COLONIA":null,"LAT":null,"LONG":null,"DAP":null,"ALTURA":null,"TRONCO":null,"CFE":null},"geometry":{"type":"MultiPoint","coordinates":[[370890.20945,2837775.22814]]}},{"type":"Feature","properties":{"UBI":null,"PROYE":"Parque Central","NOMCIEN":"Quercus pungens","NOMBRE":"Árbol nuevo","OBJECTID":124,"FECHA LEV":2024,"NOMCOM":null,"ORIGEN":null,"SALUD":null,"ACCESO":null,"ACCESIBIL":null,"COLONIA":null,"LAT":null,"LONG":null,"DAP":null,"ALTURA":null,"TRONCO":null,"CFE":null},"geometry":{"type":"MultiPoint","coordinates":[[370899.32661,2837783.49271]]}},{"type":"Feature","properties":{"UBI":null,"PROYE":"Parque Central","NOMCIEN":"Quercus laceyi","NOMBRE":"Árbol nuevo","OBJECTID":125,"FECHA LEV":2024,"NOMCOM":null,"ORIGEN":null,"SALUD":null,"ACCESO":null,"ACCESIBIL":null,"COLONIA":null,"LAT":null,"LONG":null,"DAP":null,"ALTURA":null,"TRONCO":null,"CFE":null},"geometry":{"type":"MultiPoint","coordinates":[[370878.32936,2837767.09616]]}},{"type":"Feature","properties":{"UBI":null,"PROYE":"Parque Central","NOMCIEN":"Quercus muehlenbergii","NOMBRE":"Árbol nuevo","OBJECTID":126,"FECHA LEV":2024,"NOMCOM":null,"ORIGEN":null,"SALUD":null,"ACCESO":null,"ACCESIBIL":null,"COLONIA":null,"LAT":null,"LONG":null,"DAP":null,"ALTURA":null,"TRONCO":null,"CFE":null},"geometry":{"type":"MultiPoint","coordinates":[[370775.47797,2837741.20588]]}},{"type":"Feature","properties":{"UBI":null,"PROYE":"Parque Central","NOMCIEN":"Quercus muehlenbergii","NOMBRE":"Árbol nuevo","OBJECTID":127,"FECHA LEV":2024,"NOMCOM":null,"ORIGEN":null,"SALUD":null,"ACCESO":null,"ACCESIBIL":null,"COLONIA":null,"LAT":null,"LONG":null,"DAP":null,"ALTURA":null,"TRONCO":null,"CFE":null},"geometry":{"type":"MultiPoint","coordinates":[[370867.61553,2837758.63564]]}},{"type":"Feature","properties":{"UBI":null,"PROYE":"Parque Central","NOMCIEN":"Quercus muehlenbergii","NOMBRE":"Árbol nuevo","OBJECTID":128,"FECHA LEV":2024,"NOMCOM":null,"ORIGEN":null,"SALUD":null,"ACCESO":null,"ACCESIBIL":null,"COLONIA":null,"LAT":null,"LONG":null,"DAP":null,"ALTURA":null,"TRONCO":null,"CFE":null},"geometry":{"type":"MultiPoint","coordinates":[[370935.49999,2837829.02261]]}},{"type":"Feature","properties":{"UBI":null,"PROYE":"Parque Central","NOMCIEN":"Quercus vaseyana","NOMBRE":"Árbol nuevo","OBJECTID":129,"FECHA LEV":2024,"NOMCOM":null,"ORIGEN":null,"SALUD":null,"ACCESO":null,"ACCESIBIL":null,"COLONIA":null,"LAT":null,"LONG":null,"DAP":null,"ALTURA":null,"TRONCO":null,"CFE":null},"geometry":{"type":"MultiPoint","coordinates":[[370798.95047,2837798.92126]]}},{"type":"Feature","properties":{"UBI":null,"PROYE":"Parque Central","NOMCIEN":"Quercus vaseyana","NOMBRE":"Árbol nuevo","OBJECTID":130,"FECHA LEV":2024,"NOMCOM":null,"ORIGEN":null,"SALUD":null,"ACCESO":null,"ACCESIBIL":null,"COLONIA":null,"LAT":null,"LONG":null,"DAP":null,"ALTURA":null,"TRONCO":null,"CFE":null},"geometry":{"type":"MultiPoint","coordinates":[[370862.77275,2837763.54661]]}},{"type":"Feature","properties":{"UBI":null,"PROYE":"Parque Central","NOMCIEN":"Quercus vaseyana","NOMBRE":"Árbol nuevo","OBJECTID":131,"FECHA LEV":2024,"NOMCOM":null,"ORIGEN":null,"SALUD":null,"ACCESO":null,"ACCESIBIL":null,"COLONIA":null,"LAT":null,"LONG":null,"DAP":null,"ALTURA":null,"TRONCO":null,"CFE":null},"geometry":{"type":"MultiPoint","coordinates":[[370874.44333,2837771.99782]]}},{"type":"Feature","properties":{"UBI":null,"PROYE":"Parque Central","NOMCIEN":"Quercus vaseyana","NOMBRE":"Árbol nuevo","OBJECTID":132,"FECHA LEV":2024,"NOMCOM":null,"ORIGEN":null,"SALUD":null,"ACCESO":null,"ACCESIBIL":null,"COLONIA":null,"LAT":null,"LONG":null,"DAP":null,"ALTURA":null,"TRONCO":null,"CFE":null},"geometry":{"type":"MultiPoint","coordinates":[[370893.83439,2837800.14354]]}},{"type":"Feature","properties":{"UBI":null,"PROYE":"Parque Central","NOMCIEN":"Quercus vaseyana","NOMBRE":"Árbol nuevo","OBJECTID":133,"FECHA LEV":2024,"NOMCOM":null,"ORIGEN":null,"SALUD":null,"ACCESO":null,"ACCESIBIL":null,"COLONIA":null,"LAT":null,"LONG":null,"DAP":null,"ALTURA":null,"TRONCO":null,"CFE":null},"geometry":{"type":"MultiPoint","coordinates":[[370911.34835,2837801.18786]]}},{"type":"Feature","properties":{"UBI":null,"PROYE":"Parque Central","NOMCIEN":"Quercus vaseyana","NOMBRE":"Árbol nuevo","OBJECTID":134,"FECHA LEV":2024,"NOMCOM":null,"ORIGEN":null,"SALUD":null,"ACCESO":null,"ACCESIBIL":null,"COLONIA":null,"LAT":null,"LONG":null,"DAP":null,"ALTURA":null,"TRONCO":null,"CFE":null},"geometry":{"type":"MultiPoint","coordinates":[[370918.06596,2837808.27489]]}},{"type":"Feature","properties":{"UBI":null,"PROYE":"Parque Central","NOMCIEN":"Quercus vaseyana","NOMBRE":"Árbol nuevo","OBJECTID":135,"FECHA LEV":2024,"NOMCOM":null,"ORIGEN":null,"SALUD":null,"ACCESO":null,"ACCESIBIL":null,"COLONIA":null,"LAT":null,"LONG":null,"DAP":null,"ALTURA":null,"TRONCO":null,"CFE":null},"geometry":{"type":"MultiPoint","coordinates":[[370922.95684,2837808.90211]]}},{"type":"Feature","properties":{"UBI":null,"PROYE":"Parque Central","NOMCIEN":"Quercus vaseyana","NOMBRE":"Árbol nuevo","OBJECTID":136,"FECHA LEV":2024,"NOMCOM":null,"ORIGEN":null,"SALUD":null,"ACCESO":null,"ACCESIBIL":null,"COLONIA":null,"LAT":null,"LONG":null,"DAP":null,"ALTURA":null,"TRONCO":null,"CFE":null},"geometry":{"type":"MultiPoint","coordinates":[[370921.51292,2837813.90927]]}},{"type":"Feature","properties":{"UBI":null,"PROYE":"Parque Central","NOMCIEN":"Quercus vaseyana","NOMBRE":"Árbol nuevo","OBJECTID":137,"FECHA LEV":2024,"NOMCOM":null,"ORIGEN":null,"SALUD":null,"ACCESO":null,"ACCESIBIL":null,"COLONIA":null,"LAT":null,"LONG":null,"DAP":null,"ALTURA":null,"TRONCO":null,"CFE":null},"geometry":{"type":"MultiPoint","coordinates":[[370923.33309,2837819.69439]]}},{"type":"Feature","properties":{"UBI":null,"PROYE":"Parque Central","NOMCIEN":"Quercus vaseyana","NOMBRE":"Árbol nuevo","OBJECTID":138,"FECHA LEV":2024,"NOMCOM":null,"ORIGEN":null,"SALUD":null,"ACCESO":null,"ACCESIBIL":null,"COLONIA":null,"LAT":null,"LONG":null,"DAP":null,"ALTURA":null,"TRONCO":null,"CFE":null},"geometry":{"type":"MultiPoint","coordinates":[[370930.13391,2837821.38265]]}},{"type":"Feature","properties":{"UBI":null,"PROYE":"Parque Central","NOMCIEN":"Quercus vaseyana","NOMBRE":"Árbol nuevo","OBJECTID":139,"FECHA LEV":2024,"NOMCOM":null,"ORIGEN":null,"SALUD":null,"ACCESO":null,"ACCESIBIL":null,"COLONIA":null,"LAT":null,"LONG":null,"DAP":null,"ALTURA":null,"TRONCO":null,"CFE":null},"geometry":{"type":"MultiPoint","coordinates":[[370926.49952,2837824.38685]]}},{"type":"Feature","properties":{"UBI":null,"PROYE":"Parque Central","NOMCIEN":"Quercus shumardii","NOMBRE":"Árbol nuevo","OBJECTID":140,"FECHA LEV":2024,"NOMCOM":null,"ORIGEN":null,"SALUD":null,"ACCESO":null,"ACCESIBIL":null,"COLONIA":null,"LAT":null,"LONG":null,"DAP":null,"ALTURA":null,"TRONCO":null,"CFE":null},"geometry":{"type":"MultiPoint","coordinates":[[370760.05948,2837773.71136]]}},{"type":"Feature","properties":{"UBI":null,"PROYE":"Parque Central","NOMCIEN":"Quercus rugosa","NOMBRE":"Árbol nuevo","OBJECTID":141,"FECHA LEV":2024,"NOMCOM":null,"ORIGEN":null,"SALUD":null,"ACCESO":null,"ACCESIBIL":null,"COLONIA":null,"LAT":null,"LONG":null,"DAP":null,"ALTURA":null,"TRONCO":null,"CFE":null},"geometry":{"type":"MultiPoint","coordinates":[[370894.61982,2837769.58123]]}},{"type":"Feature","properties":{"UBI":null,"PROYE":"Parque Central","NOMCIEN":"Quercus rugosa","NOMBRE":"Árbol nuevo","OBJECTID":142,"FECHA LEV":2024,"NOMCOM":null,"ORIGEN":null,"SALUD":null,"ACCESO":null,"ACCESIBIL":null,"COLONIA":null,"LAT":null,"LONG":null,"DAP":null,"ALTURA":null,"TRONCO":null,"CFE":null},"geometry":{"type":"MultiPoint","coordinates":[[370803.80759,2837765.52714]]}},{"type":"Feature","properties":{"UBI":null,"PROYE":"Parque Central","NOMCIEN":"Quercus fusiformis","NOMBRE":"Árbol nuevo","OBJECTID":143,"FECHA LEV":2024,"NOMCOM":null,"ORIGEN":null,"SALUD":null,"ACCESO":null,"ACCESIBIL":null,"COLONIA":null,"LAT":null,"LONG":null,"DAP":null,"ALTURA":null,"TRONCO":null,"CFE":null},"geometry":{"type":"MultiPoint","coordinates":[[370759.03895,2837767.16561]]}},{"type":"Feature","properties":{"UBI":null,"PROYE":"Parque Central","NOMCIEN":"Quercus fusiformis","NOMBRE":"Árbol nuevo","OBJECTID":144,"FECHA LEV":2024,"NOMCOM":null,"ORIGEN":null,"SALUD":null,"ACCESO":null,"ACCESIBIL":null,"COLONIA":null,"LAT":null,"LONG":null,"DAP":null,"ALTURA":null,"TRONCO":null,"CFE":null},"geometry":{"type":"MultiPoint","coordinates":[[370882.52095,2837760.81695]]}},{"type":"Feature","properties":{"UBI":null,"PROYE":"Parque Central","NOMCIEN":"Quercus virginiana","NOMBRE":"Árbol nuevo","OBJECTID":145,"FECHA LEV":2024,"NOMCOM":null,"ORIGEN":null,"SALUD":null,"ACCESO":null,"ACCESIBIL":null,"COLONIA":null,"LAT":null,"LONG":null,"DAP":null,"ALTURA":null,"TRONCO":null,"CFE":null},"geometry":{"type":"MultiPoint","coordinates":[[370800.27238,2837716.22223]]}},{"type":"Feature","properties":{"UBI":null,"PROYE":"Parque Central","NOMCIEN":"Quercus virginiana","NOMBRE":"Árbol nuevo","OBJECTID":146,"FECHA LEV":2024,"NOMCOM":null,"ORIGEN":null,"SALUD":null,"ACCESO":null,"ACCESIBIL":null,"COLONIA":null,"LAT":null,"LONG":null,"DAP":null,"ALTURA":null,"TRONCO":null,"CFE":null},"geometry":{"type":"MultiPoint","coordinates":[[370805.86445,2837711.83261]]}},{"type":"Feature","properties":{"UBI":null,"PROYE":"Parque Central","NOMCIEN":"Quercus virginiana","NOMBRE":"Árbol nuevo","OBJECTID":147,"FECHA LEV":2024,"NOMCOM":null,"ORIGEN":null,"SALUD":null,"ACCESO":null,"ACCESIBIL":null,"COLONIA":null,"LAT":null,"LONG":null,"DAP":null,"ALTURA":null,"TRONCO":null,"CFE":null},"geometry":{"type":"MultiPoint","coordinates":[[370812.09127,2837707.11962]]}},{"type":"Feature","properties":{"UBI":null,"PROYE":"Parque Central","NOMCIEN":"Quercus virginiana","NOMBRE":"Árbol nuevo","OBJECTID":148,"FECHA LEV":2024,"NOMCOM":null,"ORIGEN":null,"SALUD":null,"ACCESO":null,"ACCESIBIL":null,"COLONIA":null,"LAT":null,"LONG":null,"DAP":null,"ALTURA":null,"TRONCO":null,"CFE":null},"geometry":{"type":"MultiPoint","coordinates":[[370817.82318,2837717.1089]]}},{"type":"Feature","properties":{"UBI":null,"PROYE":"Parque Central","NOMCIEN":"Quercus virginiana","NOMBRE":"Árbol nuevo","OBJECTID":149,"FECHA LEV":2024,"NOMCOM":null,"ORIGEN":null,"SALUD":null,"ACCESO":null,"ACCESIBIL":null,"COLONIA":null,"LAT":null,"LONG":null,"DAP":null,"ALTURA":null,"TRONCO":null,"CFE":null},"geometry":{"type":"MultiPoint","coordinates":[[370803.62206,2837803.73969]]}},{"type":"Feature","properties":{"UBI":null,"PROYE":"Parque Central","NOMCIEN":"Quercus virginiana","NOMBRE":"Árbol nuevo","OBJECTID":150,"FECHA LEV":2024,"NOMCOM":null,"ORIGEN":null,"SALUD":null,"ACCESO":null,"ACCESIBIL":null,"COLONIA":null,"LAT":null,"LONG":null,"DAP":null,"ALTURA":null,"TRONCO":null,"CFE":null},"geometry":{"type":"MultiPoint","coordinates":[[370816.18628,2837816.62306]]}},{"type":"Feature","properties":{"UBI":null,"PROYE":"Parque Central","NOMCIEN":"Quercus virginiana","NOMBRE":"Árbol nuevo","OBJECTID":151,"FECHA LEV":2024,"NOMCOM":null,"ORIGEN":null,"SALUD":null,"ACCESO":null,"ACCESIBIL":null,"COLONIA":null,"LAT":null,"LONG":null,"DAP":null,"ALTURA":null,"TRONCO":null,"CFE":null},"geometry":{"type":"MultiPoint","coordinates":[[370760.57798,2837761.44085]]}},{"type":"Feature","properties":{"UBI":null,"PROYE":"Parque Central","NOMCIEN":"Quercus virginiana","NOMBRE":"Árbol nuevo","OBJECTID":152,"FECHA LEV":2024,"NOMCOM":null,"ORIGEN":null,"SALUD":null,"ACCESO":null,"ACCESIBIL":null,"COLONIA":null,"LAT":null,"LONG":null,"DAP":null,"ALTURA":null,"TRONCO":null,"CFE":null},"geometry":{"type":"MultiPoint","coordinates":[[370787.18808,2837742.78375]]}},{"type":"Feature","properties":{"UBI":null,"PROYE":"Parque Central","NOMCIEN":"Quercus virginiana","NOMBRE":"Árbol nuevo","OBJECTID":153,"FECHA LEV":2024,"NOMCOM":null,"ORIGEN":null,"SALUD":null,"ACCESO":null,"ACCESIBIL":null,"COLONIA":null,"LAT":null,"LONG":null,"DAP":null,"ALTURA":null,"TRONCO":null,"CFE":null},"geometry":{"type":"MultiPoint","coordinates":[[370779.48293,2837759.4594]]}},{"type":"Feature","properties":{"UBI":null,"PROYE":"Parque Central","NOMCIEN":"Quercus virginiana","NOMBRE":"Árbol nuevo","OBJECTID":154,"FECHA LEV":2024,"NOMCOM":null,"ORIGEN":null,"SALUD":null,"ACCESO":null,"ACCESIBIL":null,"COLONIA":null,"LAT":null,"LONG":null,"DAP":null,"ALTURA":null,"TRONCO":null,"CFE":null},"geometry":{"type":"MultiPoint","coordinates":[[370776.59688,2837768.79231]]}},{"type":"Feature","properties":{"UBI":null,"PROYE":"Parque Central","NOMCIEN":"Quercus virginiana","NOMBRE":"Árbol nuevo","OBJECTID":155,"FECHA LEV":2024,"NOMCOM":null,"ORIGEN":null,"SALUD":null,"ACCESO":null,"ACCESIBIL":null,"COLONIA":null,"LAT":null,"LONG":null,"DAP":null,"ALTURA":null,"TRONCO":null,"CFE":null},"geometry":{"type":"MultiPoint","coordinates":[[370872.0259,2837752.98871]]}},{"type":"Feature","properties":{"UBI":null,"PROYE":"Parque Central","NOMCIEN":"Quercus virginiana","NOMBRE":"Árbol nuevo","OBJECTID":156,"FECHA LEV":2024,"NOMCOM":null,"ORIGEN":null,"SALUD":null,"ACCESO":null,"ACCESIBIL":null,"COLONIA":null,"LAT":null,"LONG":null,"DAP":null,"ALTURA":null,"TRONCO":null,"CFE":null},"geometry":{"type":"MultiPoint","coordinates":[[370867.24675,2837875.80623]]}},{"type":"Feature","properties":{"UBI":null,"PROYE":"Parque Central","NOMCIEN":"Quercus virginiana","NOMBRE":"Árbol nuevo","OBJECTID":157,"FECHA LEV":2024,"NOMCOM":null,"ORIGEN":null,"SALUD":null,"ACCESO":null,"ACCESIBIL":null,"COLONIA":null,"LAT":null,"LONG":null,"DAP":null,"ALTURA":null,"TRONCO":null,"CFE":null},"geometry":{"type":"MultiPoint","coordinates":[[370864.21467,2837870.97755]]}},{"type":"Feature","properties":{"UBI":null,"PROYE":"Parque Central","NOMCIEN":"Quercus virginiana","NOMBRE":"Árbol nuevo","OBJECTID":158,"FECHA LEV":2024,"NOMCOM":null,"ORIGEN":null,"SALUD":null,"ACCESO":null,"ACCESIBIL":null,"COLONIA":null,"LAT":null,"LONG":null,"DAP":null,"ALTURA":null,"TRONCO":null,"CFE":null},"geometry":{"type":"MultiPoint","coordinates":[[370836.10344,2837840.61749]]}},{"type":"Feature","properties":{"UBI":null,"PROYE":"Parque Central","NOMCIEN":"Quercus virginiana","NOMBRE":"Árbol nuevo","OBJECTID":159,"FECHA LEV":2024,"NOMCOM":null,"ORIGEN":null,"SALUD":null,"ACCESO":null,"ACCESIBIL":null,"COLONIA":null,"LAT":null,"LONG":null,"DAP":null,"ALTURA":null,"TRONCO":null,"CFE":null},"geometry":{"type":"MultiPoint","coordinates":[[370853.46803,2837854.21344]]}},{"type":"Feature","properties":{"UBI":null,"PROYE":"Parque Central","NOMCIEN":"Quercus virginiana","NOMBRE":"Árbol nuevo","OBJECTID":160,"FECHA LEV":2024,"NOMCOM":null,"ORIGEN":null,"SALUD":null,"ACCESO":null,"ACCESIBIL":null,"COLONIA":null,"LAT":null,"LONG":null,"DAP":null,"ALTURA":null,"TRONCO":null,"CFE":null},"geometry":{"type":"MultiPoint","coordinates":[[370892.85129,2837810.67915]]}},{"type":"Feature","properties":{"UBI":null,"PROYE":"Parque Central","NOMCIEN":"Quercus virginiana","NOMBRE":"Árbol nuevo","OBJECTID":161,"FECHA LEV":2024,"NOMCOM":null,"ORIGEN":null,"SALUD":null,"ACCESO":null,"ACCESIBIL":null,"COLONIA":null,"LAT":null,"LONG":null,"DAP":null,"ALTURA":null,"TRONCO":null,"CFE":null},"geometry":{"type":"MultiPoint","coordinates":[[370793.19598,2837762.66146]]}},{"type":"Feature","properties":{"UBI":null,"PROYE":"Parque Central","NOMCIEN":"Quercus virginiana","NOMBRE":"Árbol nuevo","OBJECTID":162,"FECHA LEV":2024,"NOMCOM":null,"ORIGEN":null,"SALUD":null,"ACCESO":null,"ACCESIBIL":null,"COLONIA":null,"LAT":null,"LONG":null,"DAP":null,"ALTURA":null,"TRONCO":null,"CFE":null},"geometry":{"type":"MultiPoint","coordinates":[[370816.17067,2837781.06107]]}},{"type":"Feature","properties":{"UBI":null,"PROYE":"Parque Central","NOMCIEN":"Quercus virginiana","NOMBRE":"Árbol nuevo","OBJECTID":163,"FECHA LEV":2024,"NOMCOM":null,"ORIGEN":null,"SALUD":null,"ACCESO":null,"ACCESIBIL":null,"COLONIA":null,"LAT":null,"LONG":null,"DAP":null,"ALTURA":null,"TRONCO":null,"CFE":null},"geometry":{"type":"MultiPoint","coordinates":[[370830.83153,2837781.72819]]}},{"type":"Feature","properties":{"UBI":null,"PROYE":"Parque Central","NOMCIEN":"Quercus virginiana","NOMBRE":"Árbol nuevo","OBJECTID":164,"FECHA LEV":2024,"NOMCOM":null,"ORIGEN":null,"SALUD":null,"ACCESO":null,"ACCESIBIL":null,"COLONIA":null,"LAT":null,"LONG":null,"DAP":null,"ALTURA":null,"TRONCO":null,"CFE":null},"geometry":{"type":"MultiPoint","coordinates":[[370836.87738,2837789.49647]]}},{"type":"Feature","properties":{"UBI":null,"PROYE":"Parque Central","NOMCIEN":"Quercus virginiana","NOMBRE":"Árbol nuevo","OBJECTID":165,"FECHA LEV":2024,"NOMCOM":null,"ORIGEN":null,"SALUD":null,"ACCESO":null,"ACCESIBIL":null,"COLONIA":null,"LAT":null,"LONG":null,"DAP":null,"ALTURA":null,"TRONCO":null,"CFE":null},"geometry":{"type":"MultiPoint","coordinates":[[370840.05697,2837795.53828]]}},{"type":"Feature","properties":{"UBI":null,"PROYE":"Parque Central","NOMCIEN":"Quercus virginiana","NOMBRE":"Árbol nuevo","OBJECTID":166,"FECHA LEV":2024,"NOMCOM":null,"ORIGEN":null,"SALUD":null,"ACCESO":null,"ACCESIBIL":null,"COLONIA":null,"LAT":null,"LONG":null,"DAP":null,"ALTURA":null,"TRONCO":null,"CFE":null},"geometry":{"type":"MultiPoint","coordinates":[[370826.29438,2837761.66479]]}},{"type":"Feature","properties":{"UBI":null,"PROYE":"Parque Central","NOMCIEN":"Quercus virginiana","NOMBRE":"Árbol nuevo","OBJECTID":167,"FECHA LEV":2024,"NOMCOM":null,"ORIGEN":null,"SALUD":null,"ACCESO":null,"ACCESIBIL":null,"COLONIA":null,"LAT":null,"LONG":null,"DAP":null,"ALTURA":null,"TRONCO":null,"CFE":null},"geometry":{"type":"MultiPoint","coordinates":[[370832.87769,2837768.88806]]}},{"type":"Feature","properties":{"UBI":null,"PROYE":"Parque Central","NOMCIEN":"Quercus virginiana","NOMBRE":"Árbol nuevo","OBJECTID":168,"FECHA LEV":2024,"NOMCOM":null,"ORIGEN":null,"SALUD":null,"ACCESO":null,"ACCESIBIL":null,"COLONIA":null,"LAT":null,"LONG":null,"DAP":null,"ALTURA":null,"TRONCO":null,"CFE":null},"geometry":{"type":"MultiPoint","coordinates":[[370837.56337,2837762.36491]]}},{"type":"Feature","properties":{"UBI":null,"PROYE":"Parque Central","NOMCIEN":"Quercus virginiana","NOMBRE":"Árbol nuevo","OBJECTID":169,"FECHA LEV":2024,"NOMCOM":null,"ORIGEN":null,"SALUD":null,"ACCESO":null,"ACCESIBIL":null,"COLONIA":null,"LAT":null,"LONG":null,"DAP":null,"ALTURA":null,"TRONCO":null,"CFE":null},"geometry":{"type":"MultiPoint","coordinates":[[370846.06844,2837771.86364]]}},{"type":"Feature","properties":{"UBI":null,"PROYE":"Parque Central","NOMCIEN":"Quercus virginiana","NOMBRE":"Árbol nuevo","OBJECTID":170,"FECHA LEV":2024,"NOMCOM":null,"ORIGEN":null,"SALUD":null,"ACCESO":null,"ACCESIBIL":null,"COLONIA":null,"LAT":null,"LONG":null,"DAP":null,"ALTURA":null,"TRONCO":null,"CFE":null},"geometry":{"type":"MultiPoint","coordinates":[[370856.75929,2837768.92575]]}},{"type":"Feature","properties":{"UBI":null,"PROYE":"Parque Central","NOMCIEN":"Quercus virginiana","NOMBRE":"Árbol nuevo","OBJECTID":171,"FECHA LEV":2024,"NOMCOM":null,"ORIGEN":null,"SALUD":null,"ACCESO":null,"ACCESIBIL":null,"COLONIA":null,"LAT":null,"LONG":null,"DAP":null,"ALTURA":null,"TRONCO":null,"CFE":null},"geometry":{"type":"MultiPoint","coordinates":[[370821.48726,2837811.50795]]}},{"type":"Feature","properties":{"UBI":null,"PROYE":"Parque Central","NOMCIEN":"Quercus polymorpha","NOMBRE":"Árbol nuevo","OBJECTID":172,"FECHA LEV":2024,"NOMCOM":null,"ORIGEN":null,"SALUD":null,"ACCESO":null,"ACCESIBIL":null,"COLONIA":null,"LAT":null,"LONG":null,"DAP":null,"ALTURA":null,"TRONCO":null,"CFE":null},"geometry":{"type":"MultiPoint","coordinates":[[370763.96399,2837770.71274]]}},{"type":"Feature","properties":{"UBI":null,"PROYE":"Parque Central","NOMCIEN":"Quercus polymorpha","NOMBRE":"Árbol nuevo","OBJECTID":173,"FECHA LEV":2024,"NOMCOM":null,"ORIGEN":null,"SALUD":null,"ACCESO":null,"ACCESIBIL":null,"COLONIA":null,"LAT":null,"LONG":null,"DAP":null,"ALTURA":null,"TRONCO":null,"CFE":null},"geometry":{"type":"MultiPoint","coordinates":[[370785.61267,2837755.69898]]}},{"type":"Feature","properties":{"UBI":null,"PROYE":"Parque Central","NOMCIEN":"Quercus polymorpha","NOMBRE":"Árbol nuevo","OBJECTID":174,"FECHA LEV":2024,"NOMCOM":null,"ORIGEN":null,"SALUD":null,"ACCESO":null,"ACCESIBIL":null,"COLONIA":null,"LAT":null,"LONG":null,"DAP":null,"ALTURA":null,"TRONCO":null,"CFE":null},"geometry":{"type":"MultiPoint","coordinates":[[370772.46777,2837759.63338]]}},{"type":"Feature","properties":{"UBI":null,"PROYE":"Parque Central","NOMCIEN":"Quercus polymorpha","NOMBRE":"Árbol nuevo","OBJECTID":175,"FECHA LEV":2024,"NOMCOM":null,"ORIGEN":null,"SALUD":null,"ACCESO":null,"ACCESIBIL":null,"COLONIA":null,"LAT":null,"LONG":null,"DAP":null,"ALTURA":null,"TRONCO":null,"CFE":null},"geometry":{"type":"MultiPoint","coordinates":[[370871.75813,2837879.27103]]}},{"type":"Feature","properties":{"UBI":null,"PROYE":"Parque Central","NOMCIEN":"Quercus polymorpha","NOMBRE":"Árbol nuevo","OBJECTID":176,"FECHA LEV":2024,"NOMCOM":null,"ORIGEN":null,"SALUD":null,"ACCESO":null,"ACCESIBIL":null,"COLONIA":null,"LAT":null,"LONG":null,"DAP":null,"ALTURA":null,"TRONCO":null,"CFE":null},"geometry":{"type":"MultiPoint","coordinates":[[370888.44803,2837804.37933]]}},{"type":"Feature","properties":{"UBI":null,"PROYE":"Parque Central","NOMCIEN":"Quercus polymorpha","NOMBRE":"Árbol nuevo","OBJECTID":177,"FECHA LEV":2024,"NOMCOM":null,"ORIGEN":null,"SALUD":null,"ACCESO":null,"ACCESIBIL":null,"COLONIA":null,"LAT":null,"LONG":null,"DAP":null,"ALTURA":null,"TRONCO":null,"CFE":null},"geometry":{"type":"MultiPoint","coordinates":[[370932.20706,2837825.27603]]}},{"type":"Feature","properties":{"UBI":null,"PROYE":"Parque Central","NOMCIEN":"Quercus polymorpha","NOMBRE":"Árbol nuevo","OBJECTID":178,"FECHA LEV":2024,"NOMCOM":null,"ORIGEN":null,"SALUD":null,"ACCESO":null,"ACCESIBIL":null,"COLONIA":null,"LAT":null,"LONG":null,"DAP":null,"ALTURA":null,"TRONCO":null,"CFE":null},"geometry":{"type":"MultiPoint","coordinates":[[370929.25892,2837829.08325]]}},{"type":"Feature","properties":{"UBI":"Av. Junco de la Vega","PROYE":null,"NOMCIEN":null,"NOMBRE":null,"OBJECTID":179,"FECHA LEV":2024,"NOMCOM":null,"ORIGEN":null,"SALUD":null,"ACCESO":null,"ACCESIBIL":null,"COLONIA":null,"LAT":null,"LONG":null,"DAP":null,"ALTURA":null,"TRONCO":null,"CFE":null},"geometry":{"type":"MultiPoint","coordinates":[[370864.67654,2837637.75927]]}},{"type":"Feature","properties":{"UBI":"Av. Luis Elizondo","PROYE":null,"NOMCIEN":null,"NOMBRE":null,"OBJECTID":180,"FECHA LEV":2024,"NOMCOM":null,"ORIGEN":null,"SALUD":null,"ACCESO":null,"ACCESIBIL":null,"COLONIA":null,"LAT":null,"LONG":null,"DAP":null,"ALTURA":null,"TRONCO":null,"CFE":null},"geometry":{"type":"MultiPoint","coordinates":[[370882.86739,2837637.45244]]}},{"type":"Feature","properties":{"UBI":"Av. Luis Elizondo","PROYE":null,"NOMCIEN":null,"NOMBRE":null,"OBJECTID":181,"FECHA LEV":2024,"NOMCOM":null,"ORIGEN":null,"SALUD":null,"ACCESO":null,"ACCESIBIL":null,"COLONIA":null,"LAT":null,"LONG":null,"DAP":null,"ALTURA":null,"TRONCO":null,"CFE":null},"geometry":{"type":"MultiPoint","coordinates":[[370886.46173,2837643.67678]]}},{"type":"Feature","properties":{"UBI":"Av. Luis Elizondo","PROYE":null,"NOMCIEN":null,"NOMBRE":null,"OBJECTID":182,"FECHA LEV":2024,"NOMCOM":null,"ORIGEN":null,"SALUD":null,"ACCESO":null,"ACCESIBIL":null,"COLONIA":null,"LAT":null,"LONG":null,"DAP":null,"ALTURA":null,"TRONCO":null,"CFE":null},"geometry":{"type":"MultiPoint","coordinates":[[370895.09691,2837650.73395]]}},{"type":"Feature","properties":{"UBI":"Av. Luis Elizondo","PROYE":null,"NOMCIEN":null,"NOMBRE":null,"OBJECTID":183,"FECHA LEV":2024,"NOMCOM":null,"ORIGEN":null,"SALUD":null,"ACCESO":null,"ACCESIBIL":null,"COLONIA":null,"LAT":null,"LONG":null,"DAP":null,"ALTURA":null,"TRONCO":null,"CFE":null},"geometry":{"type":"MultiPoint","coordinates":[[370903.07458,2837657.13363]]}},{"type":"Feature","properties":{"UBI":"Av. Luis Elizondo","PROYE":null,"NOMCIEN":null,"NOMBRE":null,"OBJECTID":184,"FECHA LEV":2024,"NOMCOM":null,"ORIGEN":null,"SALUD":null,"ACCESO":null,"ACCESIBIL":null,"COLONIA":null,"LAT":null,"LONG":null,"DAP":null,"ALTURA":null,"TRONCO":null,"CFE":null},"geometry":{"type":"MultiPoint","coordinates":[[370911.75359,2837662.7443]]}},{"type":"Feature","properties":{"UBI":"Av. Luis Elizondo","PROYE":null,"NOMCIEN":null,"NOMBRE":null,"OBJECTID":185,"FECHA LEV":2024,"NOMCOM":null,"ORIGEN":null,"SALUD":null,"ACCESO":null,"ACCESIBIL":null,"COLONIA":null,"LAT":null,"LONG":null,"DAP":null,"ALTURA":null,"TRONCO":null,"CFE":null},"geometry":{"type":"MultiPoint","coordinates":[[370918.67927,2837668.44264]]}},{"type":"Feature","properties":{"UBI":"Av. Luis Elizondo","PROYE":null,"NOMCIEN":null,"NOMBRE":null,"OBJECTID":186,"FECHA LEV":2024,"NOMCOM":null,"ORIGEN":null,"SALUD":null,"ACCESO":null,"ACCESIBIL":null,"COLONIA":null,"LAT":null,"LONG":null,"DAP":null,"ALTURA":null,"TRONCO":null,"CFE":null},"geometry":{"type":"MultiPoint","coordinates":[[370926.30628,2837674.49165]]}},{"type":"Feature","properties":{"UBI":"Av. Luis Elizondo","PROYE":null,"NOMCIEN":null,"NOMBRE":null,"OBJECTID":187,"FECHA LEV":2024,"NOMCOM":null,"ORIGEN":null,"SALUD":null,"ACCESO":null,"ACCESIBIL":null,"COLONIA":null,"LAT":null,"LONG":null,"DAP":null,"ALTURA":null,"TRONCO":null,"CFE":null},"geometry":{"type":"MultiPoint","coordinates":[[370936.34412,2837683.25833]]}},{"type":"Feature","properties":{"UBI":"Av. Luis Elizondo","PROYE":null,"NOMCIEN":null,"NOMBRE":null,"OBJECTID":188,"FECHA LEV":2024,"NOMCOM":null,"ORIGEN":null,"SALUD":null,"ACCESO":null,"ACCESIBIL":null,"COLONIA":null,"LAT":null,"LONG":null,"DAP":null,"ALTURA":null,"TRONCO":null,"CFE":null},"geometry":{"type":"MultiPoint","coordinates":[[370943.7958,2837689.395]]}},{"type":"Feature","properties":{"UBI":"Av. Luis Elizondo","PROYE":null,"NOMCIEN":null,"NOMBRE":null,"OBJECTID":189,"FECHA LEV":2024,"NOMCOM":null,"ORIGEN":null,"SALUD":null,"ACCESO":null,"ACCESIBIL":null,"COLONIA":null,"LAT":null,"LONG":null,"DAP":null,"ALTURA":null,"TRONCO":null,"CFE":null},"geometry":{"type":"MultiPoint","coordinates":[[370955.45548,2837698.86301]]}},{"type":"Feature","properties":{"UBI":"Av. Luis Elizondo","PROYE":null,"NOMCIEN":null,"NOMBRE":null,"OBJECTID":190,"FECHA LEV":2024,"NOMCOM":null,"ORIGEN":null,"SALUD":null,"ACCESO":null,"ACCESIBIL":null,"COLONIA":null,"LAT":null,"LONG":null,"DAP":null,"ALTURA":null,"TRONCO":null,"CFE":null},"geometry":{"type":"MultiPoint","coordinates":[[370960.14565,2837702.67652]]}},{"type":"Feature","properties":{"UBI":"Av. Luis Elizondo","PROYE":null,"NOMCIEN":null,"NOMBRE":null,"OBJECTID":191,"FECHA LEV":2024,"NOMCOM":null,"ORIGEN":null,"SALUD":null,"ACCESO":null,"ACCESIBIL":null,"COLONIA":null,"LAT":null,"LONG":null,"DAP":null,"ALTURA":null,"TRONCO":null,"CFE":null},"geometry":{"type":"MultiPoint","coordinates":[[370964.57282,2837706.22702]]}},{"type":"Feature","properties":{"UBI":"Av. Luis Elizondo","PROYE":null,"NOMCIEN":null,"NOMBRE":null,"OBJECTID":192,"FECHA LEV":2024,"NOMCOM":null,"ORIGEN":null,"SALUD":null,"ACCESO":null,"ACCESIBIL":null,"COLONIA":null,"LAT":null,"LONG":null,"DAP":null,"ALTURA":null,"TRONCO":null,"CFE":null},"geometry":{"type":"MultiPoint","coordinates":[[370969.21916,2837710.17203]]}},{"type":"Feature","properties":{"UBI":"Av. Luis Elizondo","PROYE":null,"NOMCIEN":null,"NOMBRE":null,"OBJECTID":193,"FECHA LEV":2024,"NOMCOM":null,"ORIGEN":null,"SALUD":null,"ACCESO":null,"ACCESIBIL":null,"COLONIA":null,"LAT":null,"LONG":null,"DAP":null,"ALTURA":null,"TRONCO":null,"CFE":null},"geometry":{"type":"MultiPoint","coordinates":[[370973.997,2837713.89786]]}},{"type":"Feature","properties":{"UBI":"Av. Luis Elizondo","PROYE":null,"NOMCIEN":null,"NOMBRE":null,"OBJECTID":194,"FECHA LEV":2024,"NOMCOM":null,"ORIGEN":null,"SALUD":null,"ACCESO":null,"ACCESIBIL":null,"COLONIA":null,"LAT":null,"LONG":null,"DAP":null,"ALTURA":null,"TRONCO":null,"CFE":null},"geometry":{"type":"MultiPoint","coordinates":[[370978.64334,2837717.79904]]}},{"type":"Feature","properties":{"UBI":"Av. Luis Elizondo","PROYE":null,"NOMCIEN":null,"NOMBRE":null,"OBJECTID":195,"FECHA LEV":2024,"NOMCOM":null,"ORIGEN":null,"SALUD":null,"ACCESO":null,"ACCESIBIL":null,"COLONIA":null,"LAT":null,"LONG":null,"DAP":null,"ALTURA":null,"TRONCO":null,"CFE":null},"geometry":{"type":"MultiPoint","coordinates":[[370983.33351,2837721.65637]]}},{"type":"Feature","properties":{"UBI":"Av. Luis Elizondo","PROYE":null,"NOMCIEN":null,"NOMBRE":null,"OBJECTID":196,"FECHA LEV":2024,"NOMCOM":null,"ORIGEN":null,"SALUD":null,"ACCESO":null,"ACCESIBIL":null,"COLONIA":null,"LAT":null,"LONG":null,"DAP":null,"ALTURA":null,"TRONCO":null,"CFE":null},"geometry":{"type":"MultiPoint","coordinates":[[370987.71685,2837725.20688]]}},{"type":"Feature","properties":{"UBI":"Av. Luis Elizondo","PROYE":null,"NOMCIEN":null,"NOMBRE":null,"OBJECTID":197,"FECHA LEV":2024,"NOMCOM":null,"ORIGEN":null,"SALUD":null,"ACCESO":null,"ACCESIBIL":null,"COLONIA":null,"LAT":null,"LONG":null,"DAP":null,"ALTURA":null,"TRONCO":null,"CFE":null},"geometry":{"type":"MultiPoint","coordinates":[[370992.49469,2837729.06422]]}},{"type":"Feature","properties":{"UBI":"Av. Luis Elizondo","PROYE":null,"NOMCIEN":null,"NOMBRE":null,"OBJECTID":198,"FECHA LEV":2024,"NOMCOM":null,"ORIGEN":null,"SALUD":null,"ACCESO":null,"ACCESIBIL":null,"COLONIA":null,"LAT":null,"LONG":null,"DAP":null,"ALTURA":null,"TRONCO":null,"CFE":null},"geometry":{"type":"MultiPoint","coordinates":[[370997.18486,2837732.87772]]}},{"type":"Feature","properties":{"UBI":"Av. Luis Elizondo","PROYE":null,"NOMCIEN":null,"NOMBRE":null,"OBJECTID":199,"FECHA LEV":2024,"NOMCOM":null,"ORIGEN":null,"SALUD":null,"ACCESO":null,"ACCESIBIL":null,"COLONIA":null,"LAT":null,"LONG":null,"DAP":null,"ALTURA":null,"TRONCO":null,"CFE":null},"geometry":{"type":"MultiPoint","coordinates":[[371001.87504,2837736.73506]]}},{"type":"Feature","properties":{"UBI":"Av. Luis Elizondo","PROYE":null,"NOMCIEN":null,"NOMBRE":null,"OBJECTID":200,"FECHA LEV":2024,"NOMCOM":null,"ORIGEN":null,"SALUD":null,"ACCESO":null,"ACCESIBIL":null,"COLONIA":null,"LAT":null,"LONG":null,"DAP":null,"ALTURA":null,"TRONCO":null,"CFE":null},"geometry":{"type":"MultiPoint","coordinates":[[371006.56521,2837740.54856]]}},{"type":"Feature","properties":{"UBI":"Av. Luis Elizondo","PROYE":null,"NOMCIEN":null,"NOMBRE":null,"OBJECTID":201,"FECHA LEV":2024,"NOMCOM":null,"ORIGEN":null,"SALUD":null,"ACCESO":null,"ACCESIBIL":null,"COLONIA":null,"LAT":null,"LONG":null,"DAP":null,"ALTURA":null,"TRONCO":null,"CFE":null},"geometry":{"type":"MultiPoint","coordinates":[[371011.29921,2837744.44973]]}},{"type":"Feature","properties":{"UBI":"Av. Luis Elizondo","PROYE":null,"NOMCIEN":null,"NOMBRE":null,"OBJECTID":202,"FECHA LEV":2024,"NOMCOM":null,"ORIGEN":null,"SALUD":null,"ACCESO":null,"ACCESIBIL":null,"COLONIA":null,"LAT":null,"LONG":null,"DAP":null,"ALTURA":null,"TRONCO":null,"CFE":null},"geometry":{"type":"MultiPoint","coordinates":[[371020.59189,2837752.07674]]}},{"type":"Feature","properties":{"UBI":"Av. Luis Elizondo","PROYE":null,"NOMCIEN":null,"NOMBRE":null,"OBJECTID":203,"FECHA LEV":2024,"NOMCOM":null,"ORIGEN":null,"SALUD":null,"ACCESO":null,"ACCESIBIL":null,"COLONIA":null,"LAT":null,"LONG":null,"DAP":null,"ALTURA":null,"TRONCO":null,"CFE":null},"geometry":{"type":"MultiPoint","coordinates":[[371025.23823,2837755.97792]]}},{"type":"Feature","properties":{"UBI":"Av. Luis Elizondo","PROYE":null,"NOMCIEN":null,"NOMBRE":null,"OBJECTID":204,"FECHA LEV":2024,"NOMCOM":null,"ORIGEN":null,"SALUD":null,"ACCESO":null,"ACCESIBIL":null,"COLONIA":null,"LAT":null,"LONG":null,"DAP":null,"ALTURA":null,"TRONCO":null,"CFE":null},"geometry":{"type":"MultiPoint","coordinates":[[371029.57774,2837759.65992]]}},{"type":"Feature","properties":{"UBI":"Av. Luis Elizondo","PROYE":null,"NOMCIEN":null,"NOMBRE":null,"OBJECTID":205,"FECHA LEV":2024,"NOMCOM":null,"ORIGEN":null,"SALUD":null,"ACCESO":null,"ACCESIBIL":null,"COLONIA":null,"LAT":null,"LONG":null,"DAP":null,"ALTURA":null,"TRONCO":null,"CFE":null},"geometry":{"type":"MultiPoint","coordinates":[[371041.76342,2837770.3991]]}},{"type":"Feature","properties":{"UBI":"Av. Luis Elizondo","PROYE":null,"NOMCIEN":null,"NOMBRE":null,"OBJECTID":206,"FECHA LEV":2024,"NOMCOM":null,"ORIGEN":null,"SALUD":null,"ACCESO":null,"ACCESIBIL":null,"COLONIA":null,"LAT":null,"LONG":null,"DAP":null,"ALTURA":null,"TRONCO":null,"CFE":null},"geometry":{"type":"MultiPoint","coordinates":[[371045.62075,2837774.78244]]}},{"type":"Feature","properties":{"UBI":"Av. Luis Elizondo","PROYE":null,"NOMCIEN":null,"NOMBRE":null,"OBJECTID":207,"FECHA LEV":2024,"NOMCOM":null,"ORIGEN":null,"SALUD":null,"ACCESO":null,"ACCESIBIL":null,"COLONIA":null,"LAT":null,"LONG":null,"DAP":null,"ALTURA":null,"TRONCO":null,"CFE":null},"geometry":{"type":"MultiPoint","coordinates":[[371050.92459,2837777.93844]]}},{"type":"Feature","properties":{"UBI":"Av. Luis Elizondo","PROYE":null,"NOMCIEN":null,"NOMBRE":null,"OBJECTID":208,"FECHA LEV":2024,"NOMCOM":null,"ORIGEN":null,"SALUD":null,"ACCESO":null,"ACCESIBIL":null,"COLONIA":null,"LAT":null,"LONG":null,"DAP":null,"ALTURA":null,"TRONCO":null,"CFE":null},"geometry":{"type":"MultiPoint","coordinates":[[371054.3436,2837782.89161]]}},{"type":"Feature","properties":{"UBI":"Av. Luis Elizondo","PROYE":null,"NOMCIEN":null,"NOMBRE":null,"OBJECTID":209,"FECHA LEV":2024,"NOMCOM":null,"ORIGEN":null,"SALUD":null,"ACCESO":null,"ACCESIBIL":null,"COLONIA":null,"LAT":null,"LONG":null,"DAP":null,"ALTURA":null,"TRONCO":null,"CFE":null},"geometry":{"type":"MultiPoint","coordinates":[[371016.02226,2837748.21941]]}},{"type":"Feature","properties":{"UBI":"Av. Luis Elizondo","PROYE":null,"NOMCIEN":null,"NOMBRE":null,"OBJECTID":210,"FECHA LEV":2024,"NOMCOM":null,"ORIGEN":null,"SALUD":null,"ACCESO":null,"ACCESIBIL":null,"COLONIA":null,"LAT":null,"LONG":null,"DAP":null,"ALTURA":null,"TRONCO":null,"CFE":null},"geometry":{"type":"MultiPoint","coordinates":[[371057.67494,2837788.3927]]}},{"type":"Feature","properties":{"UBI":"Av. Luis Elizondo","PROYE":null,"NOMCIEN":null,"NOMBRE":null,"OBJECTID":211,"FECHA LEV":2024,"NOMCOM":null,"ORIGEN":null,"SALUD":null,"ACCESO":null,"ACCESIBIL":null,"COLONIA":null,"LAT":null,"LONG":null,"DAP":null,"ALTURA":null,"TRONCO":null,"CFE":null},"geometry":{"type":"MultiPoint","coordinates":[[371060.20631,2837793.45546]]}},{"type":"Feature","properties":{"UBI":"Av. Luis Elizondo","PROYE":null,"NOMCIEN":null,"NOMBRE":null,"OBJECTID":212,"FECHA LEV":2024,"NOMCOM":null,"ORIGEN":null,"SALUD":null,"ACCESO":null,"ACCESIBIL":null,"COLONIA":null,"LAT":null,"LONG":null,"DAP":null,"ALTURA":null,"TRONCO":null,"CFE":null},"geometry":{"type":"MultiPoint","coordinates":[[371062.47469,2837798.68259]]}},{"type":"Feature","properties":{"UBI":"Av. Luis Elizondo","PROYE":null,"NOMCIEN":null,"NOMBRE":null,"OBJECTID":213,"FECHA LEV":2024,"NOMCOM":null,"ORIGEN":null,"SALUD":null,"ACCESO":null,"ACCESIBIL":null,"COLONIA":null,"LAT":null,"LONG":null,"DAP":null,"ALTURA":null,"TRONCO":null,"CFE":null},"geometry":{"type":"MultiPoint","coordinates":[[371064.80882,2837804.23847]]}},{"type":"Feature","properties":{"UBI":"Av. Luis Elizondo","PROYE":null,"NOMCIEN":null,"NOMBRE":null,"OBJECTID":214,"FECHA LEV":2024,"NOMCOM":null,"ORIGEN":null,"SALUD":null,"ACCESO":null,"ACCESIBIL":null,"COLONIA":null,"LAT":null,"LONG":null,"DAP":null,"ALTURA":null,"TRONCO":null,"CFE":null},"geometry":{"type":"MultiPoint","coordinates":[[371067.24157,2837809.82723]]}},{"type":"Feature","properties":{"UBI":"Av. Luis Elizondo","PROYE":null,"NOMCIEN":null,"NOMBRE":null,"OBJECTID":215,"FECHA LEV":2024,"NOMCOM":null,"ORIGEN":null,"SALUD":null,"ACCESO":null,"ACCESIBIL":null,"COLONIA":null,"LAT":null,"LONG":null,"DAP":null,"ALTURA":null,"TRONCO":null,"CFE":null},"geometry":{"type":"MultiPoint","coordinates":[[371069.64145,2837815.38311]]}},{"type":"Feature","properties":{"UBI":"Av. Luis Elizondo","PROYE":null,"NOMCIEN":null,"NOMBRE":null,"OBJECTID":216,"FECHA LEV":2024,"NOMCOM":null,"ORIGEN":null,"SALUD":null,"ACCESO":null,"ACCESIBIL":null,"COLONIA":null,"LAT":null,"LONG":null,"DAP":null,"ALTURA":null,"TRONCO":null,"CFE":null},"geometry":{"type":"MultiPoint","coordinates":[[371071.74545,2837820.18287]]}},{"type":"Feature","properties":{"UBI":"Av. Luis Elizondo","PROYE":null,"NOMCIEN":null,"NOMBRE":null,"OBJECTID":217,"FECHA LEV":2024,"NOMCOM":null,"ORIGEN":null,"SALUD":null,"ACCESO":null,"ACCESIBIL":null,"COLONIA":null,"LAT":null,"LONG":null,"DAP":null,"ALTURA":null,"TRONCO":null,"CFE":null},"geometry":{"type":"MultiPoint","coordinates":[[371076.64383,2837831.95213]]}},{"type":"Feature","properties":{"UBI":"Av. Luis Elizondo","PROYE":null,"NOMCIEN":null,"NOMBRE":null,"OBJECTID":218,"FECHA LEV":2024,"NOMCOM":null,"ORIGEN":null,"SALUD":null,"ACCESO":null,"ACCESIBIL":null,"COLONIA":null,"LAT":null,"LONG":null,"DAP":null,"ALTURA":null,"TRONCO":null,"CFE":null},"geometry":{"type":"MultiPoint","coordinates":[[371079.04371,2837837.50801]]}},{"type":"Feature","properties":{"UBI":"Av. Luis Elizondo","PROYE":null,"NOMCIEN":null,"NOMBRE":null,"OBJECTID":219,"FECHA LEV":2024,"NOMCOM":null,"ORIGEN":null,"SALUD":null,"ACCESO":null,"ACCESIBIL":null,"COLONIA":null,"LAT":null,"LONG":null,"DAP":null,"ALTURA":null,"TRONCO":null,"CFE":null},"geometry":{"type":"MultiPoint","coordinates":[[371081.27921,2837843.09677]]}},{"type":"Feature","properties":{"UBI":"Av. Luis Elizondo","PROYE":null,"NOMCIEN":null,"NOMBRE":null,"OBJECTID":220,"FECHA LEV":2024,"NOMCOM":null,"ORIGEN":null,"SALUD":null,"ACCESO":null,"ACCESIBIL":null,"COLONIA":null,"LAT":null,"LONG":null,"DAP":null,"ALTURA":null,"TRONCO":null,"CFE":null},"geometry":{"type":"MultiPoint","coordinates":[[371083.51472,2837848.35678]]}},{"type":"Feature","properties":{"UBI":"Av. Luis Elizondo","PROYE":null,"NOMCIEN":null,"NOMBRE":null,"OBJECTID":221,"FECHA LEV":2024,"NOMCOM":null,"ORIGEN":null,"SALUD":null,"ACCESO":null,"ACCESIBIL":null,"COLONIA":null,"LAT":null,"LONG":null,"DAP":null,"ALTURA":null,"TRONCO":null,"CFE":null},"geometry":{"type":"MultiPoint","coordinates":[[371085.55297,2837853.05791]]}},{"type":"Feature","properties":{"UBI":"Av. Luis Elizondo","PROYE":null,"NOMCIEN":null,"NOMBRE":null,"OBJECTID":222,"FECHA LEV":2024,"NOMCOM":null,"ORIGEN":null,"SALUD":null,"ACCESO":null,"ACCESIBIL":null,"COLONIA":null,"LAT":null,"LONG":null,"DAP":null,"ALTURA":null,"TRONCO":null,"CFE":null},"geometry":{"type":"MultiPoint","coordinates":[[371088.70897,2837860.65204]]}},{"type":"Feature","properties":{"UBI":"Av. Luis Elizondo","PROYE":null,"NOMCIEN":null,"NOMBRE":null,"OBJECTID":223,"FECHA LEV":2024,"NOMCOM":null,"ORIGEN":null,"SALUD":null,"ACCESO":null,"ACCESIBIL":null,"COLONIA":null,"LAT":null,"LONG":null,"DAP":null,"ALTURA":null,"TRONCO":null,"CFE":null},"geometry":{"type":"MultiPoint","coordinates":[[371110.6695,2837871.36931]]}},{"type":"Feature","properties":{"UBI":"Av. Luis Elizondo","PROYE":null,"NOMCIEN":null,"NOMBRE":null,"OBJECTID":224,"FECHA LEV":2024,"NOMCOM":null,"ORIGEN":null,"SALUD":null,"ACCESO":null,"ACCESIBIL":null,"COLONIA":null,"LAT":null,"LONG":null,"DAP":null,"ALTURA":null,"TRONCO":null,"CFE":null},"geometry":{"type":"MultiPoint","coordinates":[[371108.66412,2837866.56955]]}},{"type":"Feature","properties":{"UBI":"Av. Luis Elizondo","PROYE":null,"NOMCIEN":null,"NOMBRE":null,"OBJECTID":225,"FECHA LEV":2024,"NOMCOM":null,"ORIGEN":null,"SALUD":null,"ACCESO":null,"ACCESIBIL":null,"COLONIA":null,"LAT":null,"LONG":null,"DAP":null,"ALTURA":null,"TRONCO":null,"CFE":null},"geometry":{"type":"MultiPoint","coordinates":[[371105.27799,2837858.38366]]}},{"type":"Feature","properties":{"UBI":"Av. Luis Elizondo","PROYE":null,"NOMCIEN":null,"NOMBRE":null,"OBJECTID":226,"FECHA LEV":2024,"NOMCOM":null,"ORIGEN":null,"SALUD":null,"ACCESO":null,"ACCESIBIL":null,"COLONIA":null,"LAT":null,"LONG":null,"DAP":null,"ALTURA":null,"TRONCO":null,"CFE":null},"geometry":{"type":"MultiPoint","coordinates":[[371103.56849,2837838.82302]]}},{"type":"Feature","properties":{"UBI":"Av. Luis Elizondo","PROYE":null,"NOMCIEN":null,"NOMBRE":null,"OBJECTID":227,"FECHA LEV":2024,"NOMCOM":null,"ORIGEN":null,"SALUD":null,"ACCESO":null,"ACCESIBIL":null,"COLONIA":null,"LAT":null,"LONG":null,"DAP":null,"ALTURA":null,"TRONCO":null,"CFE":null},"geometry":{"type":"MultiPoint","coordinates":[[371096.69761,2837837.77101]]}},{"type":"Feature","properties":{"UBI":"Av. Luis Elizondo","PROYE":null,"NOMCIEN":null,"NOMBRE":null,"OBJECTID":228,"FECHA LEV":2024,"NOMCOM":null,"ORIGEN":null,"SALUD":null,"ACCESO":null,"ACCESIBIL":null,"COLONIA":null,"LAT":null,"LONG":null,"DAP":null,"ALTURA":null,"TRONCO":null,"CFE":null},"geometry":{"type":"MultiPoint","coordinates":[[371084.83794,2837811.07648]]}},{"type":"Feature","properties":{"UBI":"Av. Luis Elizondo","PROYE":null,"NOMCIEN":null,"NOMBRE":null,"OBJECTID":229,"FECHA LEV":2024,"NOMCOM":null,"ORIGEN":null,"SALUD":null,"ACCESO":null,"ACCESIBIL":null,"COLONIA":null,"LAT":null,"LONG":null,"DAP":null,"ALTURA":null,"TRONCO":null,"CFE":null},"geometry":{"type":"MultiPoint","coordinates":[[371079.54506,2837798.25522]]}},{"type":"Feature","properties":{"UBI":"Av. Luis Elizondo","PROYE":null,"NOMCIEN":null,"NOMBRE":null,"OBJECTID":230,"FECHA LEV":2024,"NOMCOM":null,"ORIGEN":null,"SALUD":null,"ACCESO":null,"ACCESIBIL":null,"COLONIA":null,"LAT":null,"LONG":null,"DAP":null,"ALTURA":null,"TRONCO":null,"CFE":null},"geometry":{"type":"MultiPoint","coordinates":[[371077.04655,2837792.33771]]}},{"type":"Feature","properties":{"UBI":"Av. Luis Elizondo","PROYE":null,"NOMCIEN":null,"NOMBRE":null,"OBJECTID":231,"FECHA LEV":2024,"NOMCOM":null,"ORIGEN":null,"SALUD":null,"ACCESO":null,"ACCESIBIL":null,"COLONIA":null,"LAT":null,"LONG":null,"DAP":null,"ALTURA":null,"TRONCO":null,"CFE":null},"geometry":{"type":"MultiPoint","coordinates":[[371074.67955,2837786.6832]]}},{"type":"Feature","properties":{"UBI":"Av. Luis Elizondo","PROYE":null,"NOMCIEN":null,"NOMBRE":null,"OBJECTID":232,"FECHA LEV":2024,"NOMCOM":null,"ORIGEN":null,"SALUD":null,"ACCESO":null,"ACCESIBIL":null,"COLONIA":null,"LAT":null,"LONG":null,"DAP":null,"ALTURA":null,"TRONCO":null,"CFE":null},"geometry":{"type":"MultiPoint","coordinates":[[371072.21392,2837780.73282]]}},{"type":"Feature","properties":{"UBI":"Dover","PROYE":null,"NOMCIEN":null,"NOMBRE":null,"OBJECTID":233,"FECHA LEV":2024,"NOMCOM":null,"ORIGEN":null,"SALUD":null,"ACCESO":null,"ACCESIBIL":null,"COLONIA":null,"LAT":null,"LONG":null,"DAP":null,"ALTURA":null,"TRONCO":null,"CFE":null},"geometry":{"type":"MultiPoint","coordinates":[[371065.35948,2837761.50092]]}},{"type":"Feature","properties":{"UBI":"Dover","PROYE":"Parque de bolsillo Dover","NOMCIEN":null,"NOMBRE":null,"OBJECTID":234,"FECHA LEV":2024,"NOMCOM":null,"ORIGEN":null,"SALUD":null,"ACCESO":null,"ACCESIBIL":null,"COLONIA":null,"LAT":null,"LONG":null,"DAP":null,"ALTURA":null,"TRONCO":null,"CFE":null},"geometry":{"type":"MultiPoint","coordinates":[[371054.97096,2837757.09567]]}},{"type":"Feature","properties":{"UBI":"Dover","PROYE":"Parque de bolsillo Dover","NOMCIEN":null,"NOMBRE":null,"OBJECTID":235,"FECHA LEV":2024,"NOMCOM":null,"ORIGEN":null,"SALUD":null,"ACCESO":null,"ACCESIBIL":null,"COLONIA":null,"LAT":null,"LONG":null,"DAP":null,"ALTURA":null,"TRONCO":null,"CFE":null},"geometry":{"type":"MultiPoint","coordinates":[[371052.47246,2837749.79741]]}},{"type":"Feature","properties":{"UBI":"Dover","PROYE":null,"NOMCIEN":null,"NOMBRE":null,"OBJECTID":236,"FECHA LEV":2024,"NOMCOM":null,"ORIGEN":null,"SALUD":null,"ACCESO":null,"ACCESIBIL":null,"COLONIA":null,"LAT":null,"LONG":null,"DAP":null,"ALTURA":null,"TRONCO":null,"CFE":null},"geometry":{"type":"MultiPoint","coordinates":[[371043.26745,2837725.73288]]}},{"type":"Feature","properties":{"UBI":"Dover","PROYE":null,"NOMCIEN":null,"NOMBRE":null,"OBJECTID":237,"FECHA LEV":2024,"NOMCOM":null,"ORIGEN":null,"SALUD":null,"ACCESO":null,"ACCESIBIL":null,"COLONIA":null,"LAT":null,"LONG":null,"DAP":null,"ALTURA":null,"TRONCO":null,"CFE":null},"geometry":{"type":"MultiPoint","coordinates":[[371041.16345,2837720.01262]]}},{"type":"Feature","properties":{"UBI":"Dover","PROYE":null,"NOMCIEN":null,"NOMBRE":null,"OBJECTID":238,"FECHA LEV":2024,"NOMCOM":null,"ORIGEN":null,"SALUD":null,"ACCESO":null,"ACCESIBIL":null,"COLONIA":null,"LAT":null,"LONG":null,"DAP":null,"ALTURA":null,"TRONCO":null,"CFE":null},"geometry":{"type":"MultiPoint","coordinates":[[371039.12519,2837714.22661]]}},{"type":"Feature","properties":{"UBI":"Av. Luis Elizondo","PROYE":"Parque de bolsillo Dover","NOMCIEN":null,"NOMBRE":null,"OBJECTID":239,"FECHA LEV":2024,"NOMCOM":null,"ORIGEN":null,"SALUD":null,"ACCESO":null,"ACCESIBIL":null,"COLONIA":null,"LAT":null,"LONG":null,"DAP":null,"ALTURA":null,"TRONCO":null,"CFE":null},"geometry":{"type":"MultiPoint","coordinates":[[371048.62608,2837757.6381]]}},{"type":"Feature","properties":{"UBI":"Av. Luis Elizondo","PROYE":"Parque de bolsillo Dover","NOMCIEN":null,"NOMBRE":null,"OBJECTID":240,"FECHA LEV":2024,"NOMCOM":null,"ORIGEN":null,"SALUD":null,"ACCESO":null,"ACCESIBIL":null,"COLONIA":null,"LAT":null,"LONG":null,"DAP":null,"ALTURA":null,"TRONCO":null,"CFE":null},"geometry":{"type":"MultiPoint","coordinates":[[371043.95783,2837753.6931]]}},{"type":"Feature","properties":{"UBI":"Av. Luis Elizondo","PROYE":"Parque de bolsillo Dover","NOMCIEN":null,"NOMBRE":null,"OBJECTID":241,"FECHA LEV":2024,"NOMCOM":null,"ORIGEN":null,"SALUD":null,"ACCESO":null,"ACCESIBIL":null,"COLONIA":null,"LAT":null,"LONG":null,"DAP":null,"ALTURA":null,"TRONCO":null,"CFE":null},"geometry":{"type":"MultiPoint","coordinates":[[371039.28957,2837749.81385]]}},{"type":"Feature","properties":{"UBI":"Av. Luis Elizondo","PROYE":"Parque de bolsillo Dover","NOMCIEN":null,"NOMBRE":null,"OBJECTID":242,"FECHA LEV":2024,"NOMCOM":null,"ORIGEN":null,"SALUD":null,"ACCESO":null,"ACCESIBIL":null,"COLONIA":null,"LAT":null,"LONG":null,"DAP":null,"ALTURA":null,"TRONCO":null,"CFE":null},"geometry":{"type":"MultiPoint","coordinates":[[371035.01581,2837746.13184]]}},{"type":"Feature","properties":{"UBI":"Av. Luis Elizondo","PROYE":null,"NOMCIEN":null,"NOMBRE":null,"OBJECTID":243,"FECHA LEV":2024,"NOMCOM":null,"ORIGEN":null,"SALUD":null,"ACCESO":null,"ACCESIBIL":null,"COLONIA":null,"LAT":null,"LONG":null,"DAP":null,"ALTURA":null,"TRONCO":null,"CFE":null},"geometry":{"type":"MultiPoint","coordinates":[[371023.5753,2837736.53233]]}},{"type":"Feature","properties":{"UBI":"Av. Luis Elizondo","PROYE":null,"NOMCIEN":null,"NOMBRE":null,"OBJECTID":244,"FECHA LEV":2024,"NOMCOM":null,"ORIGEN":null,"SALUD":null,"ACCESO":null,"ACCESIBIL":null,"COLONIA":null,"LAT":null,"LONG":null,"DAP":null,"ALTURA":null,"TRONCO":null,"CFE":null},"geometry":{"type":"MultiPoint","coordinates":[[371018.51254,2837732.45582]]}},{"type":"Feature","properties":{"UBI":"Av. Luis Elizondo","PROYE":null,"NOMCIEN":null,"NOMBRE":null,"OBJECTID":245,"FECHA LEV":2024,"NOMCOM":null,"ORIGEN":null,"SALUD":null,"ACCESO":null,"ACCESIBIL":null,"COLONIA":null,"LAT":null,"LONG":null,"DAP":null,"ALTURA":null,"TRONCO":null,"CFE":null},"geometry":{"type":"MultiPoint","coordinates":[[371012.59504,2837727.65607]]}},{"type":"Feature","properties":{"UBI":"Av. Luis Elizondo","PROYE":null,"NOMCIEN":null,"NOMBRE":null,"OBJECTID":246,"FECHA LEV":2024,"NOMCOM":null,"ORIGEN":null,"SALUD":null,"ACCESO":null,"ACCESIBIL":null,"COLONIA":null,"LAT":null,"LONG":null,"DAP":null,"ALTURA":null,"TRONCO":null,"CFE":null},"geometry":{"type":"MultiPoint","coordinates":[[371007.86103,2837723.77681]]}},{"type":"Feature","properties":{"UBI":"Av. Luis Elizondo","PROYE":null,"NOMCIEN":null,"NOMBRE":null,"OBJECTID":247,"FECHA LEV":2024,"NOMCOM":null,"ORIGEN":null,"SALUD":null,"ACCESO":null,"ACCESIBIL":null,"COLONIA":null,"LAT":null,"LONG":null,"DAP":null,"ALTURA":null,"TRONCO":null,"CFE":null},"geometry":{"type":"MultiPoint","coordinates":[[370988.39901,2837707.93104]]}},{"type":"Feature","properties":{"UBI":"Av. Luis Elizondo","PROYE":null,"NOMCIEN":null,"NOMBRE":null,"OBJECTID":248,"FECHA LEV":2024,"NOMCOM":null,"ORIGEN":null,"SALUD":null,"ACCESO":null,"ACCESIBIL":null,"COLONIA":null,"LAT":null,"LONG":null,"DAP":null,"ALTURA":null,"TRONCO":null,"CFE":null},"geometry":{"type":"MultiPoint","coordinates":[[370983.0075,2837703.59154]]}},{"type":"Feature","properties":{"UBI":"Av. Luis Elizondo","PROYE":null,"NOMCIEN":null,"NOMBRE":null,"OBJECTID":249,"FECHA LEV":2024,"NOMCOM":null,"ORIGEN":null,"SALUD":null,"ACCESO":null,"ACCESIBIL":null,"COLONIA":null,"LAT":null,"LONG":null,"DAP":null,"ALTURA":null,"TRONCO":null,"CFE":null},"geometry":{"type":"MultiPoint","coordinates":[[370978.2735,2837699.77803]]}},{"type":"Feature","properties":{"UBI":"Av. Luis Elizondo","PROYE":null,"NOMCIEN":null,"NOMBRE":null,"OBJECTID":250,"FECHA LEV":2024,"NOMCOM":null,"ORIGEN":null,"SALUD":null,"ACCESO":null,"ACCESIBIL":null,"COLONIA":null,"LAT":null,"LONG":null,"DAP":null,"ALTURA":null,"TRONCO":null,"CFE":null},"geometry":{"type":"MultiPoint","coordinates":[[370973.53949,2837696.03028]]}},{"type":"Feature","properties":{"UBI":"Av. Luis Elizondo","PROYE":null,"NOMCIEN":null,"NOMBRE":null,"OBJECTID":251,"FECHA LEV":2024,"NOMCOM":null,"ORIGEN":null,"SALUD":null,"ACCESO":null,"ACCESIBIL":null,"COLONIA":null,"LAT":null,"LONG":null,"DAP":null,"ALTURA":null,"TRONCO":null,"CFE":null},"geometry":{"type":"MultiPoint","coordinates":[[370962.55923,2837687.02252]]}},{"type":"Feature","properties":{"UBI":"Av. Luis Elizondo","PROYE":null,"NOMCIEN":null,"NOMBRE":null,"OBJECTID":252,"FECHA LEV":2024,"NOMCOM":null,"ORIGEN":null,"SALUD":null,"ACCESO":null,"ACCESIBIL":null,"COLONIA":null,"LAT":null,"LONG":null,"DAP":null,"ALTURA":null,"TRONCO":null,"CFE":null},"geometry":{"type":"MultiPoint","coordinates":[[370946.58196,2837674.004]]}},{"type":"Feature","properties":{"UBI":"Av. Luis Elizondo","PROYE":null,"NOMCIEN":null,"NOMBRE":null,"OBJECTID":253,"FECHA LEV":2024,"NOMCOM":null,"ORIGEN":null,"SALUD":null,"ACCESO":null,"ACCESIBIL":null,"COLONIA":null,"LAT":null,"LONG":null,"DAP":null,"ALTURA":null,"TRONCO":null,"CFE":null},"geometry":{"type":"MultiPoint","coordinates":[[370938.16595,2837667.23175]]}},{"type":"Feature","properties":{"UBI":"Av. Luis Elizondo","PROYE":null,"NOMCIEN":null,"NOMBRE":null,"OBJECTID":254,"FECHA LEV":2024,"NOMCOM":null,"ORIGEN":null,"SALUD":null,"ACCESO":null,"ACCESIBIL":null,"COLONIA":null,"LAT":null,"LONG":null,"DAP":null,"ALTURA":null,"TRONCO":null,"CFE":null},"geometry":{"type":"MultiPoint","coordinates":[[370929.48694,2837660.14717]]}},{"type":"Feature","properties":{"UBI":"Av. Luis Elizondo","PROYE":null,"NOMCIEN":null,"NOMBRE":null,"OBJECTID":255,"FECHA LEV":2024,"NOMCOM":null,"ORIGEN":null,"SALUD":null,"ACCESO":null,"ACCESIBIL":null,"COLONIA":null,"LAT":null,"LONG":null,"DAP":null,"ALTURA":null,"TRONCO":null,"CFE":null},"geometry":{"type":"MultiPoint","coordinates":[[370910.61666,2837644.76166]]}},{"type":"Feature","properties":{"UBI":"Av. Luis Elizondo","PROYE":null,"NOMCIEN":null,"NOMBRE":null,"OBJECTID":256,"FECHA LEV":2024,"NOMCOM":null,"ORIGEN":null,"SALUD":null,"ACCESO":null,"ACCESIBIL":null,"COLONIA":null,"LAT":null,"LONG":null,"DAP":null,"ALTURA":null,"TRONCO":null,"CFE":null},"geometry":{"type":"MultiPoint","coordinates":[[370879.64838,2837619.77663]]}},{"type":"Feature","properties":{"UBI":"Av. Luis Elizondo","PROYE":null,"NOMCIEN":null,"NOMBRE":null,"OBJECTID":257,"FECHA LEV":2024,"NOMCOM":null,"ORIGEN":null,"SALUD":null,"ACCESO":null,"ACCESIBIL":null,"COLONIA":null,"LAT":null,"LONG":null,"DAP":null,"ALTURA":null,"TRONCO":null,"CFE":null},"geometry":{"type":"MultiPoint","coordinates":[[370886.70555,2837625.35442]]}},{"type":"Feature","properties":{"UBI":"Av. Luis Elizondo","PROYE":null,"NOMCIEN":null,"NOMBRE":null,"OBJECTID":258,"FECHA LEV":2024,"NOMCOM":null,"ORIGEN":null,"SALUD":null,"ACCESO":null,"ACCESIBIL":null,"COLONIA":null,"LAT":null,"LONG":null,"DAP":null,"ALTURA":null,"TRONCO":null,"CFE":null},"geometry":{"type":"MultiPoint","coordinates":[[370900.90757,2837636.8826]]}},{"type":"Feature","properties":{"UBI":"Av. Luis Elizondo","PROYE":null,"NOMCIEN":null,"NOMBRE":null,"OBJECTID":259,"FECHA LEV":2024,"NOMCOM":null,"ORIGEN":null,"SALUD":null,"ACCESO":null,"ACCESIBIL":null,"COLONIA":null,"LAT":null,"LONG":null,"DAP":null,"ALTURA":null,"TRONCO":null,"CFE":null},"geometry":{"type":"MultiPoint","coordinates":[[370914.93425,2837648.06012]]}},{"type":"Feature","properties":{"UBI":"Av. Luis Elizondo","PROYE":null,"NOMCIEN":null,"NOMBRE":null,"OBJECTID":260,"FECHA LEV":2024,"NOMCOM":null,"ORIGEN":null,"SALUD":null,"ACCESO":null,"ACCESIBIL":null,"COLONIA":null,"LAT":null,"LONG":null,"DAP":null,"ALTURA":null,"TRONCO":null,"CFE":null},"geometry":{"type":"MultiPoint","coordinates":[[370918.30942,2837650.86545]]}},{"type":"Feature","properties":{"UBI":"Av. Luis Elizondo","PROYE":null,"NOMCIEN":null,"NOMBRE":null,"OBJECTID":261,"FECHA LEV":2024,"NOMCOM":null,"ORIGEN":null,"SALUD":null,"ACCESO":null,"ACCESIBIL":null,"COLONIA":null,"LAT":null,"LONG":null,"DAP":null,"ALTURA":null,"TRONCO":null,"CFE":null},"geometry":{"type":"MultiPoint","coordinates":[[370918.96692,2837669.88914]]}},{"type":"Feature","properties":{"UBI":"Av. Luis Elizondo","PROYE":null,"NOMCIEN":null,"NOMBRE":null,"OBJECTID":262,"FECHA LEV":2024,"NOMCOM":null,"ORIGEN":null,"SALUD":null,"ACCESO":null,"ACCESIBIL":null,"COLONIA":null,"LAT":null,"LONG":null,"DAP":null,"ALTURA":null,"TRONCO":null,"CFE":null},"geometry":{"type":"MultiPoint","coordinates":[[370936.45645,2837665.81264]]}},{"type":"Feature","properties":{"UBI":"Av. Luis Elizondo","PROYE":null,"NOMCIEN":null,"NOMBRE":null,"OBJECTID":263,"FECHA LEV":2024,"NOMCOM":null,"ORIGEN":null,"SALUD":null,"ACCESO":null,"ACCESIBIL":null,"COLONIA":null,"LAT":null,"LONG":null,"DAP":null,"ALTURA":null,"TRONCO":null,"CFE":null},"geometry":{"type":"MultiPoint","coordinates":[[370938.12211,2837682.99533]]}},{"type":"Feature","properties":{"UBI":"Dover","PROYE":"Parque de bolsillo Dover","NOMCIEN":null,"NOMBRE":null,"OBJECTID":264,"FECHA LEV":2024,"NOMCOM":null,"ORIGEN":null,"SALUD":null,"ACCESO":null,"ACCESIBIL":null,"COLONIA":null,"LAT":null,"LONG":null,"DAP":null,"ALTURA":null,"TRONCO":null,"CFE":null},"geometry":{"type":"MultiPoint","coordinates":[[371050.46708,2837753.12875]]}},{"type":"Feature","properties":{"UBI":"Dover","PROYE":"Parque de bolsillo Dover","NOMCIEN":null,"NOMBRE":null,"OBJECTID":265,"FECHA LEV":2024,"NOMCOM":null,"ORIGEN":null,"SALUD":null,"ACCESO":null,"ACCESIBIL":null,"COLONIA":null,"LAT":null,"LONG":null,"DAP":null,"ALTURA":null,"TRONCO":null,"CFE":null},"geometry":{"type":"MultiPoint","coordinates":[[371047.66175,2837743.70457]]}},{"type":"Feature","properties":{"UBI":"Dover","PROYE":"Parque de bolsillo Dover","NOMCIEN":null,"NOMBRE":null,"OBJECTID":266,"FECHA LEV":2024,"NOMCOM":null,"ORIGEN":null,"SALUD":null,"ACCESO":null,"ACCESIBIL":null,"COLONIA":null,"LAT":null,"LONG":null,"DAP":null,"ALTURA":null,"TRONCO":null,"CFE":null},"geometry":{"type":"MultiPoint","coordinates":[[371045.20708,2837736.60356]]}},{"type":"Feature","properties":{"UBI":"Av. Luis Elizondo","PROYE":"Parque de bolsillo Dover","NOMCIEN":null,"NOMBRE":null,"OBJECTID":267,"FECHA LEV":2024,"NOMCOM":null,"ORIGEN":null,"SALUD":null,"ACCESO":null,"ACCESIBIL":null,"COLONIA":null,"LAT":null,"LONG":null,"DAP":null,"ALTURA":null,"TRONCO":null,"CFE":null},"geometry":{"type":"MultiPoint","coordinates":[[371036.39657,2837739.05823]]}},{"type":"Feature","properties":{"UBI":"Av. Luis Elizondo","PROYE":"Parque de bolsillo Dover","NOMCIEN":null,"NOMBRE":null,"OBJECTID":268,"FECHA LEV":2024,"NOMCOM":null,"ORIGEN":null,"SALUD":null,"ACCESO":null,"ACCESIBIL":null,"COLONIA":null,"LAT":null,"LONG":null,"DAP":null,"ALTURA":null,"TRONCO":null,"CFE":null},"geometry":{"type":"MultiPoint","coordinates":[[371040.95524,2837743.96757]]}},{"type":"Feature","properties":{"UBI":"Dover","PROYE":"Parque de bolsillo Dover","NOMCIEN":null,"NOMBRE":null,"OBJECTID":269,"FECHA LEV":2024,"NOMCOM":null,"ORIGEN":null,"SALUD":null,"ACCESO":null,"ACCESIBIL":null,"COLONIA":null,"LAT":null,"LONG":null,"DAP":null,"ALTURA":null,"TRONCO":null,"CFE":null},"geometry":{"type":"MultiPoint","coordinates":[[371048.75758,2837750.10424]]}},{"type":"Feature","properties":{"UBI":"Av. Luis Elizondo","PROYE":null,"NOMCIEN":null,"NOMBRE":"Árbol nuevo","OBJECTID":270,"FECHA LEV":2024,"NOMCOM":null,"ORIGEN":null,"SALUD":null,"ACCESO":null,"ACCESIBIL":null,"COLONIA":null,"LAT":null,"LONG":null,"DAP":null,"ALTURA":null,"TRONCO":null,"CFE":null},"geometry":{"type":"MultiPoint","coordinates":[[370521.03525,2837342.16889]]}},{"type":"Feature","properties":{"UBI":"Av. Luis Elizondo","PROYE":null,"NOMCIEN":null,"NOMBRE":"Árbol nuevo","OBJECTID":271,"FECHA LEV":2024,"NOMCOM":null,"ORIGEN":null,"SALUD":null,"ACCESO":null,"ACCESIBIL":null,"COLONIA":null,"LAT":null,"LONG":null,"DAP":null,"ALTURA":null,"TRONCO":null,"CFE":null},"geometry":{"type":"MultiPoint","coordinates":[[370847.3995,2837613.29175]]}},{"type":"Feature","properties":{"UBI":"Av. Luis Elizondo","PROYE":"Parque de Bolsillo CDT","NOMCIEN":null,"NOMBRE":"Árbol nuevo","OBJECTID":272,"FECHA LEV":2024,"NOMCOM":null,"ORIGEN":null,"SALUD":null,"ACCESO":null,"ACCESIBIL":null,"COLONIA":null,"LAT":null,"LONG":null,"DAP":null,"ALTURA":null,"TRONCO":null,"CFE":null},"geometry":{"type":"MultiPoint","coordinates":[[370865.78667,2837611.32659]]}},{"type":"Feature","properties":{"UBI":"Av. Luis Elizondo","PROYE":null,"NOMCIEN":null,"NOMBRE":"Árbol nuevo","OBJECTID":273,"FECHA LEV":2024,"NOMCOM":null,"ORIGEN":null,"SALUD":null,"ACCESO":null,"ACCESIBIL":null,"COLONIA":null,"LAT":null,"LONG":null,"DAP":null,"ALTURA":null,"TRONCO":null,"CFE":null},"geometry":{"type":"MultiPoint","coordinates":[[370525.96835,2837344.97612]]}},{"type":"Feature","properties":{"UBI":"Av. Luis Elizondo","PROYE":null,"NOMCIEN":null,"NOMBRE":"Árbol existente","OBJECTID":274,"FECHA LEV":2024,"NOMCOM":null,"ORIGEN":null,"SALUD":null,"ACCESO":null,"ACCESIBIL":null,"COLONIA":null,"LAT":null,"LONG":null,"DAP":null,"ALTURA":null,"TRONCO":null,"CFE":null},"geometry":{"type":"MultiPoint","coordinates":[[370698.5724,2837492.12427]]}},{"type":"Feature","properties":{"UBI":"Av. Luis Elizondo","PROYE":null,"NOMCIEN":null,"NOMBRE":"Árbol nuevo","OBJECTID":275,"FECHA LEV":2024,"NOMCOM":null,"ORIGEN":null,"SALUD":null,"ACCESO":null,"ACCESIBIL":null,"COLONIA":null,"LAT":null,"LONG":null,"DAP":null,"ALTURA":null,"TRONCO":null,"CFE":null},"geometry":{"type":"MultiPoint","coordinates":[[370839.04891,2837607.18511]]}},{"type":"Feature","properties":{"UBI":"Av. Luis Elizondo","PROYE":"Parque de Bolsillo CDT","NOMCIEN":null,"NOMBRE":"Árbol existente","OBJECTID":276,"FECHA LEV":2024,"NOMCOM":null,"ORIGEN":null,"SALUD":null,"ACCESO":null,"ACCESIBIL":null,"COLONIA":null,"LAT":null,"LONG":null,"DAP":null,"ALTURA":null,"TRONCO":null,"CFE":null},"geometry":{"type":"MultiPoint","coordinates":[[370862.05815,2837608.8664]]}},{"type":"Feature","properties":{"UBI":"Av. Luis Elizondo","PROYE":null,"NOMCIEN":null,"NOMBRE":"Árbol nuevo","OBJECTID":277,"FECHA LEV":2024,"NOMCOM":null,"ORIGEN":null,"SALUD":null,"ACCESO":null,"ACCESIBIL":null,"COLONIA":null,"LAT":null,"LONG":null,"DAP":null,"ALTURA":null,"TRONCO":null,"CFE":null},"geometry":{"type":"MultiPoint","coordinates":[[370530.62891,2837348.49198]]}},{"type":"Feature","properties":{"UBI":"Av. Luis Elizondo","PROYE":null,"NOMCIEN":null,"NOMBRE":"Árbol nuevo","OBJECTID":278,"FECHA LEV":2024,"NOMCOM":null,"ORIGEN":null,"SALUD":null,"ACCESO":null,"ACCESIBIL":null,"COLONIA":null,"LAT":null,"LONG":null,"DAP":null,"ALTURA":null,"TRONCO":null,"CFE":null},"geometry":{"type":"MultiPoint","coordinates":[[370703.36258,2837495.95758]]}},{"type":"Feature","properties":{"UBI":"Av. Luis Elizondo","PROYE":null,"NOMCIEN":null,"NOMBRE":"Árbol nuevo","OBJECTID":279,"FECHA LEV":2024,"NOMCOM":null,"ORIGEN":null,"SALUD":null,"ACCESO":null,"ACCESIBIL":null,"COLONIA":null,"LAT":null,"LONG":null,"DAP":null,"ALTURA":null,"TRONCO":null,"CFE":null},"geometry":{"type":"MultiPoint","coordinates":[[370826.50598,2837603.92307]]}},{"type":"Feature","properties":{"UBI":"Av. Luis Elizondo","PROYE":"Parque de Bolsillo CDT","NOMCIEN":null,"NOMBRE":"Árbol nuevo","OBJECTID":280,"FECHA LEV":2024,"NOMCOM":null,"ORIGEN":null,"SALUD":null,"ACCESO":null,"ACCESIBIL":null,"COLONIA":null,"LAT":null,"LONG":null,"DAP":null,"ALTURA":null,"TRONCO":null,"CFE":null},"geometry":{"type":"MultiPoint","coordinates":[[370852.763,2837600.28389]]}},{"type":"Feature","properties":{"UBI":"Av. Luis Elizondo","PROYE":null,"NOMCIEN":null,"NOMBRE":"Árbol nuevo","OBJECTID":281,"FECHA LEV":2024,"NOMCOM":null,"ORIGEN":null,"SALUD":null,"ACCESO":null,"ACCESIBIL":null,"COLONIA":null,"LAT":null,"LONG":null,"DAP":null,"ALTURA":null,"TRONCO":null,"CFE":null},"geometry":{"type":"MultiPoint","coordinates":[[370538.96885,2837354.05194]]}},{"type":"Feature","properties":{"UBI":"Av. Luis Elizondo","PROYE":null,"NOMCIEN":null,"NOMBRE":"Árbol existente","OBJECTID":282,"FECHA LEV":2024,"NOMCOM":null,"ORIGEN":null,"SALUD":null,"ACCESO":null,"ACCESIBIL":null,"COLONIA":null,"LAT":null,"LONG":null,"DAP":null,"ALTURA":null,"TRONCO":null,"CFE":null},"geometry":{"type":"MultiPoint","coordinates":[[370705.49509,2837499.265]]}},{"type":"Feature","properties":{"UBI":"Av. Junco de la Vega","PROYE":null,"NOMCIEN":null,"NOMBRE":"Árbol nuevo","OBJECTID":283,"FECHA LEV":2024,"NOMCOM":null,"ORIGEN":null,"SALUD":null,"ACCESO":null,"ACCESIBIL":null,"COLONIA":null,"LAT":null,"LONG":null,"DAP":null,"ALTURA":null,"TRONCO":null,"CFE":null},"geometry":{"type":"MultiPoint","coordinates":[[370831.14377,2837611.5401]]}},{"type":"Feature","properties":{"UBI":"Av. Luis Elizondo","PROYE":"Parque de Bolsillo CDT","NOMCIEN":null,"NOMBRE":"Árbol nuevo","OBJECTID":284,"FECHA LEV":2024,"NOMCOM":null,"ORIGEN":null,"SALUD":null,"ACCESO":null,"ACCESIBIL":null,"COLONIA":null,"LAT":null,"LONG":null,"DAP":null,"ALTURA":null,"TRONCO":null,"CFE":null},"geometry":{"type":"MultiPoint","coordinates":[[370845.37867,2837594.5874]]}},{"type":"Feature","properties":{"UBI":"Av. Luis Elizondo","PROYE":null,"NOMCIEN":null,"NOMBRE":"Árbol nuevo","OBJECTID":285,"FECHA LEV":2024,"NOMCOM":null,"ORIGEN":null,"SALUD":null,"ACCESO":null,"ACCESIBIL":null,"COLONIA":null,"LAT":null,"LONG":null,"DAP":null,"ALTURA":null,"TRONCO":null,"CFE":null},"geometry":{"type":"MultiPoint","coordinates":[[370544.85586,2837358.30367]]}},{"type":"Feature","properties":{"UBI":"Av. Luis Elizondo","PROYE":null,"NOMCIEN":null,"NOMBRE":"Árbol nuevo","OBJECTID":286,"FECHA LEV":2024,"NOMCOM":null,"ORIGEN":null,"SALUD":null,"ACCESO":null,"ACCESIBIL":null,"COLONIA":null,"LAT":null,"LONG":null,"DAP":null,"ALTURA":null,"TRONCO":null,"CFE":null},"geometry":{"type":"MultiPoint","coordinates":[[370713.78052,2837506.24221]]}},{"type":"Feature","properties":{"UBI":"Av. Junco de la Vega","PROYE":null,"NOMCIEN":null,"NOMBRE":"Árbol existente","OBJECTID":287,"FECHA LEV":2024,"NOMCOM":null,"ORIGEN":null,"SALUD":null,"ACCESO":null,"ACCESIBIL":null,"COLONIA":null,"LAT":null,"LONG":null,"DAP":null,"ALTURA":null,"TRONCO":null,"CFE":null},"geometry":{"type":"MultiPoint","coordinates":[[370827.86279,2837610.88382]]}},{"type":"Feature","properties":{"UBI":"Av. Luis Elizondo","PROYE":"Parque de Bolsillo CDT","NOMCIEN":null,"NOMBRE":"Árbol existente","OBJECTID":288,"FECHA LEV":2024,"NOMCOM":null,"ORIGEN":null,"SALUD":null,"ACCESO":null,"ACCESIBIL":null,"COLONIA":null,"LAT":null,"LONG":null,"DAP":null,"ALTURA":null,"TRONCO":null,"CFE":null},"geometry":{"type":"MultiPoint","coordinates":[[370851.66047,2837588.71568]]}},{"type":"Feature","properties":{"UBI":"Av. Luis Elizondo","PROYE":null,"NOMCIEN":null,"NOMBRE":"Árbol nuevo","OBJECTID":289,"FECHA LEV":2024,"NOMCOM":null,"ORIGEN":null,"SALUD":null,"ACCESO":null,"ACCESIBIL":null,"COLONIA":null,"LAT":null,"LONG":null,"DAP":null,"ALTURA":null,"TRONCO":null,"CFE":null},"geometry":{"type":"MultiPoint","coordinates":[[370551.54676,2837363.26851]]}},{"type":"Feature","properties":{"UBI":"Av. Luis Elizondo","PROYE":null,"NOMCIEN":null,"NOMBRE":"Árbol nuevo","OBJECTID":290,"FECHA LEV":2024,"NOMCOM":null,"ORIGEN":null,"SALUD":null,"ACCESO":null,"ACCESIBIL":null,"COLONIA":null,"LAT":null,"LONG":null,"DAP":null,"ALTURA":null,"TRONCO":null,"CFE":null},"geometry":{"type":"MultiPoint","coordinates":[[370719.51229,2837509.6542]]}},{"type":"Feature","properties":{"UBI":"Av. Junco de la Vega","PROYE":null,"NOMCIEN":null,"NOMBRE":"Árbol nuevo","OBJECTID":291,"FECHA LEV":2024,"NOMCOM":null,"ORIGEN":null,"SALUD":null,"ACCESO":null,"ACCESIBIL":null,"COLONIA":null,"LAT":null,"LONG":null,"DAP":null,"ALTURA":null,"TRONCO":null,"CFE":null},"geometry":{"type":"MultiPoint","coordinates":[[370824.82836,2837621.66845]]}},{"type":"Feature","properties":{"UBI":"Av. Luis Elizondo","PROYE":"Parque de Bolsillo CDT","NOMCIEN":null,"NOMBRE":"Árbol existente","OBJECTID":292,"FECHA LEV":2024,"NOMCOM":null,"ORIGEN":null,"SALUD":null,"ACCESO":null,"ACCESIBIL":null,"COLONIA":null,"LAT":null,"LONG":null,"DAP":null,"ALTURA":null,"TRONCO":null,"CFE":null},"geometry":{"type":"MultiPoint","coordinates":[[370852.14575,2837587.55637]]}},{"type":"Feature","properties":{"UBI":"Av. Luis Elizondo","PROYE":null,"NOMCIEN":null,"NOMBRE":"Árbol nuevo","OBJECTID":293,"FECHA LEV":2024,"NOMCOM":null,"ORIGEN":null,"SALUD":null,"ACCESO":null,"ACCESIBIL":null,"COLONIA":null,"LAT":null,"LONG":null,"DAP":null,"ALTURA":null,"TRONCO":null,"CFE":null},"geometry":{"type":"MultiPoint","coordinates":[[370555.5285,2837367.25945]]}},{"type":"Feature","properties":{"UBI":"Av. Luis Elizondo","PROYE":null,"NOMCIEN":null,"NOMBRE":"Árbol existente","OBJECTID":294,"FECHA LEV":2024,"NOMCOM":null,"ORIGEN":null,"SALUD":null,"ACCESO":null,"ACCESIBIL":null,"COLONIA":null,"LAT":null,"LONG":null,"DAP":null,"ALTURA":null,"TRONCO":null,"CFE":null},"geometry":{"type":"MultiPoint","coordinates":[[370727.71888,2837517.9687]]}},{"type":"Feature","properties":{"UBI":"Av. Junco de la Vega","PROYE":null,"NOMCIEN":null,"NOMBRE":"Árbol nuevo","OBJECTID":295,"FECHA LEV":2024,"NOMCOM":null,"ORIGEN":null,"SALUD":null,"ACCESO":null,"ACCESIBIL":null,"COLONIA":null,"LAT":null,"LONG":null,"DAP":null,"ALTURA":null,"TRONCO":null,"CFE":null},"geometry":{"type":"MultiPoint","coordinates":[[370834.28266,2837621.3632]]}},{"type":"Feature","properties":{"UBI":"Av. Luis Elizondo","PROYE":"Parque de Bolsillo CDT","NOMCIEN":null,"NOMBRE":"Árbol existente","OBJECTID":296,"FECHA LEV":2024,"NOMCOM":null,"ORIGEN":null,"SALUD":null,"ACCESO":null,"ACCESIBIL":null,"COLONIA":null,"LAT":null,"LONG":null,"DAP":null,"ALTURA":null,"TRONCO":null,"CFE":null},"geometry":{"type":"MultiPoint","coordinates":[[370847.79596,2837579.86219]]}},{"type":"Feature","properties":{"UBI":"Av. Luis Elizondo","PROYE":null,"NOMCIEN":null,"NOMBRE":"Árbol nuevo","OBJECTID":297,"FECHA LEV":2024,"NOMCOM":null,"ORIGEN":null,"SALUD":null,"ACCESO":null,"ACCESIBIL":null,"COLONIA":null,"LAT":null,"LONG":null,"DAP":null,"ALTURA":null,"TRONCO":null,"CFE":null},"geometry":{"type":"MultiPoint","coordinates":[[370556.0605,2837372.27318]]}},{"type":"Feature","properties":{"UBI":"Av. Luis Elizondo","PROYE":null,"NOMCIEN":null,"NOMBRE":"Árbol nuevo","OBJECTID":298,"FECHA LEV":2024,"NOMCOM":null,"ORIGEN":null,"SALUD":null,"ACCESO":null,"ACCESIBIL":null,"COLONIA":null,"LAT":null,"LONG":null,"DAP":null,"ALTURA":null,"TRONCO":null,"CFE":null},"geometry":{"type":"MultiPoint","coordinates":[[370732.79371,2837523.74752]]}},{"type":"Feature","properties":{"UBI":"Av. Junco de la Vega","PROYE":null,"NOMCIEN":null,"NOMBRE":"Árbol nuevo","OBJECTID":299,"FECHA LEV":2024,"NOMCOM":null,"ORIGEN":null,"SALUD":null,"ACCESO":null,"ACCESIBIL":null,"COLONIA":null,"LAT":null,"LONG":null,"DAP":null,"ALTURA":null,"TRONCO":null,"CFE":null},"geometry":{"type":"MultiPoint","coordinates":[[370842.63205,2837621.17469]]}},{"type":"Feature","properties":{"UBI":"Av. Junco de la Vega","PROYE":"Parque de Bolsillo CDT","NOMCIEN":null,"NOMBRE":"Árbol existente","OBJECTID":300,"FECHA LEV":2024,"NOMCOM":null,"ORIGEN":null,"SALUD":null,"ACCESO":null,"ACCESIBIL":null,"COLONIA":null,"LAT":null,"LONG":null,"DAP":null,"ALTURA":null,"TRONCO":null,"CFE":null},"geometry":{"type":"MultiPoint","coordinates":[[370852.25112,2837573.64874]]}},{"type":"Feature","properties":{"UBI":"Av. Luis Elizondo","PROYE":null,"NOMCIEN":null,"NOMBRE":"Árbol existente","OBJECTID":301,"FECHA LEV":2024,"NOMCOM":null,"ORIGEN":null,"SALUD":null,"ACCESO":null,"ACCESIBIL":null,"COLONIA":null,"LAT":null,"LONG":null,"DAP":null,"ALTURA":null,"TRONCO":null,"CFE":null},"geometry":{"type":"MultiPoint","coordinates":[[370559.60197,2837383.75069]]}},{"type":"Feature","properties":{"UBI":"Av. Luis Elizondo","PROYE":null,"NOMCIEN":null,"NOMBRE":"Árbol existente","OBJECTID":302,"FECHA LEV":2024,"NOMCOM":null,"ORIGEN":null,"SALUD":null,"ACCESO":null,"ACCESIBIL":null,"COLONIA":null,"LAT":null,"LONG":null,"DAP":null,"ALTURA":null,"TRONCO":null,"CFE":null},"geometry":{"type":"MultiPoint","coordinates":[[370736.67449,2837526.59429]]}},{"type":"Feature","properties":{"UBI":"Av. Junco de la Vega","PROYE":null,"NOMCIEN":null,"NOMBRE":"Árbol nuevo","OBJECTID":303,"FECHA LEV":2024,"NOMCOM":null,"ORIGEN":null,"SALUD":null,"ACCESO":null,"ACCESIBIL":null,"COLONIA":null,"LAT":null,"LONG":null,"DAP":null,"ALTURA":null,"TRONCO":null,"CFE":null},"geometry":{"type":"MultiPoint","coordinates":[[370840.82661,2837628.71536]]}},{"type":"Feature","properties":{"UBI":"Av. Junco de la Vega","PROYE":"Parque de Bolsillo CDT","NOMCIEN":null,"NOMBRE":"Árbol existente","OBJECTID":304,"FECHA LEV":2024,"NOMCOM":null,"ORIGEN":null,"SALUD":null,"ACCESO":null,"ACCESIBIL":null,"COLONIA":null,"LAT":null,"LONG":null,"DAP":null,"ALTURA":null,"TRONCO":null,"CFE":null},"geometry":{"type":"MultiPoint","coordinates":[[370856.46758,2837573.32044]]}},{"type":"Feature","properties":{"UBI":"Av. Luis Elizondo","PROYE":null,"NOMCIEN":null,"NOMBRE":"Árbol nuevo","OBJECTID":305,"FECHA LEV":2024,"NOMCOM":null,"ORIGEN":null,"SALUD":null,"ACCESO":null,"ACCESIBIL":null,"COLONIA":null,"LAT":null,"LONG":null,"DAP":null,"ALTURA":null,"TRONCO":null,"CFE":null},"geometry":{"type":"MultiPoint","coordinates":[[370562.53397,2837386.76937]]}},{"type":"Feature","properties":{"UBI":"Av. Luis Elizondo","PROYE":null,"NOMCIEN":null,"NOMBRE":"Árbol nuevo","OBJECTID":306,"FECHA LEV":2024,"NOMCOM":null,"ORIGEN":null,"SALUD":null,"ACCESO":null,"ACCESIBIL":null,"COLONIA":null,"LAT":null,"LONG":null,"DAP":null,"ALTURA":null,"TRONCO":null,"CFE":null},"geometry":{"type":"MultiPoint","coordinates":[[370744.22329,2837532.90657]]}},{"type":"Feature","properties":{"UBI":"Av. Junco de la Vega","PROYE":null,"NOMCIEN":null,"NOMBRE":"Árbol nuevo","OBJECTID":307,"FECHA LEV":2024,"NOMCOM":null,"ORIGEN":null,"SALUD":null,"ACCESO":null,"ACCESIBIL":null,"COLONIA":null,"LAT":null,"LONG":null,"DAP":null,"ALTURA":null,"TRONCO":null,"CFE":null},"geometry":{"type":"MultiPoint","coordinates":[[370835.60036,2837627.35999]]}},{"type":"Feature","properties":{"UBI":"Av. Junco de la Vega","PROYE":"Parque de Bolsillo CDT","NOMCIEN":null,"NOMBRE":"Árbol existente","OBJECTID":308,"FECHA LEV":2024,"NOMCOM":null,"ORIGEN":null,"SALUD":null,"ACCESO":null,"ACCESIBIL":null,"COLONIA":null,"LAT":null,"LONG":null,"DAP":null,"ALTURA":null,"TRONCO":null,"CFE":null},"geometry":{"type":"MultiPoint","coordinates":[[370858.14195,2837567.4402]]}},{"type":"Feature","properties":{"UBI":"Av. Luis Elizondo","PROYE":null,"NOMCIEN":null,"NOMBRE":"Árbol nuevo","OBJECTID":309,"FECHA LEV":2024,"NOMCOM":null,"ORIGEN":null,"SALUD":null,"ACCESO":null,"ACCESIBIL":null,"COLONIA":null,"LAT":null,"LONG":null,"DAP":null,"ALTURA":null,"TRONCO":null,"CFE":null},"geometry":{"type":"MultiPoint","coordinates":[[370576.93516,2837390.49681]]}},{"type":"Feature","properties":{"UBI":"Av. Luis Elizondo","PROYE":null,"NOMCIEN":null,"NOMBRE":"Árbol nuevo","OBJECTID":310,"FECHA LEV":2024,"NOMCOM":null,"ORIGEN":null,"SALUD":null,"ACCESO":null,"ACCESIBIL":null,"COLONIA":null,"LAT":null,"LONG":null,"DAP":null,"ALTURA":null,"TRONCO":null,"CFE":null},"geometry":{"type":"MultiPoint","coordinates":[[370750.25007,2837536.84265]]}},{"type":"Feature","properties":{"UBI":"Av. Junco de la Vega","PROYE":null,"NOMCIEN":null,"NOMBRE":"Árbol nuevo","OBJECTID":311,"FECHA LEV":2024,"NOMCOM":null,"ORIGEN":null,"SALUD":null,"ACCESO":null,"ACCESIBIL":null,"COLONIA":null,"LAT":null,"LONG":null,"DAP":null,"ALTURA":null,"TRONCO":null,"CFE":null},"geometry":{"type":"MultiPoint","coordinates":[[370827.28764,2837626.48101]]}},{"type":"Feature","properties":{"UBI":"Av. Junco de la Vega","PROYE":"Parque de Bolsillo CDT","NOMCIEN":null,"NOMBRE":"Árbol nuevo","OBJECTID":312,"FECHA LEV":2024,"NOMCOM":null,"ORIGEN":null,"SALUD":null,"ACCESO":null,"ACCESIBIL":null,"COLONIA":null,"LAT":null,"LONG":null,"DAP":null,"ALTURA":null,"TRONCO":null,"CFE":null},"geometry":{"type":"MultiPoint","coordinates":[[370857.82581,2837562.32552]]}},{"type":"Feature","properties":{"UBI":"Av. Luis Elizondo","PROYE":null,"NOMCIEN":null,"NOMBRE":"Árbol nuevo","OBJECTID":313,"FECHA LEV":2024,"NOMCOM":null,"ORIGEN":null,"SALUD":null,"ACCESO":null,"ACCESIBIL":null,"COLONIA":null,"LAT":null,"LONG":null,"DAP":null,"ALTURA":null,"TRONCO":null,"CFE":null},"geometry":{"type":"MultiPoint","coordinates":[[370588.83836,2837400.95523]]}},{"type":"Feature","properties":{"UBI":"Av. Luis Elizondo","PROYE":null,"NOMCIEN":null,"NOMBRE":"Árbol nuevo","OBJECTID":314,"FECHA LEV":2024,"NOMCOM":null,"ORIGEN":null,"SALUD":null,"ACCESO":null,"ACCESIBIL":null,"COLONIA":null,"LAT":null,"LONG":null,"DAP":null,"ALTURA":null,"TRONCO":null,"CFE":null},"geometry":{"type":"MultiPoint","coordinates":[[370755.15074,2837542.06658]]}},{"type":"Feature","properties":{"UBI":"Av. Junco de la Vega","PROYE":null,"NOMCIEN":null,"NOMBRE":"Árbol existente","OBJECTID":315,"FECHA LEV":2024,"NOMCOM":null,"ORIGEN":null,"SALUD":null,"ACCESO":null,"ACCESIBIL":null,"COLONIA":null,"LAT":null,"LONG":null,"DAP":null,"ALTURA":null,"TRONCO":null,"CFE":null},"geometry":{"type":"MultiPoint","coordinates":[[370835.19169,2837634.08118]]}},{"type":"Feature","properties":{"UBI":"Av. Junco de la Vega","PROYE":"Parque de Bolsillo CDT","NOMCIEN":null,"NOMBRE":"Árbol existente","OBJECTID":316,"FECHA LEV":2024,"NOMCOM":null,"ORIGEN":null,"SALUD":null,"ACCESO":null,"ACCESIBIL":null,"COLONIA":null,"LAT":null,"LONG":null,"DAP":null,"ALTURA":null,"TRONCO":null,"CFE":null},"geometry":{"type":"MultiPoint","coordinates":[[370857.71641,2837550.31722]]}},{"type":"Feature","properties":{"UBI":"Av. Luis Elizondo","PROYE":null,"NOMCIEN":null,"NOMBRE":"Árbol nuevo","OBJECTID":317,"FECHA LEV":2024,"NOMCOM":null,"ORIGEN":null,"SALUD":null,"ACCESO":null,"ACCESIBIL":null,"COLONIA":null,"LAT":null,"LONG":null,"DAP":null,"ALTURA":null,"TRONCO":null,"CFE":null},"geometry":{"type":"MultiPoint","coordinates":[[370601.16867,2837412.63765]]}},{"type":"Feature","properties":{"UBI":"Av. Luis Elizondo","PROYE":null,"NOMCIEN":null,"NOMBRE":"Árbol nuevo","OBJECTID":318,"FECHA LEV":2024,"NOMCOM":null,"ORIGEN":null,"SALUD":null,"ACCESO":null,"ACCESIBIL":null,"COLONIA":null,"LAT":null,"LONG":null,"DAP":null,"ALTURA":null,"TRONCO":null,"CFE":null},"geometry":{"type":"MultiPoint","coordinates":[[370763.41832,2837546.97467]]}},{"type":"Feature","properties":{"UBI":"Av. Junco de la Vega","PROYE":null,"NOMCIEN":null,"NOMBRE":"Árbol nuevo","OBJECTID":319,"FECHA LEV":2024,"NOMCOM":null,"ORIGEN":null,"SALUD":null,"ACCESO":null,"ACCESIBIL":null,"COLONIA":null,"LAT":null,"LONG":null,"DAP":null,"ALTURA":null,"TRONCO":null,"CFE":null},"geometry":{"type":"MultiPoint","coordinates":[[370822.93648,2837637.19274]]}},{"type":"Feature","properties":{"UBI":"Av. Junco de la Vega","PROYE":"Parque de Bolsillo CDT","NOMCIEN":null,"NOMBRE":"Árbol existente","OBJECTID":320,"FECHA LEV":2024,"NOMCOM":null,"ORIGEN":null,"SALUD":null,"ACCESO":null,"ACCESIBIL":null,"COLONIA":null,"LAT":null,"LONG":null,"DAP":null,"ALTURA":null,"TRONCO":null,"CFE":null},"geometry":{"type":"MultiPoint","coordinates":[[370847.03728,2837554.24071]]}},{"type":"Feature","properties":{"UBI":"Av. Luis Elizondo","PROYE":null,"NOMCIEN":null,"NOMBRE":"Árbol existente","OBJECTID":321,"FECHA LEV":2024,"NOMCOM":null,"ORIGEN":null,"SALUD":null,"ACCESO":null,"ACCESIBIL":null,"COLONIA":null,"LAT":null,"LONG":null,"DAP":null,"ALTURA":null,"TRONCO":null,"CFE":null},"geometry":{"type":"MultiPoint","coordinates":[[370608.63187,2837417.50089]]}},{"type":"Feature","properties":{"UBI":"Av. Luis Elizondo","PROYE":null,"NOMCIEN":null,"NOMBRE":"Árbol nuevo","OBJECTID":322,"FECHA LEV":2024,"NOMCOM":null,"ORIGEN":null,"SALUD":null,"ACCESO":null,"ACCESIBIL":null,"COLONIA":null,"LAT":null,"LONG":null,"DAP":null,"ALTURA":null,"TRONCO":null,"CFE":null},"geometry":{"type":"MultiPoint","coordinates":[[370769.67168,2837551.46733]]}},{"type":"Feature","properties":{"UBI":"Av. Junco de la Vega","PROYE":null,"NOMCIEN":null,"NOMBRE":"Árbol existente","OBJECTID":323,"FECHA LEV":2024,"NOMCOM":null,"ORIGEN":null,"SALUD":null,"ACCESO":null,"ACCESIBIL":null,"COLONIA":null,"LAT":null,"LONG":null,"DAP":null,"ALTURA":null,"TRONCO":null,"CFE":null},"geometry":{"type":"MultiPoint","coordinates":[[370824.36803,2837644.56852]]}},{"type":"Feature","properties":{"UBI":"Av. Junco de la Vega","PROYE":"Parque de Bolsillo CDT","NOMCIEN":null,"NOMBRE":"Árbol existente","OBJECTID":324,"FECHA LEV":2024,"NOMCOM":null,"ORIGEN":null,"SALUD":null,"ACCESO":null,"ACCESIBIL":null,"COLONIA":null,"LAT":null,"LONG":null,"DAP":null,"ALTURA":null,"TRONCO":null,"CFE":null},"geometry":{"type":"MultiPoint","coordinates":[[370838.78699,2837561.95591]]}},{"type":"Feature","properties":{"UBI":"Av. Luis Elizondo","PROYE":null,"NOMCIEN":null,"NOMBRE":"Árbol existente","OBJECTID":325,"FECHA LEV":2024,"NOMCOM":null,"ORIGEN":null,"SALUD":null,"ACCESO":null,"ACCESIBIL":null,"COLONIA":null,"LAT":null,"LONG":null,"DAP":null,"ALTURA":null,"TRONCO":null,"CFE":null},"geometry":{"type":"MultiPoint","coordinates":[[370617.75214,2837427.07407]]}},{"type":"Feature","properties":{"UBI":"Av. Luis Elizondo","PROYE":null,"NOMCIEN":null,"NOMBRE":"Árbol nuevo","OBJECTID":326,"FECHA LEV":2024,"NOMCOM":null,"ORIGEN":null,"SALUD":null,"ACCESO":null,"ACCESIBIL":null,"COLONIA":null,"LAT":null,"LONG":null,"DAP":null,"ALTURA":null,"TRONCO":null,"CFE":null},"geometry":{"type":"MultiPoint","coordinates":[[370774.97631,2837555.90149]]}},{"type":"Feature","properties":{"UBI":"Av. Junco de la Vega","PROYE":null,"NOMCIEN":null,"NOMBRE":"Árbol nuevo","OBJECTID":327,"FECHA LEV":2024,"NOMCOM":null,"ORIGEN":null,"SALUD":null,"ACCESO":null,"ACCESIBIL":null,"COLONIA":null,"LAT":null,"LONG":null,"DAP":null,"ALTURA":null,"TRONCO":null,"CFE":null},"geometry":{"type":"MultiPoint","coordinates":[[370834.57919,2837644.11287]]}},{"type":"Feature","properties":{"UBI":"Av. Junco de la Vega","PROYE":"Parque de Bolsillo CDT","NOMCIEN":null,"NOMBRE":"Árbol existente","OBJECTID":328,"FECHA LEV":2024,"NOMCOM":null,"ORIGEN":null,"SALUD":null,"ACCESO":null,"ACCESIBIL":null,"COLONIA":null,"LAT":null,"LONG":null,"DAP":null,"ALTURA":null,"TRONCO":null,"CFE":null},"geometry":{"type":"MultiPoint","coordinates":[[370833.2198,2837572.29467]]}},{"type":"Feature","properties":{"UBI":"Av. Luis Elizondo","PROYE":null,"NOMCIEN":null,"NOMBRE":"Árbol existente","OBJECTID":329,"FECHA LEV":2024,"NOMCOM":null,"ORIGEN":null,"SALUD":null,"ACCESO":null,"ACCESIBIL":null,"COLONIA":null,"LAT":null,"LONG":null,"DAP":null,"ALTURA":null,"TRONCO":null,"CFE":null},"geometry":{"type":"MultiPoint","coordinates":[[370646.72779,2837451.38548]]}},{"type":"Feature","properties":{"UBI":"Av. Luis Elizondo","PROYE":null,"NOMCIEN":null,"NOMBRE":"Árbol nuevo","OBJECTID":330,"FECHA LEV":2024,"NOMCOM":null,"ORIGEN":null,"SALUD":null,"ACCESO":null,"ACCESIBIL":null,"COLONIA":null,"LAT":null,"LONG":null,"DAP":null,"ALTURA":null,"TRONCO":null,"CFE":null},"geometry":{"type":"MultiPoint","coordinates":[[370788.26904,2837566.03737]]}},{"type":"Feature","properties":{"UBI":"Av. Junco de la Vega","PROYE":"Parque de Bolsillo CDT","NOMCIEN":null,"NOMBRE":"Árbol nuevo","OBJECTID":331,"FECHA LEV":2024,"NOMCOM":null,"ORIGEN":null,"SALUD":null,"ACCESO":null,"ACCESIBIL":null,"COLONIA":null,"LAT":null,"LONG":null,"DAP":null,"ALTURA":null,"TRONCO":null,"CFE":null},"geometry":{"type":"MultiPoint","coordinates":[[370828.37483,2837575.45417]]}},{"type":"Feature","properties":{"UBI":"Av. Luis Elizondo","PROYE":null,"NOMCIEN":null,"NOMBRE":"Árbol existente","OBJECTID":332,"FECHA LEV":2024,"NOMCOM":null,"ORIGEN":null,"SALUD":null,"ACCESO":null,"ACCESIBIL":null,"COLONIA":null,"LAT":null,"LONG":null,"DAP":null,"ALTURA":null,"TRONCO":null,"CFE":null},"geometry":{"type":"MultiPoint","coordinates":[[370657.0815,2837456.89385]]}},{"type":"Feature","properties":{"UBI":"Av. Luis Elizondo","PROYE":null,"NOMCIEN":null,"NOMBRE":"Árbol existente","OBJECTID":333,"FECHA LEV":2024,"NOMCOM":null,"ORIGEN":null,"SALUD":null,"ACCESO":null,"ACCESIBIL":null,"COLONIA":null,"LAT":null,"LONG":null,"DAP":null,"ALTURA":null,"TRONCO":null,"CFE":null},"geometry":{"type":"MultiPoint","coordinates":[[370794.78846,2837570.95738]]}},{"type":"Feature","properties":{"UBI":"Av. Luis Elizondo","PROYE":"Parque de Bolsillo CDT","NOMCIEN":null,"NOMBRE":"Árbol existente","OBJECTID":334,"FECHA LEV":2024,"NOMCOM":null,"ORIGEN":null,"SALUD":null,"ACCESO":null,"ACCESIBIL":null,"COLONIA":null,"LAT":null,"LONG":null,"DAP":null,"ALTURA":null,"TRONCO":null,"CFE":null},"geometry":{"type":"MultiPoint","coordinates":[[370826.99211,2837580.45747]]}},{"type":"Feature","properties":{"UBI":"Av. Luis Elizondo","PROYE":null,"NOMCIEN":null,"NOMBRE":"Árbol nuevo","OBJECTID":335,"FECHA LEV":2024,"NOMCOM":null,"ORIGEN":null,"SALUD":null,"ACCESO":null,"ACCESIBIL":null,"COLONIA":null,"LAT":null,"LONG":null,"DAP":null,"ALTURA":null,"TRONCO":null,"CFE":null},"geometry":{"type":"MultiPoint","coordinates":[[370667.80985,2837466.00425]]}},{"type":"Feature","properties":{"UBI":"Av. Luis Elizondo","PROYE":null,"NOMCIEN":null,"NOMBRE":"Árbol nuevo","OBJECTID":336,"FECHA LEV":2024,"NOMCOM":null,"ORIGEN":null,"SALUD":null,"ACCESO":null,"ACCESIBIL":null,"COLONIA":null,"LAT":null,"LONG":null,"DAP":null,"ALTURA":null,"TRONCO":null,"CFE":null},"geometry":{"type":"MultiPoint","coordinates":[[370801.37714,2837576.66836]]}},{"type":"Feature","properties":{"UBI":"Av. Luis Elizondo","PROYE":"Parque de Bolsillo CDT","NOMCIEN":null,"NOMBRE":"Árbol existente","OBJECTID":337,"FECHA LEV":2024,"NOMCOM":null,"ORIGEN":null,"SALUD":null,"ACCESO":null,"ACCESIBIL":null,"COLONIA":null,"LAT":null,"LONG":null,"DAP":null,"ALTURA":null,"TRONCO":null,"CFE":null},"geometry":{"type":"MultiPoint","coordinates":[[370832.90102,2837585.11311]]}},{"type":"Feature","properties":{"UBI":"Av. Luis Elizondo","PROYE":null,"NOMCIEN":null,"NOMBRE":"Árbol nuevo","OBJECTID":338,"FECHA LEV":2024,"NOMCOM":null,"ORIGEN":null,"SALUD":null,"ACCESO":null,"ACCESIBIL":null,"COLONIA":null,"LAT":null,"LONG":null,"DAP":null,"ALTURA":null,"TRONCO":null,"CFE":null},"geometry":{"type":"MultiPoint","coordinates":[[370670.63632,2837468.38542]]}},{"type":"Feature","properties":{"UBI":"Av. Luis Elizondo","PROYE":null,"NOMCIEN":null,"NOMBRE":"Árbol existente","OBJECTID":339,"FECHA LEV":2024,"NOMCOM":null,"ORIGEN":null,"SALUD":null,"ACCESO":null,"ACCESIBIL":null,"COLONIA":null,"LAT":null,"LONG":null,"DAP":null,"ALTURA":null,"TRONCO":null,"CFE":null},"geometry":{"type":"MultiPoint","coordinates":[[370804.26614,2837579.01227]]}},{"type":"Feature","properties":{"UBI":"Av. Luis Elizondo","PROYE":"Parque de Bolsillo CDT","NOMCIEN":null,"NOMBRE":"Árbol existente","OBJECTID":340,"FECHA LEV":2024,"NOMCOM":null,"ORIGEN":null,"SALUD":null,"ACCESO":null,"ACCESIBIL":null,"COLONIA":null,"LAT":null,"LONG":null,"DAP":null,"ALTURA":null,"TRONCO":null,"CFE":null},"geometry":{"type":"MultiPoint","coordinates":[[370846.31382,2837578.526]]}},{"type":"Feature","properties":{"UBI":"Av. Luis Elizondo","PROYE":null,"NOMCIEN":null,"NOMBRE":"Árbol nuevo","OBJECTID":341,"FECHA LEV":2024,"NOMCOM":null,"ORIGEN":null,"SALUD":null,"ACCESO":null,"ACCESIBIL":null,"COLONIA":null,"LAT":null,"LONG":null,"DAP":null,"ALTURA":null,"TRONCO":null,"CFE":null},"geometry":{"type":"MultiPoint","coordinates":[[370678.0496,2837475.68968]]}},{"type":"Feature","properties":{"UBI":"Av. Luis Elizondo","PROYE":"Parque de Bolsillo CDT","NOMCIEN":null,"NOMBRE":"Árbol existente","OBJECTID":342,"FECHA LEV":2024,"NOMCOM":null,"ORIGEN":null,"SALUD":null,"ACCESO":null,"ACCESIBIL":null,"COLONIA":null,"LAT":null,"LONG":null,"DAP":null,"ALTURA":null,"TRONCO":null,"CFE":null},"geometry":{"type":"MultiPoint","coordinates":[[370844.25634,2837588.51805]]}},{"type":"Feature","properties":{"UBI":"Av. Luis Elizondo","PROYE":null,"NOMCIEN":null,"NOMBRE":"Árbol existente","OBJECTID":343,"FECHA LEV":2024,"NOMCOM":null,"ORIGEN":null,"SALUD":null,"ACCESO":null,"ACCESIBIL":null,"COLONIA":null,"LAT":null,"LONG":null,"DAP":null,"ALTURA":null,"TRONCO":null,"CFE":null},"geometry":{"type":"MultiPoint","coordinates":[[370682.51937,2837480.26847]]}},{"type":"Feature","properties":{"UBI":"Av. Luis Elizondo","PROYE":null,"NOMCIEN":null,"NOMBRE":"Árbol nuevo","OBJECTID":344,"FECHA LEV":2024,"NOMCOM":null,"ORIGEN":null,"SALUD":null,"ACCESO":null,"ACCESIBIL":null,"COLONIA":null,"LAT":null,"LONG":null,"DAP":null,"ALTURA":null,"TRONCO":null,"CFE":null},"geometry":{"type":"MultiPoint","coordinates":[[370807.31867,2837581.30166]]}},{"type":"Feature","properties":{"UBI":"Av. Luis Elizondo","PROYE":"Parque de Bolsillo CDT","NOMCIEN":null,"NOMBRE":"Árbol nuevo","OBJECTID":345,"FECHA LEV":2024,"NOMCOM":null,"ORIGEN":null,"SALUD":null,"ACCESO":null,"ACCESIBIL":null,"COLONIA":null,"LAT":null,"LONG":null,"DAP":null,"ALTURA":null,"TRONCO":null,"CFE":null},"geometry":{"type":"MultiPoint","coordinates":[[370840.31512,2837590.73699]]}},{"type":"Feature","properties":{"UBI":"Av. Luis Elizondo","PROYE":null,"NOMCIEN":null,"NOMBRE":"Árbol nuevo","OBJECTID":346,"FECHA LEV":2024,"NOMCOM":null,"ORIGEN":null,"SALUD":null,"ACCESO":null,"ACCESIBIL":null,"COLONIA":null,"LAT":null,"LONG":null,"DAP":null,"ALTURA":null,"TRONCO":null,"CFE":null},"geometry":{"type":"MultiPoint","coordinates":[[370690.39598,2837485.58314]]}},{"type":"Feature","properties":{"UBI":"Av. Luis Elizondo","PROYE":null,"NOMCIEN":null,"NOMBRE":"Árbol nuevo","OBJECTID":347,"FECHA LEV":2024,"NOMCOM":null,"ORIGEN":null,"SALUD":null,"ACCESO":null,"ACCESIBIL":null,"COLONIA":null,"LAT":null,"LONG":null,"DAP":null,"ALTURA":null,"TRONCO":null,"CFE":null},"geometry":{"type":"MultiPoint","coordinates":[[370812.15928,2837585.93327]]}},{"type":"Feature","properties":{"UBI":"Av. Luis Elizondo","PROYE":"Parque de Bolsillo CDT","NOMCIEN":null,"NOMBRE":null,"OBJECTID":348,"FECHA LEV":2024,"NOMCOM":null,"ORIGEN":null,"SALUD":null,"ACCESO":null,"ACCESIBIL":null,"COLONIA":null,"LAT":null,"LONG":null,"DAP":null,"ALTURA":null,"TRONCO":null,"CFE":null},"geometry":{"type":"MultiPoint","coordinates":[[370836.30648,2837588.33708]]}},{"type":"Feature","properties":{"UBI":"Av. Luis Elizondo","PROYE":null,"NOMCIEN":null,"NOMBRE":"Árbol nuevo","OBJECTID":349,"FECHA LEV":2024,"NOMCOM":null,"ORIGEN":null,"SALUD":null,"ACCESO":null,"ACCESIBIL":null,"COLONIA":null,"LAT":null,"LONG":null,"DAP":null,"ALTURA":null,"TRONCO":null,"CFE":null},"geometry":{"type":"MultiPoint","coordinates":[[370693.72106,2837488.2541]]}},{"type":"Feature","properties":{"UBI":"Av. Luis Elizondo","PROYE":null,"NOMCIEN":null,"NOMBRE":"Árbol nuevo","OBJECTID":350,"FECHA LEV":2024,"NOMCOM":null,"ORIGEN":null,"SALUD":null,"ACCESO":null,"ACCESIBIL":null,"COLONIA":null,"LAT":null,"LONG":null,"DAP":null,"ALTURA":null,"TRONCO":null,"CFE":null},"geometry":{"type":"MultiPoint","coordinates":[[370821.46075,2837593.66576]]}},{"type":"Feature","properties":{"UBI":"Av. Luis Elizondo","PROYE":null,"NOMCIEN":null,"NOMBRE":"Árbol existente","OBJECTID":351,"FECHA LEV":2024,"NOMCOM":null,"ORIGEN":null,"SALUD":null,"ACCESO":null,"ACCESIBIL":null,"COLONIA":null,"LAT":null,"LONG":null,"DAP":null,"ALTURA":null,"TRONCO":null,"CFE":null},"geometry":{"type":"MultiPoint","coordinates":[[370760.87665,2837528.76381]]}},{"type":"Feature","properties":{"UBI":"Av. Luis Elizondo","PROYE":null,"NOMCIEN":null,"NOMBRE":"Árbol nuevo","OBJECTID":352,"FECHA LEV":2024,"NOMCOM":null,"ORIGEN":null,"SALUD":null,"ACCESO":null,"ACCESIBIL":null,"COLONIA":null,"LAT":null,"LONG":null,"DAP":null,"ALTURA":null,"TRONCO":null,"CFE":null},"geometry":{"type":"MultiPoint","coordinates":[[370828.90439,2837599.01722]]}},{"type":"Feature","properties":{"UBI":"Av. Luis Elizondo","PROYE":null,"NOMCIEN":null,"NOMBRE":"Árbol nuevo","OBJECTID":353,"FECHA LEV":2024,"NOMCOM":null,"ORIGEN":null,"SALUD":null,"ACCESO":null,"ACCESIBIL":null,"COLONIA":null,"LAT":null,"LONG":null,"DAP":null,"ALTURA":null,"TRONCO":null,"CFE":null},"geometry":{"type":"MultiPoint","coordinates":[[370754.44779,2837522.28399]]}},{"type":"Feature","properties":{"UBI":"Av. Luis Elizondo","PROYE":null,"NOMCIEN":null,"NOMBRE":"Árbol nuevo","OBJECTID":354,"FECHA LEV":2024,"NOMCOM":null,"ORIGEN":null,"SALUD":null,"ACCESO":null,"ACCESIBIL":null,"COLONIA":null,"LAT":null,"LONG":null,"DAP":null,"ALTURA":null,"TRONCO":null,"CFE":null},"geometry":{"type":"MultiPoint","coordinates":[[370832.73099,2837605.79553]]}},{"type":"Feature","properties":{"UBI":"Av. Luis Elizondo","PROYE":null,"NOMCIEN":null,"NOMBRE":"Árbol nuevo","OBJECTID":355,"FECHA LEV":2024,"NOMCOM":null,"ORIGEN":null,"SALUD":null,"ACCESO":null,"ACCESIBIL":null,"COLONIA":null,"LAT":null,"LONG":null,"DAP":null,"ALTURA":null,"TRONCO":null,"CFE":null},"geometry":{"type":"MultiPoint","coordinates":[[370725.50125,2837495.82991]]}},{"type":"Feature","properties":{"UBI":"Av. Luis Elizondo","PROYE":null,"NOMCIEN":null,"NOMBRE":"Árbol existente","OBJECTID":356,"FECHA LEV":2024,"NOMCOM":null,"ORIGEN":null,"SALUD":null,"ACCESO":null,"ACCESIBIL":null,"COLONIA":null,"LAT":null,"LONG":null,"DAP":null,"ALTURA":null,"TRONCO":null,"CFE":null},"geometry":{"type":"MultiPoint","coordinates":[[370837.88299,2837610.44043]]}},{"type":"Feature","properties":{"UBI":"Av. Luis Elizondo","PROYE":null,"NOMCIEN":null,"NOMBRE":"Árbol nuevo","OBJECTID":357,"FECHA LEV":2024,"NOMCOM":null,"ORIGEN":null,"SALUD":null,"ACCESO":null,"ACCESIBIL":null,"COLONIA":null,"LAT":null,"LONG":null,"DAP":null,"ALTURA":null,"TRONCO":null,"CFE":null},"geometry":{"type":"MultiPoint","coordinates":[[370702.10204,2837480.96436]]}},{"type":"Feature","properties":{"UBI":"Av. Luis Elizondo","PROYE":null,"NOMCIEN":null,"NOMBRE":"Árbol nuevo","OBJECTID":358,"FECHA LEV":2024,"NOMCOM":null,"ORIGEN":null,"SALUD":null,"ACCESO":null,"ACCESIBIL":null,"COLONIA":null,"LAT":null,"LONG":null,"DAP":null,"ALTURA":null,"TRONCO":null,"CFE":null},"geometry":{"type":"MultiPoint","coordinates":[[370849.31169,2837616.97411]]}},{"type":"Feature","properties":{"UBI":"Av. Luis Elizondo","PROYE":null,"NOMCIEN":null,"NOMBRE":"Árbol nuevo","OBJECTID":359,"FECHA LEV":2024,"NOMCOM":null,"ORIGEN":null,"SALUD":null,"ACCESO":null,"ACCESIBIL":null,"COLONIA":null,"LAT":null,"LONG":null,"DAP":null,"ALTURA":null,"TRONCO":null,"CFE":null},"geometry":{"type":"MultiPoint","coordinates":[[370698.9899,2837477.07068]]}},{"type":"Feature","properties":{"UBI":"Av. Luis Elizondo","PROYE":null,"NOMCIEN":null,"NOMBRE":"Árbol nuevo","OBJECTID":360,"FECHA LEV":2024,"NOMCOM":null,"ORIGEN":null,"SALUD":null,"ACCESO":null,"ACCESIBIL":null,"COLONIA":null,"LAT":null,"LONG":null,"DAP":null,"ALTURA":null,"TRONCO":null,"CFE":null},"geometry":{"type":"MultiPoint","coordinates":[[370856.71967,2837622.89786]]}},{"type":"Feature","properties":{"UBI":"Av. Luis Elizondo","PROYE":null,"NOMCIEN":null,"NOMBRE":"Árbol nuevo","OBJECTID":361,"FECHA LEV":2024,"NOMCOM":null,"ORIGEN":null,"SALUD":null,"ACCESO":null,"ACCESIBIL":null,"COLONIA":null,"LAT":null,"LONG":null,"DAP":null,"ALTURA":null,"TRONCO":null,"CFE":null},"geometry":{"type":"MultiPoint","coordinates":[[370690.92151,2837462.48587]]}},{"type":"Feature","properties":{"UBI":"Av. Luis Elizondo","PROYE":null,"NOMCIEN":null,"NOMBRE":"Árbol existente","OBJECTID":362,"FECHA LEV":2024,"NOMCOM":null,"ORIGEN":null,"SALUD":null,"ACCESO":null,"ACCESIBIL":null,"COLONIA":null,"LAT":null,"LONG":null,"DAP":null,"ALTURA":null,"TRONCO":null,"CFE":null},"geometry":{"type":"MultiPoint","coordinates":[[370686.1167,2837458.22539]]}},{"type":"Feature","properties":{"UBI":"Av. Luis Elizondo","PROYE":null,"NOMCIEN":null,"NOMBRE":"Árbol nuevo","OBJECTID":363,"FECHA LEV":2024,"NOMCOM":null,"ORIGEN":null,"SALUD":null,"ACCESO":null,"ACCESIBIL":null,"COLONIA":null,"LAT":null,"LONG":null,"DAP":null,"ALTURA":null,"TRONCO":null,"CFE":null},"geometry":{"type":"MultiPoint","coordinates":[[370670.5477,2837452.03228]]}},{"type":"Feature","properties":{"UBI":"Av. Luis Elizondo","PROYE":null,"NOMCIEN":null,"NOMBRE":"Árbol nuevo","OBJECTID":364,"FECHA LEV":2024,"NOMCOM":null,"ORIGEN":null,"SALUD":null,"ACCESO":null,"ACCESIBIL":null,"COLONIA":null,"LAT":null,"LONG":null,"DAP":null,"ALTURA":null,"TRONCO":null,"CFE":null},"geometry":{"type":"MultiPoint","coordinates":[[370664.04625,2837448.77523]]}},{"type":"Feature","properties":{"UBI":"Av. Luis Elizondo","PROYE":null,"NOMCIEN":null,"NOMBRE":"Árbol nuevo","OBJECTID":365,"FECHA LEV":2024,"NOMCOM":null,"ORIGEN":null,"SALUD":null,"ACCESO":null,"ACCESIBIL":null,"COLONIA":null,"LAT":null,"LONG":null,"DAP":null,"ALTURA":null,"TRONCO":null,"CFE":null},"geometry":{"type":"MultiPoint","coordinates":[[370659.12293,2837443.47736]]}},{"type":"Feature","properties":{"UBI":"Av. Luis Elizondo","PROYE":null,"NOMCIEN":null,"NOMBRE":"Árbol nuevo","OBJECTID":366,"FECHA LEV":2024,"NOMCOM":null,"ORIGEN":null,"SALUD":null,"ACCESO":null,"ACCESIBIL":null,"COLONIA":null,"LAT":null,"LONG":null,"DAP":null,"ALTURA":null,"TRONCO":null,"CFE":null},"geometry":{"type":"MultiPoint","coordinates":[[370652.80798,2837440.47301]]}},{"type":"Feature","properties":{"UBI":"Av. Luis Elizondo","PROYE":null,"NOMCIEN":null,"NOMBRE":"Árbol nuevo","OBJECTID":367,"FECHA LEV":2024,"NOMCOM":null,"ORIGEN":null,"SALUD":null,"ACCESO":null,"ACCESIBIL":null,"COLONIA":null,"LAT":null,"LONG":null,"DAP":null,"ALTURA":null,"TRONCO":null,"CFE":null},"geometry":{"type":"MultiPoint","coordinates":[[370643.35712,2837432.56258]]}},{"type":"Feature","properties":{"UBI":"Av. Luis Elizondo","PROYE":null,"NOMCIEN":null,"NOMBRE":"Árbol existente","OBJECTID":368,"FECHA LEV":2024,"NOMCOM":null,"ORIGEN":null,"SALUD":null,"ACCESO":null,"ACCESIBIL":null,"COLONIA":null,"LAT":null,"LONG":null,"DAP":null,"ALTURA":null,"TRONCO":null,"CFE":null},"geometry":{"type":"MultiPoint","coordinates":[[370628.81281,2837420.23595]]}},{"type":"Feature","properties":{"UBI":"Avenida del Estado","PROYE":null,"NOMCIEN":null,"NOMBRE":"Árbol nuevo","OBJECTID":369,"FECHA LEV":2024,"NOMCOM":null,"ORIGEN":null,"SALUD":null,"ACCESO":null,"ACCESIBIL":null,"COLONIA":null,"LAT":null,"LONG":null,"DAP":null,"ALTURA":null,"TRONCO":null,"CFE":null},"geometry":{"type":"MultiPoint","coordinates":[[370201.05461,2837677.48122]]}},{"type":"Feature","properties":{"UBI":"Avenida del Estado","PROYE":null,"NOMCIEN":null,"NOMBRE":"Árbol nuevo","OBJECTID":370,"FECHA LEV":2024,"NOMCOM":null,"ORIGEN":null,"SALUD":null,"ACCESO":null,"ACCESIBIL":null,"COLONIA":null,"LAT":null,"LONG":null,"DAP":null,"ALTURA":null,"TRONCO":null,"CFE":null},"geometry":{"type":"MultiPoint","coordinates":[[370167.51355,2837635.53379]]}},{"type":"Feature","properties":{"UBI":"Avenida del Estado","PROYE":null,"NOMCIEN":null,"NOMBRE":"Árbol nuevo","OBJECTID":371,"FECHA LEV":2024,"NOMCOM":null,"ORIGEN":null,"SALUD":null,"ACCESO":null,"ACCESIBIL":null,"COLONIA":null,"LAT":null,"LONG":null,"DAP":null,"ALTURA":null,"TRONCO":null,"CFE":null},"geometry":{"type":"MultiPoint","coordinates":[[370162.45807,2837631.89024]]}},{"type":"Feature","properties":{"UBI":"Avenida del Estado","PROYE":null,"NOMCIEN":null,"NOMBRE":"Árbol nuevo","OBJECTID":372,"FECHA LEV":2024,"NOMCOM":null,"ORIGEN":null,"SALUD":null,"ACCESO":null,"ACCESIBIL":null,"COLONIA":null,"LAT":null,"LONG":null,"DAP":null,"ALTURA":null,"TRONCO":null,"CFE":null},"geometry":{"type":"MultiPoint","coordinates":[[370158.24163,2837628.42458]]}},{"type":"Feature","properties":{"UBI":"Avenida del Estado","PROYE":null,"NOMCIEN":null,"NOMBRE":"Árbol nuevo","OBJECTID":373,"FECHA LEV":2024,"NOMCOM":null,"ORIGEN":null,"SALUD":null,"ACCESO":null,"ACCESIBIL":null,"COLONIA":null,"LAT":null,"LONG":null,"DAP":null,"ALTURA":null,"TRONCO":null,"CFE":null},"geometry":{"type":"MultiPoint","coordinates":[[370152.84002,2837623.67675]]}},{"type":"Feature","properties":{"UBI":"Avenida del Estado","PROYE":null,"NOMCIEN":null,"NOMBRE":"Árbol nuevo","OBJECTID":374,"FECHA LEV":2024,"NOMCOM":null,"ORIGEN":null,"SALUD":null,"ACCESO":null,"ACCESIBIL":null,"COLONIA":null,"LAT":null,"LONG":null,"DAP":null,"ALTURA":null,"TRONCO":null,"CFE":null},"geometry":{"type":"MultiPoint","coordinates":[[370149.13814,2837621.4976]]}},{"type":"Feature","properties":{"UBI":"Avenida del Estado","PROYE":null,"NOMCIEN":null,"NOMBRE":"Árbol nuevo","OBJECTID":375,"FECHA LEV":2024,"NOMCOM":null,"ORIGEN":null,"SALUD":null,"ACCESO":null,"ACCESIBIL":null,"COLONIA":null,"LAT":null,"LONG":null,"DAP":null,"ALTURA":null,"TRONCO":null,"CFE":null},"geometry":{"type":"MultiPoint","coordinates":[[370143.74194,2837617.30466]]}},{"type":"Feature","properties":{"UBI":"Avenida del Estado","PROYE":null,"NOMCIEN":null,"NOMBRE":"Árbol nuevo","OBJECTID":376,"FECHA LEV":2024,"NOMCOM":null,"ORIGEN":null,"SALUD":null,"ACCESO":null,"ACCESIBIL":null,"COLONIA":null,"LAT":null,"LONG":null,"DAP":null,"ALTURA":null,"TRONCO":null,"CFE":null},"geometry":{"type":"MultiPoint","coordinates":[[370140.52937,2837613.82809]]}},{"type":"Feature","properties":{"UBI":"Prolongación Agrónomos","PROYE":null,"NOMCIEN":null,"NOMBRE":"Árbol nuevo","OBJECTID":377,"FECHA LEV":2024,"NOMCOM":null,"ORIGEN":null,"SALUD":null,"ACCESO":null,"ACCESIBIL":null,"COLONIA":null,"LAT":null,"LONG":null,"DAP":null,"ALTURA":null,"TRONCO":null,"CFE":null},"geometry":{"type":"MultiPoint","coordinates":[[370026.40862,2837528.17729]]}},{"type":"Feature","properties":{"UBI":"Prolongación Agrónomos","PROYE":null,"NOMCIEN":null,"NOMBRE":"Árbol nuevo","OBJECTID":378,"FECHA LEV":2024,"NOMCOM":null,"ORIGEN":null,"SALUD":null,"ACCESO":null,"ACCESIBIL":null,"COLONIA":null,"LAT":null,"LONG":null,"DAP":null,"ALTURA":null,"TRONCO":null,"CFE":null},"geometry":{"type":"MultiPoint","coordinates":[[370017.33751,2837524.57419]]}},{"type":"Feature","properties":{"UBI":"Prolongación Agrónomos","PROYE":null,"NOMCIEN":null,"NOMBRE":"Árbol nuevo","OBJECTID":379,"FECHA LEV":2024,"NOMCOM":null,"ORIGEN":null,"SALUD":null,"ACCESO":null,"ACCESIBIL":null,"COLONIA":null,"LAT":null,"LONG":null,"DAP":null,"ALTURA":null,"TRONCO":null,"CFE":null},"geometry":{"type":"MultiPoint","coordinates":[[370019.31457,2837521.41572]]}},{"type":"Feature","properties":{"UBI":"Avenida del Estado","PROYE":null,"NOMCIEN":null,"NOMBRE":"Árbol nuevo","OBJECTID":380,"FECHA LEV":2024,"NOMCOM":null,"ORIGEN":null,"SALUD":null,"ACCESO":null,"ACCESIBIL":null,"COLONIA":null,"LAT":null,"LONG":null,"DAP":null,"ALTURA":null,"TRONCO":null,"CFE":null},"geometry":{"type":"MultiPoint","coordinates":[[370010.16759,2837510.05969]]}},{"type":"Feature","properties":{"UBI":"Avenida del Estado","PROYE":null,"NOMCIEN":null,"NOMBRE":"Árbol nuevo","OBJECTID":381,"FECHA LEV":2024,"NOMCOM":null,"ORIGEN":null,"SALUD":null,"ACCESO":null,"ACCESIBIL":null,"COLONIA":null,"LAT":null,"LONG":null,"DAP":null,"ALTURA":null,"TRONCO":null,"CFE":null},"geometry":{"type":"MultiPoint","coordinates":[[370005.09215,2837504.38604]]}},{"type":"Feature","properties":{"UBI":"Avenida del Estado","PROYE":null,"NOMCIEN":null,"NOMBRE":"Árbol nuevo","OBJECTID":382,"FECHA LEV":2024,"NOMCOM":null,"ORIGEN":null,"SALUD":null,"ACCESO":null,"ACCESIBIL":null,"COLONIA":null,"LAT":null,"LONG":null,"DAP":null,"ALTURA":null,"TRONCO":null,"CFE":null},"geometry":{"type":"MultiPoint","coordinates":[[369973.35181,2837475.52847]]}},{"type":"Feature","properties":{"UBI":"Avenida del Estado","PROYE":null,"NOMCIEN":null,"NOMBRE":"Árbol nuevo","OBJECTID":383,"FECHA LEV":2024,"NOMCOM":null,"ORIGEN":null,"SALUD":null,"ACCESO":null,"ACCESIBIL":null,"COLONIA":null,"LAT":null,"LONG":null,"DAP":null,"ALTURA":null,"TRONCO":null,"CFE":null},"geometry":{"type":"MultiPoint","coordinates":[[369893.42379,2837395.82013]]}},{"type":"Feature","properties":{"UBI":"Avenida del Estado","PROYE":null,"NOMCIEN":null,"NOMBRE":"Árbol nuevo","OBJECTID":384,"FECHA LEV":2024,"NOMCOM":null,"ORIGEN":null,"SALUD":null,"ACCESO":null,"ACCESIBIL":null,"COLONIA":null,"LAT":null,"LONG":null,"DAP":null,"ALTURA":null,"TRONCO":null,"CFE":null},"geometry":{"type":"MultiPoint","coordinates":[[369898.97415,2837398.71993]]}},{"type":"Feature","properties":{"UBI":"Avenida del Estado","PROYE":null,"NOMCIEN":null,"NOMBRE":"Árbol nuevo","OBJECTID":385,"FECHA LEV":2024,"NOMCOM":null,"ORIGEN":null,"SALUD":null,"ACCESO":null,"ACCESIBIL":null,"COLONIA":null,"LAT":null,"LONG":null,"DAP":null,"ALTURA":null,"TRONCO":null,"CFE":null},"geometry":{"type":"MultiPoint","coordinates":[[369901.1721,2837401.09872]]}},{"type":"Feature","properties":{"UBI":"Avenida del Estado","PROYE":null,"NOMCIEN":null,"NOMBRE":"Árbol nuevo","OBJECTID":386,"FECHA LEV":2024,"NOMCOM":null,"ORIGEN":null,"SALUD":null,"ACCESO":null,"ACCESIBIL":null,"COLONIA":null,"LAT":null,"LONG":null,"DAP":null,"ALTURA":null,"TRONCO":null,"CFE":null},"geometry":{"type":"MultiPoint","coordinates":[[369929.39833,2837429.80556]]}},{"type":"Feature","properties":{"UBI":"Avenida del Estado","PROYE":null,"NOMCIEN":null,"NOMBRE":"Árbol nuevo","OBJECTID":387,"FECHA LEV":2024,"NOMCOM":null,"ORIGEN":null,"SALUD":null,"ACCESO":null,"ACCESIBIL":null,"COLONIA":null,"LAT":null,"LONG":null,"DAP":null,"ALTURA":null,"TRONCO":null,"CFE":null},"geometry":{"type":"MultiPoint","coordinates":[[369938.48399,2837434.88609]]}},{"type":"Feature","properties":{"UBI":"Avenida del Estado","PROYE":null,"NOMCIEN":null,"NOMBRE":"Árbol nuevo","OBJECTID":388,"FECHA LEV":2024,"NOMCOM":null,"ORIGEN":null,"SALUD":null,"ACCESO":null,"ACCESIBIL":null,"COLONIA":null,"LAT":null,"LONG":null,"DAP":null,"ALTURA":null,"TRONCO":null,"CFE":null},"geometry":{"type":"MultiPoint","coordinates":[[369970.68128,2837459.12457]]}},{"type":"Feature","properties":{"UBI":"Avenida del Estado","PROYE":null,"NOMCIEN":null,"NOMBRE":"Árbol nuevo","OBJECTID":389,"FECHA LEV":2024,"NOMCOM":null,"ORIGEN":null,"SALUD":null,"ACCESO":null,"ACCESIBIL":null,"COLONIA":null,"LAT":null,"LONG":null,"DAP":null,"ALTURA":null,"TRONCO":null,"CFE":null},"geometry":{"type":"MultiPoint","coordinates":[[369977.30957,2837469.58254]]}},{"type":"Feature","properties":{"UBI":"Avenida del Estado","PROYE":null,"NOMCIEN":null,"NOMBRE":"Árbol nuevo","OBJECTID":390,"FECHA LEV":2024,"NOMCOM":null,"ORIGEN":null,"SALUD":null,"ACCESO":null,"ACCESIBIL":null,"COLONIA":null,"LAT":null,"LONG":null,"DAP":null,"ALTURA":null,"TRONCO":null,"CFE":null},"geometry":{"type":"MultiPoint","coordinates":[[369987.60285,2837478.34314]]}},{"type":"Feature","properties":{"UBI":"Avenida del Estado","PROYE":null,"NOMCIEN":null,"NOMBRE":"Árbol nuevo","OBJECTID":391,"FECHA LEV":2024,"NOMCOM":null,"ORIGEN":null,"SALUD":null,"ACCESO":null,"ACCESIBIL":null,"COLONIA":null,"LAT":null,"LONG":null,"DAP":null,"ALTURA":null,"TRONCO":null,"CFE":null},"geometry":{"type":"MultiPoint","coordinates":[[369998.21416,2837485.43913]]}},{"type":"Feature","properties":{"UBI":"Avenida del Estado","PROYE":null,"NOMCIEN":null,"NOMBRE":"Árbol nuevo","OBJECTID":392,"FECHA LEV":2024,"NOMCOM":null,"ORIGEN":null,"SALUD":null,"ACCESO":null,"ACCESIBIL":null,"COLONIA":null,"LAT":null,"LONG":null,"DAP":null,"ALTURA":null,"TRONCO":null,"CFE":null},"geometry":{"type":"MultiPoint","coordinates":[[370007.33226,2837493.84128]]}},{"type":"Feature","properties":{"UBI":"Avenida del Estado","PROYE":null,"NOMCIEN":null,"NOMBRE":"Árbol nuevo","OBJECTID":393,"FECHA LEV":2024,"NOMCOM":null,"ORIGEN":null,"SALUD":null,"ACCESO":null,"ACCESIBIL":null,"COLONIA":null,"LAT":null,"LONG":null,"DAP":null,"ALTURA":null,"TRONCO":null,"CFE":null},"geometry":{"type":"MultiPoint","coordinates":[[370011.67309,2837492.87611]]}},{"type":"Feature","properties":{"UBI":"Avenida del Estado","PROYE":null,"NOMCIEN":null,"NOMBRE":"Árbol nuevo","OBJECTID":394,"FECHA LEV":2024,"NOMCOM":null,"ORIGEN":null,"SALUD":null,"ACCESO":null,"ACCESIBIL":null,"COLONIA":null,"LAT":null,"LONG":null,"DAP":null,"ALTURA":null,"TRONCO":null,"CFE":null},"geometry":{"type":"MultiPoint","coordinates":[[370016.71241,2837494.85716]]}},{"type":"Feature","properties":{"UBI":"Avenida del Estado","PROYE":null,"NOMCIEN":null,"NOMBRE":"Árbol nuevo","OBJECTID":395,"FECHA LEV":2024,"NOMCOM":null,"ORIGEN":null,"SALUD":null,"ACCESO":null,"ACCESIBIL":null,"COLONIA":null,"LAT":null,"LONG":null,"DAP":null,"ALTURA":null,"TRONCO":null,"CFE":null},"geometry":{"type":"MultiPoint","coordinates":[[370022.12034,2837500.34258]]}},{"type":"Feature","properties":{"UBI":"Prolongación Agrónomos","PROYE":null,"NOMCIEN":null,"NOMBRE":"Árbol nuevo","OBJECTID":396,"FECHA LEV":2024,"NOMCOM":null,"ORIGEN":null,"SALUD":null,"ACCESO":null,"ACCESIBIL":null,"COLONIA":null,"LAT":null,"LONG":null,"DAP":null,"ALTURA":null,"TRONCO":null,"CFE":null},"geometry":{"type":"MultiPoint","coordinates":[[370038.94607,2837509.77812]]}},{"type":"Feature","properties":{"UBI":"Avenida del Estado","PROYE":null,"NOMCIEN":null,"NOMBRE":"Árbol nuevo","OBJECTID":397,"FECHA LEV":2024,"NOMCOM":null,"ORIGEN":null,"SALUD":null,"ACCESO":null,"ACCESIBIL":null,"COLONIA":null,"LAT":null,"LONG":null,"DAP":null,"ALTURA":null,"TRONCO":null,"CFE":null},"geometry":{"type":"MultiPoint","coordinates":[[370038.68582,2837517.34935]]}},{"type":"Feature","properties":{"UBI":"Avenida del Estado","PROYE":null,"NOMCIEN":null,"NOMBRE":"Árbol nuevo","OBJECTID":398,"FECHA LEV":2024,"NOMCOM":null,"ORIGEN":null,"SALUD":null,"ACCESO":null,"ACCESIBIL":null,"COLONIA":null,"LAT":null,"LONG":null,"DAP":null,"ALTURA":null,"TRONCO":null,"CFE":null},"geometry":{"type":"MultiPoint","coordinates":[[370045.0922,2837522.27118]]}},{"type":"Feature","properties":{"UBI":"Avenida del Estado","PROYE":null,"NOMCIEN":null,"NOMBRE":"Árbol nuevo","OBJECTID":399,"FECHA LEV":2024,"NOMCOM":null,"ORIGEN":null,"SALUD":null,"ACCESO":null,"ACCESIBIL":null,"COLONIA":null,"LAT":null,"LONG":null,"DAP":null,"ALTURA":null,"TRONCO":null,"CFE":null},"geometry":{"type":"MultiPoint","coordinates":[[370050.64067,2837524.98607]]}},{"type":"Feature","properties":{"UBI":"Avenida del Estado","PROYE":null,"NOMCIEN":null,"NOMBRE":"Árbol nuevo","OBJECTID":400,"FECHA LEV":2024,"NOMCOM":null,"ORIGEN":null,"SALUD":null,"ACCESO":null,"ACCESIBIL":null,"COLONIA":null,"LAT":null,"LONG":null,"DAP":null,"ALTURA":null,"TRONCO":null,"CFE":null},"geometry":{"type":"MultiPoint","coordinates":[[370055.75942,2837535.08999]]}},{"type":"Feature","properties":{"UBI":"Avenida del Estado","PROYE":null,"NOMCIEN":null,"NOMBRE":"Árbol nuevo","OBJECTID":401,"FECHA LEV":2024,"NOMCOM":null,"ORIGEN":null,"SALUD":null,"ACCESO":null,"ACCESIBIL":null,"COLONIA":null,"LAT":null,"LONG":null,"DAP":null,"ALTURA":null,"TRONCO":null,"CFE":null},"geometry":{"type":"MultiPoint","coordinates":[[370061.51706,2837542.04853]]}},{"type":"Feature","properties":{"UBI":"Avenida del Estado","PROYE":null,"NOMCIEN":null,"NOMBRE":"Árbol nuevo","OBJECTID":402,"FECHA LEV":2024,"NOMCOM":null,"ORIGEN":null,"SALUD":null,"ACCESO":null,"ACCESIBIL":null,"COLONIA":null,"LAT":null,"LONG":null,"DAP":null,"ALTURA":null,"TRONCO":null,"CFE":null},"geometry":{"type":"MultiPoint","coordinates":[[370079.7513,2837558.67017]]}},{"type":"Feature","properties":{"UBI":"Avenida del Estado","PROYE":null,"NOMCIEN":null,"NOMBRE":"Árbol nuevo","OBJECTID":403,"FECHA LEV":2024,"NOMCOM":null,"ORIGEN":null,"SALUD":null,"ACCESO":null,"ACCESIBIL":null,"COLONIA":null,"LAT":null,"LONG":null,"DAP":null,"ALTURA":null,"TRONCO":null,"CFE":null},"geometry":{"type":"MultiPoint","coordinates":[[370104.66656,2837574.11884]]}},{"type":"Feature","properties":{"UBI":"Avenida del Estado","PROYE":null,"NOMCIEN":null,"NOMBRE":"Árbol nuevo","OBJECTID":404,"FECHA LEV":2024,"NOMCOM":null,"ORIGEN":null,"SALUD":null,"ACCESO":null,"ACCESIBIL":null,"COLONIA":null,"LAT":null,"LONG":null,"DAP":null,"ALTURA":null,"TRONCO":null,"CFE":null},"geometry":{"type":"MultiPoint","coordinates":[[370109.37334,2837576.28815]]}},{"type":"Feature","properties":{"UBI":"Avenida del Estado","PROYE":null,"NOMCIEN":null,"NOMBRE":"Árbol nuevo","OBJECTID":405,"FECHA LEV":2024,"NOMCOM":null,"ORIGEN":null,"SALUD":null,"ACCESO":null,"ACCESIBIL":null,"COLONIA":null,"LAT":null,"LONG":null,"DAP":null,"ALTURA":null,"TRONCO":null,"CFE":null},"geometry":{"type":"MultiPoint","coordinates":[[370113.10692,2837581.60499]]}},{"type":"Feature","properties":{"UBI":"Avenida del Estado","PROYE":null,"NOMCIEN":null,"NOMBRE":"Árbol nuevo","OBJECTID":406,"FECHA LEV":2024,"NOMCOM":null,"ORIGEN":null,"SALUD":null,"ACCESO":null,"ACCESIBIL":null,"COLONIA":null,"LAT":null,"LONG":null,"DAP":null,"ALTURA":null,"TRONCO":null,"CFE":null},"geometry":{"type":"MultiPoint","coordinates":[[370144.82325,2837608.0639]]}},{"type":"Feature","properties":{"UBI":"Avenida del Estado","PROYE":null,"NOMCIEN":null,"NOMBRE":"Árbol nuevo","OBJECTID":407,"FECHA LEV":2024,"NOMCOM":null,"ORIGEN":null,"SALUD":null,"ACCESO":null,"ACCESIBIL":null,"COLONIA":null,"LAT":null,"LONG":null,"DAP":null,"ALTURA":null,"TRONCO":null,"CFE":null},"geometry":{"type":"MultiPoint","coordinates":[[370153.94117,2837616.46615]]}},{"type":"Feature","properties":{"UBI":"Avenida del Estado","PROYE":null,"NOMCIEN":null,"NOMBRE":"Árbol nuevo","OBJECTID":408,"FECHA LEV":2024,"NOMCOM":null,"ORIGEN":null,"SALUD":null,"ACCESO":null,"ACCESIBIL":null,"COLONIA":null,"LAT":null,"LONG":null,"DAP":null,"ALTURA":null,"TRONCO":null,"CFE":null},"geometry":{"type":"MultiPoint","coordinates":[[370206.58665,2837661.36599]]}},{"type":"Feature","properties":{"UBI":"Avenida del Estado","PROYE":null,"NOMCIEN":null,"NOMBRE":"Árbol nuevo","OBJECTID":409,"FECHA LEV":2024,"NOMCOM":null,"ORIGEN":null,"SALUD":null,"ACCESO":null,"ACCESIBIL":null,"COLONIA":null,"LAT":null,"LONG":null,"DAP":null,"ALTURA":null,"TRONCO":null,"CFE":null},"geometry":{"type":"MultiPoint","coordinates":[[370220.89695,2837670.27248]]}},{"type":"Feature","properties":{"UBI":"Avenida del Estado","PROYE":null,"NOMCIEN":null,"NOMBRE":"Árbol nuevo","OBJECTID":410,"FECHA LEV":2024,"NOMCOM":null,"ORIGEN":null,"SALUD":null,"ACCESO":null,"ACCESIBIL":null,"COLONIA":null,"LAT":null,"LONG":null,"DAP":null,"ALTURA":null,"TRONCO":null,"CFE":null},"geometry":{"type":"MultiPoint","coordinates":[[370229.35775,2837662.80501]]}},{"type":"Feature","properties":{"UBI":"Avenida del Estado","PROYE":null,"NOMCIEN":null,"NOMBRE":"Árbol nuevo","OBJECTID":411,"FECHA LEV":2024,"NOMCOM":null,"ORIGEN":null,"SALUD":null,"ACCESO":null,"ACCESIBIL":null,"COLONIA":null,"LAT":null,"LONG":null,"DAP":null,"ALTURA":null,"TRONCO":null,"CFE":null},"geometry":{"type":"MultiPoint","coordinates":[[370235.36118,2837660.71601]]}},{"type":"Feature","properties":{"UBI":"Avenida del Estado","PROYE":null,"NOMCIEN":null,"NOMBRE":"Árbol nuevo","OBJECTID":412,"FECHA LEV":2024,"NOMCOM":null,"ORIGEN":null,"SALUD":null,"ACCESO":null,"ACCESIBIL":null,"COLONIA":null,"LAT":null,"LONG":null,"DAP":null,"ALTURA":null,"TRONCO":null,"CFE":null},"geometry":{"type":"MultiPoint","coordinates":[[370229.29651,2837673.6984]]}},{"type":"Feature","properties":{"UBI":"Avenida del Estado","PROYE":null,"NOMCIEN":null,"NOMBRE":"Árbol nuevo","OBJECTID":413,"FECHA LEV":2024,"NOMCOM":null,"ORIGEN":null,"SALUD":null,"ACCESO":null,"ACCESIBIL":null,"COLONIA":null,"LAT":null,"LONG":null,"DAP":null,"ALTURA":null,"TRONCO":null,"CFE":null},"geometry":{"type":"MultiPoint","coordinates":[[370243.66087,2837688.14162]]}},{"type":"Feature","properties":{"UBI":"Av. Junco de la Vega","PROYE":"Parque de Bolsillo CIAP","NOMCIEN":null,"NOMBRE":"Árbol nuevo","OBJECTID":414,"FECHA LEV":2024,"NOMCOM":null,"ORIGEN":null,"SALUD":null,"ACCESO":null,"ACCESIBIL":null,"COLONIA":null,"LAT":null,"LONG":null,"DAP":null,"ALTURA":null,"TRONCO":null,"CFE":null},"geometry":{"type":"MultiPoint","coordinates":[[370549.0362,2837928.66465]]}},{"type":"Feature","properties":{"UBI":"Av. Junco de la Vega","PROYE":null,"NOMCIEN":null,"NOMBRE":"Árbol nuevo","OBJECTID":415,"FECHA LEV":2024,"NOMCOM":null,"ORIGEN":null,"SALUD":null,"ACCESO":null,"ACCESIBIL":null,"COLONIA":null,"LAT":null,"LONG":null,"DAP":null,"ALTURA":null,"TRONCO":null,"CFE":null},"geometry":{"type":"MultiPoint","coordinates":[[370565.95603,2837913.54626]]}},{"type":"Feature","properties":{"UBI":"Av. Junco de la Vega","PROYE":null,"NOMCIEN":null,"NOMBRE":"Árbol nuevo","OBJECTID":416,"FECHA LEV":2024,"NOMCOM":null,"ORIGEN":null,"SALUD":null,"ACCESO":null,"ACCESIBIL":null,"COLONIA":null,"LAT":null,"LONG":null,"DAP":null,"ALTURA":null,"TRONCO":null,"CFE":null},"geometry":{"type":"MultiPoint","coordinates":[[370586.39839,2837899.31626]]}},{"type":"Feature","properties":{"UBI":"Av. Junco de la Vega","PROYE":null,"NOMCIEN":null,"NOMBRE":"Árbol nuevo","OBJECTID":417,"FECHA LEV":2024,"NOMCOM":null,"ORIGEN":null,"SALUD":null,"ACCESO":null,"ACCESIBIL":null,"COLONIA":null,"LAT":null,"LONG":null,"DAP":null,"ALTURA":null,"TRONCO":null,"CFE":null},"geometry":{"type":"MultiPoint","coordinates":[[370586.55165,2837897.83825]]}},{"type":"Feature","properties":{"UBI":"Av. Junco de la Vega","PROYE":null,"NOMCIEN":null,"NOMBRE":"Árbol nuevo","OBJECTID":418,"FECHA LEV":2024,"NOMCOM":null,"ORIGEN":null,"SALUD":null,"ACCESO":null,"ACCESIBIL":null,"COLONIA":null,"LAT":null,"LONG":null,"DAP":null,"ALTURA":null,"TRONCO":null,"CFE":null},"geometry":{"type":"MultiPoint","coordinates":[[370592.0405,2837894.46178]]}},{"type":"Feature","properties":{"UBI":"Av. Junco de la Vega","PROYE":null,"NOMCIEN":null,"NOMBRE":"Árbol nuevo","OBJECTID":419,"FECHA LEV":2024,"NOMCOM":null,"ORIGEN":null,"SALUD":null,"ACCESO":null,"ACCESIBIL":null,"COLONIA":null,"LAT":null,"LONG":null,"DAP":null,"ALTURA":null,"TRONCO":null,"CFE":null},"geometry":{"type":"MultiPoint","coordinates":[[370595.15576,2837887.9693]]}},{"type":"Feature","properties":{"UBI":"Av. Junco de la Vega","PROYE":null,"NOMCIEN":null,"NOMBRE":"Árbol nuevo","OBJECTID":420,"FECHA LEV":2024,"NOMCOM":null,"ORIGEN":null,"SALUD":null,"ACCESO":null,"ACCESIBIL":null,"COLONIA":null,"LAT":null,"LONG":null,"DAP":null,"ALTURA":null,"TRONCO":null,"CFE":null},"geometry":{"type":"MultiPoint","coordinates":[[370599.14602,2837885.34625]]}},{"type":"Feature","properties":{"UBI":"Av. Junco de la Vega","PROYE":null,"NOMCIEN":null,"NOMBRE":"Árbol nuevo","OBJECTID":421,"FECHA LEV":2024,"NOMCOM":null,"ORIGEN":null,"SALUD":null,"ACCESO":null,"ACCESIBIL":null,"COLONIA":null,"LAT":null,"LONG":null,"DAP":null,"ALTURA":null,"TRONCO":null,"CFE":null},"geometry":{"type":"MultiPoint","coordinates":[[370603.1147,2837880.50807]]}},{"type":"Feature","properties":{"UBI":"Av. Junco de la Vega","PROYE":null,"NOMCIEN":null,"NOMBRE":"Árbol nuevo","OBJECTID":422,"FECHA LEV":2024,"NOMCOM":null,"ORIGEN":null,"SALUD":null,"ACCESO":null,"ACCESIBIL":null,"COLONIA":null,"LAT":null,"LONG":null,"DAP":null,"ALTURA":null,"TRONCO":null,"CFE":null},"geometry":{"type":"MultiPoint","coordinates":[[370601.91183,2837877.19679]]}},{"type":"Feature","properties":{"UBI":"Av. Junco de la Vega","PROYE":null,"NOMCIEN":null,"NOMBRE":"Árbol nuevo","OBJECTID":423,"FECHA LEV":2024,"NOMCOM":null,"ORIGEN":null,"SALUD":null,"ACCESO":null,"ACCESIBIL":null,"COLONIA":null,"LAT":null,"LONG":null,"DAP":null,"ALTURA":null,"TRONCO":null,"CFE":null},"geometry":{"type":"MultiPoint","coordinates":[[370604.09877,2837878.46702]]}},{"type":"Feature","properties":{"UBI":"Av. Junco de la Vega","PROYE":null,"NOMCIEN":null,"NOMBRE":"Árbol nuevo","OBJECTID":424,"FECHA LEV":2024,"NOMCOM":null,"ORIGEN":null,"SALUD":null,"ACCESO":null,"ACCESIBIL":null,"COLONIA":null,"LAT":null,"LONG":null,"DAP":null,"ALTURA":null,"TRONCO":null,"CFE":null},"geometry":{"type":"MultiPoint","coordinates":[[370617.6351,2837859.50484]]}},{"type":"Feature","properties":{"UBI":"Av. Junco de la Vega","PROYE":null,"NOMCIEN":null,"NOMBRE":"Árbol nuevo","OBJECTID":425,"FECHA LEV":2024,"NOMCOM":null,"ORIGEN":null,"SALUD":null,"ACCESO":null,"ACCESIBIL":null,"COLONIA":null,"LAT":null,"LONG":null,"DAP":null,"ALTURA":null,"TRONCO":null,"CFE":null},"geometry":{"type":"MultiPoint","coordinates":[[370630.59899,2837850.51725]]}},{"type":"Feature","properties":{"UBI":"Av. Junco de la Vega","PROYE":null,"NOMCIEN":null,"NOMBRE":"Árbol nuevo","OBJECTID":426,"FECHA LEV":2024,"NOMCOM":null,"ORIGEN":null,"SALUD":null,"ACCESO":null,"ACCESIBIL":null,"COLONIA":null,"LAT":null,"LONG":null,"DAP":null,"ALTURA":null,"TRONCO":null,"CFE":null},"geometry":{"type":"MultiPoint","coordinates":[[370641.79472,2837848.93169]]}},{"type":"Feature","properties":{"UBI":"Av. Junco de la Vega","PROYE":null,"NOMCIEN":null,"NOMBRE":"Árbol nuevo","OBJECTID":427,"FECHA LEV":2024,"NOMCOM":null,"ORIGEN":null,"SALUD":null,"ACCESO":null,"ACCESIBIL":null,"COLONIA":null,"LAT":null,"LONG":null,"DAP":null,"ALTURA":null,"TRONCO":null,"CFE":null},"geometry":{"type":"MultiPoint","coordinates":[[370647.13033,2837847.03325]]}},{"type":"Feature","properties":{"UBI":"Av. Junco de la Vega","PROYE":null,"NOMCIEN":null,"NOMBRE":"Árbol nuevo","OBJECTID":428,"FECHA LEV":2024,"NOMCOM":null,"ORIGEN":null,"SALUD":null,"ACCESO":null,"ACCESIBIL":null,"COLONIA":null,"LAT":null,"LONG":null,"DAP":null,"ALTURA":null,"TRONCO":null,"CFE":null},"geometry":{"type":"MultiPoint","coordinates":[[370657.2575,2837838.81212]]}},{"type":"Feature","properties":{"UBI":"Av. Junco de la Vega","PROYE":null,"NOMCIEN":null,"NOMBRE":"Árbol nuevo","OBJECTID":429,"FECHA LEV":2024,"NOMCOM":null,"ORIGEN":null,"SALUD":null,"ACCESO":null,"ACCESIBIL":null,"COLONIA":null,"LAT":null,"LONG":null,"DAP":null,"ALTURA":null,"TRONCO":null,"CFE":null},"geometry":{"type":"MultiPoint","coordinates":[[370663.70172,2837830.44188]]}},{"type":"Feature","properties":{"UBI":"Av. Junco de la Vega","PROYE":null,"NOMCIEN":null,"NOMBRE":"Árbol nuevo","OBJECTID":430,"FECHA LEV":2024,"NOMCOM":null,"ORIGEN":null,"SALUD":null,"ACCESO":null,"ACCESIBIL":null,"COLONIA":null,"LAT":null,"LONG":null,"DAP":null,"ALTURA":null,"TRONCO":null,"CFE":null},"geometry":{"type":"MultiPoint","coordinates":[[370665.63036,2837822.30059]]}},{"type":"Feature","properties":{"UBI":"Av. Junco de la Vega","PROYE":null,"NOMCIEN":null,"NOMBRE":"Árbol nuevo","OBJECTID":431,"FECHA LEV":2024,"NOMCOM":null,"ORIGEN":null,"SALUD":null,"ACCESO":null,"ACCESIBIL":null,"COLONIA":null,"LAT":null,"LONG":null,"DAP":null,"ALTURA":null,"TRONCO":null,"CFE":null},"geometry":{"type":"MultiPoint","coordinates":[[370668.48329,2837823.19549]]}},{"type":"Feature","properties":{"UBI":"Av. Junco de la Vega","PROYE":null,"NOMCIEN":null,"NOMBRE":"Árbol nuevo","OBJECTID":432,"FECHA LEV":2024,"NOMCOM":null,"ORIGEN":null,"SALUD":null,"ACCESO":null,"ACCESIBIL":null,"COLONIA":null,"LAT":null,"LONG":null,"DAP":null,"ALTURA":null,"TRONCO":null,"CFE":null},"geometry":{"type":"MultiPoint","coordinates":[[370677.2929,2837817.20254]]}},{"type":"Feature","properties":{"UBI":"Av. Junco de la Vega","PROYE":null,"NOMCIEN":null,"NOMBRE":"Árbol nuevo","OBJECTID":433,"FECHA LEV":2024,"NOMCOM":null,"ORIGEN":null,"SALUD":null,"ACCESO":null,"ACCESIBIL":null,"COLONIA":null,"LAT":null,"LONG":null,"DAP":null,"ALTURA":null,"TRONCO":null,"CFE":null},"geometry":{"type":"MultiPoint","coordinates":[[370684.07602,2837809.19786]]}},{"type":"Feature","properties":{"UBI":"Av. Junco de la Vega","PROYE":null,"NOMCIEN":null,"NOMBRE":"Árbol nuevo","OBJECTID":434,"FECHA LEV":2024,"NOMCOM":null,"ORIGEN":null,"SALUD":null,"ACCESO":null,"ACCESIBIL":null,"COLONIA":null,"LAT":null,"LONG":null,"DAP":null,"ALTURA":null,"TRONCO":null,"CFE":null},"geometry":{"type":"MultiPoint","coordinates":[[370686.17671,2837801.60874]]}},{"type":"Feature","properties":{"UBI":"Av. Junco de la Vega","PROYE":null,"NOMCIEN":null,"NOMBRE":"Árbol nuevo","OBJECTID":435,"FECHA LEV":2024,"NOMCOM":null,"ORIGEN":null,"SALUD":null,"ACCESO":null,"ACCESIBIL":null,"COLONIA":null,"LAT":null,"LONG":null,"DAP":null,"ALTURA":null,"TRONCO":null,"CFE":null},"geometry":{"type":"MultiPoint","coordinates":[[370692.3352,2837798.22579]]}},{"type":"Feature","properties":{"UBI":"Av. Junco de la Vega","PROYE":null,"NOMCIEN":null,"NOMBRE":"Árbol nuevo","OBJECTID":436,"FECHA LEV":2024,"NOMCOM":null,"ORIGEN":null,"SALUD":null,"ACCESO":null,"ACCESIBIL":null,"COLONIA":null,"LAT":null,"LONG":null,"DAP":null,"ALTURA":null,"TRONCO":null,"CFE":null},"geometry":{"type":"MultiPoint","coordinates":[[370691.63507,2837795.09348]]}},{"type":"Feature","properties":{"UBI":"Av. Junco de la Vega","PROYE":null,"NOMCIEN":null,"NOMBRE":"Árbol nuevo","OBJECTID":437,"FECHA LEV":2024,"NOMCOM":null,"ORIGEN":null,"SALUD":null,"ACCESO":null,"ACCESIBIL":null,"COLONIA":null,"LAT":null,"LONG":null,"DAP":null,"ALTURA":null,"TRONCO":null,"CFE":null},"geometry":{"type":"MultiPoint","coordinates":[[370695.81458,2837794.68394]]}},{"type":"Feature","properties":{"UBI":"Av. Junco de la Vega","PROYE":null,"NOMCIEN":null,"NOMBRE":"Árbol nuevo","OBJECTID":438,"FECHA LEV":2024,"NOMCOM":null,"ORIGEN":null,"SALUD":null,"ACCESO":null,"ACCESIBIL":null,"COLONIA":null,"LAT":null,"LONG":null,"DAP":null,"ALTURA":null,"TRONCO":null,"CFE":null},"geometry":{"type":"MultiPoint","coordinates":[[370693.74575,2837788.42694]]}},{"type":"Feature","properties":{"UBI":"Av. Junco de la Vega","PROYE":null,"NOMCIEN":null,"NOMBRE":"Árbol nuevo","OBJECTID":439,"FECHA LEV":2024,"NOMCOM":null,"ORIGEN":null,"SALUD":null,"ACCESO":null,"ACCESIBIL":null,"COLONIA":null,"LAT":null,"LONG":null,"DAP":null,"ALTURA":null,"TRONCO":null,"CFE":null},"geometry":{"type":"MultiPoint","coordinates":[[370697.93964,2837789.49378]]}},{"type":"Feature","properties":{"UBI":"Av. Junco de la Vega","PROYE":null,"NOMCIEN":null,"NOMBRE":"Árbol nuevo","OBJECTID":440,"FECHA LEV":2024,"NOMCOM":null,"ORIGEN":null,"SALUD":null,"ACCESO":null,"ACCESIBIL":null,"COLONIA":null,"LAT":null,"LONG":null,"DAP":null,"ALTURA":null,"TRONCO":null,"CFE":null},"geometry":{"type":"MultiPoint","coordinates":[[370706.09408,2837784.98374]]}},{"type":"Feature","properties":{"UBI":"Av. Junco de la Vega","PROYE":null,"NOMCIEN":null,"NOMBRE":"Árbol nuevo","OBJECTID":441,"FECHA LEV":2024,"NOMCOM":null,"ORIGEN":null,"SALUD":null,"ACCESO":null,"ACCESIBIL":null,"COLONIA":null,"LAT":null,"LONG":null,"DAP":null,"ALTURA":null,"TRONCO":null,"CFE":null},"geometry":{"type":"MultiPoint","coordinates":[[370703.53051,2837779.47037]]}},{"type":"Feature","properties":{"UBI":"Av. Junco de la Vega","PROYE":"Parque de bolsillo A6","NOMCIEN":null,"NOMBRE":"Árbol nuevo","OBJECTID":442,"FECHA LEV":2024,"NOMCOM":null,"ORIGEN":null,"SALUD":null,"ACCESO":null,"ACCESIBIL":null,"COLONIA":null,"LAT":null,"LONG":null,"DAP":null,"ALTURA":null,"TRONCO":null,"CFE":null},"geometry":{"type":"MultiPoint","coordinates":[[370722.30797,2837765.99562]]}},{"type":"Feature","properties":{"UBI":"Av. Junco de la Vega","PROYE":"Parque de bolsillo A6","NOMCIEN":null,"NOMBRE":"Árbol nuevo","OBJECTID":443,"FECHA LEV":2024,"NOMCOM":null,"ORIGEN":null,"SALUD":null,"ACCESO":null,"ACCESIBIL":null,"COLONIA":null,"LAT":null,"LONG":null,"DAP":null,"ALTURA":null,"TRONCO":null,"CFE":null},"geometry":{"type":"MultiPoint","coordinates":[[370725.78917,2837762.63875]]}},{"type":"Feature","properties":{"UBI":"Av. Junco de la Vega","PROYE":"Parque de bolsillo A6","NOMCIEN":null,"NOMBRE":"Árbol nuevo","OBJECTID":444,"FECHA LEV":2024,"NOMCOM":null,"ORIGEN":null,"SALUD":null,"ACCESO":null,"ACCESIBIL":null,"COLONIA":null,"LAT":null,"LONG":null,"DAP":null,"ALTURA":null,"TRONCO":null,"CFE":null},"geometry":{"type":"MultiPoint","coordinates":[[370727.39515,2837755.79326]]}},{"type":"Feature","properties":{"UBI":"Av. Junco de la Vega","PROYE":"Parque de bolsillo A6","NOMCIEN":null,"NOMBRE":"Árbol nuevo","OBJECTID":445,"FECHA LEV":2024,"NOMCOM":null,"ORIGEN":null,"SALUD":null,"ACCESO":null,"ACCESIBIL":null,"COLONIA":null,"LAT":null,"LONG":null,"DAP":null,"ALTURA":null,"TRONCO":null,"CFE":null},"geometry":{"type":"MultiPoint","coordinates":[[370732.55877,2837753.34269]]}},{"type":"Feature","properties":{"UBI":"Av. Junco de la Vega","PROYE":"Parque de bolsillo A6","NOMCIEN":null,"NOMBRE":"Árbol nuevo","OBJECTID":446,"FECHA LEV":2024,"NOMCOM":null,"ORIGEN":null,"SALUD":null,"ACCESO":null,"ACCESIBIL":null,"COLONIA":null,"LAT":null,"LONG":null,"DAP":null,"ALTURA":null,"TRONCO":null,"CFE":null},"geometry":{"type":"MultiPoint","coordinates":[[370738.20278,2837748.67213]]}},{"type":"Feature","properties":{"UBI":"Av. Junco de la Vega","PROYE":"Parque de bolsillo A6","NOMCIEN":null,"NOMBRE":"Árbol nuevo","OBJECTID":447,"FECHA LEV":2024,"NOMCOM":null,"ORIGEN":null,"SALUD":null,"ACCESO":null,"ACCESIBIL":null,"COLONIA":null,"LAT":null,"LONG":null,"DAP":null,"ALTURA":null,"TRONCO":null,"CFE":null},"geometry":{"type":"MultiPoint","coordinates":[[370742.30766,2837740.69466]]}},{"type":"Feature","properties":{"UBI":"Av. Junco de la Vega","PROYE":"Parque de bolsillo A6","NOMCIEN":null,"NOMBRE":"Árbol nuevo","OBJECTID":448,"FECHA LEV":2024,"NOMCOM":null,"ORIGEN":null,"SALUD":null,"ACCESO":null,"ACCESIBIL":null,"COLONIA":null,"LAT":null,"LONG":null,"DAP":null,"ALTURA":null,"TRONCO":null,"CFE":null},"geometry":{"type":"MultiPoint","coordinates":[[370744.785,2837737.34756]]}},{"type":"Feature","properties":{"UBI":"Av. Junco de la Vega","PROYE":"Parque de bolsillo A6","NOMCIEN":null,"NOMBRE":"Árbol nuevo","OBJECTID":449,"FECHA LEV":2024,"NOMCOM":null,"ORIGEN":null,"SALUD":null,"ACCESO":null,"ACCESIBIL":null,"COLONIA":null,"LAT":null,"LONG":null,"DAP":null,"ALTURA":null,"TRONCO":null,"CFE":null},"geometry":{"type":"MultiPoint","coordinates":[[370751.30477,2837736.73028]]}},{"type":"Feature","properties":{"UBI":"Av. Junco de la Vega","PROYE":"Parque de bolsillo A6","NOMCIEN":null,"NOMBRE":"Árbol nuevo","OBJECTID":450,"FECHA LEV":2024,"NOMCOM":null,"ORIGEN":null,"SALUD":null,"ACCESO":null,"ACCESIBIL":null,"COLONIA":null,"LAT":null,"LONG":null,"DAP":null,"ALTURA":null,"TRONCO":null,"CFE":null},"geometry":{"type":"MultiPoint","coordinates":[[370751.9025,2837729.33967]]}},{"type":"Feature","properties":{"UBI":"Av. Junco de la Vega","PROYE":"Parque de bolsillo A6","NOMCIEN":null,"NOMBRE":"Árbol nuevo","OBJECTID":451,"FECHA LEV":2024,"NOMCOM":null,"ORIGEN":null,"SALUD":null,"ACCESO":null,"ACCESIBIL":null,"COLONIA":null,"LAT":null,"LONG":null,"DAP":null,"ALTURA":null,"TRONCO":null,"CFE":null},"geometry":{"type":"MultiPoint","coordinates":[[370750.36616,2837726.2166]]}},{"type":"Feature","properties":{"UBI":"Av. Junco de la Vega","PROYE":"Parque de bolsillo A6","NOMCIEN":null,"NOMBRE":"Árbol nuevo","OBJECTID":452,"FECHA LEV":2024,"NOMCOM":null,"ORIGEN":null,"SALUD":null,"ACCESO":null,"ACCESIBIL":null,"COLONIA":null,"LAT":null,"LONG":null,"DAP":null,"ALTURA":null,"TRONCO":null,"CFE":null},"geometry":{"type":"MultiPoint","coordinates":[[370760.26297,2837711.53569]]}},{"type":"Feature","properties":{"UBI":"Av. Junco de la Vega","PROYE":"Parque de bolsillo A6","NOMCIEN":null,"NOMBRE":"Árbol nuevo","OBJECTID":453,"FECHA LEV":2024,"NOMCOM":null,"ORIGEN":null,"SALUD":null,"ACCESO":null,"ACCESIBIL":null,"COLONIA":null,"LAT":null,"LONG":null,"DAP":null,"ALTURA":null,"TRONCO":null,"CFE":null},"geometry":{"type":"MultiPoint","coordinates":[[370795.53165,2837690.51581]]}},{"type":"Feature","properties":{"UBI":"Av. Junco de la Vega","PROYE":null,"NOMCIEN":null,"NOMBRE":"Árbol nuevo","OBJECTID":454,"FECHA LEV":2024,"NOMCOM":null,"ORIGEN":null,"SALUD":null,"ACCESO":null,"ACCESIBIL":null,"COLONIA":null,"LAT":null,"LONG":null,"DAP":null,"ALTURA":null,"TRONCO":null,"CFE":null},"geometry":{"type":"MultiPoint","coordinates":[[370811.93936,2837674.29509]]}},{"type":"Feature","properties":{"UBI":"Av. Junco de la Vega","PROYE":null,"NOMCIEN":null,"NOMBRE":"Árbol nuevo","OBJECTID":455,"FECHA LEV":2024,"NOMCOM":null,"ORIGEN":null,"SALUD":null,"ACCESO":null,"ACCESIBIL":null,"COLONIA":null,"LAT":null,"LONG":null,"DAP":null,"ALTURA":null,"TRONCO":null,"CFE":null},"geometry":{"type":"MultiPoint","coordinates":[[370816.09018,2837670.93173]]}},{"type":"Feature","properties":{"UBI":"Av. Junco de la Vega","PROYE":null,"NOMCIEN":null,"NOMBRE":"Árbol nuevo","OBJECTID":456,"FECHA LEV":2024,"NOMCOM":null,"ORIGEN":null,"SALUD":null,"ACCESO":null,"ACCESIBIL":null,"COLONIA":null,"LAT":null,"LONG":null,"DAP":null,"ALTURA":null,"TRONCO":null,"CFE":null},"geometry":{"type":"MultiPoint","coordinates":[[370821.23053,2837666.08223]]}},{"type":"Feature","properties":{"UBI":"Av. Junco de la Vega","PROYE":null,"NOMCIEN":null,"NOMBRE":"Árbol nuevo","OBJECTID":457,"FECHA LEV":2024,"NOMCOM":null,"ORIGEN":null,"SALUD":null,"ACCESO":null,"ACCESIBIL":null,"COLONIA":null,"LAT":null,"LONG":null,"DAP":null,"ALTURA":null,"TRONCO":null,"CFE":null},"geometry":{"type":"MultiPoint","coordinates":[[370823.36184,2837661.63084]]}},{"type":"Feature","properties":{"UBI":"Av. Junco de la Vega","PROYE":null,"NOMCIEN":null,"NOMBRE":"Árbol nuevo","OBJECTID":458,"FECHA LEV":2024,"NOMCOM":null,"ORIGEN":null,"SALUD":null,"ACCESO":null,"ACCESIBIL":null,"COLONIA":null,"LAT":null,"LONG":null,"DAP":null,"ALTURA":null,"TRONCO":null,"CFE":null},"geometry":{"type":"MultiPoint","coordinates":[[370829.17357,2837656.95869]]}},{"type":"Feature","properties":{"UBI":"Av. Junco de la Vega","PROYE":null,"NOMCIEN":null,"NOMBRE":"Árbol nuevo","OBJECTID":459,"FECHA LEV":2024,"NOMCOM":null,"ORIGEN":null,"SALUD":null,"ACCESO":null,"ACCESIBIL":null,"COLONIA":null,"LAT":null,"LONG":null,"DAP":null,"ALTURA":null,"TRONCO":null,"CFE":null},"geometry":{"type":"MultiPoint","coordinates":[[370833.82893,2837653.96039]]}},{"type":"Feature","properties":{"UBI":"Av. Junco de la Vega","PROYE":null,"NOMCIEN":null,"NOMBRE":"Árbol nuevo","OBJECTID":460,"FECHA LEV":2024,"NOMCOM":null,"ORIGEN":null,"SALUD":null,"ACCESO":null,"ACCESIBIL":null,"COLONIA":null,"LAT":null,"LONG":null,"DAP":null,"ALTURA":null,"TRONCO":null,"CFE":null},"geometry":{"type":"MultiPoint","coordinates":[[370838.31227,2837650.40882]]}},{"type":"Feature","properties":{"UBI":"Av. Junco de la Vega","PROYE":null,"NOMCIEN":null,"NOMBRE":"Árbol nuevo","OBJECTID":461,"FECHA LEV":2024,"NOMCOM":null,"ORIGEN":null,"SALUD":null,"ACCESO":null,"ACCESIBIL":null,"COLONIA":null,"LAT":null,"LONG":null,"DAP":null,"ALTURA":null,"TRONCO":null,"CFE":null},"geometry":{"type":"MultiPoint","coordinates":[[370840.26976,2837645.22032]]}},{"type":"Feature","properties":{"UBI":"Av. Junco de la Vega","PROYE":null,"NOMCIEN":null,"NOMBRE":"Árbol nuevo","OBJECTID":462,"FECHA LEV":2024,"NOMCOM":null,"ORIGEN":null,"SALUD":null,"ACCESO":null,"ACCESIBIL":null,"COLONIA":null,"LAT":null,"LONG":null,"DAP":null,"ALTURA":null,"TRONCO":null,"CFE":null},"geometry":{"type":"MultiPoint","coordinates":[[370844.10606,2837643.89148]]}},{"type":"Feature","properties":{"UBI":"Av. Junco de la Vega","PROYE":null,"NOMCIEN":null,"NOMBRE":"Árbol nuevo","OBJECTID":463,"FECHA LEV":2024,"NOMCOM":null,"ORIGEN":null,"SALUD":null,"ACCESO":null,"ACCESIBIL":null,"COLONIA":null,"LAT":null,"LONG":null,"DAP":null,"ALTURA":null,"TRONCO":null,"CFE":null},"geometry":{"type":"MultiPoint","coordinates":[[370851.06679,2837636.99284]]}},{"type":"Feature","properties":{"UBI":"Av. Junco de la Vega","PROYE":null,"NOMCIEN":null,"NOMBRE":"Árbol nuevo","OBJECTID":464,"FECHA LEV":2024,"NOMCOM":null,"ORIGEN":null,"SALUD":null,"ACCESO":null,"ACCESIBIL":null,"COLONIA":null,"LAT":null,"LONG":null,"DAP":null,"ALTURA":null,"TRONCO":null,"CFE":null},"geometry":{"type":"MultiPoint","coordinates":[[370855.69883,2837631.59447]]}},{"type":"Feature","properties":{"UBI":"Av. Junco de la Vega","PROYE":null,"NOMCIEN":null,"NOMBRE":"Árbol nuevo","OBJECTID":465,"FECHA LEV":2024,"NOMCOM":null,"ORIGEN":null,"SALUD":null,"ACCESO":null,"ACCESIBIL":null,"COLONIA":null,"LAT":null,"LONG":null,"DAP":null,"ALTURA":null,"TRONCO":null,"CFE":null},"geometry":{"type":"MultiPoint","coordinates":[[370845.63493,2837629.10702]]}},{"type":"Feature","properties":{"UBI":"Av. Junco de la Vega","PROYE":null,"NOMCIEN":null,"NOMBRE":"Árbol nuevo","OBJECTID":466,"FECHA LEV":2024,"NOMCOM":null,"ORIGEN":null,"SALUD":null,"ACCESO":null,"ACCESIBIL":null,"COLONIA":null,"LAT":null,"LONG":null,"DAP":null,"ALTURA":null,"TRONCO":null,"CFE":null},"geometry":{"type":"MultiPoint","coordinates":[[370837.78233,2837630.29104]]}},{"type":"Feature","properties":{"UBI":"Av. Junco de la Vega","PROYE":null,"NOMCIEN":null,"NOMBRE":"Árbol nuevo","OBJECTID":467,"FECHA LEV":2024,"NOMCOM":null,"ORIGEN":null,"SALUD":null,"ACCESO":null,"ACCESIBIL":null,"COLONIA":null,"LAT":null,"LONG":null,"DAP":null,"ALTURA":null,"TRONCO":null,"CFE":null},"geometry":{"type":"MultiPoint","coordinates":[[370830.24428,2837629.44166]]}},{"type":"Feature","properties":{"UBI":"Av. Junco de la Vega","PROYE":null,"NOMCIEN":null,"NOMBRE":"Árbol nuevo","OBJECTID":468,"FECHA LEV":2024,"NOMCOM":null,"ORIGEN":null,"SALUD":null,"ACCESO":null,"ACCESIBIL":null,"COLONIA":null,"LAT":null,"LONG":null,"DAP":null,"ALTURA":null,"TRONCO":null,"CFE":null},"geometry":{"type":"MultiPoint","coordinates":[[370832.50404,2837638.09602]]}},{"type":"Feature","properties":{"UBI":"Av. Junco de la Vega","PROYE":null,"NOMCIEN":null,"NOMBRE":"Árbol nuevo","OBJECTID":469,"FECHA LEV":2024,"NOMCOM":null,"ORIGEN":null,"SALUD":null,"ACCESO":null,"ACCESIBIL":null,"COLONIA":null,"LAT":null,"LONG":null,"DAP":null,"ALTURA":null,"TRONCO":null,"CFE":null},"geometry":{"type":"MultiPoint","coordinates":[[370824.9642,2837637.06167]]}},{"type":"Feature","properties":{"UBI":"Av. Junco de la Vega","PROYE":null,"NOMCIEN":null,"NOMBRE":"Árbol nuevo","OBJECTID":470,"FECHA LEV":2024,"NOMCOM":null,"ORIGEN":null,"SALUD":null,"ACCESO":null,"ACCESIBIL":null,"COLONIA":null,"LAT":null,"LONG":null,"DAP":null,"ALTURA":null,"TRONCO":null,"CFE":null},"geometry":{"type":"MultiPoint","coordinates":[[370838.74779,2837643.57362]]}},{"type":"Feature","properties":{"UBI":"Av. Junco de la Vega","PROYE":null,"NOMCIEN":null,"NOMBRE":"Árbol nuevo","OBJECTID":471,"FECHA LEV":2024,"NOMCOM":null,"ORIGEN":null,"SALUD":null,"ACCESO":null,"ACCESIBIL":null,"COLONIA":null,"LAT":null,"LONG":null,"DAP":null,"ALTURA":null,"TRONCO":null,"CFE":null},"geometry":{"type":"MultiPoint","coordinates":[[370845.54519,2837619.87773]]}},{"type":"Feature","properties":{"UBI":"Av. Junco de la Vega","PROYE":null,"NOMCIEN":null,"NOMBRE":"Árbol nuevo","OBJECTID":472,"FECHA LEV":2024,"NOMCOM":null,"ORIGEN":null,"SALUD":null,"ACCESO":null,"ACCESIBIL":null,"COLONIA":null,"LAT":null,"LONG":null,"DAP":null,"ALTURA":null,"TRONCO":null,"CFE":null},"geometry":{"type":"MultiPoint","coordinates":[[370838.18196,2837619.76435]]}},{"type":"Feature","properties":{"UBI":"Av. Junco de la Vega","PROYE":null,"NOMCIEN":null,"NOMBRE":"Árbol nuevo","OBJECTID":473,"FECHA LEV":2024,"NOMCOM":null,"ORIGEN":null,"SALUD":null,"ACCESO":null,"ACCESIBIL":null,"COLONIA":null,"LAT":null,"LONG":null,"DAP":null,"ALTURA":null,"TRONCO":null,"CFE":null},"geometry":{"type":"MultiPoint","coordinates":[[370829.3165,2837620.03553]]}},{"type":"Feature","properties":{"UBI":"Av. Junco de la Vega","PROYE":null,"NOMCIEN":null,"NOMBRE":"Árbol nuevo","OBJECTID":474,"FECHA LEV":2024,"NOMCOM":null,"ORIGEN":null,"SALUD":null,"ACCESO":null,"ACCESIBIL":null,"COLONIA":null,"LAT":null,"LONG":null,"DAP":null,"ALTURA":null,"TRONCO":null,"CFE":null},"geometry":{"type":"MultiPoint","coordinates":[[370833.61246,2837614.45544]]}},{"type":"Feature","properties":{"UBI":"Av. Luis Elizondo","PROYE":null,"NOMCIEN":null,"NOMBRE":"Árbol nuevo","OBJECTID":475,"FECHA LEV":2024,"NOMCOM":null,"ORIGEN":null,"SALUD":null,"ACCESO":null,"ACCESIBIL":null,"COLONIA":null,"LAT":null,"LONG":null,"DAP":null,"ALTURA":null,"TRONCO":null,"CFE":null},"geometry":{"type":"MultiPoint","coordinates":[[370849.66554,2837613.37667]]}},{"type":"Feature","properties":{"UBI":"Av. Luis Elizondo","PROYE":null,"NOMCIEN":null,"NOMBRE":"Árbol nuevo","OBJECTID":476,"FECHA LEV":2024,"NOMCOM":null,"ORIGEN":null,"SALUD":null,"ACCESO":null,"ACCESIBIL":null,"COLONIA":null,"LAT":null,"LONG":null,"DAP":null,"ALTURA":null,"TRONCO":null,"CFE":null},"geometry":{"type":"MultiPoint","coordinates":[[370831.66106,2837603.02892]]}},{"type":"Feature","properties":{"UBI":"Av. Junco de la Vega","PROYE":"Parque de Bolsillo CDT","NOMCIEN":null,"NOMBRE":"Árbol nuevo","OBJECTID":477,"FECHA LEV":2024,"NOMCOM":null,"ORIGEN":null,"SALUD":null,"ACCESO":null,"ACCESIBIL":null,"COLONIA":null,"LAT":null,"LONG":null,"DAP":null,"ALTURA":null,"TRONCO":null,"CFE":null},"geometry":{"type":"MultiPoint","coordinates":[[370856.94104,2837535.58448]]}},{"type":"Feature","properties":{"UBI":"Av. Junco de la Vega","PROYE":null,"NOMCIEN":null,"NOMBRE":"Árbol nuevo","OBJECTID":478,"FECHA LEV":2024,"NOMCOM":null,"ORIGEN":null,"SALUD":null,"ACCESO":null,"ACCESIBIL":null,"COLONIA":null,"LAT":null,"LONG":null,"DAP":null,"ALTURA":null,"TRONCO":null,"CFE":null},"geometry":{"type":"MultiPoint","coordinates":[[370866.74405,2837528.47434]]}},{"type":"Feature","properties":{"UBI":"Av. Junco de la Vega","PROYE":null,"NOMCIEN":null,"NOMBRE":"Árbol nuevo","OBJECTID":479,"FECHA LEV":2024,"NOMCOM":null,"ORIGEN":null,"SALUD":null,"ACCESO":null,"ACCESIBIL":null,"COLONIA":null,"LAT":null,"LONG":null,"DAP":null,"ALTURA":null,"TRONCO":null,"CFE":null},"geometry":{"type":"MultiPoint","coordinates":[[370871.85935,2837521.03982]]}},{"type":"Feature","properties":{"UBI":"Av. Junco de la Vega","PROYE":null,"NOMCIEN":null,"NOMBRE":"Árbol nuevo","OBJECTID":480,"FECHA LEV":2024,"NOMCOM":null,"ORIGEN":null,"SALUD":null,"ACCESO":null,"ACCESIBIL":null,"COLONIA":null,"LAT":null,"LONG":null,"DAP":null,"ALTURA":null,"TRONCO":null,"CFE":null},"geometry":{"type":"MultiPoint","coordinates":[[370874.80641,2837514.36519]]}},{"type":"Feature","properties":{"UBI":"Av. Junco de la Vega","PROYE":null,"NOMCIEN":null,"NOMBRE":"Árbol nuevo","OBJECTID":481,"FECHA LEV":2024,"NOMCOM":null,"ORIGEN":null,"SALUD":null,"ACCESO":null,"ACCESIBIL":null,"COLONIA":null,"LAT":null,"LONG":null,"DAP":null,"ALTURA":null,"TRONCO":null,"CFE":null},"geometry":{"type":"MultiPoint","coordinates":[[370883.73731,2837503.5706]]}},{"type":"Feature","properties":{"UBI":"Av. Junco de la Vega","PROYE":null,"NOMCIEN":null,"NOMBRE":"Árbol nuevo","OBJECTID":482,"FECHA LEV":2024,"NOMCOM":null,"ORIGEN":null,"SALUD":null,"ACCESO":null,"ACCESIBIL":null,"COLONIA":null,"LAT":null,"LONG":null,"DAP":null,"ALTURA":null,"TRONCO":null,"CFE":null},"geometry":{"type":"MultiPoint","coordinates":[[370898.28731,2837485.5227]]}},{"type":"Feature","properties":{"UBI":"Av. Junco de la Vega","PROYE":null,"NOMCIEN":null,"NOMBRE":"Árbol nuevo","OBJECTID":483,"FECHA LEV":2024,"NOMCOM":null,"ORIGEN":null,"SALUD":null,"ACCESO":null,"ACCESIBIL":null,"COLONIA":null,"LAT":null,"LONG":null,"DAP":null,"ALTURA":null,"TRONCO":null,"CFE":null},"geometry":{"type":"MultiPoint","coordinates":[[370908.06884,2837476.19637]]}},{"type":"Feature","properties":{"UBI":"Av. Junco de la Vega","PROYE":null,"NOMCIEN":null,"NOMBRE":"Árbol nuevo","OBJECTID":484,"FECHA LEV":2024,"NOMCOM":null,"ORIGEN":null,"SALUD":null,"ACCESO":null,"ACCESIBIL":null,"COLONIA":null,"LAT":null,"LONG":null,"DAP":null,"ALTURA":null,"TRONCO":null,"CFE":null},"geometry":{"type":"MultiPoint","coordinates":[[370916.99084,2837464.47921]]}},{"type":"Feature","properties":{"UBI":"Av. Junco de la Vega","PROYE":null,"NOMCIEN":null,"NOMBRE":"Árbol nuevo","OBJECTID":485,"FECHA LEV":2024,"NOMCOM":null,"ORIGEN":null,"SALUD":null,"ACCESO":null,"ACCESIBIL":null,"COLONIA":null,"LAT":null,"LONG":null,"DAP":null,"ALTURA":null,"TRONCO":null,"CFE":null},"geometry":{"type":"MultiPoint","coordinates":[[370923.24803,2837454.08059]]}},{"type":"Feature","properties":{"UBI":"Av. Junco de la Vega","PROYE":null,"NOMCIEN":null,"NOMBRE":"Árbol nuevo","OBJECTID":486,"FECHA LEV":2024,"NOMCOM":null,"ORIGEN":null,"SALUD":null,"ACCESO":null,"ACCESIBIL":null,"COLONIA":null,"LAT":null,"LONG":null,"DAP":null,"ALTURA":null,"TRONCO":null,"CFE":null},"geometry":{"type":"MultiPoint","coordinates":[[370931.20921,2837446.80342]]}},{"type":"Feature","properties":{"UBI":"Av. Junco de la Vega","PROYE":null,"NOMCIEN":null,"NOMBRE":"Árbol nuevo","OBJECTID":487,"FECHA LEV":2024,"NOMCOM":null,"ORIGEN":null,"SALUD":null,"ACCESO":null,"ACCESIBIL":null,"COLONIA":null,"LAT":null,"LONG":null,"DAP":null,"ALTURA":null,"TRONCO":null,"CFE":null},"geometry":{"type":"MultiPoint","coordinates":[[370938.61106,2837433.62453]]}},{"type":"Feature","properties":{"UBI":"Av. Junco de la Vega","PROYE":null,"NOMCIEN":null,"NOMBRE":"Árbol nuevo","OBJECTID":488,"FECHA LEV":2024,"NOMCOM":null,"ORIGEN":null,"SALUD":null,"ACCESO":null,"ACCESIBIL":null,"COLONIA":null,"LAT":null,"LONG":null,"DAP":null,"ALTURA":null,"TRONCO":null,"CFE":null},"geometry":{"type":"MultiPoint","coordinates":[[370946.89142,2837424.68278]]}},{"type":"Feature","properties":{"UBI":"Av. Junco de la Vega","PROYE":null,"NOMCIEN":null,"NOMBRE":"Árbol nuevo","OBJECTID":489,"FECHA LEV":2024,"NOMCOM":null,"ORIGEN":null,"SALUD":null,"ACCESO":null,"ACCESIBIL":null,"COLONIA":null,"LAT":null,"LONG":null,"DAP":null,"ALTURA":null,"TRONCO":null,"CFE":null},"geometry":{"type":"MultiPoint","coordinates":[[370951.50027,2837416.88436]]}},{"type":"Feature","properties":{"UBI":"Playa de Hornos","PROYE":null,"NOMCIEN":null,"NOMBRE":"Árbol nuevo","OBJECTID":490,"FECHA LEV":2024,"NOMCOM":null,"ORIGEN":null,"SALUD":null,"ACCESO":null,"ACCESIBIL":null,"COLONIA":null,"LAT":null,"LONG":null,"DAP":null,"ALTURA":null,"TRONCO":null,"CFE":null},"geometry":{"type":"MultiPoint","coordinates":[[370968.71078,2837414.31688]]}},{"type":"Feature","properties":{"UBI":"Av. Junco de la Vega","PROYE":null,"NOMCIEN":null,"NOMBRE":"Árbol nuevo","OBJECTID":491,"FECHA LEV":2024,"NOMCOM":null,"ORIGEN":null,"SALUD":null,"ACCESO":null,"ACCESIBIL":null,"COLONIA":null,"LAT":null,"LONG":null,"DAP":null,"ALTURA":null,"TRONCO":null,"CFE":null},"geometry":{"type":"MultiPoint","coordinates":[[370969.1975,2837395.48188]]}},{"type":"Feature","properties":{"UBI":"Av. Junco de la Vega","PROYE":null,"NOMCIEN":null,"NOMBRE":"Árbol nuevo","OBJECTID":492,"FECHA LEV":2024,"NOMCOM":null,"ORIGEN":null,"SALUD":null,"ACCESO":null,"ACCESIBIL":null,"COLONIA":null,"LAT":null,"LONG":null,"DAP":null,"ALTURA":null,"TRONCO":null,"CFE":null},"geometry":{"type":"MultiPoint","coordinates":[[370974.34239,2837391.18624]]}},{"type":"Feature","properties":{"UBI":"Av. Junco de la Vega","PROYE":null,"NOMCIEN":null,"NOMBRE":"Árbol nuevo","OBJECTID":493,"FECHA LEV":2024,"NOMCOM":null,"ORIGEN":null,"SALUD":null,"ACCESO":null,"ACCESIBIL":null,"COLONIA":null,"LAT":null,"LONG":null,"DAP":null,"ALTURA":null,"TRONCO":null,"CFE":null},"geometry":{"type":"MultiPoint","coordinates":[[370979.77417,2837381.90222]]}},{"type":"Feature","properties":{"UBI":"Av. Junco de la Vega","PROYE":null,"NOMCIEN":null,"NOMBRE":"Árbol nuevo","OBJECTID":494,"FECHA LEV":2024,"NOMCOM":null,"ORIGEN":null,"SALUD":null,"ACCESO":null,"ACCESIBIL":null,"COLONIA":null,"LAT":null,"LONG":null,"DAP":null,"ALTURA":null,"TRONCO":null,"CFE":null},"geometry":{"type":"MultiPoint","coordinates":[[370984.41274,2837377.05767]]}},{"type":"Feature","properties":{"UBI":"Av. Junco de la Vega","PROYE":null,"NOMCIEN":null,"NOMBRE":"Árbol nuevo","OBJECTID":495,"FECHA LEV":2024,"NOMCOM":null,"ORIGEN":null,"SALUD":null,"ACCESO":null,"ACCESIBIL":null,"COLONIA":null,"LAT":null,"LONG":null,"DAP":null,"ALTURA":null,"TRONCO":null,"CFE":null},"geometry":{"type":"MultiPoint","coordinates":[[370987.73004,2837374.07131]]}},{"type":"Feature","properties":{"UBI":"Av. Junco de la Vega","PROYE":null,"NOMCIEN":null,"NOMBRE":"Árbol nuevo","OBJECTID":496,"FECHA LEV":2024,"NOMCOM":null,"ORIGEN":null,"SALUD":null,"ACCESO":null,"ACCESIBIL":null,"COLONIA":null,"LAT":null,"LONG":null,"DAP":null,"ALTURA":null,"TRONCO":null,"CFE":null},"geometry":{"type":"MultiPoint","coordinates":[[371004.0649,2837350.28292]]}},{"type":"Feature","properties":{"UBI":"Av. Junco de la Vega","PROYE":null,"NOMCIEN":null,"NOMBRE":"Árbol nuevo","OBJECTID":497,"FECHA LEV":2024,"NOMCOM":null,"ORIGEN":null,"SALUD":null,"ACCESO":null,"ACCESIBIL":null,"COLONIA":null,"LAT":null,"LONG":null,"DAP":null,"ALTURA":null,"TRONCO":null,"CFE":null},"geometry":{"type":"MultiPoint","coordinates":[[371008.8568,2837343.95926]]}},{"type":"Feature","properties":{"UBI":"Av. Junco de la Vega","PROYE":null,"NOMCIEN":null,"NOMBRE":"Árbol nuevo","OBJECTID":498,"FECHA LEV":2024,"NOMCOM":null,"ORIGEN":null,"SALUD":null,"ACCESO":null,"ACCESIBIL":null,"COLONIA":null,"LAT":null,"LONG":null,"DAP":null,"ALTURA":null,"TRONCO":null,"CFE":null},"geometry":{"type":"MultiPoint","coordinates":[[371014.99666,2837338.73129]]}},{"type":"Feature","properties":{"UBI":"Av. Junco de la Vega","PROYE":null,"NOMCIEN":null,"NOMBRE":"Árbol nuevo","OBJECTID":499,"FECHA LEV":2024,"NOMCOM":null,"ORIGEN":null,"SALUD":null,"ACCESO":null,"ACCESIBIL":null,"COLONIA":null,"LAT":null,"LONG":null,"DAP":null,"ALTURA":null,"TRONCO":null,"CFE":null},"geometry":{"type":"MultiPoint","coordinates":[[371019.28304,2837332.0437]]}},{"type":"Feature","properties":{"UBI":"Av. Junco de la Vega","PROYE":null,"NOMCIEN":null,"NOMBRE":"Árbol nuevo","OBJECTID":500,"FECHA LEV":2024,"NOMCOM":null,"ORIGEN":null,"SALUD":null,"ACCESO":null,"ACCESIBIL":null,"COLONIA":null,"LAT":null,"LONG":null,"DAP":null,"ALTURA":null,"TRONCO":null,"CFE":null},"geometry":{"type":"MultiPoint","coordinates":[[370867.16829,2837640.89811]]}},{"type":"Feature","properties":{"UBI":"Av. Junco de la Vega","PROYE":null,"NOMCIEN":null,"NOMBRE":"Árbol nuevo","OBJECTID":501,"FECHA LEV":2024,"NOMCOM":null,"ORIGEN":null,"SALUD":null,"ACCESO":null,"ACCESIBIL":null,"COLONIA":null,"LAT":null,"LONG":null,"DAP":null,"ALTURA":null,"TRONCO":null,"CFE":null},"geometry":{"type":"MultiPoint","coordinates":[[370859.33981,2837644.66606]]}},{"type":"Feature","properties":{"UBI":"Av. Junco de la Vega","PROYE":null,"NOMCIEN":null,"NOMBRE":"Árbol nuevo","OBJECTID":502,"FECHA LEV":2024,"NOMCOM":null,"ORIGEN":null,"SALUD":null,"ACCESO":null,"ACCESIBIL":null,"COLONIA":null,"LAT":null,"LONG":null,"DAP":null,"ALTURA":null,"TRONCO":null,"CFE":null},"geometry":{"type":"MultiPoint","coordinates":[[370859.3793,2837648.72748]]}},{"type":"Feature","properties":{"UBI":"Av. Junco de la Vega","PROYE":null,"NOMCIEN":null,"NOMBRE":"Árbol nuevo","OBJECTID":503,"FECHA LEV":2024,"NOMCOM":null,"ORIGEN":null,"SALUD":null,"ACCESO":null,"ACCESIBIL":null,"COLONIA":null,"LAT":null,"LONG":null,"DAP":null,"ALTURA":null,"TRONCO":null,"CFE":null},"geometry":{"type":"MultiPoint","coordinates":[[370855.68832,2837647.6557]]}},{"type":"Feature","properties":{"UBI":"Av. Junco de la Vega","PROYE":null,"NOMCIEN":null,"NOMBRE":"Árbol nuevo","OBJECTID":504,"FECHA LEV":2024,"NOMCOM":null,"ORIGEN":null,"SALUD":null,"ACCESO":null,"ACCESIBIL":null,"COLONIA":null,"LAT":null,"LONG":null,"DAP":null,"ALTURA":null,"TRONCO":null,"CFE":null},"geometry":{"type":"MultiPoint","coordinates":[[370856.58198,2837653.55418]]}},{"type":"Feature","properties":{"UBI":"Av. Junco de la Vega","PROYE":null,"NOMCIEN":null,"NOMBRE":"Árbol nuevo","OBJECTID":505,"FECHA LEV":2024,"NOMCOM":null,"ORIGEN":null,"SALUD":null,"ACCESO":null,"ACCESIBIL":null,"COLONIA":null,"LAT":null,"LONG":null,"DAP":null,"ALTURA":null,"TRONCO":null,"CFE":null},"geometry":{"type":"MultiPoint","coordinates":[[370851.87715,2837651.56957]]}},{"type":"Feature","properties":{"UBI":"Av. Junco de la Vega","PROYE":null,"NOMCIEN":null,"NOMBRE":"Árbol nuevo","OBJECTID":506,"FECHA LEV":2024,"NOMCOM":null,"ORIGEN":null,"SALUD":null,"ACCESO":null,"ACCESIBIL":null,"COLONIA":null,"LAT":null,"LONG":null,"DAP":null,"ALTURA":null,"TRONCO":null,"CFE":null},"geometry":{"type":"MultiPoint","coordinates":[[370851.78947,2837659.69293]]}},{"type":"Feature","properties":{"UBI":"Av. Junco de la Vega","PROYE":null,"NOMCIEN":null,"NOMBRE":"Árbol nuevo","OBJECTID":507,"FECHA LEV":2024,"NOMCOM":null,"ORIGEN":null,"SALUD":null,"ACCESO":null,"ACCESIBIL":null,"COLONIA":null,"LAT":null,"LONG":null,"DAP":null,"ALTURA":null,"TRONCO":null,"CFE":null},"geometry":{"type":"MultiPoint","coordinates":[[370847.93703,2837659.36153]]}},{"type":"Feature","properties":{"UBI":"Av. Junco de la Vega","PROYE":null,"NOMCIEN":null,"NOMBRE":"Árbol nuevo","OBJECTID":508,"FECHA LEV":2024,"NOMCOM":null,"ORIGEN":null,"SALUD":null,"ACCESO":null,"ACCESIBIL":null,"COLONIA":null,"LAT":null,"LONG":null,"DAP":null,"ALTURA":null,"TRONCO":null,"CFE":null},"geometry":{"type":"MultiPoint","coordinates":[[370848.81015,2837663.04489]]}},{"type":"Feature","properties":{"UBI":"Av. Junco de la Vega","PROYE":null,"NOMCIEN":null,"NOMBRE":"Árbol nuevo","OBJECTID":509,"FECHA LEV":2024,"NOMCOM":null,"ORIGEN":null,"SALUD":null,"ACCESO":null,"ACCESIBIL":null,"COLONIA":null,"LAT":null,"LONG":null,"DAP":null,"ALTURA":null,"TRONCO":null,"CFE":null},"geometry":{"type":"MultiPoint","coordinates":[[370843.09069,2837659.96249]]}},{"type":"Feature","properties":{"UBI":"Av. Junco de la Vega","PROYE":null,"NOMCIEN":null,"NOMBRE":"Árbol nuevo","OBJECTID":510,"FECHA LEV":2024,"NOMCOM":null,"ORIGEN":null,"SALUD":null,"ACCESO":null,"ACCESIBIL":null,"COLONIA":null,"LAT":null,"LONG":null,"DAP":null,"ALTURA":null,"TRONCO":null,"CFE":null},"geometry":{"type":"MultiPoint","coordinates":[[370844.82517,2837666.22165]]}},{"type":"Feature","properties":{"UBI":"Av. Junco de la Vega","PROYE":null,"NOMCIEN":null,"NOMBRE":"Árbol nuevo","OBJECTID":511,"FECHA LEV":2024,"NOMCOM":null,"ORIGEN":null,"SALUD":null,"ACCESO":null,"ACCESIBIL":null,"COLONIA":null,"LAT":null,"LONG":null,"DAP":null,"ALTURA":null,"TRONCO":null,"CFE":null},"geometry":{"type":"MultiPoint","coordinates":[[370840.6492,2837667.00106]]}},{"type":"Feature","properties":{"UBI":"Av. Junco de la Vega","PROYE":null,"NOMCIEN":null,"NOMBRE":"Árbol nuevo","OBJECTID":512,"FECHA LEV":2024,"NOMCOM":null,"ORIGEN":null,"SALUD":null,"ACCESO":null,"ACCESIBIL":null,"COLONIA":null,"LAT":null,"LONG":null,"DAP":null,"ALTURA":null,"TRONCO":null,"CFE":null},"geometry":{"type":"MultiPoint","coordinates":[[370833.24041,2837679.44239]]}},{"type":"Feature","properties":{"UBI":"Av. Junco de la Vega","PROYE":null,"NOMCIEN":null,"NOMBRE":"Árbol nuevo","OBJECTID":513,"FECHA LEV":2024,"NOMCOM":null,"ORIGEN":null,"SALUD":null,"ACCESO":null,"ACCESIBIL":null,"COLONIA":null,"LAT":null,"LONG":null,"DAP":null,"ALTURA":null,"TRONCO":null,"CFE":null},"geometry":{"type":"MultiPoint","coordinates":[[370827.69577,2837677.096]]}},{"type":"Feature","properties":{"UBI":"Av. Junco de la Vega","PROYE":null,"NOMCIEN":null,"NOMBRE":"Árbol nuevo","OBJECTID":514,"FECHA LEV":2024,"NOMCOM":null,"ORIGEN":null,"SALUD":null,"ACCESO":null,"ACCESIBIL":null,"COLONIA":null,"LAT":null,"LONG":null,"DAP":null,"ALTURA":null,"TRONCO":null,"CFE":null},"geometry":{"type":"MultiPoint","coordinates":[[370827.4261,2837683.74461]]}},{"type":"Feature","properties":{"UBI":"Av. Junco de la Vega","PROYE":null,"NOMCIEN":null,"NOMBRE":"Árbol nuevo","OBJECTID":515,"FECHA LEV":2024,"NOMCOM":null,"ORIGEN":null,"SALUD":null,"ACCESO":null,"ACCESIBIL":null,"COLONIA":null,"LAT":null,"LONG":null,"DAP":null,"ALTURA":null,"TRONCO":null,"CFE":null},"geometry":{"type":"MultiPoint","coordinates":[[370822.88893,2837681.75838]]}},{"type":"Feature","properties":{"UBI":"Av. Junco de la Vega","PROYE":null,"NOMCIEN":null,"NOMBRE":"Árbol nuevo","OBJECTID":516,"FECHA LEV":2024,"NOMCOM":null,"ORIGEN":null,"SALUD":null,"ACCESO":null,"ACCESIBIL":null,"COLONIA":null,"LAT":null,"LONG":null,"DAP":null,"ALTURA":null,"TRONCO":null,"CFE":null},"geometry":{"type":"MultiPoint","coordinates":[[370823.29143,2837688.7693]]}},{"type":"Feature","properties":{"UBI":"Av. Junco de la Vega","PROYE":null,"NOMCIEN":null,"NOMBRE":"Árbol nuevo","OBJECTID":517,"FECHA LEV":2024,"NOMCOM":null,"ORIGEN":null,"SALUD":null,"ACCESO":null,"ACCESIBIL":null,"COLONIA":null,"LAT":null,"LONG":null,"DAP":null,"ALTURA":null,"TRONCO":null,"CFE":null},"geometry":{"type":"MultiPoint","coordinates":[[370819.97066,2837691.38578]]}},{"type":"Feature","properties":{"UBI":"Av. Junco de la Vega","PROYE":null,"NOMCIEN":null,"NOMBRE":"Árbol nuevo","OBJECTID":518,"FECHA LEV":2024,"NOMCOM":null,"ORIGEN":null,"SALUD":null,"ACCESO":null,"ACCESIBIL":null,"COLONIA":null,"LAT":null,"LONG":null,"DAP":null,"ALTURA":null,"TRONCO":null,"CFE":null},"geometry":{"type":"MultiPoint","coordinates":[[370820.24212,2837684.92213]]}},{"type":"Feature","properties":{"UBI":"Av. Junco de la Vega","PROYE":null,"NOMCIEN":null,"NOMBRE":"Árbol nuevo","OBJECTID":519,"FECHA LEV":2024,"NOMCOM":null,"ORIGEN":null,"SALUD":null,"ACCESO":null,"ACCESIBIL":null,"COLONIA":null,"LAT":null,"LONG":null,"DAP":null,"ALTURA":null,"TRONCO":null,"CFE":null},"geometry":{"type":"MultiPoint","coordinates":[[370813.60135,2837690.34006]]}},{"type":"Feature","properties":{"UBI":"Av. Junco de la Vega","PROYE":null,"NOMCIEN":null,"NOMBRE":"Árbol nuevo","OBJECTID":520,"FECHA LEV":2024,"NOMCOM":null,"ORIGEN":null,"SALUD":null,"ACCESO":null,"ACCESIBIL":null,"COLONIA":null,"LAT":null,"LONG":null,"DAP":null,"ALTURA":null,"TRONCO":null,"CFE":null},"geometry":{"type":"MultiPoint","coordinates":[[370815.15205,2837694.94061]]}},{"type":"Feature","properties":{"UBI":"Av. Junco de la Vega","PROYE":null,"NOMCIEN":null,"NOMBRE":"Árbol nuevo","OBJECTID":521,"FECHA LEV":2024,"NOMCOM":null,"ORIGEN":null,"SALUD":null,"ACCESO":null,"ACCESIBIL":null,"COLONIA":null,"LAT":null,"LONG":null,"DAP":null,"ALTURA":null,"TRONCO":null,"CFE":null},"geometry":{"type":"MultiPoint","coordinates":[[370808.78914,2837694.44867]]}},{"type":"Feature","properties":{"UBI":"Av. Junco de la Vega","PROYE":null,"NOMCIEN":null,"NOMBRE":"Árbol nuevo","OBJECTID":522,"FECHA LEV":2024,"NOMCOM":null,"ORIGEN":null,"SALUD":null,"ACCESO":null,"ACCESIBIL":null,"COLONIA":null,"LAT":null,"LONG":null,"DAP":null,"ALTURA":null,"TRONCO":null,"CFE":null},"geometry":{"type":"MultiPoint","coordinates":[[370807.3336,2837699.63229]]}},{"type":"Feature","properties":{"UBI":"Av. Junco de la Vega","PROYE":null,"NOMCIEN":null,"NOMBRE":"Árbol nuevo","OBJECTID":523,"FECHA LEV":2024,"NOMCOM":null,"ORIGEN":null,"SALUD":null,"ACCESO":null,"ACCESIBIL":null,"COLONIA":null,"LAT":null,"LONG":null,"DAP":null,"ALTURA":null,"TRONCO":null,"CFE":null},"geometry":{"type":"MultiPoint","coordinates":[[370802.49087,2837700.60208]]}},{"type":"Feature","properties":{"UBI":"Av. Junco de la Vega","PROYE":null,"NOMCIEN":null,"NOMBRE":"Árbol nuevo","OBJECTID":524,"FECHA LEV":2024,"NOMCOM":null,"ORIGEN":null,"SALUD":null,"ACCESO":null,"ACCESIBIL":null,"COLONIA":null,"LAT":null,"LONG":null,"DAP":null,"ALTURA":null,"TRONCO":null,"CFE":null},"geometry":{"type":"MultiPoint","coordinates":[[370802.52857,2837704.47854]]}},{"type":"Feature","properties":{"UBI":"Av. Junco de la Vega","PROYE":null,"NOMCIEN":null,"NOMBRE":"Árbol nuevo","OBJECTID":525,"FECHA LEV":2024,"NOMCOM":null,"ORIGEN":null,"SALUD":null,"ACCESO":null,"ACCESIBIL":null,"COLONIA":null,"LAT":null,"LONG":null,"DAP":null,"ALTURA":null,"TRONCO":null,"CFE":null},"geometry":{"type":"MultiPoint","coordinates":[[370797.99499,2837702.86114]]}},{"type":"Feature","properties":{"UBI":"Av. Junco de la Vega","PROYE":null,"NOMCIEN":null,"NOMBRE":"Árbol nuevo","OBJECTID":526,"FECHA LEV":2024,"NOMCOM":null,"ORIGEN":null,"SALUD":null,"ACCESO":null,"ACCESIBIL":null,"COLONIA":null,"LAT":null,"LONG":null,"DAP":null,"ALTURA":null,"TRONCO":null,"CFE":null},"geometry":{"type":"MultiPoint","coordinates":[[370798.71563,2837708.20747]]}},{"type":"Feature","properties":{"UBI":"Av. Junco de la Vega","PROYE":null,"NOMCIEN":null,"NOMBRE":"Árbol nuevo","OBJECTID":527,"FECHA LEV":2024,"NOMCOM":null,"ORIGEN":null,"SALUD":null,"ACCESO":null,"ACCESIBIL":null,"COLONIA":null,"LAT":null,"LONG":null,"DAP":null,"ALTURA":null,"TRONCO":null,"CFE":null},"geometry":{"type":"MultiPoint","coordinates":[[370795.18772,2837706.76527]]}},{"type":"Feature","properties":{"UBI":"Av. Junco de la Vega","PROYE":null,"NOMCIEN":null,"NOMBRE":"Árbol nuevo","OBJECTID":528,"FECHA LEV":2024,"NOMCOM":null,"ORIGEN":null,"SALUD":null,"ACCESO":null,"ACCESIBIL":null,"COLONIA":null,"LAT":null,"LONG":null,"DAP":null,"ALTURA":null,"TRONCO":null,"CFE":null},"geometry":{"type":"MultiPoint","coordinates":[[370793.57811,2837713.24193]]}},{"type":"Feature","properties":{"UBI":"Av. Junco de la Vega","PROYE":null,"NOMCIEN":null,"NOMBRE":"Árbol nuevo","OBJECTID":529,"FECHA LEV":2024,"NOMCOM":null,"ORIGEN":null,"SALUD":null,"ACCESO":null,"ACCESIBIL":null,"COLONIA":null,"LAT":null,"LONG":null,"DAP":null,"ALTURA":null,"TRONCO":null,"CFE":null},"geometry":{"type":"MultiPoint","coordinates":[[370788.90203,2837714.21121]]}},{"type":"Feature","properties":{"UBI":"Av. Junco de la Vega","PROYE":null,"NOMCIEN":null,"NOMBRE":"Árbol nuevo","OBJECTID":530,"FECHA LEV":2024,"NOMCOM":null,"ORIGEN":null,"SALUD":null,"ACCESO":null,"ACCESIBIL":null,"COLONIA":null,"LAT":null,"LONG":null,"DAP":null,"ALTURA":null,"TRONCO":null,"CFE":null},"geometry":{"type":"MultiPoint","coordinates":[[370788.61084,2837718.6447]]}},{"type":"Feature","properties":{"UBI":"Av. Junco de la Vega","PROYE":null,"NOMCIEN":null,"NOMBRE":"Árbol nuevo","OBJECTID":531,"FECHA LEV":2024,"NOMCOM":null,"ORIGEN":null,"SALUD":null,"ACCESO":null,"ACCESIBIL":null,"COLONIA":null,"LAT":null,"LONG":null,"DAP":null,"ALTURA":null,"TRONCO":null,"CFE":null},"geometry":{"type":"MultiPoint","coordinates":[[370783.73837,2837716.66064]]}},{"type":"Feature","properties":{"UBI":"Av. Junco de la Vega","PROYE":null,"NOMCIEN":null,"NOMBRE":"Árbol nuevo","OBJECTID":532,"FECHA LEV":2024,"NOMCOM":null,"ORIGEN":null,"SALUD":null,"ACCESO":null,"ACCESIBIL":null,"COLONIA":null,"LAT":null,"LONG":null,"DAP":null,"ALTURA":null,"TRONCO":null,"CFE":null},"geometry":{"type":"MultiPoint","coordinates":[[370783.30647,2837723.86466]]}},{"type":"Feature","properties":{"UBI":"Av. Junco de la Vega","PROYE":null,"NOMCIEN":null,"NOMBRE":"Árbol nuevo","OBJECTID":533,"FECHA LEV":2024,"NOMCOM":null,"ORIGEN":null,"SALUD":null,"ACCESO":null,"ACCESIBIL":null,"COLONIA":null,"LAT":null,"LONG":null,"DAP":null,"ALTURA":null,"TRONCO":null,"CFE":null},"geometry":{"type":"MultiPoint","coordinates":[[370777.78878,2837724.2883]]}},{"type":"Feature","properties":{"UBI":"Av. Junco de la Vega","PROYE":null,"NOMCIEN":null,"NOMBRE":"Árbol nuevo","OBJECTID":534,"FECHA LEV":2024,"NOMCOM":null,"ORIGEN":null,"SALUD":null,"ACCESO":null,"ACCESIBIL":null,"COLONIA":null,"LAT":null,"LONG":null,"DAP":null,"ALTURA":null,"TRONCO":null,"CFE":null},"geometry":{"type":"MultiPoint","coordinates":[[370774.16964,2837730.59953]]}},{"type":"Feature","properties":{"UBI":"Av. Junco de la Vega","PROYE":null,"NOMCIEN":null,"NOMBRE":"Árbol nuevo","OBJECTID":535,"FECHA LEV":2024,"NOMCOM":null,"ORIGEN":null,"SALUD":null,"ACCESO":null,"ACCESIBIL":null,"COLONIA":null,"LAT":null,"LONG":null,"DAP":null,"ALTURA":null,"TRONCO":null,"CFE":null},"geometry":{"type":"MultiPoint","coordinates":[[370772.14395,2837728.77387]]}},{"type":"Feature","properties":{"UBI":"Av. Junco de la Vega","PROYE":null,"NOMCIEN":null,"NOMBRE":"Árbol nuevo","OBJECTID":536,"FECHA LEV":2024,"NOMCOM":null,"ORIGEN":null,"SALUD":null,"ACCESO":null,"ACCESIBIL":null,"COLONIA":null,"LAT":null,"LONG":null,"DAP":null,"ALTURA":null,"TRONCO":null,"CFE":null},"geometry":{"type":"MultiPoint","coordinates":[[370772.3537,2837733.20249]]}},{"type":"Feature","properties":{"UBI":"Av. Junco de la Vega","PROYE":null,"NOMCIEN":null,"NOMBRE":"Árbol nuevo","OBJECTID":537,"FECHA LEV":2024,"NOMCOM":null,"ORIGEN":null,"SALUD":null,"ACCESO":null,"ACCESIBIL":null,"COLONIA":null,"LAT":null,"LONG":null,"DAP":null,"ALTURA":null,"TRONCO":null,"CFE":null},"geometry":{"type":"MultiPoint","coordinates":[[370770.88739,2837737.27745]]}},{"type":"Feature","properties":{"UBI":"Av. Junco de la Vega","PROYE":null,"NOMCIEN":null,"NOMBRE":"Árbol nuevo","OBJECTID":538,"FECHA LEV":2024,"NOMCOM":null,"ORIGEN":null,"SALUD":null,"ACCESO":null,"ACCESIBIL":null,"COLONIA":null,"LAT":null,"LONG":null,"DAP":null,"ALTURA":null,"TRONCO":null,"CFE":null},"geometry":{"type":"MultiPoint","coordinates":[[370769.23291,2837739.14003]]}},{"type":"Feature","properties":{"UBI":"Av. Junco de la Vega","PROYE":null,"NOMCIEN":null,"NOMBRE":"Árbol nuevo","OBJECTID":539,"FECHA LEV":2024,"NOMCOM":null,"ORIGEN":null,"SALUD":null,"ACCESO":null,"ACCESIBIL":null,"COLONIA":null,"LAT":null,"LONG":null,"DAP":null,"ALTURA":null,"TRONCO":null,"CFE":null},"geometry":{"type":"MultiPoint","coordinates":[[370762.85644,2837737.35559]]}},{"type":"Feature","properties":{"UBI":"Av. Junco de la Vega","PROYE":null,"NOMCIEN":null,"NOMBRE":"Árbol nuevo","OBJECTID":540,"FECHA LEV":2024,"NOMCOM":null,"ORIGEN":null,"SALUD":null,"ACCESO":null,"ACCESIBIL":null,"COLONIA":null,"LAT":null,"LONG":null,"DAP":null,"ALTURA":null,"TRONCO":null,"CFE":null},"geometry":{"type":"MultiPoint","coordinates":[[370759.89333,2837742.36891]]}},{"type":"Feature","properties":{"UBI":"Av. Junco de la Vega","PROYE":null,"NOMCIEN":null,"NOMBRE":"Árbol nuevo","OBJECTID":541,"FECHA LEV":2024,"NOMCOM":null,"ORIGEN":null,"SALUD":null,"ACCESO":null,"ACCESIBIL":null,"COLONIA":null,"LAT":null,"LONG":null,"DAP":null,"ALTURA":null,"TRONCO":null,"CFE":null},"geometry":{"type":"MultiPoint","coordinates":[[370764.22973,2837740.8502]]}},{"type":"Feature","properties":{"UBI":"Av. Junco de la Vega","PROYE":null,"NOMCIEN":null,"NOMBRE":"Árbol nuevo","OBJECTID":542,"FECHA LEV":2024,"NOMCOM":null,"ORIGEN":null,"SALUD":null,"ACCESO":null,"ACCESIBIL":null,"COLONIA":null,"LAT":null,"LONG":null,"DAP":null,"ALTURA":null,"TRONCO":null,"CFE":null},"geometry":{"type":"MultiPoint","coordinates":[[370759.08226,2837744.96209]]}},{"type":"Feature","properties":{"UBI":"Av. Junco de la Vega","PROYE":null,"NOMCIEN":null,"NOMBRE":"Árbol nuevo","OBJECTID":543,"FECHA LEV":2024,"NOMCOM":null,"ORIGEN":null,"SALUD":null,"ACCESO":null,"ACCESIBIL":null,"COLONIA":null,"LAT":null,"LONG":null,"DAP":null,"ALTURA":null,"TRONCO":null,"CFE":null},"geometry":{"type":"MultiPoint","coordinates":[[370758.40729,2837744.41483]]}},{"type":"Feature","properties":{"UBI":"Av. Junco de la Vega","PROYE":null,"NOMCIEN":null,"NOMBRE":"Árbol nuevo","OBJECTID":544,"FECHA LEV":2024,"NOMCOM":null,"ORIGEN":null,"SALUD":null,"ACCESO":null,"ACCESIBIL":null,"COLONIA":null,"LAT":null,"LONG":null,"DAP":null,"ALTURA":null,"TRONCO":null,"CFE":null},"geometry":{"type":"MultiPoint","coordinates":[[370757.61596,2837749.03706]]}},{"type":"Feature","properties":{"UBI":"Av. Junco de la Vega","PROYE":null,"NOMCIEN":null,"NOMBRE":"Árbol nuevo","OBJECTID":545,"FECHA LEV":2024,"NOMCOM":null,"ORIGEN":null,"SALUD":null,"ACCESO":null,"ACCESIBIL":null,"COLONIA":null,"LAT":null,"LONG":null,"DAP":null,"ALTURA":null,"TRONCO":null,"CFE":null},"geometry":{"type":"MultiPoint","coordinates":[[370753.42566,2837748.34012]]}},{"type":"Feature","properties":{"UBI":"Av. Junco de la Vega","PROYE":null,"NOMCIEN":null,"NOMBRE":"Árbol nuevo","OBJECTID":546,"FECHA LEV":2024,"NOMCOM":null,"ORIGEN":null,"SALUD":null,"ACCESO":null,"ACCESIBIL":null,"COLONIA":null,"LAT":null,"LONG":null,"DAP":null,"ALTURA":null,"TRONCO":null,"CFE":null},"geometry":{"type":"MultiPoint","coordinates":[[370752.15217,2837754.9985]]}},{"type":"Feature","properties":{"UBI":"Av. Junco de la Vega","PROYE":null,"NOMCIEN":null,"NOMBRE":"Árbol nuevo","OBJECTID":547,"FECHA LEV":2024,"NOMCOM":null,"ORIGEN":null,"SALUD":null,"ACCESO":null,"ACCESIBIL":null,"COLONIA":null,"LAT":null,"LONG":null,"DAP":null,"ALTURA":null,"TRONCO":null,"CFE":null},"geometry":{"type":"MultiPoint","coordinates":[[370747.70122,2837761.87167]]}},{"type":"Feature","properties":{"UBI":"Av. Junco de la Vega","PROYE":null,"NOMCIEN":null,"NOMBRE":"Árbol nuevo","OBJECTID":548,"FECHA LEV":2024,"NOMCOM":null,"ORIGEN":null,"SALUD":null,"ACCESO":null,"ACCESIBIL":null,"COLONIA":null,"LAT":null,"LONG":null,"DAP":null,"ALTURA":null,"TRONCO":null,"CFE":null},"geometry":{"type":"MultiPoint","coordinates":[[370740.38657,2837766.74347]]}},{"type":"Feature","properties":{"UBI":"Av. Junco de la Vega","PROYE":null,"NOMCIEN":null,"NOMBRE":"Árbol nuevo","OBJECTID":549,"FECHA LEV":2024,"NOMCOM":null,"ORIGEN":null,"SALUD":null,"ACCESO":null,"ACCESIBIL":null,"COLONIA":null,"LAT":null,"LONG":null,"DAP":null,"ALTURA":null,"TRONCO":null,"CFE":null},"geometry":{"type":"MultiPoint","coordinates":[[370734.57491,2837771.41456]]}},{"type":"Feature","properties":{"UBI":"Av. Junco de la Vega","PROYE":null,"NOMCIEN":null,"NOMBRE":"Árbol nuevo","OBJECTID":550,"FECHA LEV":2024,"NOMCOM":null,"ORIGEN":null,"SALUD":null,"ACCESO":null,"ACCESIBIL":null,"COLONIA":null,"LAT":null,"LONG":null,"DAP":null,"ALTURA":null,"TRONCO":null,"CFE":null},"geometry":{"type":"MultiPoint","coordinates":[[370729.11293,2837777.55987]]}},{"type":"Feature","properties":{"UBI":"Av. Junco de la Vega","PROYE":null,"NOMCIEN":null,"NOMBRE":"Árbol nuevo","OBJECTID":551,"FECHA LEV":2024,"NOMCOM":null,"ORIGEN":null,"SALUD":null,"ACCESO":null,"ACCESIBIL":null,"COLONIA":null,"LAT":null,"LONG":null,"DAP":null,"ALTURA":null,"TRONCO":null,"CFE":null},"geometry":{"type":"MultiPoint","coordinates":[[370721.98211,2837784.09139]]}},{"type":"Feature","properties":{"UBI":"Av. Junco de la Vega","PROYE":null,"NOMCIEN":null,"NOMBRE":"Árbol nuevo","OBJECTID":552,"FECHA LEV":2024,"NOMCOM":null,"ORIGEN":null,"SALUD":null,"ACCESO":null,"ACCESIBIL":null,"COLONIA":null,"LAT":null,"LONG":null,"DAP":null,"ALTURA":null,"TRONCO":null,"CFE":null},"geometry":{"type":"MultiPoint","coordinates":[[370716.92684,2837780.44764]]}},{"type":"Feature","properties":{"UBI":"Av. Junco de la Vega","PROYE":null,"NOMCIEN":null,"NOMBRE":"Árbol nuevo","OBJECTID":553,"FECHA LEV":2024,"NOMCOM":null,"ORIGEN":null,"SALUD":null,"ACCESO":null,"ACCESIBIL":null,"COLONIA":null,"LAT":null,"LONG":null,"DAP":null,"ALTURA":null,"TRONCO":null,"CFE":null},"geometry":{"type":"MultiPoint","coordinates":[[370716.47342,2837785.43655]]}},{"type":"Feature","properties":{"UBI":"Av. Junco de la Vega","PROYE":null,"NOMCIEN":null,"NOMBRE":"Árbol nuevo","OBJECTID":554,"FECHA LEV":2024,"NOMCOM":null,"ORIGEN":null,"SALUD":null,"ACCESO":null,"ACCESIBIL":null,"COLONIA":null,"LAT":null,"LONG":null,"DAP":null,"ALTURA":null,"TRONCO":null,"CFE":null},"geometry":{"type":"MultiPoint","coordinates":[[370709.58605,2837782.73442]]}},{"type":"Feature","properties":{"UBI":"Av. Junco de la Vega","PROYE":null,"NOMCIEN":null,"NOMBRE":"Árbol nuevo","OBJECTID":555,"FECHA LEV":2024,"NOMCOM":null,"ORIGEN":null,"SALUD":null,"ACCESO":null,"ACCESIBIL":null,"COLONIA":null,"LAT":null,"LONG":null,"DAP":null,"ALTURA":null,"TRONCO":null,"CFE":null},"geometry":{"type":"MultiPoint","coordinates":[[370714.54475,2837793.57893]]}},{"type":"Feature","properties":{"UBI":"Av. Junco de la Vega","PROYE":null,"NOMCIEN":null,"NOMBRE":"Árbol nuevo","OBJECTID":556,"FECHA LEV":2024,"NOMCOM":null,"ORIGEN":null,"SALUD":null,"ACCESO":null,"ACCESIBIL":null,"COLONIA":null,"LAT":null,"LONG":null,"DAP":null,"ALTURA":null,"TRONCO":null,"CFE":null},"geometry":{"type":"MultiPoint","coordinates":[[370706.52461,2837794.76466]]}},{"type":"Feature","properties":{"UBI":"Av. Junco de la Vega","PROYE":null,"NOMCIEN":null,"NOMBRE":"Árbol nuevo","OBJECTID":557,"FECHA LEV":2024,"NOMCOM":null,"ORIGEN":null,"SALUD":null,"ACCESO":null,"ACCESIBIL":null,"COLONIA":null,"LAT":null,"LONG":null,"DAP":null,"ALTURA":null,"TRONCO":null,"CFE":null},"geometry":{"type":"MultiPoint","coordinates":[[370704.37259,2837797.18481]]}},{"type":"Feature","properties":{"UBI":"Av. Junco de la Vega","PROYE":null,"NOMCIEN":null,"NOMBRE":"Árbol nuevo","OBJECTID":558,"FECHA LEV":2024,"NOMCOM":null,"ORIGEN":null,"SALUD":null,"ACCESO":null,"ACCESIBIL":null,"COLONIA":null,"LAT":null,"LONG":null,"DAP":null,"ALTURA":null,"TRONCO":null,"CFE":null},"geometry":{"type":"MultiPoint","coordinates":[[370700.86625,2837797.95776]]}},{"type":"Feature","properties":{"UBI":"Av. Junco de la Vega","PROYE":null,"NOMCIEN":null,"NOMBRE":"Árbol nuevo","OBJECTID":559,"FECHA LEV":2024,"NOMCOM":null,"ORIGEN":null,"SALUD":null,"ACCESO":null,"ACCESIBIL":null,"COLONIA":null,"LAT":null,"LONG":null,"DAP":null,"ALTURA":null,"TRONCO":null,"CFE":null},"geometry":{"type":"MultiPoint","coordinates":[[370698.60869,2837806.65607]]}},{"type":"Feature","properties":{"UBI":"Av. Junco de la Vega","PROYE":null,"NOMCIEN":null,"NOMBRE":"Árbol nuevo","OBJECTID":560,"FECHA LEV":2024,"NOMCOM":null,"ORIGEN":null,"SALUD":null,"ACCESO":null,"ACCESIBIL":null,"COLONIA":null,"LAT":null,"LONG":null,"DAP":null,"ALTURA":null,"TRONCO":null,"CFE":null},"geometry":{"type":"MultiPoint","coordinates":[[370694.59144,2837806.51131]]}},{"type":"Feature","properties":{"UBI":"Av. Junco de la Vega","PROYE":null,"NOMCIEN":null,"NOMBRE":"Árbol nuevo","OBJECTID":561,"FECHA LEV":2024,"NOMCOM":null,"ORIGEN":null,"SALUD":null,"ACCESO":null,"ACCESIBIL":null,"COLONIA":null,"LAT":null,"LONG":null,"DAP":null,"ALTURA":null,"TRONCO":null,"CFE":null},"geometry":{"type":"MultiPoint","coordinates":[[370693.32596,2837814.0923]]}},{"type":"Feature","properties":{"UBI":"Av. Junco de la Vega","PROYE":null,"NOMCIEN":null,"NOMBRE":"Árbol nuevo","OBJECTID":562,"FECHA LEV":2024,"NOMCOM":null,"ORIGEN":null,"SALUD":null,"ACCESO":null,"ACCESIBIL":null,"COLONIA":null,"LAT":null,"LONG":null,"DAP":null,"ALTURA":null,"TRONCO":null,"CFE":null},"geometry":{"type":"MultiPoint","coordinates":[[370686.46836,2837814.34404]]}},{"type":"Feature","properties":{"UBI":"Av. Junco de la Vega","PROYE":null,"NOMCIEN":null,"NOMBRE":"Árbol nuevo","OBJECTID":563,"FECHA LEV":2024,"NOMCOM":null,"ORIGEN":null,"SALUD":null,"ACCESO":null,"ACCESIBIL":null,"COLONIA":null,"LAT":null,"LONG":null,"DAP":null,"ALTURA":null,"TRONCO":null,"CFE":null},"geometry":{"type":"MultiPoint","coordinates":[[370686.83859,2837818.03229]]}},{"type":"Feature","properties":{"UBI":"Av. Junco de la Vega","PROYE":null,"NOMCIEN":null,"NOMBRE":"Árbol nuevo","OBJECTID":564,"FECHA LEV":2024,"NOMCOM":null,"ORIGEN":null,"SALUD":null,"ACCESO":null,"ACCESIBIL":null,"COLONIA":null,"LAT":null,"LONG":null,"DAP":null,"ALTURA":null,"TRONCO":null,"CFE":null},"geometry":{"type":"MultiPoint","coordinates":[[370680.66314,2837819.56893]]}},{"type":"Feature","properties":{"UBI":"Av. Junco de la Vega","PROYE":null,"NOMCIEN":null,"NOMBRE":"Árbol nuevo","OBJECTID":565,"FECHA LEV":2024,"NOMCOM":null,"ORIGEN":null,"SALUD":null,"ACCESO":null,"ACCESIBIL":null,"COLONIA":null,"LAT":null,"LONG":null,"DAP":null,"ALTURA":null,"TRONCO":null,"CFE":null},"geometry":{"type":"MultiPoint","coordinates":[[370666.47508,2837840.38386]]}},{"type":"Feature","properties":{"UBI":"Av. Junco de la Vega","PROYE":null,"NOMCIEN":null,"NOMBRE":"Árbol nuevo","OBJECTID":566,"FECHA LEV":2024,"NOMCOM":null,"ORIGEN":null,"SALUD":null,"ACCESO":null,"ACCESIBIL":null,"COLONIA":null,"LAT":null,"LONG":null,"DAP":null,"ALTURA":null,"TRONCO":null,"CFE":null},"geometry":{"type":"MultiPoint","coordinates":[[370657.65291,2837845.0854]]}},{"type":"Feature","properties":{"UBI":"Av. Junco de la Vega","PROYE":null,"NOMCIEN":null,"NOMBRE":"Árbol nuevo","OBJECTID":567,"FECHA LEV":2024,"NOMCOM":null,"ORIGEN":null,"SALUD":null,"ACCESO":null,"ACCESIBIL":null,"COLONIA":null,"LAT":null,"LONG":null,"DAP":null,"ALTURA":null,"TRONCO":null,"CFE":null},"geometry":{"type":"MultiPoint","coordinates":[[370650.64385,2837846.99903]]}},{"type":"Feature","properties":{"UBI":"Av. Junco de la Vega","PROYE":null,"NOMCIEN":null,"NOMBRE":"Árbol nuevo","OBJECTID":568,"FECHA LEV":2024,"NOMCOM":null,"ORIGEN":null,"SALUD":null,"ACCESO":null,"ACCESIBIL":null,"COLONIA":null,"LAT":null,"LONG":null,"DAP":null,"ALTURA":null,"TRONCO":null,"CFE":null},"geometry":{"type":"MultiPoint","coordinates":[[370641.52415,2837855.58031]]}},{"type":"Feature","properties":{"UBI":"Av. Junco de la Vega","PROYE":null,"NOMCIEN":null,"NOMBRE":"Árbol nuevo","OBJECTID":569,"FECHA LEV":2024,"NOMCOM":null,"ORIGEN":null,"SALUD":null,"ACCESO":null,"ACCESIBIL":null,"COLONIA":null,"LAT":null,"LONG":null,"DAP":null,"ALTURA":null,"TRONCO":null,"CFE":null},"geometry":{"type":"MultiPoint","coordinates":[[370639.0954,2837863.91146]]}},{"type":"Feature","properties":{"UBI":"Av. Junco de la Vega","PROYE":null,"NOMCIEN":null,"NOMBRE":"Árbol nuevo","OBJECTID":570,"FECHA LEV":2024,"NOMCOM":null,"ORIGEN":null,"SALUD":null,"ACCESO":null,"ACCESIBIL":null,"COLONIA":null,"LAT":null,"LONG":null,"DAP":null,"ALTURA":null,"TRONCO":null,"CFE":null},"geometry":{"type":"MultiPoint","coordinates":[[370625.47015,2837873.6443]]}},{"type":"Feature","properties":{"UBI":"Av. Junco de la Vega","PROYE":null,"NOMCIEN":null,"NOMBRE":"Árbol nuevo","OBJECTID":571,"FECHA LEV":2024,"NOMCOM":null,"ORIGEN":null,"SALUD":null,"ACCESO":null,"ACCESIBIL":null,"COLONIA":null,"LAT":null,"LONG":null,"DAP":null,"ALTURA":null,"TRONCO":null,"CFE":null},"geometry":{"type":"MultiPoint","coordinates":[[370614.87167,2837885.00807]]}},{"type":"Feature","properties":{"UBI":"Av. Junco de la Vega","PROYE":null,"NOMCIEN":null,"NOMBRE":"Árbol nuevo","OBJECTID":572,"FECHA LEV":2024,"NOMCOM":null,"ORIGEN":null,"SALUD":null,"ACCESO":null,"ACCESIBIL":null,"COLONIA":null,"LAT":null,"LONG":null,"DAP":null,"ALTURA":null,"TRONCO":null,"CFE":null},"geometry":{"type":"MultiPoint","coordinates":[[370612.89992,2837888.72023]]}},{"type":"Feature","properties":{"UBI":"Av. Junco de la Vega","PROYE":null,"NOMCIEN":null,"NOMBRE":"Árbol nuevo","OBJECTID":573,"FECHA LEV":2024,"NOMCOM":null,"ORIGEN":null,"SALUD":null,"ACCESO":null,"ACCESIBIL":null,"COLONIA":null,"LAT":null,"LONG":null,"DAP":null,"ALTURA":null,"TRONCO":null,"CFE":null},"geometry":{"type":"MultiPoint","coordinates":[[370561.35265,2837939.06743]]}},{"type":"Feature","properties":{"UBI":"Avenida del Estado","PROYE":null,"NOMCIEN":null,"NOMBRE":"Árbol nuevo","OBJECTID":574,"FECHA LEV":2024,"NOMCOM":null,"ORIGEN":null,"SALUD":null,"ACCESO":null,"ACCESIBIL":null,"COLONIA":null,"LAT":null,"LONG":null,"DAP":null,"ALTURA":null,"TRONCO":null,"CFE":null},"geometry":{"type":"MultiPoint","coordinates":[[370228.42428,2837687.1828]]}},{"type":"Feature","properties":{"UBI":"Avenida del Estado","PROYE":null,"NOMCIEN":null,"NOMBRE":"Árbol nuevo","OBJECTID":575,"FECHA LEV":2024,"NOMCOM":null,"ORIGEN":null,"SALUD":null,"ACCESO":null,"ACCESIBIL":null,"COLONIA":null,"LAT":null,"LONG":null,"DAP":null,"ALTURA":null,"TRONCO":null,"CFE":null},"geometry":{"type":"MultiPoint","coordinates":[[370229.4516,2837689.57308]]}},{"type":"Feature","properties":{"UBI":"Avenida del Estado","PROYE":null,"NOMCIEN":null,"NOMBRE":"Árbol nuevo","OBJECTID":576,"FECHA LEV":2024,"NOMCOM":null,"ORIGEN":null,"SALUD":null,"ACCESO":null,"ACCESIBIL":null,"COLONIA":null,"LAT":null,"LONG":null,"DAP":null,"ALTURA":null,"TRONCO":null,"CFE":null},"geometry":{"type":"MultiPoint","coordinates":[[370222.60367,2837673.76379]]}},{"type":"Feature","properties":{"UBI":"Avenida del Estado","PROYE":null,"NOMCIEN":null,"NOMBRE":"Árbol nuevo","OBJECTID":577,"FECHA LEV":2024,"NOMCOM":null,"ORIGEN":null,"SALUD":null,"ACCESO":null,"ACCESIBIL":null,"COLONIA":null,"LAT":null,"LONG":null,"DAP":null,"ALTURA":null,"TRONCO":null,"CFE":null},"geometry":{"type":"MultiPoint","coordinates":[[370212.72895,2837673.49031]]}},{"type":"Feature","properties":{"UBI":"Avenida del Estado","PROYE":null,"NOMCIEN":null,"NOMBRE":"Árbol nuevo","OBJECTID":578,"FECHA LEV":2024,"NOMCOM":null,"ORIGEN":null,"SALUD":null,"ACCESO":null,"ACCESIBIL":null,"COLONIA":null,"LAT":null,"LONG":null,"DAP":null,"ALTURA":null,"TRONCO":null,"CFE":null},"geometry":{"type":"MultiPoint","coordinates":[[370233.83745,2837693.22208]]}},{"type":"Feature","properties":{"UBI":"Avenida del Estado","PROYE":null,"NOMCIEN":null,"NOMBRE":"Árbol nuevo","OBJECTID":579,"FECHA LEV":2024,"NOMCOM":null,"ORIGEN":null,"SALUD":null,"ACCESO":null,"ACCESIBIL":null,"COLONIA":null,"LAT":null,"LONG":null,"DAP":null,"ALTURA":null,"TRONCO":null,"CFE":null},"geometry":{"type":"MultiPoint","coordinates":[[370244.00423,2837706.23089]]}},{"type":"Feature","properties":{"UBI":"Avenida del Estado","PROYE":null,"NOMCIEN":null,"NOMBRE":"Árbol nuevo","OBJECTID":580,"FECHA LEV":2024,"NOMCOM":null,"ORIGEN":null,"SALUD":null,"ACCESO":null,"ACCESIBIL":null,"COLONIA":null,"LAT":null,"LONG":null,"DAP":null,"ALTURA":null,"TRONCO":null,"CFE":null},"geometry":{"type":"MultiPoint","coordinates":[[370237.94238,2837719.39713]]}},{"type":"Feature","properties":{"UBI":"Avenida del Estado","PROYE":null,"NOMCIEN":null,"NOMBRE":"Árbol nuevo","OBJECTID":581,"FECHA LEV":2024,"NOMCOM":null,"ORIGEN":null,"SALUD":null,"ACCESO":null,"ACCESIBIL":null,"COLONIA":null,"LAT":null,"LONG":null,"DAP":null,"ALTURA":null,"TRONCO":null,"CFE":null},"geometry":{"type":"MultiPoint","coordinates":[[370238.60374,2837718.65186]]}},{"type":"Feature","properties":{"UBI":"Avenida del Estado","PROYE":null,"NOMCIEN":null,"NOMBRE":"Árbol nuevo","OBJECTID":582,"FECHA LEV":2024,"NOMCOM":null,"ORIGEN":null,"SALUD":null,"ACCESO":null,"ACCESIBIL":null,"COLONIA":null,"LAT":null,"LONG":null,"DAP":null,"ALTURA":null,"TRONCO":null,"CFE":null},"geometry":{"type":"MultiPoint","coordinates":[[370240.20873,2837728.79016]]}},{"type":"Feature","properties":{"UBI":"Fernando García Roel","PROYE":null,"NOMCIEN":null,"NOMBRE":"Árbol nuevo","OBJECTID":583,"FECHA LEV":2024,"NOMCOM":null,"ORIGEN":null,"SALUD":null,"ACCESO":null,"ACCESIBIL":null,"COLONIA":null,"LAT":null,"LONG":null,"DAP":null,"ALTURA":null,"TRONCO":null,"CFE":null},"geometry":{"type":"MultiPoint","coordinates":[[370277.29532,2837756.8584]]}},{"type":"Feature","properties":{"UBI":"Av. Luis Elizondo","PROYE":null,"NOMCIEN":null,"NOMBRE":"Árbol nuevo","OBJECTID":584,"FECHA LEV":2024,"NOMCOM":null,"ORIGEN":null,"SALUD":null,"ACCESO":null,"ACCESIBIL":null,"COLONIA":null,"LAT":null,"LONG":null,"DAP":null,"ALTURA":null,"TRONCO":null,"CFE":null},"geometry":{"type":"MultiPoint","coordinates":[[370522.43187,2837344.99928]]}},{"type":"Feature","properties":{"UBI":"Av. Luis Elizondo","PROYE":null,"NOMCIEN":null,"NOMBRE":"Árbol nuevo","OBJECTID":585,"FECHA LEV":2024,"NOMCOM":null,"ORIGEN":null,"SALUD":null,"ACCESO":null,"ACCESIBIL":null,"COLONIA":null,"LAT":null,"LONG":null,"DAP":null,"ALTURA":null,"TRONCO":null,"CFE":null},"geometry":{"type":"MultiPoint","coordinates":[[370519.612,2837347.61094]]}},{"type":"Feature","properties":{"UBI":"Av. Luis Elizondo","PROYE":null,"NOMCIEN":null,"NOMBRE":"Árbol nuevo","OBJECTID":586,"FECHA LEV":2024,"NOMCOM":null,"ORIGEN":null,"SALUD":null,"ACCESO":null,"ACCESIBIL":null,"COLONIA":null,"LAT":null,"LONG":null,"DAP":null,"ALTURA":null,"TRONCO":null,"CFE":null},"geometry":{"type":"MultiPoint","coordinates":[[370528.48045,2837347.52451]]}},{"type":"Feature","properties":{"UBI":"Av. Luis Elizondo","PROYE":null,"NOMCIEN":null,"NOMBRE":"Árbol nuevo","OBJECTID":587,"FECHA LEV":2024,"NOMCOM":null,"ORIGEN":null,"SALUD":null,"ACCESO":null,"ACCESIBIL":null,"COLONIA":null,"LAT":null,"LONG":null,"DAP":null,"ALTURA":null,"TRONCO":null,"CFE":null},"geometry":{"type":"MultiPoint","coordinates":[[370531.34788,2837349.89688]]}},{"type":"Feature","properties":{"UBI":"Av. Luis Elizondo","PROYE":null,"NOMCIEN":null,"NOMBRE":"Árbol nuevo","OBJECTID":588,"FECHA LEV":2024,"NOMCOM":null,"ORIGEN":null,"SALUD":null,"ACCESO":null,"ACCESIBIL":null,"COLONIA":null,"LAT":null,"LONG":null,"DAP":null,"ALTURA":null,"TRONCO":null,"CFE":null},"geometry":{"type":"MultiPoint","coordinates":[[370553.24316,2837353.50724]]}},{"type":"Feature","properties":{"UBI":"Av. Luis Elizondo","PROYE":null,"NOMCIEN":null,"NOMBRE":"Árbol nuevo","OBJECTID":589,"FECHA LEV":2024,"NOMCOM":null,"ORIGEN":null,"SALUD":null,"ACCESO":null,"ACCESIBIL":null,"COLONIA":null,"LAT":null,"LONG":null,"DAP":null,"ALTURA":null,"TRONCO":null,"CFE":null},"geometry":{"type":"MultiPoint","coordinates":[[370554.94453,2837367.38957]]}},{"type":"Feature","properties":{"UBI":"Av. Luis Elizondo","PROYE":null,"NOMCIEN":null,"NOMBRE":"Árbol nuevo","OBJECTID":590,"FECHA LEV":2024,"NOMCOM":null,"ORIGEN":null,"SALUD":null,"ACCESO":null,"ACCESIBIL":null,"COLONIA":null,"LAT":null,"LONG":null,"DAP":null,"ALTURA":null,"TRONCO":null,"CFE":null},"geometry":{"type":"MultiPoint","coordinates":[[370556.13407,2837369.22446]]}},{"type":"Feature","properties":{"UBI":"Av. Luis Elizondo","PROYE":null,"NOMCIEN":null,"NOMBRE":"Árbol nuevo","OBJECTID":591,"FECHA LEV":2024,"NOMCOM":null,"ORIGEN":null,"SALUD":null,"ACCESO":null,"ACCESIBIL":null,"COLONIA":null,"LAT":null,"LONG":null,"DAP":null,"ALTURA":null,"TRONCO":null,"CFE":null},"geometry":{"type":"MultiPoint","coordinates":[[370563.47288,2837383.92145]]}},{"type":"Feature","properties":{"UBI":"Av. Luis Elizondo","PROYE":null,"NOMCIEN":null,"NOMBRE":"Árbol nuevo","OBJECTID":592,"FECHA LEV":2024,"NOMCOM":null,"ORIGEN":null,"SALUD":null,"ACCESO":null,"ACCESIBIL":null,"COLONIA":null,"LAT":null,"LONG":null,"DAP":null,"ALTURA":null,"TRONCO":null,"CFE":null},"geometry":{"type":"MultiPoint","coordinates":[[370581.29404,2837392.60915]]}},{"type":"Feature","properties":{"UBI":"Av. Luis Elizondo","PROYE":null,"NOMCIEN":null,"NOMBRE":"Árbol nuevo","OBJECTID":593,"FECHA LEV":2024,"NOMCOM":null,"ORIGEN":null,"SALUD":null,"ACCESO":null,"ACCESIBIL":null,"COLONIA":null,"LAT":null,"LONG":null,"DAP":null,"ALTURA":null,"TRONCO":null,"CFE":null},"geometry":{"type":"MultiPoint","coordinates":[[370590.43699,2837403.59673]]}},{"type":"Feature","properties":{"UBI":"Av. Luis Elizondo","PROYE":null,"NOMCIEN":null,"NOMBRE":"Árbol nuevo","OBJECTID":594,"FECHA LEV":2024,"NOMCOM":null,"ORIGEN":null,"SALUD":null,"ACCESO":null,"ACCESIBIL":null,"COLONIA":null,"LAT":null,"LONG":null,"DAP":null,"ALTURA":null,"TRONCO":null,"CFE":null},"geometry":{"type":"MultiPoint","coordinates":[[370602.86218,2837407.90636]]}},{"type":"Feature","properties":{"UBI":"Av. Luis Elizondo","PROYE":null,"NOMCIEN":null,"NOMBRE":"Árbol nuevo","OBJECTID":595,"FECHA LEV":2024,"NOMCOM":null,"ORIGEN":null,"SALUD":null,"ACCESO":null,"ACCESIBIL":null,"COLONIA":null,"LAT":null,"LONG":null,"DAP":null,"ALTURA":null,"TRONCO":null,"CFE":null},"geometry":{"type":"MultiPoint","coordinates":[[370673.38355,2837467.21851]]}},{"type":"Feature","properties":{"UBI":"Av. Luis Elizondo","PROYE":null,"NOMCIEN":null,"NOMBRE":"Árbol nuevo","OBJECTID":596,"FECHA LEV":2024,"NOMCOM":null,"ORIGEN":null,"SALUD":null,"ACCESO":null,"ACCESIBIL":null,"COLONIA":null,"LAT":null,"LONG":null,"DAP":null,"ALTURA":null,"TRONCO":null,"CFE":null},"geometry":{"type":"MultiPoint","coordinates":[[370681.3931,2837464.92521]]}},{"type":"Feature","properties":{"UBI":"Av. Luis Elizondo","PROYE":null,"NOMCIEN":null,"NOMBRE":"Árbol nuevo","OBJECTID":597,"FECHA LEV":2024,"NOMCOM":null,"ORIGEN":null,"SALUD":null,"ACCESO":null,"ACCESIBIL":null,"COLONIA":null,"LAT":null,"LONG":null,"DAP":null,"ALTURA":null,"TRONCO":null,"CFE":null},"geometry":{"type":"MultiPoint","coordinates":[[370694.80771,2837467.74766]]}},{"type":"Feature","properties":{"UBI":"Av. Luis Elizondo","PROYE":null,"NOMCIEN":null,"NOMBRE":"Árbol nuevo","OBJECTID":598,"FECHA LEV":2024,"NOMCOM":null,"ORIGEN":null,"SALUD":null,"ACCESO":null,"ACCESIBIL":null,"COLONIA":null,"LAT":null,"LONG":null,"DAP":null,"ALTURA":null,"TRONCO":null,"CFE":null},"geometry":{"type":"MultiPoint","coordinates":[[370682.65934,2837491.86569]]}},{"type":"Feature","properties":{"UBI":"Av. Luis Elizondo","PROYE":null,"NOMCIEN":null,"NOMBRE":"Árbol nuevo","OBJECTID":599,"FECHA LEV":2024,"NOMCOM":null,"ORIGEN":null,"SALUD":null,"ACCESO":null,"ACCESIBIL":null,"COLONIA":null,"LAT":null,"LONG":null,"DAP":null,"ALTURA":null,"TRONCO":null,"CFE":null},"geometry":{"type":"MultiPoint","coordinates":[[370687.17504,2837491.63675]]}},{"type":"Feature","properties":{"UBI":"Av. Luis Elizondo","PROYE":null,"NOMCIEN":null,"NOMBRE":"Árbol nuevo","OBJECTID":600,"FECHA LEV":2024,"NOMCOM":null,"ORIGEN":null,"SALUD":null,"ACCESO":null,"ACCESIBIL":null,"COLONIA":null,"LAT":null,"LONG":null,"DAP":null,"ALTURA":null,"TRONCO":null,"CFE":null},"geometry":{"type":"MultiPoint","coordinates":[[370701.42767,2837494.63714]]}},{"type":"Feature","properties":{"UBI":"Av. Luis Elizondo","PROYE":null,"NOMCIEN":null,"NOMBRE":"Árbol nuevo","OBJECTID":601,"FECHA LEV":2024,"NOMCOM":null,"ORIGEN":null,"SALUD":null,"ACCESO":null,"ACCESIBIL":null,"COLONIA":null,"LAT":null,"LONG":null,"DAP":null,"ALTURA":null,"TRONCO":null,"CFE":null},"geometry":{"type":"MultiPoint","coordinates":[[370715.57731,2837504.28342]]}},{"type":"Feature","properties":{"UBI":"Av. Luis Elizondo","PROYE":null,"NOMCIEN":null,"NOMBRE":"Árbol nuevo","OBJECTID":602,"FECHA LEV":2024,"NOMCOM":null,"ORIGEN":null,"SALUD":null,"ACCESO":null,"ACCESIBIL":null,"COLONIA":null,"LAT":null,"LONG":null,"DAP":null,"ALTURA":null,"TRONCO":null,"CFE":null},"geometry":{"type":"MultiPoint","coordinates":[[370722.72008,2837498.86057]]}},{"type":"Feature","properties":{"UBI":"Av. Luis Elizondo","PROYE":null,"NOMCIEN":null,"NOMBRE":"Árbol nuevo","OBJECTID":603,"FECHA LEV":2024,"NOMCOM":null,"ORIGEN":null,"SALUD":null,"ACCESO":null,"ACCESIBIL":null,"COLONIA":null,"LAT":null,"LONG":null,"DAP":null,"ALTURA":null,"TRONCO":null,"CFE":null},"geometry":{"type":"MultiPoint","coordinates":[[370734.12348,2837518.68756]]}},{"type":"Feature","properties":{"UBI":"Av. Luis Elizondo","PROYE":null,"NOMCIEN":null,"NOMBRE":"Árbol nuevo","OBJECTID":604,"FECHA LEV":2024,"NOMCOM":null,"ORIGEN":null,"SALUD":null,"ACCESO":null,"ACCESIBIL":null,"COLONIA":null,"LAT":null,"LONG":null,"DAP":null,"ALTURA":null,"TRONCO":null,"CFE":null},"geometry":{"type":"MultiPoint","coordinates":[[370746.76904,2837528.53349]]}},{"type":"Feature","properties":{"UBI":"Av. Luis Elizondo","PROYE":null,"NOMCIEN":null,"NOMBRE":"Árbol nuevo","OBJECTID":605,"FECHA LEV":2024,"NOMCOM":null,"ORIGEN":null,"SALUD":null,"ACCESO":null,"ACCESIBIL":null,"COLONIA":null,"LAT":null,"LONG":null,"DAP":null,"ALTURA":null,"TRONCO":null,"CFE":null},"geometry":{"type":"MultiPoint","coordinates":[[370751.15399,2837531.99769]]}},{"type":"Feature","properties":{"UBI":"Av. Luis Elizondo","PROYE":null,"NOMCIEN":null,"NOMBRE":"Árbol nuevo","OBJECTID":606,"FECHA LEV":2024,"NOMCOM":null,"ORIGEN":null,"SALUD":null,"ACCESO":null,"ACCESIBIL":null,"COLONIA":null,"LAT":null,"LONG":null,"DAP":null,"ALTURA":null,"TRONCO":null,"CFE":null},"geometry":{"type":"MultiPoint","coordinates":[[370755.20725,2837535.83508]]}},{"type":"Feature","properties":{"UBI":"Av. Luis Elizondo","PROYE":null,"NOMCIEN":null,"NOMBRE":"Árbol nuevo","OBJECTID":607,"FECHA LEV":2024,"NOMCOM":null,"ORIGEN":null,"SALUD":null,"ACCESO":null,"ACCESIBIL":null,"COLONIA":null,"LAT":null,"LONG":null,"DAP":null,"ALTURA":null,"TRONCO":null,"CFE":null},"geometry":{"type":"MultiPoint","coordinates":[[370766.65431,2837542.92353]]}},{"type":"Feature","properties":{"UBI":"Av. Luis Elizondo","PROYE":null,"NOMCIEN":null,"NOMBRE":"Árbol nuevo","OBJECTID":608,"FECHA LEV":2024,"NOMCOM":null,"ORIGEN":null,"SALUD":null,"ACCESO":null,"ACCESIBIL":null,"COLONIA":null,"LAT":null,"LONG":null,"DAP":null,"ALTURA":null,"TRONCO":null,"CFE":null},"geometry":{"type":"MultiPoint","coordinates":[[370770.19664,2837545.84321]]}},{"type":"Feature","properties":{"UBI":"Av. Luis Elizondo","PROYE":null,"NOMCIEN":null,"NOMBRE":"Árbol nuevo","OBJECTID":609,"FECHA LEV":2024,"NOMCOM":null,"ORIGEN":null,"SALUD":null,"ACCESO":null,"ACCESIBIL":null,"COLONIA":null,"LAT":null,"LONG":null,"DAP":null,"ALTURA":null,"TRONCO":null,"CFE":null},"geometry":{"type":"MultiPoint","coordinates":[[370773.06039,2837547.8457]]}},{"type":"Feature","properties":{"UBI":"Av. Luis Elizondo","PROYE":null,"NOMCIEN":null,"NOMBRE":"Árbol nuevo","OBJECTID":610,"FECHA LEV":2024,"NOMCOM":null,"ORIGEN":null,"SALUD":null,"ACCESO":null,"ACCESIBIL":null,"COLONIA":null,"LAT":null,"LONG":null,"DAP":null,"ALTURA":null,"TRONCO":null,"CFE":null},"geometry":{"type":"MultiPoint","coordinates":[[370791.12884,2837564.65486]]}},{"type":"Feature","properties":{"UBI":"Av. Luis Elizondo","PROYE":null,"NOMCIEN":null,"NOMBRE":"Árbol nuevo","OBJECTID":611,"FECHA LEV":2024,"NOMCOM":null,"ORIGEN":null,"SALUD":null,"ACCESO":null,"ACCESIBIL":null,"COLONIA":null,"LAT":null,"LONG":null,"DAP":null,"ALTURA":null,"TRONCO":null,"CFE":null},"geometry":{"type":"MultiPoint","coordinates":[[370805.79823,2837576.14266]]}},{"type":"Feature","properties":{"UBI":"Av. Luis Elizondo","PROYE":null,"NOMCIEN":null,"NOMBRE":"Árbol nuevo","OBJECTID":612,"FECHA LEV":2024,"NOMCOM":null,"ORIGEN":null,"SALUD":null,"ACCESO":null,"ACCESIBIL":null,"COLONIA":null,"LAT":null,"LONG":null,"DAP":null,"ALTURA":null,"TRONCO":null,"CFE":null},"geometry":{"type":"MultiPoint","coordinates":[[370813.18841,2837579.02382]]}},{"type":"Feature","properties":{"UBI":"Av. Luis Elizondo","PROYE":null,"NOMCIEN":null,"NOMBRE":"Árbol nuevo","OBJECTID":613,"FECHA LEV":2024,"NOMCOM":null,"ORIGEN":null,"SALUD":null,"ACCESO":null,"ACCESIBIL":null,"COLONIA":null,"LAT":null,"LONG":null,"DAP":null,"ALTURA":null,"TRONCO":null,"CFE":null},"geometry":{"type":"MultiPoint","coordinates":[[370822.84017,2837590.74541]]}},{"type":"Feature","properties":{"UBI":"Av. Luis Elizondo","PROYE":null,"NOMCIEN":null,"NOMBRE":"Árbol nuevo","OBJECTID":614,"FECHA LEV":2024,"NOMCOM":null,"ORIGEN":null,"SALUD":null,"ACCESO":null,"ACCESIBIL":null,"COLONIA":null,"LAT":null,"LONG":null,"DAP":null,"ALTURA":null,"TRONCO":null,"CFE":null},"geometry":{"type":"MultiPoint","coordinates":[[370825.72724,2837595.14799]]}},{"type":"Feature","properties":{"UBI":"Av. Luis Elizondo","PROYE":null,"NOMCIEN":null,"NOMBRE":"Árbol nuevo","OBJECTID":615,"FECHA LEV":2024,"NOMCOM":null,"ORIGEN":null,"SALUD":null,"ACCESO":null,"ACCESIBIL":null,"COLONIA":null,"LAT":null,"LONG":null,"DAP":null,"ALTURA":null,"TRONCO":null,"CFE":null},"geometry":{"type":"MultiPoint","coordinates":[[370832.29195,2837599.14596]]}},{"type":"Feature","properties":{"UBI":"Av. Luis Elizondo","PROYE":null,"NOMCIEN":null,"NOMBRE":"Árbol nuevo","OBJECTID":616,"FECHA LEV":2024,"NOMCOM":null,"ORIGEN":null,"SALUD":null,"ACCESO":null,"ACCESIBIL":null,"COLONIA":null,"LAT":null,"LONG":null,"DAP":null,"ALTURA":null,"TRONCO":null,"CFE":null},"geometry":{"type":"MultiPoint","coordinates":[[370839.19016,2837602.95571]]}},{"type":"Feature","properties":{"UBI":"Av. Luis Elizondo","PROYE":null,"NOMCIEN":null,"NOMBRE":"Árbol nuevo","OBJECTID":617,"FECHA LEV":2024,"NOMCOM":null,"ORIGEN":null,"SALUD":null,"ACCESO":null,"ACCESIBIL":null,"COLONIA":null,"LAT":null,"LONG":null,"DAP":null,"ALTURA":null,"TRONCO":null,"CFE":null},"geometry":{"type":"MultiPoint","coordinates":[[370850.48741,2837611.89105]]}},{"type":"Feature","properties":{"UBI":"Av. Luis Elizondo","PROYE":null,"NOMCIEN":null,"NOMBRE":"Árbol nuevo","OBJECTID":618,"FECHA LEV":2024,"NOMCOM":null,"ORIGEN":null,"SALUD":null,"ACCESO":null,"ACCESIBIL":null,"COLONIA":null,"LAT":null,"LONG":null,"DAP":null,"ALTURA":null,"TRONCO":null,"CFE":null},"geometry":{"type":"MultiPoint","coordinates":[[370853.70079,2837615.36778]]}},{"type":"Feature","properties":{"UBI":"Av. Luis Elizondo","PROYE":"Parque de Bolsillo CDT","NOMCIEN":null,"NOMBRE":"Árbol nuevo","OBJECTID":619,"FECHA LEV":2024,"NOMCOM":null,"ORIGEN":null,"SALUD":null,"ACCESO":null,"ACCESIBIL":null,"COLONIA":null,"LAT":null,"LONG":null,"DAP":null,"ALTURA":null,"TRONCO":null,"CFE":null},"geometry":{"type":"MultiPoint","coordinates":[[370864.99519,2837606.76552]]}},{"type":"Feature","properties":{"UBI":"Av. Luis Elizondo","PROYE":"Parque de Bolsillo CDT","NOMCIEN":null,"NOMBRE":"Árbol nuevo","OBJECTID":620,"FECHA LEV":2024,"NOMCOM":null,"ORIGEN":null,"SALUD":null,"ACCESO":null,"ACCESIBIL":null,"COLONIA":null,"LAT":null,"LONG":null,"DAP":null,"ALTURA":null,"TRONCO":null,"CFE":null},"geometry":{"type":"MultiPoint","coordinates":[[370841.89748,2837592.21386]]}},{"type":"Feature","properties":{"UBI":"Av. Luis Elizondo","PROYE":"Parque de Bolsillo CDT","NOMCIEN":null,"NOMBRE":"Árbol nuevo","OBJECTID":621,"FECHA LEV":2024,"NOMCOM":null,"ORIGEN":null,"SALUD":null,"ACCESO":null,"ACCESIBIL":null,"COLONIA":null,"LAT":null,"LONG":null,"DAP":null,"ALTURA":null,"TRONCO":null,"CFE":null},"geometry":{"type":"MultiPoint","coordinates":[[370834.75049,2837587.15031]]}},{"type":"Feature","properties":{"UBI":"Av. Luis Elizondo","PROYE":"Parque de Bolsillo CDT","NOMCIEN":null,"NOMBRE":"Árbol nuevo","OBJECTID":622,"FECHA LEV":2024,"NOMCOM":null,"ORIGEN":null,"SALUD":null,"ACCESO":null,"ACCESIBIL":null,"COLONIA":null,"LAT":null,"LONG":null,"DAP":null,"ALTURA":null,"TRONCO":null,"CFE":null},"geometry":{"type":"MultiPoint","coordinates":[[370841.31728,2837593.21602]]}},{"type":"Feature","properties":{"UBI":"Av. Luis Elizondo","PROYE":"Parque de Bolsillo CDT","NOMCIEN":null,"NOMBRE":"Árbol nuevo","OBJECTID":623,"FECHA LEV":2024,"NOMCOM":null,"ORIGEN":null,"SALUD":null,"ACCESO":null,"ACCESIBIL":null,"COLONIA":null,"LAT":null,"LONG":null,"DAP":null,"ALTURA":null,"TRONCO":null,"CFE":null},"geometry":{"type":"MultiPoint","coordinates":[[370837.04599,2837588.94578]]}},{"type":"Feature","properties":{"UBI":"Av. Luis Elizondo","PROYE":null,"NOMCIEN":null,"NOMBRE":"Árbol nuevo","OBJECTID":624,"FECHA LEV":2024,"NOMCOM":null,"ORIGEN":null,"SALUD":null,"ACCESO":null,"ACCESIBIL":null,"COLONIA":null,"LAT":null,"LONG":null,"DAP":null,"ALTURA":null,"TRONCO":null,"CFE":null},"geometry":{"type":"MultiPoint","coordinates":[[370796.68935,2837551.49268]]}},{"type":"Feature","properties":{"UBI":"Av. Luis Elizondo","PROYE":null,"NOMCIEN":null,"NOMBRE":"Árbol nuevo","OBJECTID":625,"FECHA LEV":2024,"NOMCOM":null,"ORIGEN":null,"SALUD":null,"ACCESO":null,"ACCESIBIL":null,"COLONIA":null,"LAT":null,"LONG":null,"DAP":null,"ALTURA":null,"TRONCO":null,"CFE":null},"geometry":{"type":"MultiPoint","coordinates":[[370749.34761,2837518.35444]]}},{"type":"Feature","properties":{"UBI":"Av. Luis Elizondo","PROYE":null,"NOMCIEN":null,"NOMBRE":"Árbol nuevo","OBJECTID":626,"FECHA LEV":2024,"NOMCOM":null,"ORIGEN":null,"SALUD":null,"ACCESO":null,"ACCESIBIL":null,"COLONIA":null,"LAT":null,"LONG":null,"DAP":null,"ALTURA":null,"TRONCO":null,"CFE":null},"geometry":{"type":"MultiPoint","coordinates":[[370723.00766,2837494.05715]]}},{"type":"Feature","properties":{"UBI":"Av. Luis Elizondo","PROYE":null,"NOMCIEN":null,"NOMBRE":"Árbol nuevo","OBJECTID":627,"FECHA LEV":2024,"NOMCOM":null,"ORIGEN":null,"SALUD":null,"ACCESO":null,"ACCESIBIL":null,"COLONIA":null,"LAT":null,"LONG":null,"DAP":null,"ALTURA":null,"TRONCO":null,"CFE":null},"geometry":{"type":"MultiPoint","coordinates":[[370704.08304,2837475.22716]]}},{"type":"Feature","properties":{"UBI":"Av. Luis Elizondo","PROYE":null,"NOMCIEN":null,"NOMBRE":"Árbol nuevo","OBJECTID":628,"FECHA LEV":2024,"NOMCOM":null,"ORIGEN":null,"SALUD":null,"ACCESO":null,"ACCESIBIL":null,"COLONIA":null,"LAT":null,"LONG":null,"DAP":null,"ALTURA":null,"TRONCO":null,"CFE":null},"geometry":{"type":"MultiPoint","coordinates":[[370697.53798,2837473.25941]]}},{"type":"Feature","properties":{"UBI":"Av. Luis Elizondo","PROYE":null,"NOMCIEN":null,"NOMBRE":"Árbol nuevo","OBJECTID":629,"FECHA LEV":2024,"NOMCOM":null,"ORIGEN":null,"SALUD":null,"ACCESO":null,"ACCESIBIL":null,"COLONIA":null,"LAT":null,"LONG":null,"DAP":null,"ALTURA":null,"TRONCO":null,"CFE":null},"geometry":{"type":"MultiPoint","coordinates":[[370693.9561,2837466.27944]]}},{"type":"Feature","properties":{"UBI":"Av. Luis Elizondo","PROYE":null,"NOMCIEN":null,"NOMBRE":"Árbol nuevo","OBJECTID":630,"FECHA LEV":2024,"NOMCOM":null,"ORIGEN":null,"SALUD":null,"ACCESO":null,"ACCESIBIL":null,"COLONIA":null,"LAT":null,"LONG":null,"DAP":null,"ALTURA":null,"TRONCO":null,"CFE":null},"geometry":{"type":"MultiPoint","coordinates":[[370686.45981,2837452.5066]]}},{"type":"Feature","properties":{"UBI":"Av. Luis Elizondo","PROYE":null,"NOMCIEN":null,"NOMBRE":"Árbol nuevo","OBJECTID":631,"FECHA LEV":2024,"NOMCOM":null,"ORIGEN":null,"SALUD":null,"ACCESO":null,"ACCESIBIL":null,"COLONIA":null,"LAT":null,"LONG":null,"DAP":null,"ALTURA":null,"TRONCO":null,"CFE":null},"geometry":{"type":"MultiPoint","coordinates":[[370670.87613,2837450.25799]]}},{"type":"Feature","properties":{"UBI":"Av. Luis Elizondo","PROYE":null,"NOMCIEN":null,"NOMBRE":"Árbol nuevo","OBJECTID":632,"FECHA LEV":2024,"NOMCOM":null,"ORIGEN":null,"SALUD":null,"ACCESO":null,"ACCESIBIL":null,"COLONIA":null,"LAT":null,"LONG":null,"DAP":null,"ALTURA":null,"TRONCO":null,"CFE":null},"geometry":{"type":"MultiPoint","coordinates":[[370665.66567,2837447.90952]]}},{"type":"Feature","properties":{"UBI":"Av. Luis Elizondo","PROYE":null,"NOMCIEN":null,"NOMBRE":"Árbol nuevo","OBJECTID":633,"FECHA LEV":2024,"NOMCOM":null,"ORIGEN":null,"SALUD":null,"ACCESO":null,"ACCESIBIL":null,"COLONIA":null,"LAT":null,"LONG":null,"DAP":null,"ALTURA":null,"TRONCO":null,"CFE":null},"geometry":{"type":"MultiPoint","coordinates":[[370656.90843,2837442.0865]]}},{"type":"Feature","properties":{"UBI":"Av. Luis Elizondo","PROYE":null,"NOMCIEN":null,"NOMBRE":"Árbol nuevo","OBJECTID":634,"FECHA LEV":2024,"NOMCOM":null,"ORIGEN":null,"SALUD":null,"ACCESO":null,"ACCESIBIL":null,"COLONIA":null,"LAT":null,"LONG":null,"DAP":null,"ALTURA":null,"TRONCO":null,"CFE":null},"geometry":{"type":"MultiPoint","coordinates":[[370652.51981,2837438.2524]]}},{"type":"Feature","properties":{"UBI":"Av. Luis Elizondo","PROYE":null,"NOMCIEN":null,"NOMBRE":"Árbol nuevo","OBJECTID":635,"FECHA LEV":2024,"NOMCOM":null,"ORIGEN":null,"SALUD":null,"ACCESO":null,"ACCESIBIL":null,"COLONIA":null,"LAT":null,"LONG":null,"DAP":null,"ALTURA":null,"TRONCO":null,"CFE":null},"geometry":{"type":"MultiPoint","coordinates":[[370646.77964,2837432.95495]]}},{"type":"Feature","properties":{"UBI":"Av. Luis Elizondo","PROYE":null,"NOMCIEN":null,"NOMBRE":"Árbol nuevo","OBJECTID":636,"FECHA LEV":2024,"NOMCOM":null,"ORIGEN":null,"SALUD":null,"ACCESO":null,"ACCESIBIL":null,"COLONIA":null,"LAT":null,"LONG":null,"DAP":null,"ALTURA":null,"TRONCO":null,"CFE":null},"geometry":{"type":"MultiPoint","coordinates":[[370579.41948,2837373.48634]]}},{"type":"Feature","properties":{"UBI":"Av. Luis Elizondo","PROYE":null,"NOMCIEN":null,"NOMBRE":"Árbol nuevo","OBJECTID":637,"FECHA LEV":2024,"NOMCOM":null,"ORIGEN":null,"SALUD":null,"ACCESO":null,"ACCESIBIL":null,"COLONIA":null,"LAT":null,"LONG":null,"DAP":null,"ALTURA":null,"TRONCO":null,"CFE":null},"geometry":{"type":"MultiPoint","coordinates":[[370569.42993,2837366.17917]]}},{"type":"Feature","properties":{"UBI":"Av. Luis Elizondo","PROYE":null,"NOMCIEN":null,"NOMBRE":"Árbol nuevo","OBJECTID":638,"FECHA LEV":2024,"NOMCOM":null,"ORIGEN":null,"SALUD":null,"ACCESO":null,"ACCESIBIL":null,"COLONIA":null,"LAT":null,"LONG":null,"DAP":null,"ALTURA":null,"TRONCO":null,"CFE":null},"geometry":{"type":"MultiPoint","coordinates":[[370564.15767,2837361.73937]]}},{"type":"Feature","properties":{"UBI":"Av. Luis Elizondo","PROYE":null,"NOMCIEN":null,"NOMBRE":"Árbol nuevo","OBJECTID":639,"FECHA LEV":2024,"NOMCOM":null,"ORIGEN":null,"SALUD":null,"ACCESO":null,"ACCESIBIL":null,"COLONIA":null,"LAT":null,"LONG":null,"DAP":null,"ALTURA":null,"TRONCO":null,"CFE":null},"geometry":{"type":"MultiPoint","coordinates":[[370558.87739,2837358.85879]]}},{"type":"Feature","properties":{"UBI":"Av. Luis Elizondo","PROYE":null,"NOMCIEN":null,"NOMBRE":"Árbol nuevo","OBJECTID":640,"FECHA LEV":2024,"NOMCOM":null,"ORIGEN":null,"SALUD":null,"ACCESO":null,"ACCESIBIL":null,"COLONIA":null,"LAT":null,"LONG":null,"DAP":null,"ALTURA":null,"TRONCO":null,"CFE":null},"geometry":{"type":"MultiPoint","coordinates":[[370548.15589,2837349.62242]]}},{"type":"Feature","properties":{"UBI":"Av. Luis Elizondo","PROYE":null,"NOMCIEN":null,"NOMBRE":"Árbol nuevo","OBJECTID":641,"FECHA LEV":2024,"NOMCOM":null,"ORIGEN":null,"SALUD":null,"ACCESO":null,"ACCESIBIL":null,"COLONIA":null,"LAT":null,"LONG":null,"DAP":null,"ALTURA":null,"TRONCO":null,"CFE":null},"geometry":{"type":"MultiPoint","coordinates":[[370540.33999,2837343.21708]]}},{"type":"Feature","properties":{"UBI":"Av. Luis Elizondo","PROYE":null,"NOMCIEN":null,"NOMBRE":"Árbol nuevo","OBJECTID":642,"FECHA LEV":2024,"NOMCOM":null,"ORIGEN":null,"SALUD":null,"ACCESO":null,"ACCESIBIL":null,"COLONIA":null,"LAT":null,"LONG":null,"DAP":null,"ALTURA":null,"TRONCO":null,"CFE":null},"geometry":{"type":"MultiPoint","coordinates":[[370534.05027,2837337.94482]]}},{"type":"Feature","properties":{"UBI":"Av. Luis Elizondo","PROYE":null,"NOMCIEN":null,"NOMBRE":"Árbol nuevo","OBJECTID":643,"FECHA LEV":2024,"NOMCOM":null,"ORIGEN":null,"SALUD":null,"ACCESO":null,"ACCESIBIL":null,"COLONIA":null,"LAT":null,"LONG":null,"DAP":null,"ALTURA":null,"TRONCO":null,"CFE":null},"geometry":{"type":"MultiPoint","coordinates":[[370528.13054,2837333.41253]]}},{"type":"Feature","properties":{"UBI":"Av. Luis Elizondo","PROYE":null,"NOMCIEN":null,"NOMBRE":"Árbol nuevo","OBJECTID":644,"FECHA LEV":2024,"NOMCOM":null,"ORIGEN":null,"SALUD":null,"ACCESO":null,"ACCESIBIL":null,"COLONIA":null,"LAT":null,"LONG":null,"DAP":null,"ALTURA":null,"TRONCO":null,"CFE":null},"geometry":{"type":"MultiPoint","coordinates":[[370522.95077,2837329.5277]]}},{"type":"Feature","properties":{"UBI":"Fernando García Roel","PROYE":null,"NOMCIEN":null,"NOMBRE":"Árbol nuevo","OBJECTID":645,"FECHA LEV":2024,"NOMCOM":null,"ORIGEN":null,"SALUD":null,"ACCESO":null,"ACCESIBIL":null,"COLONIA":null,"LAT":null,"LONG":null,"DAP":null,"ALTURA":null,"TRONCO":null,"CFE":null},"geometry":{"type":"MultiPoint","coordinates":[[370327.1653,2837757.47912]]}},{"type":"Feature","properties":{"UBI":"Fernando García Roel","PROYE":null,"NOMCIEN":null,"NOMBRE":"Árbol nuevo","OBJECTID":646,"FECHA LEV":2024,"NOMCOM":null,"ORIGEN":null,"SALUD":null,"ACCESO":null,"ACCESIBIL":null,"COLONIA":null,"LAT":null,"LONG":null,"DAP":null,"ALTURA":null,"TRONCO":null,"CFE":null},"geometry":{"type":"MultiPoint","coordinates":[[370332.07647,2837763.52334]]}},{"type":"Feature","properties":{"UBI":"Fernando García Roel","PROYE":null,"NOMCIEN":null,"NOMBRE":"Árbol nuevo","OBJECTID":647,"FECHA LEV":2024,"NOMCOM":null,"ORIGEN":null,"SALUD":null,"ACCESO":null,"ACCESIBIL":null,"COLONIA":null,"LAT":null,"LONG":null,"DAP":null,"ALTURA":null,"TRONCO":null,"CFE":null},"geometry":{"type":"MultiPoint","coordinates":[[370343.05769,2837774.30783]]}},{"type":"Feature","properties":{"UBI":"Fernando García Roel","PROYE":null,"NOMCIEN":null,"NOMBRE":"Árbol nuevo","OBJECTID":648,"FECHA LEV":2024,"NOMCOM":null,"ORIGEN":null,"SALUD":null,"ACCESO":null,"ACCESIBIL":null,"COLONIA":null,"LAT":null,"LONG":null,"DAP":null,"ALTURA":null,"TRONCO":null,"CFE":null},"geometry":{"type":"MultiPoint","coordinates":[[370590.08121,2837950.97181]]}},{"type":"Feature","properties":{"UBI":"Fernando García Roel","PROYE":null,"NOMCIEN":null,"NOMBRE":"Árbol nuevo","OBJECTID":649,"FECHA LEV":2024,"NOMCOM":null,"ORIGEN":null,"SALUD":null,"ACCESO":null,"ACCESIBIL":null,"COLONIA":null,"LAT":null,"LONG":null,"DAP":null,"ALTURA":null,"TRONCO":null,"CFE":null},"geometry":{"type":"MultiPoint","coordinates":[[370592.41061,2837949.65647]]}},{"type":"Feature","properties":{"UBI":"Fernando García Roel","PROYE":null,"NOMCIEN":null,"NOMBRE":"Árbol nuevo","OBJECTID":650,"FECHA LEV":2024,"NOMCOM":null,"ORIGEN":null,"SALUD":null,"ACCESO":null,"ACCESIBIL":null,"COLONIA":null,"LAT":null,"LONG":null,"DAP":null,"ALTURA":null,"TRONCO":null,"CFE":null},"geometry":{"type":"MultiPoint","coordinates":[[370599.78985,2837951.43105]]}},{"type":"Feature","properties":{"UBI":"Fernando García Roel","PROYE":null,"NOMCIEN":null,"NOMBRE":"Árbol nuevo","OBJECTID":651,"FECHA LEV":2024,"NOMCOM":null,"ORIGEN":null,"SALUD":null,"ACCESO":null,"ACCESIBIL":null,"COLONIA":null,"LAT":null,"LONG":null,"DAP":null,"ALTURA":null,"TRONCO":null,"CFE":null},"geometry":{"type":"MultiPoint","coordinates":[[370605.99141,2837952.4783]]}},{"type":"Feature","properties":{"UBI":"Fernando García Roel","PROYE":null,"NOMCIEN":null,"NOMBRE":"Árbol nuevo","OBJECTID":652,"FECHA LEV":2024,"NOMCOM":null,"ORIGEN":null,"SALUD":null,"ACCESO":null,"ACCESIBIL":null,"COLONIA":null,"LAT":null,"LONG":null,"DAP":null,"ALTURA":null,"TRONCO":null,"CFE":null},"geometry":{"type":"MultiPoint","coordinates":[[370613.68795,2837952.40332]]}},{"type":"Feature","properties":{"UBI":"Fernando García Roel","PROYE":null,"NOMCIEN":null,"NOMBRE":"Árbol nuevo","OBJECTID":653,"FECHA LEV":2024,"NOMCOM":null,"ORIGEN":null,"SALUD":null,"ACCESO":null,"ACCESIBIL":null,"COLONIA":null,"LAT":null,"LONG":null,"DAP":null,"ALTURA":null,"TRONCO":null,"CFE":null},"geometry":{"type":"MultiPoint","coordinates":[[370622.71364,2837951.39161]]}},{"type":"Feature","properties":{"UBI":"Fernando García Roel","PROYE":null,"NOMCIEN":null,"NOMBRE":"Árbol nuevo","OBJECTID":654,"FECHA LEV":2024,"NOMCOM":null,"ORIGEN":null,"SALUD":null,"ACCESO":null,"ACCESIBIL":null,"COLONIA":null,"LAT":null,"LONG":null,"DAP":null,"ALTURA":null,"TRONCO":null,"CFE":null},"geometry":{"type":"MultiPoint","coordinates":[[370631.45439,2837955.55326]]}},{"type":"Feature","properties":{"UBI":"Fernando García Roel","PROYE":null,"NOMCIEN":null,"NOMBRE":"Árbol nuevo","OBJECTID":655,"FECHA LEV":2024,"NOMCOM":null,"ORIGEN":null,"SALUD":null,"ACCESO":null,"ACCESIBIL":null,"COLONIA":null,"LAT":null,"LONG":null,"DAP":null,"ALTURA":null,"TRONCO":null,"CFE":null},"geometry":{"type":"MultiPoint","coordinates":[[370632.2934,2837955.72896]]}},{"type":"Feature","properties":{"UBI":"Fernando García Roel","PROYE":null,"NOMCIEN":null,"NOMBRE":"Árbol nuevo","OBJECTID":656,"FECHA LEV":2024,"NOMCOM":null,"ORIGEN":null,"SALUD":null,"ACCESO":null,"ACCESIBIL":null,"COLONIA":null,"LAT":null,"LONG":null,"DAP":null,"ALTURA":null,"TRONCO":null,"CFE":null},"geometry":{"type":"MultiPoint","coordinates":[[370640.80457,2837953.43073]]}},{"type":"Feature","properties":{"UBI":"Fernando García Roel","PROYE":null,"NOMCIEN":null,"NOMBRE":"Árbol nuevo","OBJECTID":657,"FECHA LEV":2024,"NOMCOM":null,"ORIGEN":null,"SALUD":null,"ACCESO":null,"ACCESIBIL":null,"COLONIA":null,"LAT":null,"LONG":null,"DAP":null,"ALTURA":null,"TRONCO":null,"CFE":null},"geometry":{"type":"MultiPoint","coordinates":[[370654.03389,2837954.59453]]}},{"type":"Feature","properties":{"UBI":"Fernando García Roel","PROYE":null,"NOMCIEN":null,"NOMBRE":"Árbol nuevo","OBJECTID":658,"FECHA LEV":2024,"NOMCOM":null,"ORIGEN":null,"SALUD":null,"ACCESO":null,"ACCESIBIL":null,"COLONIA":null,"LAT":null,"LONG":null,"DAP":null,"ALTURA":null,"TRONCO":null,"CFE":null},"geometry":{"type":"MultiPoint","coordinates":[[370659.59643,2837958.78604]]}},{"type":"Feature","properties":{"UBI":"Fernando García Roel","PROYE":null,"NOMCIEN":null,"NOMBRE":"Árbol nuevo","OBJECTID":659,"FECHA LEV":2024,"NOMCOM":null,"ORIGEN":null,"SALUD":null,"ACCESO":null,"ACCESIBIL":null,"COLONIA":null,"LAT":null,"LONG":null,"DAP":null,"ALTURA":null,"TRONCO":null,"CFE":null},"geometry":{"type":"MultiPoint","coordinates":[[370675.01288,2837961.03623]]}},{"type":"Feature","properties":{"UBI":"Fernando García Roel","PROYE":null,"NOMCIEN":null,"NOMBRE":"Árbol nuevo","OBJECTID":660,"FECHA LEV":2024,"NOMCOM":null,"ORIGEN":null,"SALUD":null,"ACCESO":null,"ACCESIBIL":null,"COLONIA":null,"LAT":null,"LONG":null,"DAP":null,"ALTURA":null,"TRONCO":null,"CFE":null},"geometry":{"type":"MultiPoint","coordinates":[[370681.20982,2837961.71471]]}},{"type":"Feature","properties":{"UBI":"Fernando García Roel","PROYE":null,"NOMCIEN":null,"NOMBRE":"Árbol nuevo","OBJECTID":661,"FECHA LEV":2024,"NOMCOM":null,"ORIGEN":null,"SALUD":null,"ACCESO":null,"ACCESIBIL":null,"COLONIA":null,"LAT":null,"LONG":null,"DAP":null,"ALTURA":null,"TRONCO":null,"CFE":null},"geometry":{"type":"MultiPoint","coordinates":[[370688.92613,2837963.66993]]}},{"type":"Feature","properties":{"UBI":"Fernando García Roel","PROYE":null,"NOMCIEN":null,"NOMBRE":"Árbol nuevo","OBJECTID":662,"FECHA LEV":2024,"NOMCOM":null,"ORIGEN":null,"SALUD":null,"ACCESO":null,"ACCESIBIL":null,"COLONIA":null,"LAT":null,"LONG":null,"DAP":null,"ALTURA":null,"TRONCO":null,"CFE":null},"geometry":{"type":"MultiPoint","coordinates":[[370695.80521,2837965.6333]]}},{"type":"Feature","properties":{"UBI":"Fernando García Roel","PROYE":null,"NOMCIEN":null,"NOMBRE":"Árbol nuevo","OBJECTID":663,"FECHA LEV":2024,"NOMCOM":null,"ORIGEN":null,"SALUD":null,"ACCESO":null,"ACCESIBIL":null,"COLONIA":null,"LAT":null,"LONG":null,"DAP":null,"ALTURA":null,"TRONCO":null,"CFE":null},"geometry":{"type":"MultiPoint","coordinates":[[370704.16953,2837965.368]]}},{"type":"Feature","properties":{"UBI":"Fernando García Roel","PROYE":null,"NOMCIEN":null,"NOMBRE":"Árbol nuevo","OBJECTID":664,"FECHA LEV":2024,"NOMCOM":null,"ORIGEN":null,"SALUD":null,"ACCESO":null,"ACCESIBIL":null,"COLONIA":null,"LAT":null,"LONG":null,"DAP":null,"ALTURA":null,"TRONCO":null,"CFE":null},"geometry":{"type":"MultiPoint","coordinates":[[370712.86711,2837965.09836]]}},{"type":"Feature","properties":{"UBI":"Fernando García Roel","PROYE":null,"NOMCIEN":null,"NOMBRE":"Árbol nuevo","OBJECTID":665,"FECHA LEV":2024,"NOMCOM":null,"ORIGEN":null,"SALUD":null,"ACCESO":null,"ACCESIBIL":null,"COLONIA":null,"LAT":null,"LONG":null,"DAP":null,"ALTURA":null,"TRONCO":null,"CFE":null},"geometry":{"type":"MultiPoint","coordinates":[[370724.77545,2837967.93659]]}},{"type":"Feature","properties":{"UBI":"Fernando García Roel","PROYE":null,"NOMCIEN":null,"NOMBRE":"Árbol nuevo","OBJECTID":666,"FECHA LEV":2024,"NOMCOM":null,"ORIGEN":null,"SALUD":null,"ACCESO":null,"ACCESIBIL":null,"COLONIA":null,"LAT":null,"LONG":null,"DAP":null,"ALTURA":null,"TRONCO":null,"CFE":null},"geometry":{"type":"MultiPoint","coordinates":[[370732.6476,2837968.78265]]}},{"type":"Feature","properties":{"UBI":"Fernando García Roel","PROYE":null,"NOMCIEN":null,"NOMBRE":"Árbol nuevo","OBJECTID":667,"FECHA LEV":2024,"NOMCOM":null,"ORIGEN":null,"SALUD":null,"ACCESO":null,"ACCESIBIL":null,"COLONIA":null,"LAT":null,"LONG":null,"DAP":null,"ALTURA":null,"TRONCO":null,"CFE":null},"geometry":{"type":"MultiPoint","coordinates":[[370737.84887,2837970.20855]]}},{"type":"Feature","properties":{"UBI":"Fernando García Roel","PROYE":null,"NOMCIEN":null,"NOMBRE":"Árbol nuevo","OBJECTID":668,"FECHA LEV":2024,"NOMCOM":null,"ORIGEN":null,"SALUD":null,"ACCESO":null,"ACCESIBIL":null,"COLONIA":null,"LAT":null,"LONG":null,"DAP":null,"ALTURA":null,"TRONCO":null,"CFE":null},"geometry":{"type":"MultiPoint","coordinates":[[370833.7185,2837969.46083]]}},{"type":"Feature","properties":{"UBI":"Fernando García Roel","PROYE":null,"NOMCIEN":null,"NOMBRE":"Árbol nuevo","OBJECTID":669,"FECHA LEV":2024,"NOMCOM":null,"ORIGEN":null,"SALUD":null,"ACCESO":null,"ACCESIBIL":null,"COLONIA":null,"LAT":null,"LONG":null,"DAP":null,"ALTURA":null,"TRONCO":null,"CFE":null},"geometry":{"type":"MultiPoint","coordinates":[[370836.1994,2837966.48257]]}},{"type":"Feature","properties":{"UBI":"Fernando García Roel","PROYE":null,"NOMCIEN":null,"NOMBRE":"Árbol nuevo","OBJECTID":670,"FECHA LEV":2024,"NOMCOM":null,"ORIGEN":null,"SALUD":null,"ACCESO":null,"ACCESIBIL":null,"COLONIA":null,"LAT":null,"LONG":null,"DAP":null,"ALTURA":null,"TRONCO":null,"CFE":null},"geometry":{"type":"MultiPoint","coordinates":[[370844.58963,2837968.98626]]}},{"type":"Feature","properties":{"UBI":"Fernando García Roel","PROYE":null,"NOMCIEN":null,"NOMBRE":"Árbol nuevo","OBJECTID":671,"FECHA LEV":2024,"NOMCOM":null,"ORIGEN":null,"SALUD":null,"ACCESO":null,"ACCESIBIL":null,"COLONIA":null,"LAT":null,"LONG":null,"DAP":null,"ALTURA":null,"TRONCO":null,"CFE":null},"geometry":{"type":"MultiPoint","coordinates":[[370850.96318,2837970.58578]]}},{"type":"Feature","properties":{"UBI":"Fernando García Roel","PROYE":null,"NOMCIEN":null,"NOMBRE":"Árbol nuevo","OBJECTID":672,"FECHA LEV":2024,"NOMCOM":null,"ORIGEN":null,"SALUD":null,"ACCESO":null,"ACCESIBIL":null,"COLONIA":null,"LAT":null,"LONG":null,"DAP":null,"ALTURA":null,"TRONCO":null,"CFE":null},"geometry":{"type":"MultiPoint","coordinates":[[370857.63252,2837968.12062]]}},{"type":"Feature","properties":{"UBI":"Fernando García Roel","PROYE":null,"NOMCIEN":null,"NOMBRE":"Árbol nuevo","OBJECTID":673,"FECHA LEV":2024,"NOMCOM":null,"ORIGEN":null,"SALUD":null,"ACCESO":null,"ACCESIBIL":null,"COLONIA":null,"LAT":null,"LONG":null,"DAP":null,"ALTURA":null,"TRONCO":null,"CFE":null},"geometry":{"type":"MultiPoint","coordinates":[[370862.66793,2837969.73316]]}},{"type":"Feature","properties":{"UBI":"Fernando García Roel","PROYE":null,"NOMCIEN":null,"NOMBRE":"Árbol nuevo","OBJECTID":674,"FECHA LEV":2024,"NOMCOM":null,"ORIGEN":null,"SALUD":null,"ACCESO":null,"ACCESIBIL":null,"COLONIA":null,"LAT":null,"LONG":null,"DAP":null,"ALTURA":null,"TRONCO":null,"CFE":null},"geometry":{"type":"MultiPoint","coordinates":[[370867.69975,2837970.97688]]}},{"type":"Feature","properties":{"UBI":"Fernando García Roel","PROYE":null,"NOMCIEN":null,"NOMBRE":"Árbol nuevo","OBJECTID":675,"FECHA LEV":2024,"NOMCOM":null,"ORIGEN":null,"SALUD":null,"ACCESO":null,"ACCESIBIL":null,"COLONIA":null,"LAT":null,"LONG":null,"DAP":null,"ALTURA":null,"TRONCO":null,"CFE":null},"geometry":{"type":"MultiPoint","coordinates":[[370875.17659,2837965.54974]]}},{"type":"Feature","properties":{"UBI":"Fernando García Roel","PROYE":null,"NOMCIEN":null,"NOMBRE":"Árbol nuevo","OBJECTID":676,"FECHA LEV":2024,"NOMCOM":null,"ORIGEN":null,"SALUD":null,"ACCESO":null,"ACCESIBIL":null,"COLONIA":null,"LAT":null,"LONG":null,"DAP":null,"ALTURA":null,"TRONCO":null,"CFE":null},"geometry":{"type":"MultiPoint","coordinates":[[370878.85592,2837965.3301]]}},{"type":"Feature","properties":{"UBI":"Fernando García Roel","PROYE":null,"NOMCIEN":null,"NOMBRE":"Árbol nuevo","OBJECTID":677,"FECHA LEV":2024,"NOMCOM":null,"ORIGEN":null,"SALUD":null,"ACCESO":null,"ACCESIBIL":null,"COLONIA":null,"LAT":null,"LONG":null,"DAP":null,"ALTURA":null,"TRONCO":null,"CFE":null},"geometry":{"type":"MultiPoint","coordinates":[[370883.70574,2837965.09797]]}},{"type":"Feature","properties":{"UBI":"Fernando García Roel","PROYE":null,"NOMCIEN":null,"NOMBRE":"Árbol nuevo","OBJECTID":678,"FECHA LEV":2024,"NOMCOM":null,"ORIGEN":null,"SALUD":null,"ACCESO":null,"ACCESIBIL":null,"COLONIA":null,"LAT":null,"LONG":null,"DAP":null,"ALTURA":null,"TRONCO":null,"CFE":null},"geometry":{"type":"MultiPoint","coordinates":[[370890.89496,2837964.47425]]}},{"type":"Feature","properties":{"UBI":"Fernando García Roel","PROYE":null,"NOMCIEN":null,"NOMBRE":"Árbol nuevo","OBJECTID":679,"FECHA LEV":2024,"NOMCOM":null,"ORIGEN":null,"SALUD":null,"ACCESO":null,"ACCESIBIL":null,"COLONIA":null,"LAT":null,"LONG":null,"DAP":null,"ALTURA":null,"TRONCO":null,"CFE":null},"geometry":{"type":"MultiPoint","coordinates":[[370901.89785,2837960.30549]]}},{"type":"Feature","properties":{"UBI":"Fernando García Roel","PROYE":null,"NOMCIEN":null,"NOMBRE":"Árbol nuevo","OBJECTID":680,"FECHA LEV":2024,"NOMCOM":null,"ORIGEN":null,"SALUD":null,"ACCESO":null,"ACCESIBIL":null,"COLONIA":null,"LAT":null,"LONG":null,"DAP":null,"ALTURA":null,"TRONCO":null,"CFE":null},"geometry":{"type":"MultiPoint","coordinates":[[370909.24116,2837958.38875]]}},{"type":"Feature","properties":{"UBI":"Fernando García Roel","PROYE":null,"NOMCIEN":null,"NOMBRE":"Árbol nuevo","OBJECTID":681,"FECHA LEV":2024,"NOMCOM":null,"ORIGEN":null,"SALUD":null,"ACCESO":null,"ACCESIBIL":null,"COLONIA":null,"LAT":null,"LONG":null,"DAP":null,"ALTURA":null,"TRONCO":null,"CFE":null},"geometry":{"type":"MultiPoint","coordinates":[[370919.42042,2837955.52066]]}},{"type":"Feature","properties":{"UBI":"Fernando García Roel","PROYE":null,"NOMCIEN":null,"NOMBRE":"Árbol nuevo","OBJECTID":682,"FECHA LEV":2024,"NOMCOM":null,"ORIGEN":null,"SALUD":null,"ACCESO":null,"ACCESIBIL":null,"COLONIA":null,"LAT":null,"LONG":null,"DAP":null,"ALTURA":null,"TRONCO":null,"CFE":null},"geometry":{"type":"MultiPoint","coordinates":[[370923.42685,2837954.55793]]}},{"type":"Feature","properties":{"UBI":"Fernando García Roel","PROYE":null,"NOMCIEN":null,"NOMBRE":"Árbol nuevo","OBJECTID":683,"FECHA LEV":2024,"NOMCOM":null,"ORIGEN":null,"SALUD":null,"ACCESO":null,"ACCESIBIL":null,"COLONIA":null,"LAT":null,"LONG":null,"DAP":null,"ALTURA":null,"TRONCO":null,"CFE":null},"geometry":{"type":"MultiPoint","coordinates":[[370931.26133,2837951.52876]]}},{"type":"Feature","properties":{"UBI":"Fernando García Roel","PROYE":null,"NOMCIEN":null,"NOMBRE":"Árbol nuevo","OBJECTID":684,"FECHA LEV":2024,"NOMCOM":null,"ORIGEN":null,"SALUD":null,"ACCESO":null,"ACCESIBIL":null,"COLONIA":null,"LAT":null,"LONG":null,"DAP":null,"ALTURA":null,"TRONCO":null,"CFE":null},"geometry":{"type":"MultiPoint","coordinates":[[370947.93155,2837945.08964]]}},{"type":"Feature","properties":{"UBI":"Fernando García Roel","PROYE":null,"NOMCIEN":null,"NOMBRE":"Árbol nuevo","OBJECTID":685,"FECHA LEV":2024,"NOMCOM":null,"ORIGEN":null,"SALUD":null,"ACCESO":null,"ACCESIBIL":null,"COLONIA":null,"LAT":null,"LONG":null,"DAP":null,"ALTURA":null,"TRONCO":null,"CFE":null},"geometry":{"type":"MultiPoint","coordinates":[[370956.91601,2837939.83288]]}},{"type":"Feature","properties":{"UBI":"Fernando García Roel","PROYE":null,"NOMCIEN":null,"NOMBRE":"Árbol nuevo","OBJECTID":686,"FECHA LEV":2024,"NOMCOM":null,"ORIGEN":null,"SALUD":null,"ACCESO":null,"ACCESIBIL":null,"COLONIA":null,"LAT":null,"LONG":null,"DAP":null,"ALTURA":null,"TRONCO":null,"CFE":null},"geometry":{"type":"MultiPoint","coordinates":[[370962.2606,2837938.85827]]}},{"type":"Feature","properties":{"UBI":"Fernando García Roel","PROYE":null,"NOMCIEN":null,"NOMBRE":"Árbol nuevo","OBJECTID":687,"FECHA LEV":2024,"NOMCOM":null,"ORIGEN":null,"SALUD":null,"ACCESO":null,"ACCESIBIL":null,"COLONIA":null,"LAT":null,"LONG":null,"DAP":null,"ALTURA":null,"TRONCO":null,"CFE":null},"geometry":{"type":"MultiPoint","coordinates":[[370972.40939,2837932.8525]]}},{"type":"Feature","properties":{"UBI":"Fernando García Roel","PROYE":null,"NOMCIEN":null,"NOMBRE":"Árbol nuevo","OBJECTID":688,"FECHA LEV":2024,"NOMCOM":null,"ORIGEN":null,"SALUD":null,"ACCESO":null,"ACCESIBIL":null,"COLONIA":null,"LAT":null,"LONG":null,"DAP":null,"ALTURA":null,"TRONCO":null,"CFE":null},"geometry":{"type":"MultiPoint","coordinates":[[370975.22641,2837930.05597]]}},{"type":"Feature","properties":{"UBI":"Fernando García Roel","PROYE":null,"NOMCIEN":null,"NOMBRE":"Árbol nuevo","OBJECTID":689,"FECHA LEV":2024,"NOMCOM":null,"ORIGEN":null,"SALUD":null,"ACCESO":null,"ACCESIBIL":null,"COLONIA":null,"LAT":null,"LONG":null,"DAP":null,"ALTURA":null,"TRONCO":null,"CFE":null},"geometry":{"type":"MultiPoint","coordinates":[[370983.74662,2837928.68057]]}},{"type":"Feature","properties":{"UBI":"Fernando García Roel","PROYE":null,"NOMCIEN":null,"NOMBRE":"Árbol nuevo","OBJECTID":690,"FECHA LEV":2024,"NOMCOM":null,"ORIGEN":null,"SALUD":null,"ACCESO":null,"ACCESIBIL":null,"COLONIA":null,"LAT":null,"LONG":null,"DAP":null,"ALTURA":null,"TRONCO":null,"CFE":null},"geometry":{"type":"MultiPoint","coordinates":[[370989.42649,2837927.70271]]}},{"type":"Feature","properties":{"UBI":"Fernando García Roel","PROYE":null,"NOMCIEN":null,"NOMBRE":"Árbol nuevo","OBJECTID":691,"FECHA LEV":2024,"NOMCOM":null,"ORIGEN":null,"SALUD":null,"ACCESO":null,"ACCESIBIL":null,"COLONIA":null,"LAT":null,"LONG":null,"DAP":null,"ALTURA":null,"TRONCO":null,"CFE":null},"geometry":{"type":"MultiPoint","coordinates":[[371000.90986,2837921.31404]]}},{"type":"Feature","properties":{"UBI":"Fernando García Roel","PROYE":null,"NOMCIEN":null,"NOMBRE":"Árbol nuevo","OBJECTID":692,"FECHA LEV":2024,"NOMCOM":null,"ORIGEN":null,"SALUD":null,"ACCESO":null,"ACCESIBIL":null,"COLONIA":null,"LAT":null,"LONG":null,"DAP":null,"ALTURA":null,"TRONCO":null,"CFE":null},"geometry":{"type":"MultiPoint","coordinates":[[371007.06556,2837917.74629]]}},{"type":"Feature","properties":{"UBI":"Fernando García Roel","PROYE":null,"NOMCIEN":null,"NOMBRE":"Árbol nuevo","OBJECTID":693,"FECHA LEV":2024,"NOMCOM":null,"ORIGEN":null,"SALUD":null,"ACCESO":null,"ACCESIBIL":null,"COLONIA":null,"LAT":null,"LONG":null,"DAP":null,"ALTURA":null,"TRONCO":null,"CFE":null},"geometry":{"type":"MultiPoint","coordinates":[[371024.22166,2837909.64216]]}},{"type":"Feature","properties":{"UBI":"Fernando García Roel","PROYE":null,"NOMCIEN":null,"NOMBRE":"Árbol nuevo","OBJECTID":694,"FECHA LEV":2024,"NOMCOM":null,"ORIGEN":null,"SALUD":null,"ACCESO":null,"ACCESIBIL":null,"COLONIA":null,"LAT":null,"LONG":null,"DAP":null,"ALTURA":null,"TRONCO":null,"CFE":null},"geometry":{"type":"MultiPoint","coordinates":[[371034.04776,2837904.93111]]}},{"type":"Feature","properties":{"UBI":"Fernando García Roel","PROYE":null,"NOMCIEN":null,"NOMBRE":"Árbol nuevo","OBJECTID":695,"FECHA LEV":2024,"NOMCOM":null,"ORIGEN":null,"SALUD":null,"ACCESO":null,"ACCESIBIL":null,"COLONIA":null,"LAT":null,"LONG":null,"DAP":null,"ALTURA":null,"TRONCO":null,"CFE":null},"geometry":{"type":"MultiPoint","coordinates":[[371041.06041,2837903.38651]]}},{"type":"Feature","properties":{"UBI":"Fernando García Roel","PROYE":null,"NOMCIEN":null,"NOMBRE":"Árbol nuevo","OBJECTID":696,"FECHA LEV":2024,"NOMCOM":null,"ORIGEN":null,"SALUD":null,"ACCESO":null,"ACCESIBIL":null,"COLONIA":null,"LAT":null,"LONG":null,"DAP":null,"ALTURA":null,"TRONCO":null,"CFE":null},"geometry":{"type":"MultiPoint","coordinates":[[371049.71961,2837899.05565]]}},{"type":"Feature","properties":{"UBI":"Fernando García Roel","PROYE":null,"NOMCIEN":null,"NOMBRE":"Árbol nuevo","OBJECTID":697,"FECHA LEV":2024,"NOMCOM":null,"ORIGEN":null,"SALUD":null,"ACCESO":null,"ACCESIBIL":null,"COLONIA":null,"LAT":null,"LONG":null,"DAP":null,"ALTURA":null,"TRONCO":null,"CFE":null},"geometry":{"type":"MultiPoint","coordinates":[[371057.38213,2837895.4744]]}},{"type":"Feature","properties":{"UBI":"Fernando García Roel","PROYE":null,"NOMCIEN":null,"NOMBRE":"Árbol nuevo","OBJECTID":698,"FECHA LEV":2024,"NOMCOM":null,"ORIGEN":null,"SALUD":null,"ACCESO":null,"ACCESIBIL":null,"COLONIA":null,"LAT":null,"LONG":null,"DAP":null,"ALTURA":null,"TRONCO":null,"CFE":null},"geometry":{"type":"MultiPoint","coordinates":[[371064.2146,2837892.63891]]}},{"type":"Feature","properties":{"UBI":"Fernando García Roel","PROYE":null,"NOMCIEN":null,"NOMBRE":"Árbol nuevo","OBJECTID":699,"FECHA LEV":2024,"NOMCOM":null,"ORIGEN":null,"SALUD":null,"ACCESO":null,"ACCESIBIL":null,"COLONIA":null,"LAT":null,"LONG":null,"DAP":null,"ALTURA":null,"TRONCO":null,"CFE":null},"geometry":{"type":"MultiPoint","coordinates":[[371074.0228,2837886.0816]]}},{"type":"Feature","properties":{"UBI":"Av. Luis Elizondo","PROYE":null,"NOMCIEN":null,"NOMBRE":"Árbol nuevo","OBJECTID":700,"FECHA LEV":2024,"NOMCOM":null,"ORIGEN":null,"SALUD":null,"ACCESO":null,"ACCESIBIL":null,"COLONIA":null,"LAT":null,"LONG":null,"DAP":null,"ALTURA":null,"TRONCO":null,"CFE":null},"geometry":{"type":"MultiPoint","coordinates":[[371091.63612,2837873.35749]]}},{"type":"Feature","properties":{"UBI":"Fernando García Roel","PROYE":null,"NOMCIEN":null,"NOMBRE":"Árbol nuevo","OBJECTID":701,"FECHA LEV":2024,"NOMCOM":null,"ORIGEN":null,"SALUD":null,"ACCESO":null,"ACCESIBIL":null,"COLONIA":null,"LAT":null,"LONG":null,"DAP":null,"ALTURA":null,"TRONCO":null,"CFE":null},"geometry":{"type":"MultiPoint","coordinates":[[371093.98884,2837891.6111]]}},{"type":"Feature","properties":{"UBI":"Fernando García Roel","PROYE":null,"NOMCIEN":null,"NOMBRE":"Árbol nuevo","OBJECTID":702,"FECHA LEV":2024,"NOMCOM":null,"ORIGEN":null,"SALUD":null,"ACCESO":null,"ACCESIBIL":null,"COLONIA":null,"LAT":null,"LONG":null,"DAP":null,"ALTURA":null,"TRONCO":null,"CFE":null},"geometry":{"type":"MultiPoint","coordinates":[[371086.03503,2837899.62692]]}},{"type":"Feature","properties":{"UBI":"Fernando García Roel","PROYE":null,"NOMCIEN":null,"NOMBRE":"Árbol nuevo","OBJECTID":703,"FECHA LEV":2024,"NOMCOM":null,"ORIGEN":null,"SALUD":null,"ACCESO":null,"ACCESIBIL":null,"COLONIA":null,"LAT":null,"LONG":null,"DAP":null,"ALTURA":null,"TRONCO":null,"CFE":null},"geometry":{"type":"MultiPoint","coordinates":[[371080.16779,2837898.57621]]}},{"type":"Feature","properties":{"UBI":"Fernando García Roel","PROYE":null,"NOMCIEN":null,"NOMBRE":"Árbol nuevo","OBJECTID":704,"FECHA LEV":2024,"NOMCOM":null,"ORIGEN":null,"SALUD":null,"ACCESO":null,"ACCESIBIL":null,"COLONIA":null,"LAT":null,"LONG":null,"DAP":null,"ALTURA":null,"TRONCO":null,"CFE":null},"geometry":{"type":"MultiPoint","coordinates":[[371078.84398,2837900.06557]]}},{"type":"Feature","properties":{"UBI":"Fernando García Roel","PROYE":null,"NOMCIEN":null,"NOMBRE":"Árbol nuevo","OBJECTID":705,"FECHA LEV":2024,"NOMCOM":null,"ORIGEN":null,"SALUD":null,"ACCESO":null,"ACCESIBIL":null,"COLONIA":null,"LAT":null,"LONG":null,"DAP":null,"ALTURA":null,"TRONCO":null,"CFE":null},"geometry":{"type":"MultiPoint","coordinates":[[371070.00559,2837903.1055]]}},{"type":"Feature","properties":{"UBI":"Fernando García Roel","PROYE":null,"NOMCIEN":null,"NOMBRE":"Árbol nuevo","OBJECTID":706,"FECHA LEV":2024,"NOMCOM":null,"ORIGEN":null,"SALUD":null,"ACCESO":null,"ACCESIBIL":null,"COLONIA":null,"LAT":null,"LONG":null,"DAP":null,"ALTURA":null,"TRONCO":null,"CFE":null},"geometry":{"type":"MultiPoint","coordinates":[[371064.02367,2837907.40924]]}},{"type":"Feature","properties":{"UBI":"Fernando García Roel","PROYE":null,"NOMCIEN":null,"NOMBRE":"Árbol nuevo","OBJECTID":707,"FECHA LEV":2024,"NOMCOM":null,"ORIGEN":null,"SALUD":null,"ACCESO":null,"ACCESIBIL":null,"COLONIA":null,"LAT":null,"LONG":null,"DAP":null,"ALTURA":null,"TRONCO":null,"CFE":null},"geometry":{"type":"MultiPoint","coordinates":[[371057.51474,2837909.13393]]}},{"type":"Feature","properties":{"UBI":"Fernando García Roel","PROYE":null,"NOMCIEN":null,"NOMBRE":"Árbol nuevo","OBJECTID":708,"FECHA LEV":2024,"NOMCOM":null,"ORIGEN":null,"SALUD":null,"ACCESO":null,"ACCESIBIL":null,"COLONIA":null,"LAT":null,"LONG":null,"DAP":null,"ALTURA":null,"TRONCO":null,"CFE":null},"geometry":{"type":"MultiPoint","coordinates":[[371050.87222,2837914.36788]]}},{"type":"Feature","properties":{"UBI":"Fernando García Roel","PROYE":null,"NOMCIEN":null,"NOMBRE":"Árbol nuevo","OBJECTID":709,"FECHA LEV":2024,"NOMCOM":null,"ORIGEN":null,"SALUD":null,"ACCESO":null,"ACCESIBIL":null,"COLONIA":null,"LAT":null,"LONG":null,"DAP":null,"ALTURA":null,"TRONCO":null,"CFE":null},"geometry":{"type":"MultiPoint","coordinates":[[371045.05078,2837917.93126]]}},{"type":"Feature","properties":{"UBI":"Fernando García Roel","PROYE":null,"NOMCIEN":null,"NOMBRE":"Árbol nuevo","OBJECTID":710,"FECHA LEV":2024,"NOMCOM":null,"ORIGEN":null,"SALUD":null,"ACCESO":null,"ACCESIBIL":null,"COLONIA":null,"LAT":null,"LONG":null,"DAP":null,"ALTURA":null,"TRONCO":null,"CFE":null},"geometry":{"type":"MultiPoint","coordinates":[[371027.87675,2837924.19017]]}},{"type":"Feature","properties":{"UBI":"Fernando García Roel","PROYE":null,"NOMCIEN":null,"NOMBRE":"Árbol nuevo","OBJECTID":711,"FECHA LEV":2024,"NOMCOM":null,"ORIGEN":null,"SALUD":null,"ACCESO":null,"ACCESIBIL":null,"COLONIA":null,"LAT":null,"LONG":null,"DAP":null,"ALTURA":null,"TRONCO":null,"CFE":null},"geometry":{"type":"MultiPoint","coordinates":[[371023.37196,2837925.52656]]}},{"type":"Feature","properties":{"UBI":"Fernando García Roel","PROYE":null,"NOMCIEN":null,"NOMBRE":"Árbol nuevo","OBJECTID":712,"FECHA LEV":2024,"NOMCOM":null,"ORIGEN":null,"SALUD":null,"ACCESO":null,"ACCESIBIL":null,"COLONIA":null,"LAT":null,"LONG":null,"DAP":null,"ALTURA":null,"TRONCO":null,"CFE":null},"geometry":{"type":"MultiPoint","coordinates":[[371034.44482,2837928.55705]]}},{"type":"Feature","properties":{"UBI":"Fernando García Roel","PROYE":null,"NOMCIEN":null,"NOMBRE":"Árbol nuevo","OBJECTID":713,"FECHA LEV":2024,"NOMCOM":null,"ORIGEN":null,"SALUD":null,"ACCESO":null,"ACCESIBIL":null,"COLONIA":null,"LAT":null,"LONG":null,"DAP":null,"ALTURA":null,"TRONCO":null,"CFE":null},"geometry":{"type":"MultiPoint","coordinates":[[371027.95563,2837932.31301]]}},{"type":"Feature","properties":{"UBI":"Fernando García Roel","PROYE":null,"NOMCIEN":null,"NOMBRE":"Árbol nuevo","OBJECTID":714,"FECHA LEV":2024,"NOMCOM":null,"ORIGEN":null,"SALUD":null,"ACCESO":null,"ACCESIBIL":null,"COLONIA":null,"LAT":null,"LONG":null,"DAP":null,"ALTURA":null,"TRONCO":null,"CFE":null},"geometry":{"type":"MultiPoint","coordinates":[[371034.17686,2837935.39061]]}},{"type":"Feature","properties":{"UBI":"Fernando García Roel","PROYE":null,"NOMCIEN":null,"NOMBRE":"Árbol nuevo","OBJECTID":715,"FECHA LEV":2024,"NOMCOM":null,"ORIGEN":null,"SALUD":null,"ACCESO":null,"ACCESIBIL":null,"COLONIA":null,"LAT":null,"LONG":null,"DAP":null,"ALTURA":null,"TRONCO":null,"CFE":null},"geometry":{"type":"MultiPoint","coordinates":[[371026.33956,2837938.23587]]}},{"type":"Feature","properties":{"UBI":"Fernando García Roel","PROYE":null,"NOMCIEN":null,"NOMBRE":"Árbol nuevo","OBJECTID":716,"FECHA LEV":2024,"NOMCOM":null,"ORIGEN":null,"SALUD":null,"ACCESO":null,"ACCESIBIL":null,"COLONIA":null,"LAT":null,"LONG":null,"DAP":null,"ALTURA":null,"TRONCO":null,"CFE":null},"geometry":{"type":"MultiPoint","coordinates":[[371037.91614,2837941.44645]]}},{"type":"Feature","properties":{"UBI":"Fernando García Roel","PROYE":null,"NOMCIEN":null,"NOMBRE":"Árbol nuevo","OBJECTID":717,"FECHA LEV":2024,"NOMCOM":null,"ORIGEN":null,"SALUD":null,"ACCESO":null,"ACCESIBIL":null,"COLONIA":null,"LAT":null,"LONG":null,"DAP":null,"ALTURA":null,"TRONCO":null,"CFE":null},"geometry":{"type":"MultiPoint","coordinates":[[371031.90557,2837942.79746]]}},{"type":"Feature","properties":{"UBI":"Fernando García Roel","PROYE":null,"NOMCIEN":null,"NOMBRE":"Árbol nuevo","OBJECTID":718,"FECHA LEV":2024,"NOMCOM":null,"ORIGEN":null,"SALUD":null,"ACCESO":null,"ACCESIBIL":null,"COLONIA":null,"LAT":null,"LONG":null,"DAP":null,"ALTURA":null,"TRONCO":null,"CFE":null},"geometry":{"type":"MultiPoint","coordinates":[[370999.24818,2837956.9604]]}},{"type":"Feature","properties":{"UBI":"Fernando García Roel","PROYE":null,"NOMCIEN":null,"NOMBRE":"Árbol nuevo","OBJECTID":719,"FECHA LEV":2024,"NOMCOM":null,"ORIGEN":null,"SALUD":null,"ACCESO":null,"ACCESIBIL":null,"COLONIA":null,"LAT":null,"LONG":null,"DAP":null,"ALTURA":null,"TRONCO":null,"CFE":null},"geometry":{"type":"MultiPoint","coordinates":[[370995.94257,2837961.23819]]}},{"type":"Feature","properties":{"UBI":"Fernando García Roel","PROYE":null,"NOMCIEN":null,"NOMBRE":"Árbol nuevo","OBJECTID":720,"FECHA LEV":2024,"NOMCOM":null,"ORIGEN":null,"SALUD":null,"ACCESO":null,"ACCESIBIL":null,"COLONIA":null,"LAT":null,"LONG":null,"DAP":null,"ALTURA":null,"TRONCO":null,"CFE":null},"geometry":{"type":"MultiPoint","coordinates":[[370988.71311,2837957.61656]]}},{"type":"Feature","properties":{"UBI":"Fernando García Roel","PROYE":null,"NOMCIEN":null,"NOMBRE":"Árbol nuevo","OBJECTID":721,"FECHA LEV":2024,"NOMCOM":null,"ORIGEN":null,"SALUD":null,"ACCESO":null,"ACCESIBIL":null,"COLONIA":null,"LAT":null,"LONG":null,"DAP":null,"ALTURA":null,"TRONCO":null,"CFE":null},"geometry":{"type":"MultiPoint","coordinates":[[370982.04553,2837960.26551]]}},{"type":"Feature","properties":{"UBI":"Fernando García Roel","PROYE":null,"NOMCIEN":null,"NOMBRE":"Árbol nuevo","OBJECTID":722,"FECHA LEV":2024,"NOMCOM":null,"ORIGEN":null,"SALUD":null,"ACCESO":null,"ACCESIBIL":null,"COLONIA":null,"LAT":null,"LONG":null,"DAP":null,"ALTURA":null,"TRONCO":null,"CFE":null},"geometry":{"type":"MultiPoint","coordinates":[[370964.48709,2837961.35877]]}},{"type":"Feature","properties":{"UBI":"Fernando García Roel","PROYE":null,"NOMCIEN":null,"NOMBRE":"Árbol nuevo","OBJECTID":723,"FECHA LEV":2024,"NOMCOM":null,"ORIGEN":null,"SALUD":null,"ACCESO":null,"ACCESIBIL":null,"COLONIA":null,"LAT":null,"LONG":null,"DAP":null,"ALTURA":null,"TRONCO":null,"CFE":null},"geometry":{"type":"MultiPoint","coordinates":[[370970.16337,2837960.01209]]}},{"type":"Feature","properties":{"UBI":"Fernando García Roel","PROYE":null,"NOMCIEN":null,"NOMBRE":"Árbol nuevo","OBJECTID":724,"FECHA LEV":2024,"NOMCOM":null,"ORIGEN":null,"SALUD":null,"ACCESO":null,"ACCESIBIL":null,"COLONIA":null,"LAT":null,"LONG":null,"DAP":null,"ALTURA":null,"TRONCO":null,"CFE":null},"geometry":{"type":"MultiPoint","coordinates":[[370980.48416,2837954.55738]]}},{"type":"Feature","properties":{"UBI":"Fernando García Roel","PROYE":null,"NOMCIEN":null,"NOMBRE":"Árbol nuevo","OBJECTID":725,"FECHA LEV":2024,"NOMCOM":null,"ORIGEN":null,"SALUD":null,"ACCESO":null,"ACCESIBIL":null,"COLONIA":null,"LAT":null,"LONG":null,"DAP":null,"ALTURA":null,"TRONCO":null,"CFE":null},"geometry":{"type":"MultiPoint","coordinates":[[370985.65672,2837953.03062]]}},{"type":"Feature","properties":{"UBI":"Fernando García Roel","PROYE":null,"NOMCIEN":null,"NOMBRE":"Árbol nuevo","OBJECTID":726,"FECHA LEV":2024,"NOMCOM":null,"ORIGEN":null,"SALUD":null,"ACCESO":null,"ACCESIBIL":null,"COLONIA":null,"LAT":null,"LONG":null,"DAP":null,"ALTURA":null,"TRONCO":null,"CFE":null},"geometry":{"type":"MultiPoint","coordinates":[[370996.31361,2837947.75764]]}},{"type":"Feature","properties":{"UBI":"Fernando García Roel","PROYE":null,"NOMCIEN":null,"NOMBRE":"Árbol nuevo","OBJECTID":727,"FECHA LEV":2024,"NOMCOM":null,"ORIGEN":null,"SALUD":null,"ACCESO":null,"ACCESIBIL":null,"COLONIA":null,"LAT":null,"LONG":null,"DAP":null,"ALTURA":null,"TRONCO":null,"CFE":null},"geometry":{"type":"MultiPoint","coordinates":[[371000.31468,2837946.24226]]}},{"type":"Feature","properties":{"UBI":"Fernando García Roel","PROYE":null,"NOMCIEN":null,"NOMBRE":"Árbol nuevo","OBJECTID":728,"FECHA LEV":2024,"NOMCOM":null,"ORIGEN":null,"SALUD":null,"ACCESO":null,"ACCESIBIL":null,"COLONIA":null,"LAT":null,"LONG":null,"DAP":null,"ALTURA":null,"TRONCO":null,"CFE":null},"geometry":{"type":"MultiPoint","coordinates":[[370998.03993,2837935.92653]]}},{"type":"Feature","properties":{"UBI":"Fernando García Roel","PROYE":null,"NOMCIEN":null,"NOMBRE":"Árbol nuevo","OBJECTID":729,"FECHA LEV":2024,"NOMCOM":null,"ORIGEN":null,"SALUD":null,"ACCESO":null,"ACCESIBIL":null,"COLONIA":null,"LAT":null,"LONG":null,"DAP":null,"ALTURA":null,"TRONCO":null,"CFE":null},"geometry":{"type":"MultiPoint","coordinates":[[370991.54357,2837938.94266]]}},{"type":"Feature","properties":{"UBI":"Fernando García Roel","PROYE":null,"NOMCIEN":null,"NOMBRE":"Árbol nuevo","OBJECTID":730,"FECHA LEV":2024,"NOMCOM":null,"ORIGEN":null,"SALUD":null,"ACCESO":null,"ACCESIBIL":null,"COLONIA":null,"LAT":null,"LONG":null,"DAP":null,"ALTURA":null,"TRONCO":null,"CFE":null},"geometry":{"type":"MultiPoint","coordinates":[[370986.05286,2837942.13511]]}},{"type":"Feature","properties":{"UBI":"Fernando García Roel","PROYE":null,"NOMCIEN":null,"NOMBRE":"Árbol nuevo","OBJECTID":731,"FECHA LEV":2024,"NOMCOM":null,"ORIGEN":null,"SALUD":null,"ACCESO":null,"ACCESIBIL":null,"COLONIA":null,"LAT":null,"LONG":null,"DAP":null,"ALTURA":null,"TRONCO":null,"CFE":null},"geometry":{"type":"MultiPoint","coordinates":[[370982.23099,2837944.94139]]}},{"type":"Feature","properties":{"UBI":"Fernando García Roel","PROYE":null,"NOMCIEN":null,"NOMBRE":"Árbol nuevo","OBJECTID":732,"FECHA LEV":2024,"NOMCOM":null,"ORIGEN":null,"SALUD":null,"ACCESO":null,"ACCESIBIL":null,"COLONIA":null,"LAT":null,"LONG":null,"DAP":null,"ALTURA":null,"TRONCO":null,"CFE":null},"geometry":{"type":"MultiPoint","coordinates":[[370973.38547,2837947.24265]]}},{"type":"Feature","properties":{"UBI":"Fernando García Roel","PROYE":null,"NOMCIEN":null,"NOMBRE":"Árbol nuevo","OBJECTID":733,"FECHA LEV":2024,"NOMCOM":null,"ORIGEN":null,"SALUD":null,"ACCESO":null,"ACCESIBIL":null,"COLONIA":null,"LAT":null,"LONG":null,"DAP":null,"ALTURA":null,"TRONCO":null,"CFE":null},"geometry":{"type":"MultiPoint","coordinates":[[370966.56381,2837951.18574]]}},{"type":"Feature","properties":{"UBI":"Fernando García Roel","PROYE":null,"NOMCIEN":null,"NOMBRE":"Árbol nuevo","OBJECTID":734,"FECHA LEV":2024,"NOMCOM":null,"ORIGEN":null,"SALUD":null,"ACCESO":null,"ACCESIBIL":null,"COLONIA":null,"LAT":null,"LONG":null,"DAP":null,"ALTURA":null,"TRONCO":null,"CFE":null},"geometry":{"type":"MultiPoint","coordinates":[[370962.38076,2837951.22638]]}},{"type":"Feature","properties":{"UBI":"Fernando García Roel","PROYE":null,"NOMCIEN":null,"NOMBRE":"Árbol nuevo","OBJECTID":735,"FECHA LEV":2024,"NOMCOM":null,"ORIGEN":null,"SALUD":null,"ACCESO":null,"ACCESIBIL":null,"COLONIA":null,"LAT":null,"LONG":null,"DAP":null,"ALTURA":null,"TRONCO":null,"CFE":null},"geometry":{"type":"MultiPoint","coordinates":[[370956.24918,2837957.37811]]}},{"type":"Feature","properties":{"UBI":"Fernando García Roel","PROYE":null,"NOMCIEN":null,"NOMBRE":"Árbol nuevo","OBJECTID":736,"FECHA LEV":2024,"NOMCOM":null,"ORIGEN":null,"SALUD":null,"ACCESO":null,"ACCESIBIL":null,"COLONIA":null,"LAT":null,"LONG":null,"DAP":null,"ALTURA":null,"TRONCO":null,"CFE":null},"geometry":{"type":"MultiPoint","coordinates":[[370951.39935,2837957.6091]]}},{"type":"Feature","properties":{"UBI":"Fernando García Roel","PROYE":null,"NOMCIEN":null,"NOMBRE":"Árbol nuevo","OBJECTID":737,"FECHA LEV":2024,"NOMCOM":null,"ORIGEN":null,"SALUD":null,"ACCESO":null,"ACCESIBIL":null,"COLONIA":null,"LAT":null,"LONG":null,"DAP":null,"ALTURA":null,"TRONCO":null,"CFE":null},"geometry":{"type":"MultiPoint","coordinates":[[370947.23604,2837959.68101]]}},{"type":"Feature","properties":{"UBI":"Fernando García Roel","PROYE":null,"NOMCIEN":null,"NOMBRE":"Árbol nuevo","OBJECTID":738,"FECHA LEV":2024,"NOMCOM":null,"ORIGEN":null,"SALUD":null,"ACCESO":null,"ACCESIBIL":null,"COLONIA":null,"LAT":null,"LONG":null,"DAP":null,"ALTURA":null,"TRONCO":null,"CFE":null},"geometry":{"type":"MultiPoint","coordinates":[[370937.55792,2837962.35923]]}},{"type":"Feature","properties":{"UBI":"Fernando García Roel","PROYE":null,"NOMCIEN":null,"NOMBRE":"Árbol nuevo","OBJECTID":739,"FECHA LEV":2024,"NOMCOM":null,"ORIGEN":null,"SALUD":null,"ACCESO":null,"ACCESIBIL":null,"COLONIA":null,"LAT":null,"LONG":null,"DAP":null,"ALTURA":null,"TRONCO":null,"CFE":null},"geometry":{"type":"MultiPoint","coordinates":[[370933.40536,2837965.5376]]}},{"type":"Feature","properties":{"UBI":"Fernando García Roel","PROYE":null,"NOMCIEN":null,"NOMBRE":"Árbol nuevo","OBJECTID":740,"FECHA LEV":2024,"NOMCOM":null,"ORIGEN":null,"SALUD":null,"ACCESO":null,"ACCESIBIL":null,"COLONIA":null,"LAT":null,"LONG":null,"DAP":null,"ALTURA":null,"TRONCO":null,"CFE":null},"geometry":{"type":"MultiPoint","coordinates":[[370931.7427,2837966.66142]]}},{"type":"Feature","properties":{"UBI":"Fernando García Roel","PROYE":null,"NOMCIEN":null,"NOMBRE":"Árbol nuevo","OBJECTID":741,"FECHA LEV":2024,"NOMCOM":null,"ORIGEN":null,"SALUD":null,"ACCESO":null,"ACCESIBIL":null,"COLONIA":null,"LAT":null,"LONG":null,"DAP":null,"ALTURA":null,"TRONCO":null,"CFE":null},"geometry":{"type":"MultiPoint","coordinates":[[370920.90925,2837971.01349]]}},{"type":"Feature","properties":{"UBI":"Fernando García Roel","PROYE":null,"NOMCIEN":null,"NOMBRE":"Árbol nuevo","OBJECTID":742,"FECHA LEV":2024,"NOMCOM":null,"ORIGEN":null,"SALUD":null,"ACCESO":null,"ACCESIBIL":null,"COLONIA":null,"LAT":null,"LONG":null,"DAP":null,"ALTURA":null,"TRONCO":null,"CFE":null},"geometry":{"type":"MultiPoint","coordinates":[[370916.22427,2837971.05902]]}},{"type":"Feature","properties":{"UBI":"Fernando García Roel","PROYE":null,"NOMCIEN":null,"NOMBRE":"Árbol nuevo","OBJECTID":743,"FECHA LEV":2024,"NOMCOM":null,"ORIGEN":null,"SALUD":null,"ACCESO":null,"ACCESIBIL":null,"COLONIA":null,"LAT":null,"LONG":null,"DAP":null,"ALTURA":null,"TRONCO":null,"CFE":null},"geometry":{"type":"MultiPoint","coordinates":[[370908.38802,2837973.90434]]}},{"type":"Feature","properties":{"UBI":"Fernando García Roel","PROYE":null,"NOMCIEN":null,"NOMBRE":"Árbol nuevo","OBJECTID":744,"FECHA LEV":2024,"NOMCOM":null,"ORIGEN":null,"SALUD":null,"ACCESO":null,"ACCESIBIL":null,"COLONIA":null,"LAT":null,"LONG":null,"DAP":null,"ALTURA":null,"TRONCO":null,"CFE":null},"geometry":{"type":"MultiPoint","coordinates":[[370902.86146,2837973.40423]]}},{"type":"Feature","properties":{"UBI":"Fernando García Roel","PROYE":null,"NOMCIEN":null,"NOMBRE":"Árbol nuevo","OBJECTID":745,"FECHA LEV":2024,"NOMCOM":null,"ORIGEN":null,"SALUD":null,"ACCESO":null,"ACCESIBIL":null,"COLONIA":null,"LAT":null,"LONG":null,"DAP":null,"ALTURA":null,"TRONCO":null,"CFE":null},"geometry":{"type":"MultiPoint","coordinates":[[370898.02778,2837975.29658]]}},{"type":"Feature","properties":{"UBI":"Fernando García Roel","PROYE":null,"NOMCIEN":null,"NOMBRE":"Árbol nuevo","OBJECTID":746,"FECHA LEV":2024,"NOMCOM":null,"ORIGEN":null,"SALUD":null,"ACCESO":null,"ACCESIBIL":null,"COLONIA":null,"LAT":null,"LONG":null,"DAP":null,"ALTURA":null,"TRONCO":null,"CFE":null},"geometry":{"type":"MultiPoint","coordinates":[[370891.52428,2837977.57512]]}},{"type":"Feature","properties":{"UBI":"Fernando García Roel","PROYE":null,"NOMCIEN":null,"NOMBRE":"Árbol nuevo","OBJECTID":747,"FECHA LEV":2024,"NOMCOM":null,"ORIGEN":null,"SALUD":null,"ACCESO":null,"ACCESIBIL":null,"COLONIA":null,"LAT":null,"LONG":null,"DAP":null,"ALTURA":null,"TRONCO":null,"CFE":null},"geometry":{"type":"MultiPoint","coordinates":[[370841.21976,2837983.78752]]}},{"type":"Feature","properties":{"UBI":"Fernando García Roel","PROYE":null,"NOMCIEN":null,"NOMBRE":"Árbol nuevo","OBJECTID":748,"FECHA LEV":2024,"NOMCOM":null,"ORIGEN":null,"SALUD":null,"ACCESO":null,"ACCESIBIL":null,"COLONIA":null,"LAT":null,"LONG":null,"DAP":null,"ALTURA":null,"TRONCO":null,"CFE":null},"geometry":{"type":"MultiPoint","coordinates":[[370838.71372,2837984.18075]]}},{"type":"Feature","properties":{"UBI":"Fernando García Roel","PROYE":null,"NOMCIEN":null,"NOMBRE":"Árbol nuevo","OBJECTID":749,"FECHA LEV":2024,"NOMCOM":null,"ORIGEN":null,"SALUD":null,"ACCESO":null,"ACCESIBIL":null,"COLONIA":null,"LAT":null,"LONG":null,"DAP":null,"ALTURA":null,"TRONCO":null,"CFE":null},"geometry":{"type":"MultiPoint","coordinates":[[370823.85592,2837987.64824]]}},{"type":"Feature","properties":{"UBI":"Los Nogales","PROYE":null,"NOMCIEN":null,"NOMBRE":"Árbol nuevo","OBJECTID":750,"FECHA LEV":2024,"NOMCOM":null,"ORIGEN":null,"SALUD":null,"ACCESO":null,"ACCESIBIL":null,"COLONIA":null,"LAT":null,"LONG":null,"DAP":null,"ALTURA":null,"TRONCO":null,"CFE":null},"geometry":{"type":"MultiPoint","coordinates":[[370741.72661,2837990.47874]]}},{"type":"Feature","properties":{"UBI":"Los Nogales","PROYE":null,"NOMCIEN":null,"NOMBRE":"Árbol nuevo","OBJECTID":751,"FECHA LEV":2024,"NOMCOM":null,"ORIGEN":null,"SALUD":null,"ACCESO":null,"ACCESIBIL":null,"COLONIA":null,"LAT":null,"LONG":null,"DAP":null,"ALTURA":null,"TRONCO":null,"CFE":null},"geometry":{"type":"MultiPoint","coordinates":[[370747.49806,2837998.91393]]}},{"type":"Feature","properties":{"UBI":"Los Nogales","PROYE":null,"NOMCIEN":null,"NOMBRE":"Árbol nuevo","OBJECTID":752,"FECHA LEV":2024,"NOMCOM":null,"ORIGEN":null,"SALUD":null,"ACCESO":null,"ACCESIBIL":null,"COLONIA":null,"LAT":null,"LONG":null,"DAP":null,"ALTURA":null,"TRONCO":null,"CFE":null},"geometry":{"type":"MultiPoint","coordinates":[[370755.26463,2838006.03817]]}},{"type":"Feature","properties":{"UBI":"Los Nogales","PROYE":null,"NOMCIEN":null,"NOMBRE":"Árbol nuevo","OBJECTID":753,"FECHA LEV":2024,"NOMCOM":null,"ORIGEN":null,"SALUD":null,"ACCESO":null,"ACCESIBIL":null,"COLONIA":null,"LAT":null,"LONG":null,"DAP":null,"ALTURA":null,"TRONCO":null,"CFE":null},"geometry":{"type":"MultiPoint","coordinates":[[370765.28277,2838021.07915]]}},{"type":"Feature","properties":{"UBI":"Los Nogales","PROYE":null,"NOMCIEN":null,"NOMBRE":"Árbol nuevo","OBJECTID":754,"FECHA LEV":2024,"NOMCOM":null,"ORIGEN":null,"SALUD":null,"ACCESO":null,"ACCESIBIL":null,"COLONIA":null,"LAT":null,"LONG":null,"DAP":null,"ALTURA":null,"TRONCO":null,"CFE":null},"geometry":{"type":"MultiPoint","coordinates":[[370772.85653,2838025.62109]]}},{"type":"Feature","properties":{"UBI":"Los Nogales","PROYE":null,"NOMCIEN":null,"NOMBRE":"Árbol nuevo","OBJECTID":755,"FECHA LEV":2024,"NOMCOM":null,"ORIGEN":null,"SALUD":null,"ACCESO":null,"ACCESIBIL":null,"COLONIA":null,"LAT":null,"LONG":null,"DAP":null,"ALTURA":null,"TRONCO":null,"CFE":null},"geometry":{"type":"MultiPoint","coordinates":[[370797.83212,2838047.34642]]}},{"type":"Feature","properties":{"UBI":"Los Nogales","PROYE":null,"NOMCIEN":null,"NOMBRE":"Árbol nuevo","OBJECTID":756,"FECHA LEV":2024,"NOMCOM":null,"ORIGEN":null,"SALUD":null,"ACCESO":null,"ACCESIBIL":null,"COLONIA":null,"LAT":null,"LONG":null,"DAP":null,"ALTURA":null,"TRONCO":null,"CFE":null},"geometry":{"type":"MultiPoint","coordinates":[[370806.26181,2838053.91041]]}},{"type":"Feature","properties":{"UBI":"Los Nogales","PROYE":null,"NOMCIEN":null,"NOMBRE":"Árbol nuevo","OBJECTID":757,"FECHA LEV":2024,"NOMCOM":null,"ORIGEN":null,"SALUD":null,"ACCESO":null,"ACCESIBIL":null,"COLONIA":null,"LAT":null,"LONG":null,"DAP":null,"ALTURA":null,"TRONCO":null,"CFE":null},"geometry":{"type":"MultiPoint","coordinates":[[370811.65841,2838058.28857]]}},{"type":"Feature","properties":{"UBI":"Los Nogales","PROYE":null,"NOMCIEN":null,"NOMBRE":"Árbol nuevo","OBJECTID":758,"FECHA LEV":2024,"NOMCOM":null,"ORIGEN":null,"SALUD":null,"ACCESO":null,"ACCESIBIL":null,"COLONIA":null,"LAT":null,"LONG":null,"DAP":null,"ALTURA":null,"TRONCO":null,"CFE":null},"geometry":{"type":"MultiPoint","coordinates":[[370819.77894,2838067.43976]]}},{"type":"Feature","properties":{"UBI":"Los Nogales","PROYE":null,"NOMCIEN":null,"NOMBRE":"Árbol nuevo","OBJECTID":759,"FECHA LEV":2024,"NOMCOM":null,"ORIGEN":null,"SALUD":null,"ACCESO":null,"ACCESIBIL":null,"COLONIA":null,"LAT":null,"LONG":null,"DAP":null,"ALTURA":null,"TRONCO":null,"CFE":null},"geometry":{"type":"MultiPoint","coordinates":[[370833.30603,2838081.89281]]}},{"type":"Feature","properties":{"UBI":"Los Nogales","PROYE":null,"NOMCIEN":null,"NOMBRE":"Árbol nuevo","OBJECTID":760,"FECHA LEV":2024,"NOMCOM":null,"ORIGEN":null,"SALUD":null,"ACCESO":null,"ACCESIBIL":null,"COLONIA":null,"LAT":null,"LONG":null,"DAP":null,"ALTURA":null,"TRONCO":null,"CFE":null},"geometry":{"type":"MultiPoint","coordinates":[[370842.41781,2838089.74283]]}},{"type":"Feature","properties":{"UBI":"Los Nogales","PROYE":null,"NOMCIEN":null,"NOMBRE":"Árbol nuevo","OBJECTID":761,"FECHA LEV":2024,"NOMCOM":null,"ORIGEN":null,"SALUD":null,"ACCESO":null,"ACCESIBIL":null,"COLONIA":null,"LAT":null,"LONG":null,"DAP":null,"ALTURA":null,"TRONCO":null,"CFE":null},"geometry":{"type":"MultiPoint","coordinates":[[370847.991,2838095.04198]]}},{"type":"Feature","properties":{"UBI":"Los Nogales","PROYE":null,"NOMCIEN":null,"NOMBRE":"Árbol nuevo","OBJECTID":762,"FECHA LEV":2024,"NOMCOM":null,"ORIGEN":null,"SALUD":null,"ACCESO":null,"ACCESIBIL":null,"COLONIA":null,"LAT":null,"LONG":null,"DAP":null,"ALTURA":null,"TRONCO":null,"CFE":null},"geometry":{"type":"MultiPoint","coordinates":[[370854.62726,2838106.42294]]}},{"type":"Feature","properties":{"UBI":"Sin nombre","PROYE":null,"NOMCIEN":null,"NOMBRE":"Árbol nuevo","OBJECTID":763,"FECHA LEV":2024,"NOMCOM":null,"ORIGEN":null,"SALUD":null,"ACCESO":null,"ACCESIBIL":null,"COLONIA":null,"LAT":null,"LONG":null,"DAP":null,"ALTURA":null,"TRONCO":null,"CFE":null},"geometry":{"type":"MultiPoint","coordinates":[[370863.71718,2838094.88905]]}},{"type":"Feature","properties":{"UBI":"Sin nombre","PROYE":null,"NOMCIEN":null,"NOMBRE":"Árbol nuevo","OBJECTID":764,"FECHA LEV":2024,"NOMCOM":null,"ORIGEN":null,"SALUD":null,"ACCESO":null,"ACCESIBIL":null,"COLONIA":null,"LAT":null,"LONG":null,"DAP":null,"ALTURA":null,"TRONCO":null,"CFE":null},"geometry":{"type":"MultiPoint","coordinates":[[370864.32033,2838088.05222]]}},{"type":"Feature","properties":{"UBI":"Sin nombre","PROYE":null,"NOMCIEN":null,"NOMBRE":"Árbol nuevo","OBJECTID":765,"FECHA LEV":2024,"NOMCOM":null,"ORIGEN":null,"SALUD":null,"ACCESO":null,"ACCESIBIL":null,"COLONIA":null,"LAT":null,"LONG":null,"DAP":null,"ALTURA":null,"TRONCO":null,"CFE":null},"geometry":{"type":"MultiPoint","coordinates":[[370865.95246,2838083.79067]]}},{"type":"Feature","properties":{"UBI":"Sin nombre","PROYE":null,"NOMCIEN":null,"NOMBRE":"Árbol nuevo","OBJECTID":766,"FECHA LEV":2024,"NOMCOM":null,"ORIGEN":null,"SALUD":null,"ACCESO":null,"ACCESIBIL":null,"COLONIA":null,"LAT":null,"LONG":null,"DAP":null,"ALTURA":null,"TRONCO":null,"CFE":null},"geometry":{"type":"MultiPoint","coordinates":[[370859.38261,2838079.23892]]}},{"type":"Feature","properties":{"UBI":"Sin nombre","PROYE":null,"NOMCIEN":null,"NOMBRE":"Árbol nuevo","OBJECTID":767,"FECHA LEV":2024,"NOMCOM":null,"ORIGEN":null,"SALUD":null,"ACCESO":null,"ACCESIBIL":null,"COLONIA":null,"LAT":null,"LONG":null,"DAP":null,"ALTURA":null,"TRONCO":null,"CFE":null},"geometry":{"type":"MultiPoint","coordinates":[[370861.1365,2838070.36055]]}},{"type":"Feature","properties":{"UBI":"Sin nombre","PROYE":null,"NOMCIEN":null,"NOMBRE":"Árbol nuevo","OBJECTID":768,"FECHA LEV":2024,"NOMCOM":null,"ORIGEN":null,"SALUD":null,"ACCESO":null,"ACCESIBIL":null,"COLONIA":null,"LAT":null,"LONG":null,"DAP":null,"ALTURA":null,"TRONCO":null,"CFE":null},"geometry":{"type":"MultiPoint","coordinates":[[370863.23644,2838062.58647]]}},{"type":"Feature","properties":{"UBI":"Sin nombre","PROYE":null,"NOMCIEN":null,"NOMBRE":"Árbol nuevo","OBJECTID":769,"FECHA LEV":2024,"NOMCOM":null,"ORIGEN":null,"SALUD":null,"ACCESO":null,"ACCESIBIL":null,"COLONIA":null,"LAT":null,"LONG":null,"DAP":null,"ALTURA":null,"TRONCO":null,"CFE":null},"geometry":{"type":"MultiPoint","coordinates":[[370870.41398,2837991.99612]]}},{"type":"Feature","properties":{"UBI":"Sin nombre","PROYE":null,"NOMCIEN":null,"NOMBRE":"Árbol nuevo","OBJECTID":770,"FECHA LEV":2024,"NOMCOM":null,"ORIGEN":null,"SALUD":null,"ACCESO":null,"ACCESIBIL":null,"COLONIA":null,"LAT":null,"LONG":null,"DAP":null,"ALTURA":null,"TRONCO":null,"CFE":null},"geometry":{"type":"MultiPoint","coordinates":[[370867.79234,2837997.7438]]}},{"type":"Feature","properties":{"UBI":"Sin nombre","PROYE":null,"NOMCIEN":null,"NOMBRE":"Árbol nuevo","OBJECTID":771,"FECHA LEV":2024,"NOMCOM":null,"ORIGEN":null,"SALUD":null,"ACCESO":null,"ACCESIBIL":null,"COLONIA":null,"LAT":null,"LONG":null,"DAP":null,"ALTURA":null,"TRONCO":null,"CFE":null},"geometry":{"type":"MultiPoint","coordinates":[[370865.3599,2838005.70608]]}},{"type":"Feature","properties":{"UBI":"Sin nombre","PROYE":null,"NOMCIEN":null,"NOMBRE":"Árbol nuevo","OBJECTID":772,"FECHA LEV":2024,"NOMCOM":null,"ORIGEN":null,"SALUD":null,"ACCESO":null,"ACCESIBIL":null,"COLONIA":null,"LAT":null,"LONG":null,"DAP":null,"ALTURA":null,"TRONCO":null,"CFE":null},"geometry":{"type":"MultiPoint","coordinates":[[370867.77287,2838012.88244]]}},{"type":"Feature","properties":{"UBI":"Sin nombre","PROYE":null,"NOMCIEN":null,"NOMBRE":"Árbol nuevo","OBJECTID":773,"FECHA LEV":2024,"NOMCOM":null,"ORIGEN":null,"SALUD":null,"ACCESO":null,"ACCESIBIL":null,"COLONIA":null,"LAT":null,"LONG":null,"DAP":null,"ALTURA":null,"TRONCO":null,"CFE":null},"geometry":{"type":"MultiPoint","coordinates":[[370869.58886,2838027.63328]]}},{"type":"Feature","properties":{"UBI":"Sin nombre","PROYE":null,"NOMCIEN":null,"NOMBRE":"Árbol nuevo","OBJECTID":774,"FECHA LEV":2024,"NOMCOM":null,"ORIGEN":null,"SALUD":null,"ACCESO":null,"ACCESIBIL":null,"COLONIA":null,"LAT":null,"LONG":null,"DAP":null,"ALTURA":null,"TRONCO":null,"CFE":null},"geometry":{"type":"MultiPoint","coordinates":[[370869.16797,2838053.11365]]}},{"type":"Feature","properties":{"UBI":"Sin nombre","PROYE":null,"NOMCIEN":null,"NOMBRE":"Árbol nuevo","OBJECTID":775,"FECHA LEV":2024,"NOMCOM":null,"ORIGEN":null,"SALUD":null,"ACCESO":null,"ACCESIBIL":null,"COLONIA":null,"LAT":null,"LONG":null,"DAP":null,"ALTURA":null,"TRONCO":null,"CFE":null},"geometry":{"type":"MultiPoint","coordinates":[[370870.04008,2838056.79813]]}},{"type":"Feature","properties":{"UBI":"Sin nombre","PROYE":null,"NOMCIEN":null,"NOMBRE":"Árbol nuevo","OBJECTID":776,"FECHA LEV":2024,"NOMCOM":null,"ORIGEN":null,"SALUD":null,"ACCESO":null,"ACCESIBIL":null,"COLONIA":null,"LAT":null,"LONG":null,"DAP":null,"ALTURA":null,"TRONCO":null,"CFE":null},"geometry":{"type":"MultiPoint","coordinates":[[370870.62635,2838065.46876]]}},{"type":"Feature","properties":{"UBI":"Sin nombre","PROYE":null,"NOMCIEN":null,"NOMBRE":"Árbol nuevo","OBJECTID":777,"FECHA LEV":2024,"NOMCOM":null,"ORIGEN":null,"SALUD":null,"ACCESO":null,"ACCESIBIL":null,"COLONIA":null,"LAT":null,"LONG":null,"DAP":null,"ALTURA":null,"TRONCO":null,"CFE":null},"geometry":{"type":"MultiPoint","coordinates":[[370871.54332,2838073.76733]]}},{"type":"Feature","properties":{"UBI":"Sin nombre","PROYE":null,"NOMCIEN":null,"NOMBRE":"Árbol nuevo","OBJECTID":778,"FECHA LEV":2024,"NOMCOM":null,"ORIGEN":null,"SALUD":null,"ACCESO":null,"ACCESIBIL":null,"COLONIA":null,"LAT":null,"LONG":null,"DAP":null,"ALTURA":null,"TRONCO":null,"CFE":null},"geometry":{"type":"MultiPoint","coordinates":[[370870.13088,2838083.38119]]}},{"type":"Feature","properties":{"UBI":"Sin nombre","PROYE":null,"NOMCIEN":null,"NOMBRE":"Árbol nuevo","OBJECTID":779,"FECHA LEV":2024,"NOMCOM":null,"ORIGEN":null,"SALUD":null,"ACCESO":null,"ACCESIBIL":null,"COLONIA":null,"LAT":null,"LONG":null,"DAP":null,"ALTURA":null,"TRONCO":null,"CFE":null},"geometry":{"type":"MultiPoint","coordinates":[[370870.05937,2838093.16589]]}},{"type":"Feature","properties":{"UBI":"Los Nogales","PROYE":null,"NOMCIEN":null,"NOMBRE":"Árbol nuevo","OBJECTID":780,"FECHA LEV":2024,"NOMCOM":null,"ORIGEN":null,"SALUD":null,"ACCESO":null,"ACCESIBIL":null,"COLONIA":null,"LAT":null,"LONG":null,"DAP":null,"ALTURA":null,"TRONCO":null,"CFE":null},"geometry":{"type":"MultiPoint","coordinates":[[370871.03376,2838107.37108]]}},{"type":"Feature","properties":{"UBI":"Los Nogales","PROYE":null,"NOMCIEN":null,"NOMBRE":"Árbol nuevo","OBJECTID":781,"FECHA LEV":2024,"NOMCOM":null,"ORIGEN":null,"SALUD":null,"ACCESO":null,"ACCESIBIL":null,"COLONIA":null,"LAT":null,"LONG":null,"DAP":null,"ALTURA":null,"TRONCO":null,"CFE":null},"geometry":{"type":"MultiPoint","coordinates":[[370868.73667,2838112.00905]]}},{"type":"Feature","properties":{"UBI":"Los Nogales","PROYE":null,"NOMCIEN":null,"NOMBRE":"Árbol nuevo","OBJECTID":782,"FECHA LEV":2024,"NOMCOM":null,"ORIGEN":null,"SALUD":null,"ACCESO":null,"ACCESIBIL":null,"COLONIA":null,"LAT":null,"LONG":null,"DAP":null,"ALTURA":null,"TRONCO":null,"CFE":null},"geometry":{"type":"MultiPoint","coordinates":[[370878.13529,2838132.22449]]}},{"type":"Feature","properties":{"UBI":"Los Nogales","PROYE":null,"NOMCIEN":null,"NOMBRE":"Árbol nuevo","OBJECTID":783,"FECHA LEV":2024,"NOMCOM":null,"ORIGEN":null,"SALUD":null,"ACCESO":null,"ACCESIBIL":null,"COLONIA":null,"LAT":null,"LONG":null,"DAP":null,"ALTURA":null,"TRONCO":null,"CFE":null},"geometry":{"type":"MultiPoint","coordinates":[[370899.40995,2838169.12443]]}},{"type":"Feature","properties":{"UBI":"Los Nogales","PROYE":null,"NOMCIEN":null,"NOMBRE":"Árbol nuevo","OBJECTID":784,"FECHA LEV":2024,"NOMCOM":null,"ORIGEN":null,"SALUD":null,"ACCESO":null,"ACCESIBIL":null,"COLONIA":null,"LAT":null,"LONG":null,"DAP":null,"ALTURA":null,"TRONCO":null,"CFE":null},"geometry":{"type":"MultiPoint","coordinates":[[370888.07628,2838156.49646]]}},{"type":"Feature","properties":{"UBI":"Los Nogales","PROYE":null,"NOMCIEN":null,"NOMBRE":"Árbol nuevo","OBJECTID":785,"FECHA LEV":2024,"NOMCOM":null,"ORIGEN":null,"SALUD":null,"ACCESO":null,"ACCESIBIL":null,"COLONIA":null,"LAT":null,"LONG":null,"DAP":null,"ALTURA":null,"TRONCO":null,"CFE":null},"geometry":{"type":"MultiPoint","coordinates":[[370879.44675,2838146.61138]]}},{"type":"Feature","properties":{"UBI":"Los Nogales","PROYE":null,"NOMCIEN":null,"NOMBRE":"Árbol nuevo","OBJECTID":786,"FECHA LEV":2024,"NOMCOM":null,"ORIGEN":null,"SALUD":null,"ACCESO":null,"ACCESIBIL":null,"COLONIA":null,"LAT":null,"LONG":null,"DAP":null,"ALTURA":null,"TRONCO":null,"CFE":null},"geometry":{"type":"MultiPoint","coordinates":[[370854.9339,2838120.8196]]}},{"type":"Feature","properties":{"UBI":"Los Nogales","PROYE":null,"NOMCIEN":null,"NOMBRE":"Árbol nuevo","OBJECTID":787,"FECHA LEV":2024,"NOMCOM":null,"ORIGEN":null,"SALUD":null,"ACCESO":null,"ACCESIBIL":null,"COLONIA":null,"LAT":null,"LONG":null,"DAP":null,"ALTURA":null,"TRONCO":null,"CFE":null},"geometry":{"type":"MultiPoint","coordinates":[[370849.51222,2838113.85748]]}},{"type":"Feature","properties":{"UBI":"Los Nogales","PROYE":null,"NOMCIEN":null,"NOMBRE":"Árbol nuevo","OBJECTID":788,"FECHA LEV":2024,"NOMCOM":null,"ORIGEN":null,"SALUD":null,"ACCESO":null,"ACCESIBIL":null,"COLONIA":null,"LAT":null,"LONG":null,"DAP":null,"ALTURA":null,"TRONCO":null,"CFE":null},"geometry":{"type":"MultiPoint","coordinates":[[370842.91724,2838106.7218]]}},{"type":"Feature","properties":{"UBI":"Los Nogales","PROYE":null,"NOMCIEN":null,"NOMBRE":"Árbol nuevo","OBJECTID":789,"FECHA LEV":2024,"NOMCOM":null,"ORIGEN":null,"SALUD":null,"ACCESO":null,"ACCESIBIL":null,"COLONIA":null,"LAT":null,"LONG":null,"DAP":null,"ALTURA":null,"TRONCO":null,"CFE":null},"geometry":{"type":"MultiPoint","coordinates":[[370837.5081,2838101.0511]]}},{"type":"Feature","properties":{"UBI":"Los Nogales","PROYE":null,"NOMCIEN":null,"NOMBRE":"Árbol nuevo","OBJECTID":790,"FECHA LEV":2024,"NOMCOM":null,"ORIGEN":null,"SALUD":null,"ACCESO":null,"ACCESIBIL":null,"COLONIA":null,"LAT":null,"LONG":null,"DAP":null,"ALTURA":null,"TRONCO":null,"CFE":null},"geometry":{"type":"MultiPoint","coordinates":[[370829.39119,2838092.26872]]}},{"type":"Feature","properties":{"UBI":"Los Nogales","PROYE":null,"NOMCIEN":null,"NOMBRE":"Árbol nuevo","OBJECTID":791,"FECHA LEV":2024,"NOMCOM":null,"ORIGEN":null,"SALUD":null,"ACCESO":null,"ACCESIBIL":null,"COLONIA":null,"LAT":null,"LONG":null,"DAP":null,"ALTURA":null,"TRONCO":null,"CFE":null},"geometry":{"type":"MultiPoint","coordinates":[[370819.42425,2838082.58166]]}},{"type":"Feature","properties":{"UBI":"Los Nogales","PROYE":null,"NOMCIEN":null,"NOMBRE":"Árbol nuevo","OBJECTID":792,"FECHA LEV":2024,"NOMCOM":null,"ORIGEN":null,"SALUD":null,"ACCESO":null,"ACCESIBIL":null,"COLONIA":null,"LAT":null,"LONG":null,"DAP":null,"ALTURA":null,"TRONCO":null,"CFE":null},"geometry":{"type":"MultiPoint","coordinates":[[370802.87944,2838067.42027]]}},{"type":"Feature","properties":{"UBI":"Los Nogales","PROYE":null,"NOMCIEN":null,"NOMBRE":"Árbol nuevo","OBJECTID":793,"FECHA LEV":2024,"NOMCOM":null,"ORIGEN":null,"SALUD":null,"ACCESO":null,"ACCESIBIL":null,"COLONIA":null,"LAT":null,"LONG":null,"DAP":null,"ALTURA":null,"TRONCO":null,"CFE":null},"geometry":{"type":"MultiPoint","coordinates":[[370796.46643,2838061.75935]]}},{"type":"Feature","properties":{"UBI":"Los Nogales","PROYE":null,"NOMCIEN":null,"NOMBRE":"Árbol nuevo","OBJECTID":794,"FECHA LEV":2024,"NOMCOM":null,"ORIGEN":null,"SALUD":null,"ACCESO":null,"ACCESIBIL":null,"COLONIA":null,"LAT":null,"LONG":null,"DAP":null,"ALTURA":null,"TRONCO":null,"CFE":null},"geometry":{"type":"MultiPoint","coordinates":[[370791.2203,2838055.71823]]}},{"type":"Feature","properties":{"UBI":"Los Nogales","PROYE":null,"NOMCIEN":null,"NOMBRE":"Árbol nuevo","OBJECTID":795,"FECHA LEV":2024,"NOMCOM":null,"ORIGEN":null,"SALUD":null,"ACCESO":null,"ACCESIBIL":null,"COLONIA":null,"LAT":null,"LONG":null,"DAP":null,"ALTURA":null,"TRONCO":null,"CFE":null},"geometry":{"type":"MultiPoint","coordinates":[[370782.9716,2838050.62901]]}},{"type":"Feature","properties":{"UBI":"Los Nogales","PROYE":null,"NOMCIEN":null,"NOMBRE":"Árbol nuevo","OBJECTID":796,"FECHA LEV":2024,"NOMCOM":null,"ORIGEN":null,"SALUD":null,"ACCESO":null,"ACCESIBIL":null,"COLONIA":null,"LAT":null,"LONG":null,"DAP":null,"ALTURA":null,"TRONCO":null,"CFE":null},"geometry":{"type":"MultiPoint","coordinates":[[370773.59973,2838033.18253]]}},{"type":"Feature","properties":{"UBI":"Los Nogales","PROYE":null,"NOMCIEN":null,"NOMBRE":"Árbol nuevo","OBJECTID":797,"FECHA LEV":2024,"NOMCOM":null,"ORIGEN":null,"SALUD":null,"ACCESO":null,"ACCESIBIL":null,"COLONIA":null,"LAT":null,"LONG":null,"DAP":null,"ALTURA":null,"TRONCO":null,"CFE":null},"geometry":{"type":"MultiPoint","coordinates":[[370767.32998,2838025.12103]]}},{"type":"Feature","properties":{"UBI":"Los Nogales","PROYE":null,"NOMCIEN":null,"NOMBRE":"Árbol nuevo","OBJECTID":798,"FECHA LEV":2024,"NOMCOM":null,"ORIGEN":null,"SALUD":null,"ACCESO":null,"ACCESIBIL":null,"COLONIA":null,"LAT":null,"LONG":null,"DAP":null,"ALTURA":null,"TRONCO":null,"CFE":null},"geometry":{"type":"MultiPoint","coordinates":[[370761.74954,2838019.08318]]}},{"type":"Feature","properties":{"UBI":"Los Nogales","PROYE":null,"NOMCIEN":null,"NOMBRE":"Árbol nuevo","OBJECTID":799,"FECHA LEV":2024,"NOMCOM":null,"ORIGEN":null,"SALUD":null,"ACCESO":null,"ACCESIBIL":null,"COLONIA":null,"LAT":null,"LONG":null,"DAP":null,"ALTURA":null,"TRONCO":null,"CFE":null},"geometry":{"type":"MultiPoint","coordinates":[[370754.49748,2838013.24546]]}},{"type":"Feature","properties":{"UBI":"Los Nogales","PROYE":null,"NOMCIEN":null,"NOMBRE":"Árbol nuevo","OBJECTID":800,"FECHA LEV":2024,"NOMCOM":null,"ORIGEN":null,"SALUD":null,"ACCESO":null,"ACCESIBIL":null,"COLONIA":null,"LAT":null,"LONG":null,"DAP":null,"ALTURA":null,"TRONCO":null,"CFE":null},"geometry":{"type":"MultiPoint","coordinates":[[370750.58506,2838006.63754]]}},{"type":"Feature","properties":{"UBI":"Fernando García Roel","PROYE":null,"NOMCIEN":null,"NOMBRE":"Árbol nuevo","OBJECTID":801,"FECHA LEV":2024,"NOMCOM":null,"ORIGEN":null,"SALUD":null,"ACCESO":null,"ACCESIBIL":null,"COLONIA":null,"LAT":null,"LONG":null,"DAP":null,"ALTURA":null,"TRONCO":null,"CFE":null},"geometry":{"type":"MultiPoint","coordinates":[[370712.05732,2837985.04421]]}},{"type":"Feature","properties":{"UBI":"Fernando García Roel","PROYE":null,"NOMCIEN":null,"NOMBRE":"Árbol nuevo","OBJECTID":802,"FECHA LEV":2024,"NOMCOM":null,"ORIGEN":null,"SALUD":null,"ACCESO":null,"ACCESIBIL":null,"COLONIA":null,"LAT":null,"LONG":null,"DAP":null,"ALTURA":null,"TRONCO":null,"CFE":null},"geometry":{"type":"MultiPoint","coordinates":[[370704.84756,2837983.4529]]}},{"type":"Feature","properties":{"UBI":"Fernando García Roel","PROYE":null,"NOMCIEN":null,"NOMBRE":"Árbol nuevo","OBJECTID":803,"FECHA LEV":2024,"NOMCOM":null,"ORIGEN":null,"SALUD":null,"ACCESO":null,"ACCESIBIL":null,"COLONIA":null,"LAT":null,"LONG":null,"DAP":null,"ALTURA":null,"TRONCO":null,"CFE":null},"geometry":{"type":"MultiPoint","coordinates":[[370697.14923,2837983.34286]]}},{"type":"Feature","properties":{"UBI":"Fernando García Roel","PROYE":null,"NOMCIEN":null,"NOMBRE":"Árbol nuevo","OBJECTID":804,"FECHA LEV":2024,"NOMCOM":null,"ORIGEN":null,"SALUD":null,"ACCESO":null,"ACCESIBIL":null,"COLONIA":null,"LAT":null,"LONG":null,"DAP":null,"ALTURA":null,"TRONCO":null,"CFE":null},"geometry":{"type":"MultiPoint","coordinates":[[370691.45862,2837983.21439]]}},{"type":"Feature","properties":{"UBI":"Fernando García Roel","PROYE":null,"NOMCIEN":null,"NOMBRE":"Árbol nuevo","OBJECTID":805,"FECHA LEV":2024,"NOMCOM":null,"ORIGEN":null,"SALUD":null,"ACCESO":null,"ACCESIBIL":null,"COLONIA":null,"LAT":null,"LONG":null,"DAP":null,"ALTURA":null,"TRONCO":null,"CFE":null},"geometry":{"type":"MultiPoint","coordinates":[[370686.4088,2837980.12444]]}},{"type":"Feature","properties":{"UBI":"Fernando García Roel","PROYE":null,"NOMCIEN":null,"NOMBRE":"Árbol nuevo","OBJECTID":806,"FECHA LEV":2024,"NOMCOM":null,"ORIGEN":null,"SALUD":null,"ACCESO":null,"ACCESIBIL":null,"COLONIA":null,"LAT":null,"LONG":null,"DAP":null,"ALTURA":null,"TRONCO":null,"CFE":null},"geometry":{"type":"MultiPoint","coordinates":[[370680.40367,2837982.02938]]}},{"type":"Feature","properties":{"UBI":"Fernando García Roel","PROYE":null,"NOMCIEN":null,"NOMBRE":"Árbol nuevo","OBJECTID":807,"FECHA LEV":2024,"NOMCOM":null,"ORIGEN":null,"SALUD":null,"ACCESO":null,"ACCESIBIL":null,"COLONIA":null,"LAT":null,"LONG":null,"DAP":null,"ALTURA":null,"TRONCO":null,"CFE":null},"geometry":{"type":"MultiPoint","coordinates":[[370676.38468,2837981.69966]]}},{"type":"Feature","properties":{"UBI":"Fernando García Roel","PROYE":null,"NOMCIEN":null,"NOMBRE":"Árbol nuevo","OBJECTID":808,"FECHA LEV":2024,"NOMCOM":null,"ORIGEN":null,"SALUD":null,"ACCESO":null,"ACCESIBIL":null,"COLONIA":null,"LAT":null,"LONG":null,"DAP":null,"ALTURA":null,"TRONCO":null,"CFE":null},"geometry":{"type":"MultiPoint","coordinates":[[370667.49249,2837979.20096]]}},{"type":"Feature","properties":{"UBI":"Fernando García Roel","PROYE":null,"NOMCIEN":null,"NOMBRE":"Árbol nuevo","OBJECTID":809,"FECHA LEV":2024,"NOMCOM":null,"ORIGEN":null,"SALUD":null,"ACCESO":null,"ACCESIBIL":null,"COLONIA":null,"LAT":null,"LONG":null,"DAP":null,"ALTURA":null,"TRONCO":null,"CFE":null},"geometry":{"type":"MultiPoint","coordinates":[[370662.29841,2837978.51383]]}},{"type":"Feature","properties":{"UBI":"Fernando García Roel","PROYE":null,"NOMCIEN":null,"NOMBRE":"Árbol nuevo","OBJECTID":810,"FECHA LEV":2024,"NOMCOM":null,"ORIGEN":null,"SALUD":null,"ACCESO":null,"ACCESIBIL":null,"COLONIA":null,"LAT":null,"LONG":null,"DAP":null,"ALTURA":null,"TRONCO":null,"CFE":null},"geometry":{"type":"MultiPoint","coordinates":[[370654.42624,2837977.6667]]}},{"type":"Feature","properties":{"UBI":"Fernando García Roel","PROYE":null,"NOMCIEN":null,"NOMBRE":"Árbol nuevo","OBJECTID":811,"FECHA LEV":2024,"NOMCOM":null,"ORIGEN":null,"SALUD":null,"ACCESO":null,"ACCESIBIL":null,"COLONIA":null,"LAT":null,"LONG":null,"DAP":null,"ALTURA":null,"TRONCO":null,"CFE":null},"geometry":{"type":"MultiPoint","coordinates":[[370612.21234,2837972.72453]]}},{"type":"Feature","properties":{"UBI":"Fernando García Roel","PROYE":null,"NOMCIEN":null,"NOMBRE":"Árbol nuevo","OBJECTID":812,"FECHA LEV":2024,"NOMCOM":null,"ORIGEN":null,"SALUD":null,"ACCESO":null,"ACCESIBIL":null,"COLONIA":null,"LAT":null,"LONG":null,"DAP":null,"ALTURA":null,"TRONCO":null,"CFE":null},"geometry":{"type":"MultiPoint","coordinates":[[370605.00874,2837971.87202]]}},{"type":"Feature","properties":{"UBI":"Fernando García Roel","PROYE":null,"NOMCIEN":null,"NOMBRE":"Árbol nuevo","OBJECTID":813,"FECHA LEV":2024,"NOMCOM":null,"ORIGEN":null,"SALUD":null,"ACCESO":null,"ACCESIBIL":null,"COLONIA":null,"LAT":null,"LONG":null,"DAP":null,"ALTURA":null,"TRONCO":null,"CFE":null},"geometry":{"type":"MultiPoint","coordinates":[[370596.96713,2837970.8427]]}},{"type":"Feature","properties":{"UBI":"Fernando García Roel","PROYE":null,"NOMCIEN":null,"NOMBRE":"Árbol nuevo","OBJECTID":814,"FECHA LEV":2024,"NOMCOM":null,"ORIGEN":null,"SALUD":null,"ACCESO":null,"ACCESIBIL":null,"COLONIA":null,"LAT":null,"LONG":null,"DAP":null,"ALTURA":null,"TRONCO":null,"CFE":null},"geometry":{"type":"MultiPoint","coordinates":[[370592.26697,2837969.227]]}},{"type":"Feature","properties":{"UBI":"Av. Junco de la Vega","PROYE":null,"NOMCIEN":null,"NOMBRE":"Árbol nuevo","OBJECTID":815,"FECHA LEV":2024,"NOMCOM":null,"ORIGEN":null,"SALUD":null,"ACCESO":null,"ACCESIBIL":null,"COLONIA":null,"LAT":null,"LONG":null,"DAP":null,"ALTURA":null,"TRONCO":null,"CFE":null},"geometry":{"type":"MultiPoint","coordinates":[[370532.25285,2837974.98024]]}},{"type":"Feature","properties":{"UBI":"Av. Junco de la Vega","PROYE":null,"NOMCIEN":null,"NOMBRE":"Árbol nuevo","OBJECTID":816,"FECHA LEV":2024,"NOMCOM":null,"ORIGEN":null,"SALUD":null,"ACCESO":null,"ACCESIBIL":null,"COLONIA":null,"LAT":null,"LONG":null,"DAP":null,"ALTURA":null,"TRONCO":null,"CFE":null},"geometry":{"type":"MultiPoint","coordinates":[[370525.74581,2837976.89015]]}},{"type":"Feature","properties":{"UBI":"Av. Junco de la Vega","PROYE":null,"NOMCIEN":null,"NOMBRE":"Árbol nuevo","OBJECTID":817,"FECHA LEV":2024,"NOMCOM":null,"ORIGEN":null,"SALUD":null,"ACCESO":null,"ACCESIBIL":null,"COLONIA":null,"LAT":null,"LONG":null,"DAP":null,"ALTURA":null,"TRONCO":null,"CFE":null},"geometry":{"type":"MultiPoint","coordinates":[[370522.85483,2837989.28764]]}},{"type":"Feature","properties":{"UBI":"Av. Junco de la Vega","PROYE":null,"NOMCIEN":null,"NOMBRE":"Árbol nuevo","OBJECTID":818,"FECHA LEV":2024,"NOMCOM":null,"ORIGEN":null,"SALUD":null,"ACCESO":null,"ACCESIBIL":null,"COLONIA":null,"LAT":null,"LONG":null,"DAP":null,"ALTURA":null,"TRONCO":null,"CFE":null},"geometry":{"type":"MultiPoint","coordinates":[[370518.71957,2837994.12747]]}},{"type":"Feature","properties":{"UBI":"Av. Junco de la Vega","PROYE":null,"NOMCIEN":null,"NOMBRE":"Árbol nuevo","OBJECTID":819,"FECHA LEV":2024,"NOMCOM":null,"ORIGEN":null,"SALUD":null,"ACCESO":null,"ACCESIBIL":null,"COLONIA":null,"LAT":null,"LONG":null,"DAP":null,"ALTURA":null,"TRONCO":null,"CFE":null},"geometry":{"type":"MultiPoint","coordinates":[[370520.27213,2837998.91185]]}},{"type":"Feature","properties":{"UBI":"Av. Junco de la Vega","PROYE":null,"NOMCIEN":null,"NOMBRE":"Árbol nuevo","OBJECTID":820,"FECHA LEV":2024,"NOMCOM":null,"ORIGEN":null,"SALUD":null,"ACCESO":null,"ACCESIBIL":null,"COLONIA":null,"LAT":null,"LONG":null,"DAP":null,"ALTURA":null,"TRONCO":null,"CFE":null},"geometry":{"type":"MultiPoint","coordinates":[[370443.35837,2838021.81522]]}},{"type":"Feature","properties":{"UBI":"Av. Junco de la Vega","PROYE":null,"NOMCIEN":null,"NOMBRE":"Árbol nuevo","OBJECTID":821,"FECHA LEV":2024,"NOMCOM":null,"ORIGEN":null,"SALUD":null,"ACCESO":null,"ACCESIBIL":null,"COLONIA":null,"LAT":null,"LONG":null,"DAP":null,"ALTURA":null,"TRONCO":null,"CFE":null},"geometry":{"type":"MultiPoint","coordinates":[[370431.11005,2838069.74935]]}},{"type":"Feature","properties":{"UBI":"Av. Junco de la Vega","PROYE":null,"NOMCIEN":null,"NOMBRE":"Árbol nuevo","OBJECTID":822,"FECHA LEV":2024,"NOMCOM":null,"ORIGEN":null,"SALUD":null,"ACCESO":null,"ACCESIBIL":null,"COLONIA":null,"LAT":null,"LONG":null,"DAP":null,"ALTURA":null,"TRONCO":null,"CFE":null},"geometry":{"type":"MultiPoint","coordinates":[[370418.64483,2838078.36344]]}},{"type":"Feature","properties":{"UBI":"Av. Junco de la Vega","PROYE":null,"NOMCIEN":null,"NOMBRE":"Árbol nuevo","OBJECTID":823,"FECHA LEV":2024,"NOMCOM":null,"ORIGEN":null,"SALUD":null,"ACCESO":null,"ACCESIBIL":null,"COLONIA":null,"LAT":null,"LONG":null,"DAP":null,"ALTURA":null,"TRONCO":null,"CFE":null},"geometry":{"type":"MultiPoint","coordinates":[[370386.23056,2838117.44808]]}},{"type":"Feature","properties":{"UBI":"Av. Junco de la Vega","PROYE":null,"NOMCIEN":null,"NOMBRE":"Árbol nuevo","OBJECTID":824,"FECHA LEV":2024,"NOMCOM":null,"ORIGEN":null,"SALUD":null,"ACCESO":null,"ACCESIBIL":null,"COLONIA":null,"LAT":null,"LONG":null,"DAP":null,"ALTURA":null,"TRONCO":null,"CFE":null},"geometry":{"type":"MultiPoint","coordinates":[[370380.71844,2838118.42456]]}},{"type":"Feature","properties":{"UBI":"Av. Junco de la Vega","PROYE":null,"NOMCIEN":null,"NOMBRE":"Árbol nuevo","OBJECTID":825,"FECHA LEV":2024,"NOMCOM":null,"ORIGEN":null,"SALUD":null,"ACCESO":null,"ACCESIBIL":null,"COLONIA":null,"LAT":null,"LONG":null,"DAP":null,"ALTURA":null,"TRONCO":null,"CFE":null},"geometry":{"type":"MultiPoint","coordinates":[[370349.45063,2838154.91392]]}},{"type":"Feature","properties":{"UBI":"Av. Junco de la Vega","PROYE":null,"NOMCIEN":null,"NOMBRE":"Árbol nuevo","OBJECTID":826,"FECHA LEV":2024,"NOMCOM":null,"ORIGEN":null,"SALUD":null,"ACCESO":null,"ACCESIBIL":null,"COLONIA":null,"LAT":null,"LONG":null,"DAP":null,"ALTURA":null,"TRONCO":null,"CFE":null},"geometry":{"type":"MultiPoint","coordinates":[[370345.3307,2838161.41516]]}},{"type":"Feature","properties":{"UBI":"Av. Junco de la Vega","PROYE":null,"NOMCIEN":null,"NOMBRE":"Árbol nuevo","OBJECTID":827,"FECHA LEV":2024,"NOMCOM":null,"ORIGEN":null,"SALUD":null,"ACCESO":null,"ACCESIBIL":null,"COLONIA":null,"LAT":null,"LONG":null,"DAP":null,"ALTURA":null,"TRONCO":null,"CFE":null},"geometry":{"type":"MultiPoint","coordinates":[[370341.18656,2838165.33246]]}},{"type":"Feature","properties":{"UBI":"Av. Junco de la Vega","PROYE":null,"NOMCIEN":null,"NOMBRE":"Árbol nuevo","OBJECTID":828,"FECHA LEV":2024,"NOMCOM":null,"ORIGEN":null,"SALUD":null,"ACCESO":null,"ACCESIBIL":null,"COLONIA":null,"LAT":null,"LONG":null,"DAP":null,"ALTURA":null,"TRONCO":null,"CFE":null},"geometry":{"type":"MultiPoint","coordinates":[[370314.87767,2838161.34365]]}},{"type":"Feature","properties":{"UBI":"2 de abril","PROYE":"Parque de bolsillo E2","NOMCIEN":null,"NOMBRE":"Árbol nuevo","OBJECTID":829,"FECHA LEV":2024,"NOMCOM":null,"ORIGEN":null,"SALUD":null,"ACCESO":null,"ACCESIBIL":null,"COLONIA":null,"LAT":null,"LONG":null,"DAP":null,"ALTURA":null,"TRONCO":null,"CFE":null},"geometry":{"type":"MultiPoint","coordinates":[[370301.90964,2838118.45514]]}},{"type":"Feature","properties":{"UBI":"2 de abril","PROYE":"Parque de bolsillo E2","NOMCIEN":null,"NOMBRE":"Árbol nuevo","OBJECTID":830,"FECHA LEV":2024,"NOMCOM":null,"ORIGEN":null,"SALUD":null,"ACCESO":null,"ACCESIBIL":null,"COLONIA":null,"LAT":null,"LONG":null,"DAP":null,"ALTURA":null,"TRONCO":null,"CFE":null},"geometry":{"type":"MultiPoint","coordinates":[[370302.24754,2838118.8218]]}},{"type":"Feature","properties":{"UBI":"2 de abril","PROYE":"Parque de bolsillo E2","NOMCIEN":null,"NOMBRE":"Árbol nuevo","OBJECTID":831,"FECHA LEV":2024,"NOMCOM":null,"ORIGEN":null,"SALUD":null,"ACCESO":null,"ACCESIBIL":null,"COLONIA":null,"LAT":null,"LONG":null,"DAP":null,"ALTURA":null,"TRONCO":null,"CFE":null},"geometry":{"type":"MultiPoint","coordinates":[[370301.74381,2838118.64174]]}},{"type":"Feature","properties":{"UBI":"2 de abril","PROYE":"Parque de bolsillo E2","NOMCIEN":null,"NOMBRE":"Árbol nuevo","OBJECTID":832,"FECHA LEV":2024,"NOMCOM":null,"ORIGEN":null,"SALUD":null,"ACCESO":null,"ACCESIBIL":null,"COLONIA":null,"LAT":null,"LONG":null,"DAP":null,"ALTURA":null,"TRONCO":null,"CFE":null},"geometry":{"type":"MultiPoint","coordinates":[[370301.28515,2838123.07689]]}},{"type":"Feature","properties":{"UBI":"2 de abril","PROYE":"Parque de bolsillo E2","NOMCIEN":null,"NOMBRE":"Árbol nuevo","OBJECTID":833,"FECHA LEV":2024,"NOMCOM":null,"ORIGEN":null,"SALUD":null,"ACCESO":null,"ACCESIBIL":null,"COLONIA":null,"LAT":null,"LONG":null,"DAP":null,"ALTURA":null,"TRONCO":null,"CFE":null},"geometry":{"type":"MultiPoint","coordinates":[[370317.4097,2838129.38045]]}},{"type":"Feature","properties":{"UBI":"2 de abril","PROYE":"Parque de bolsillo E2","NOMCIEN":null,"NOMBRE":"Árbol nuevo","OBJECTID":834,"FECHA LEV":2024,"NOMCOM":null,"ORIGEN":null,"SALUD":null,"ACCESO":null,"ACCESIBIL":null,"COLONIA":null,"LAT":null,"LONG":null,"DAP":null,"ALTURA":null,"TRONCO":null,"CFE":null},"geometry":{"type":"MultiPoint","coordinates":[[370333.50901,2838133.10009]]}},{"type":"Feature","properties":{"UBI":"2 de abril","PROYE":"Parque de bolsillo E2","NOMCIEN":null,"NOMBRE":"Árbol nuevo","OBJECTID":835,"FECHA LEV":2024,"NOMCOM":null,"ORIGEN":null,"SALUD":null,"ACCESO":null,"ACCESIBIL":null,"COLONIA":null,"LAT":null,"LONG":null,"DAP":null,"ALTURA":null,"TRONCO":null,"CFE":null},"geometry":{"type":"MultiPoint","coordinates":[[370330.55879,2838122.23721]]}},{"type":"Feature","properties":{"UBI":"2 de abril","PROYE":"Parque de bolsillo E2","NOMCIEN":null,"NOMBRE":"Árbol nuevo","OBJECTID":836,"FECHA LEV":2024,"NOMCOM":null,"ORIGEN":null,"SALUD":null,"ACCESO":null,"ACCESIBIL":null,"COLONIA":null,"LAT":null,"LONG":null,"DAP":null,"ALTURA":null,"TRONCO":null,"CFE":null},"geometry":{"type":"MultiPoint","coordinates":[[370335.58881,2838123.29576]]}},{"type":"Feature","properties":{"UBI":"2 de abril","PROYE":"Parque de bolsillo E2","NOMCIEN":null,"NOMBRE":"Árbol nuevo","OBJECTID":837,"FECHA LEV":2024,"NOMCOM":null,"ORIGEN":null,"SALUD":null,"ACCESO":null,"ACCESIBIL":null,"COLONIA":null,"LAT":null,"LONG":null,"DAP":null,"ALTURA":null,"TRONCO":null,"CFE":null},"geometry":{"type":"MultiPoint","coordinates":[[370333.95506,2838127.37353]]}},{"type":"Feature","properties":{"UBI":"Av. Junco de la Vega","PROYE":"Parque de bolsillo E2","NOMCIEN":null,"NOMBRE":"Árbol nuevo","OBJECTID":838,"FECHA LEV":2024,"NOMCOM":null,"ORIGEN":null,"SALUD":null,"ACCESO":null,"ACCESIBIL":null,"COLONIA":null,"LAT":null,"LONG":null,"DAP":null,"ALTURA":null,"TRONCO":null,"CFE":null},"geometry":{"type":"MultiPoint","coordinates":[[370344.07276,2838135.39727]]}},{"type":"Feature","properties":{"UBI":"2 de abril","PROYE":"Parque de bolsillo E2","NOMCIEN":null,"NOMBRE":"Árbol nuevo","OBJECTID":839,"FECHA LEV":2024,"NOMCOM":null,"ORIGEN":null,"SALUD":null,"ACCESO":null,"ACCESIBIL":null,"COLONIA":null,"LAT":null,"LONG":null,"DAP":null,"ALTURA":null,"TRONCO":null,"CFE":null},"geometry":{"type":"MultiPoint","coordinates":[[370344.84329,2838128.55877]]}},{"type":"Feature","properties":{"UBI":"Av. Junco de la Vega","PROYE":null,"NOMCIEN":null,"NOMBRE":"Árbol nuevo","OBJECTID":840,"FECHA LEV":2024,"NOMCOM":null,"ORIGEN":null,"SALUD":null,"ACCESO":null,"ACCESIBIL":null,"COLONIA":null,"LAT":null,"LONG":null,"DAP":null,"ALTURA":null,"TRONCO":null,"CFE":null},"geometry":{"type":"MultiPoint","coordinates":[[370365.57973,2838110.26482]]}},{"type":"Feature","properties":{"UBI":"Av. Junco de la Vega","PROYE":null,"NOMCIEN":null,"NOMBRE":"Árbol nuevo","OBJECTID":841,"FECHA LEV":2024,"NOMCOM":null,"ORIGEN":null,"SALUD":null,"ACCESO":null,"ACCESIBIL":null,"COLONIA":null,"LAT":null,"LONG":null,"DAP":null,"ALTURA":null,"TRONCO":null,"CFE":null},"geometry":{"type":"MultiPoint","coordinates":[[370391.6347,2838088.22604]]}},{"type":"Feature","properties":{"UBI":"Av. Junco de la Vega","PROYE":"Parque de bolsillo E3","NOMCIEN":null,"NOMBRE":"Árbol nuevo","OBJECTID":842,"FECHA LEV":2024,"NOMCOM":null,"ORIGEN":null,"SALUD":null,"ACCESO":null,"ACCESIBIL":null,"COLONIA":null,"LAT":null,"LONG":null,"DAP":null,"ALTURA":null,"TRONCO":null,"CFE":null},"geometry":{"type":"MultiPoint","coordinates":[[370404.42516,2838078.68606]]}},{"type":"Feature","properties":{"UBI":"Av. Junco de la Vega","PROYE":"Parque de bolsillo E3","NOMCIEN":null,"NOMBRE":"Árbol nuevo","OBJECTID":843,"FECHA LEV":2024,"NOMCOM":null,"ORIGEN":null,"SALUD":null,"ACCESO":null,"ACCESIBIL":null,"COLONIA":null,"LAT":null,"LONG":null,"DAP":null,"ALTURA":null,"TRONCO":null,"CFE":null},"geometry":{"type":"MultiPoint","coordinates":[[370403.53132,2838072.7876]]}},{"type":"Feature","properties":{"UBI":"Av. Junco de la Vega","PROYE":"Parque de bolsillo E3","NOMCIEN":null,"NOMBRE":"Árbol nuevo","OBJECTID":844,"FECHA LEV":2024,"NOMCOM":null,"ORIGEN":null,"SALUD":null,"ACCESO":null,"ACCESIBIL":null,"COLONIA":null,"LAT":null,"LONG":null,"DAP":null,"ALTURA":null,"TRONCO":null,"CFE":null},"geometry":{"type":"MultiPoint","coordinates":[[370405.54982,2838073.87557]]}},{"type":"Feature","properties":{"UBI":"Av. Junco de la Vega","PROYE":"Parque de bolsillo E3","NOMCIEN":null,"NOMBRE":"Árbol nuevo","OBJECTID":845,"FECHA LEV":2024,"NOMCOM":null,"ORIGEN":null,"SALUD":null,"ACCESO":null,"ACCESIBIL":null,"COLONIA":null,"LAT":null,"LONG":null,"DAP":null,"ALTURA":null,"TRONCO":null,"CFE":null},"geometry":{"type":"MultiPoint","coordinates":[[370408.69377,2838070.33691]]}},{"type":"Feature","properties":{"UBI":"Av. Junco de la Vega","PROYE":"Parque de bolsillo E3","NOMCIEN":null,"NOMBRE":"Árbol nuevo","OBJECTID":846,"FECHA LEV":2024,"NOMCOM":null,"ORIGEN":null,"SALUD":null,"ACCESO":null,"ACCESIBIL":null,"COLONIA":null,"LAT":null,"LONG":null,"DAP":null,"ALTURA":null,"TRONCO":null,"CFE":null},"geometry":{"type":"MultiPoint","coordinates":[[370415.69547,2838067.6844]]}},{"type":"Feature","properties":{"UBI":"Av. Junco de la Vega","PROYE":"Parque de bolsillo E3","NOMCIEN":null,"NOMBRE":"Árbol nuevo","OBJECTID":847,"FECHA LEV":2024,"NOMCOM":null,"ORIGEN":null,"SALUD":null,"ACCESO":null,"ACCESIBIL":null,"COLONIA":null,"LAT":null,"LONG":null,"DAP":null,"ALTURA":null,"TRONCO":null,"CFE":null},"geometry":{"type":"MultiPoint","coordinates":[[370409.65259,2838065.71301]]}},{"type":"Feature","properties":{"UBI":"Av. Junco de la Vega","PROYE":"Parque de bolsillo E3","NOMCIEN":null,"NOMBRE":"Árbol nuevo","OBJECTID":848,"FECHA LEV":2024,"NOMCOM":null,"ORIGEN":null,"SALUD":null,"ACCESO":null,"ACCESIBIL":null,"COLONIA":null,"LAT":null,"LONG":null,"DAP":null,"ALTURA":null,"TRONCO":null,"CFE":null},"geometry":{"type":"MultiPoint","coordinates":[[370406.87547,2838055.40115]]}},{"type":"Feature","properties":{"UBI":"Av. Junco de la Vega","PROYE":"Parque de bolsillo E3","NOMCIEN":null,"NOMBRE":"Árbol nuevo","OBJECTID":849,"FECHA LEV":2024,"NOMCOM":null,"ORIGEN":null,"SALUD":null,"ACCESO":null,"ACCESIBIL":null,"COLONIA":null,"LAT":null,"LONG":null,"DAP":null,"ALTURA":null,"TRONCO":null,"CFE":null},"geometry":{"type":"MultiPoint","coordinates":[[370411.70905,2838053.50862]]}},{"type":"Feature","properties":{"UBI":"Av. Junco de la Vega","PROYE":null,"NOMCIEN":null,"NOMBRE":"Árbol nuevo","OBJECTID":850,"FECHA LEV":2024,"NOMCOM":null,"ORIGEN":null,"SALUD":null,"ACCESO":null,"ACCESIBIL":null,"COLONIA":null,"LAT":null,"LONG":null,"DAP":null,"ALTURA":null,"TRONCO":null,"CFE":null},"geometry":{"type":"MultiPoint","coordinates":[[370429.79105,2838037.45491]]}},{"type":"Feature","properties":{"UBI":"Av. Junco de la Vega","PROYE":null,"NOMCIEN":null,"NOMBRE":"Árbol nuevo","OBJECTID":851,"FECHA LEV":2024,"NOMCOM":null,"ORIGEN":null,"SALUD":null,"ACCESO":null,"ACCESIBIL":null,"COLONIA":null,"LAT":null,"LONG":null,"DAP":null,"ALTURA":null,"TRONCO":null,"CFE":null},"geometry":{"type":"MultiPoint","coordinates":[[370431.76994,2838034.48256]]}},{"type":"Feature","properties":{"UBI":"Av. Junco de la Vega","PROYE":null,"NOMCIEN":null,"NOMBRE":"Árbol nuevo","OBJECTID":852,"FECHA LEV":2024,"NOMCOM":null,"ORIGEN":null,"SALUD":null,"ACCESO":null,"ACCESIBIL":null,"COLONIA":null,"LAT":null,"LONG":null,"DAP":null,"ALTURA":null,"TRONCO":null,"CFE":null},"geometry":{"type":"MultiPoint","coordinates":[[370434.85267,2838024.66736]]}},{"type":"Feature","properties":{"UBI":"Av. Junco de la Vega","PROYE":null,"NOMCIEN":null,"NOMBRE":"Árbol nuevo","OBJECTID":853,"FECHA LEV":2024,"NOMCOM":null,"ORIGEN":null,"SALUD":null,"ACCESO":null,"ACCESIBIL":null,"COLONIA":null,"LAT":null,"LONG":null,"DAP":null,"ALTURA":null,"TRONCO":null,"CFE":null},"geometry":{"type":"MultiPoint","coordinates":[[370433.64257,2838020.61846]]}},{"type":"Feature","properties":{"UBI":"Av. Junco de la Vega","PROYE":null,"NOMCIEN":null,"NOMBRE":"Árbol nuevo","OBJECTID":854,"FECHA LEV":2024,"NOMCOM":null,"ORIGEN":null,"SALUD":null,"ACCESO":null,"ACCESIBIL":null,"COLONIA":null,"LAT":null,"LONG":null,"DAP":null,"ALTURA":null,"TRONCO":null,"CFE":null},"geometry":{"type":"MultiPoint","coordinates":[[370448.73432,2838041.14695]]}},{"type":"Feature","properties":{"UBI":"Av. Junco de la Vega","PROYE":null,"NOMCIEN":null,"NOMBRE":"Árbol nuevo","OBJECTID":855,"FECHA LEV":2024,"NOMCOM":null,"ORIGEN":null,"SALUD":null,"ACCESO":null,"ACCESIBIL":null,"COLONIA":null,"LAT":null,"LONG":null,"DAP":null,"ALTURA":null,"TRONCO":null,"CFE":null},"geometry":{"type":"MultiPoint","coordinates":[[370448.73432,2838041.14695]]}},{"type":"Feature","properties":{"UBI":"Av. Junco de la Vega","PROYE":null,"NOMCIEN":null,"NOMBRE":"Árbol nuevo","OBJECTID":856,"FECHA LEV":2024,"NOMCOM":null,"ORIGEN":null,"SALUD":null,"ACCESO":null,"ACCESIBIL":null,"COLONIA":null,"LAT":null,"LONG":null,"DAP":null,"ALTURA":null,"TRONCO":null,"CFE":null},"geometry":{"type":"MultiPoint","coordinates":[[370453.46348,2838028.54763]]}},{"type":"Feature","properties":{"UBI":"Av. Junco de la Vega","PROYE":null,"NOMCIEN":null,"NOMBRE":"Árbol nuevo","OBJECTID":857,"FECHA LEV":2024,"NOMCOM":null,"ORIGEN":null,"SALUD":null,"ACCESO":null,"ACCESIBIL":null,"COLONIA":null,"LAT":null,"LONG":null,"DAP":null,"ALTURA":null,"TRONCO":null,"CFE":null},"geometry":{"type":"MultiPoint","coordinates":[[370467.50317,2838009.76535]]}},{"type":"Feature","properties":{"UBI":"Av. Junco de la Vega","PROYE":null,"NOMCIEN":null,"NOMBRE":"Árbol nuevo","OBJECTID":858,"FECHA LEV":2024,"NOMCOM":null,"ORIGEN":null,"SALUD":null,"ACCESO":null,"ACCESIBIL":null,"COLONIA":null,"LAT":null,"LONG":null,"DAP":null,"ALTURA":null,"TRONCO":null,"CFE":null},"geometry":{"type":"MultiPoint","coordinates":[[370471.65381,2838006.40187]]}},{"type":"Feature","properties":{"UBI":"Av. Junco de la Vega","PROYE":null,"NOMCIEN":null,"NOMBRE":"Árbol nuevo","OBJECTID":859,"FECHA LEV":2024,"NOMCOM":null,"ORIGEN":null,"SALUD":null,"ACCESO":null,"ACCESIBIL":null,"COLONIA":null,"LAT":null,"LONG":null,"DAP":null,"ALTURA":null,"TRONCO":null,"CFE":null},"geometry":{"type":"MultiPoint","coordinates":[[370471.65381,2838006.40187]]}},{"type":"Feature","properties":{"UBI":"Av. Junco de la Vega","PROYE":null,"NOMCIEN":null,"NOMBRE":"Árbol nuevo","OBJECTID":860,"FECHA LEV":2024,"NOMCOM":null,"ORIGEN":null,"SALUD":null,"ACCESO":null,"ACCESIBIL":null,"COLONIA":null,"LAT":null,"LONG":null,"DAP":null,"ALTURA":null,"TRONCO":null,"CFE":null},"geometry":{"type":"MultiPoint","coordinates":[[370483.27548,2838014.22607]]}},{"type":"Feature","properties":{"UBI":"Av. Junco de la Vega","PROYE":null,"NOMCIEN":null,"NOMBRE":"Árbol nuevo","OBJECTID":861,"FECHA LEV":2024,"NOMCOM":null,"ORIGEN":null,"SALUD":null,"ACCESO":null,"ACCESIBIL":null,"COLONIA":null,"LAT":null,"LONG":null,"DAP":null,"ALTURA":null,"TRONCO":null,"CFE":null},"geometry":{"type":"MultiPoint","coordinates":[[370483.34491,2838004.2564]]}},{"type":"Feature","properties":{"UBI":"Av. Junco de la Vega","PROYE":null,"NOMCIEN":null,"NOMBRE":"Árbol nuevo","OBJECTID":862,"FECHA LEV":2024,"NOMCOM":null,"ORIGEN":null,"SALUD":null,"ACCESO":null,"ACCESIBIL":null,"COLONIA":null,"LAT":null,"LONG":null,"DAP":null,"ALTURA":null,"TRONCO":null,"CFE":null},"geometry":{"type":"MultiPoint","coordinates":[[370488.90569,2838008.26399]]}},{"type":"Feature","properties":{"UBI":"Av. Junco de la Vega","PROYE":null,"NOMCIEN":null,"NOMBRE":"Árbol nuevo","OBJECTID":863,"FECHA LEV":2024,"NOMCOM":null,"ORIGEN":null,"SALUD":null,"ACCESO":null,"ACCESIBIL":null,"COLONIA":null,"LAT":null,"LONG":null,"DAP":null,"ALTURA":null,"TRONCO":null,"CFE":null},"geometry":{"type":"MultiPoint","coordinates":[[370483.60999,2837997.05398]]}},{"type":"Feature","properties":{"UBI":"Av. Junco de la Vega","PROYE":null,"NOMCIEN":null,"NOMBRE":"Árbol nuevo","OBJECTID":864,"FECHA LEV":2024,"NOMCOM":null,"ORIGEN":null,"SALUD":null,"ACCESO":null,"ACCESIBIL":null,"COLONIA":null,"LAT":null,"LONG":null,"DAP":null,"ALTURA":null,"TRONCO":null,"CFE":null},"geometry":{"type":"MultiPoint","coordinates":[[370488.28856,2837996.45453]]}},{"type":"Feature","properties":{"UBI":"Av. Junco de la Vega","PROYE":null,"NOMCIEN":null,"NOMBRE":"Árbol nuevo","OBJECTID":865,"FECHA LEV":2024,"NOMCOM":null,"ORIGEN":null,"SALUD":null,"ACCESO":null,"ACCESIBIL":null,"COLONIA":null,"LAT":null,"LONG":null,"DAP":null,"ALTURA":null,"TRONCO":null,"CFE":null},"geometry":{"type":"MultiPoint","coordinates":[[370497.10798,2837991.38403]]}},{"type":"Feature","properties":{"UBI":"Av. Junco de la Vega","PROYE":null,"NOMCIEN":null,"NOMBRE":"Árbol nuevo","OBJECTID":866,"FECHA LEV":2024,"NOMCOM":null,"ORIGEN":null,"SALUD":null,"ACCESO":null,"ACCESIBIL":null,"COLONIA":null,"LAT":null,"LONG":null,"DAP":null,"ALTURA":null,"TRONCO":null,"CFE":null},"geometry":{"type":"MultiPoint","coordinates":[[370510.36995,2837978.70155]]}},{"type":"Feature","properties":{"UBI":"Av. Junco de la Vega","PROYE":null,"NOMCIEN":null,"NOMBRE":"Árbol nuevo","OBJECTID":867,"FECHA LEV":2024,"NOMCOM":null,"ORIGEN":null,"SALUD":null,"ACCESO":null,"ACCESIBIL":null,"COLONIA":null,"LAT":null,"LONG":null,"DAP":null,"ALTURA":null,"TRONCO":null,"CFE":null},"geometry":{"type":"MultiPoint","coordinates":[[370520.45013,2837965.68014]]}},{"type":"Feature","properties":{"UBI":"Fernando García Roel","PROYE":null,"NOMCIEN":null,"NOMBRE":"Árbol nuevo","OBJECTID":868,"FECHA LEV":2024,"NOMCOM":null,"ORIGEN":null,"SALUD":null,"ACCESO":null,"ACCESIBIL":null,"COLONIA":null,"LAT":null,"LONG":null,"DAP":null,"ALTURA":null,"TRONCO":null,"CFE":null},"geometry":{"type":"MultiPoint","coordinates":[[370487.66577,2837932.58593]]}},{"type":"Feature","properties":{"UBI":"Fernando García Roel","PROYE":null,"NOMCIEN":null,"NOMBRE":"Árbol nuevo","OBJECTID":869,"FECHA LEV":2024,"NOMCOM":null,"ORIGEN":null,"SALUD":null,"ACCESO":null,"ACCESIBIL":null,"COLONIA":null,"LAT":null,"LONG":null,"DAP":null,"ALTURA":null,"TRONCO":null,"CFE":null},"geometry":{"type":"MultiPoint","coordinates":[[370436.48128,2837882.87019]]}},{"type":"Feature","properties":{"UBI":"Fernando García Roel","PROYE":null,"NOMCIEN":null,"NOMBRE":"Árbol nuevo","OBJECTID":870,"FECHA LEV":2024,"NOMCOM":null,"ORIGEN":null,"SALUD":null,"ACCESO":null,"ACCESIBIL":null,"COLONIA":null,"LAT":null,"LONG":null,"DAP":null,"ALTURA":null,"TRONCO":null,"CFE":null},"geometry":{"type":"MultiPoint","coordinates":[[370420.41429,2837865.30427]]}},{"type":"Feature","properties":{"UBI":"Fernando García Roel","PROYE":null,"NOMCIEN":null,"NOMBRE":"Árbol nuevo","OBJECTID":871,"FECHA LEV":2024,"NOMCOM":null,"ORIGEN":null,"SALUD":null,"ACCESO":null,"ACCESIBIL":null,"COLONIA":null,"LAT":null,"LONG":null,"DAP":null,"ALTURA":null,"TRONCO":null,"CFE":null},"geometry":{"type":"MultiPoint","coordinates":[[370372.18675,2837827.19151]]}},{"type":"Feature","properties":{"UBI":"Fernando García Roel","PROYE":null,"NOMCIEN":null,"NOMBRE":"Árbol nuevo","OBJECTID":872,"FECHA LEV":2024,"NOMCOM":null,"ORIGEN":null,"SALUD":null,"ACCESO":null,"ACCESIBIL":null,"COLONIA":null,"LAT":null,"LONG":null,"DAP":null,"ALTURA":null,"TRONCO":null,"CFE":null},"geometry":{"type":"MultiPoint","coordinates":[[370351.89866,2837805.79003]]}},{"type":"Feature","properties":{"UBI":"Fernando García Roel","PROYE":null,"NOMCIEN":null,"NOMBRE":"Árbol nuevo","OBJECTID":873,"FECHA LEV":2024,"NOMCOM":null,"ORIGEN":null,"SALUD":null,"ACCESO":null,"ACCESIBIL":null,"COLONIA":null,"LAT":null,"LONG":null,"DAP":null,"ALTURA":null,"TRONCO":null,"CFE":null},"geometry":{"type":"MultiPoint","coordinates":[[370308.60811,2837776.30565]]}},{"type":"Feature","properties":{"UBI":"Av. Luis Elizondo","PROYE":null,"NOMCIEN":null,"NOMBRE":"Árbol existente","OBJECTID":874,"FECHA LEV":2024,"NOMCOM":null,"ORIGEN":null,"SALUD":null,"ACCESO":null,"ACCESIBIL":null,"COLONIA":null,"LAT":null,"LONG":null,"DAP":null,"ALTURA":null,"TRONCO":null,"CFE":null},"geometry":{"type":"MultiPoint","coordinates":[[370565.06444,2837375.59846]]}},{"type":"Feature","properties":{"UBI":"Av. Luis Elizondo","PROYE":null,"NOMCIEN":null,"NOMBRE":"Árbol existente","OBJECTID":875,"FECHA LEV":2024,"NOMCOM":null,"ORIGEN":null,"SALUD":null,"ACCESO":null,"ACCESIBIL":null,"COLONIA":null,"LAT":null,"LONG":null,"DAP":null,"ALTURA":null,"TRONCO":null,"CFE":null},"geometry":{"type":"MultiPoint","coordinates":[[370607.63805,2837417.27499]]}},{"type":"Feature","properties":{"UBI":"Av. Luis Elizondo","PROYE":null,"NOMCIEN":null,"NOMBRE":"Árbol existente","OBJECTID":876,"FECHA LEV":2024,"NOMCOM":null,"ORIGEN":null,"SALUD":null,"ACCESO":null,"ACCESIBIL":null,"COLONIA":null,"LAT":null,"LONG":null,"DAP":null,"ALTURA":null,"TRONCO":null,"CFE":null},"geometry":{"type":"MultiPoint","coordinates":[[370618.59873,2837425.84458]]}},{"type":"Feature","properties":{"UBI":"Av. Luis Elizondo","PROYE":null,"NOMCIEN":null,"NOMBRE":"Árbol existente","OBJECTID":877,"FECHA LEV":2024,"NOMCOM":null,"ORIGEN":null,"SALUD":null,"ACCESO":null,"ACCESIBIL":null,"COLONIA":null,"LAT":null,"LONG":null,"DAP":null,"ALTURA":null,"TRONCO":null,"CFE":null},"geometry":{"type":"MultiPoint","coordinates":[[370652.00041,2837453.58089]]}},{"type":"Feature","properties":{"UBI":"Av. Luis Elizondo","PROYE":null,"NOMCIEN":null,"NOMBRE":"Árbol existente","OBJECTID":878,"FECHA LEV":2024,"NOMCOM":null,"ORIGEN":null,"SALUD":null,"ACCESO":null,"ACCESIBIL":null,"COLONIA":null,"LAT":null,"LONG":null,"DAP":null,"ALTURA":null,"TRONCO":null,"CFE":null},"geometry":{"type":"MultiPoint","coordinates":[[370664.4389,2837459.36696]]}},{"type":"Feature","properties":{"UBI":"Av. Luis Elizondo","PROYE":null,"NOMCIEN":null,"NOMBRE":"Árbol existente","OBJECTID":879,"FECHA LEV":2024,"NOMCOM":null,"ORIGEN":null,"SALUD":null,"ACCESO":null,"ACCESIBIL":null,"COLONIA":null,"LAT":null,"LONG":null,"DAP":null,"ALTURA":null,"TRONCO":null,"CFE":null},"geometry":{"type":"MultiPoint","coordinates":[[370682.92456,2837484.66328]]}},{"type":"Feature","properties":{"UBI":"Av. Luis Elizondo","PROYE":null,"NOMCIEN":null,"NOMBRE":"Árbol existente","OBJECTID":880,"FECHA LEV":2024,"NOMCOM":null,"ORIGEN":null,"SALUD":null,"ACCESO":null,"ACCESIBIL":null,"COLONIA":null,"LAT":null,"LONG":null,"DAP":null,"ALTURA":null,"TRONCO":null,"CFE":null},"geometry":{"type":"MultiPoint","coordinates":[[370697.53665,2837490.24435]]}},{"type":"Feature","properties":{"UBI":"Av. Luis Elizondo","PROYE":null,"NOMCIEN":null,"NOMBRE":"Árbol existente","OBJECTID":881,"FECHA LEV":2024,"NOMCOM":null,"ORIGEN":null,"SALUD":null,"ACCESO":null,"ACCESIBIL":null,"COLONIA":null,"LAT":null,"LONG":null,"DAP":null,"ALTURA":null,"TRONCO":null,"CFE":null},"geometry":{"type":"MultiPoint","coordinates":[[370704.96643,2837497.18688]]}},{"type":"Feature","properties":{"UBI":"Av. Luis Elizondo","PROYE":null,"NOMCIEN":null,"NOMBRE":"Árbol existente","OBJECTID":882,"FECHA LEV":2024,"NOMCOM":null,"ORIGEN":null,"SALUD":null,"ACCESO":null,"ACCESIBIL":null,"COLONIA":null,"LAT":null,"LONG":null,"DAP":null,"ALTURA":null,"TRONCO":null,"CFE":null},"geometry":{"type":"MultiPoint","coordinates":[[370726.5584,2837515.06822]]}},{"type":"Feature","properties":{"UBI":"Av. Luis Elizondo","PROYE":null,"NOMCIEN":null,"NOMBRE":"Árbol existente","OBJECTID":883,"FECHA LEV":2024,"NOMCOM":null,"ORIGEN":null,"SALUD":null,"ACCESO":null,"ACCESIBIL":null,"COLONIA":null,"LAT":null,"LONG":null,"DAP":null,"ALTURA":null,"TRONCO":null,"CFE":null},"geometry":{"type":"MultiPoint","coordinates":[[370737.99572,2837521.04908]]}},{"type":"Feature","properties":{"UBI":"Av. Luis Elizondo","PROYE":null,"NOMCIEN":null,"NOMBRE":"Árbol existente","OBJECTID":884,"FECHA LEV":2024,"NOMCOM":null,"ORIGEN":null,"SALUD":null,"ACCESO":null,"ACCESIBIL":null,"COLONIA":null,"LAT":null,"LONG":null,"DAP":null,"ALTURA":null,"TRONCO":null,"CFE":null},"geometry":{"type":"MultiPoint","coordinates":[[370795.83809,2837567.19324]]}},{"type":"Feature","properties":{"UBI":"Av. Luis Elizondo","PROYE":null,"NOMCIEN":null,"NOMBRE":"Árbol existente","OBJECTID":885,"FECHA LEV":2024,"NOMCOM":null,"ORIGEN":null,"SALUD":null,"ACCESO":null,"ACCESIBIL":null,"COLONIA":null,"LAT":null,"LONG":null,"DAP":null,"ALTURA":null,"TRONCO":null,"CFE":null},"geometry":{"type":"MultiPoint","coordinates":[[370802.10443,2837574.88594]]}},{"type":"Feature","properties":{"UBI":"Av. Luis Elizondo","PROYE":"Parque de Bolsillo CDT","NOMCIEN":null,"NOMBRE":"Árbol existente","OBJECTID":886,"FECHA LEV":2024,"NOMCOM":null,"ORIGEN":null,"SALUD":null,"ACCESO":null,"ACCESIBIL":null,"COLONIA":null,"LAT":null,"LONG":null,"DAP":null,"ALTURA":null,"TRONCO":null,"CFE":null},"geometry":{"type":"MultiPoint","coordinates":[[370833.48036,2837583.62711]]}},{"type":"Feature","properties":{"UBI":"Av. Luis Elizondo","PROYE":"Parque de Bolsillo CDT","NOMCIEN":null,"NOMBRE":"Árbol existente","OBJECTID":887,"FECHA LEV":2024,"NOMCOM":null,"ORIGEN":null,"SALUD":null,"ACCESO":null,"ACCESIBIL":null,"COLONIA":null,"LAT":null,"LONG":null,"DAP":null,"ALTURA":null,"TRONCO":null,"CFE":null},"geometry":{"type":"MultiPoint","coordinates":[[370848.53318,2837582.92692]]}},{"type":"Feature","properties":{"UBI":"Av. Luis Elizondo","PROYE":"Parque de Bolsillo CDT","NOMCIEN":null,"NOMBRE":"Árbol existente","OBJECTID":888,"FECHA LEV":2024,"NOMCOM":null,"ORIGEN":null,"SALUD":null,"ACCESO":null,"ACCESIBIL":null,"COLONIA":null,"LAT":null,"LONG":null,"DAP":null,"ALTURA":null,"TRONCO":null,"CFE":null},"geometry":{"type":"MultiPoint","coordinates":[[370848.48831,2837578.31172]]}},{"type":"Feature","properties":{"UBI":"Av. Luis Elizondo","PROYE":"Parque de Bolsillo CDT","NOMCIEN":null,"NOMBRE":"Árbol existente","OBJECTID":889,"FECHA LEV":2024,"NOMCOM":null,"ORIGEN":null,"SALUD":null,"ACCESO":null,"ACCESIBIL":null,"COLONIA":null,"LAT":null,"LONG":null,"DAP":null,"ALTURA":null,"TRONCO":null,"CFE":null},"geometry":{"type":"MultiPoint","coordinates":[[370843.60504,2837575.22118]]}},{"type":"Feature","properties":{"UBI":"Av. Junco de la Vega","PROYE":"Parque de Bolsillo CDT","NOMCIEN":null,"NOMBRE":"Árbol existente","OBJECTID":890,"FECHA LEV":2024,"NOMCOM":null,"ORIGEN":null,"SALUD":null,"ACCESO":null,"ACCESIBIL":null,"COLONIA":null,"LAT":null,"LONG":null,"DAP":null,"ALTURA":null,"TRONCO":null,"CFE":null},"geometry":{"type":"MultiPoint","coordinates":[[370843.55837,2837570.42102]]}},{"type":"Feature","properties":{"UBI":"Av. Junco de la Vega","PROYE":"Parque de Bolsillo CDT","NOMCIEN":null,"NOMBRE":"Árbol existente","OBJECTID":891,"FECHA LEV":2024,"NOMCOM":null,"ORIGEN":null,"SALUD":null,"ACCESO":null,"ACCESIBIL":null,"COLONIA":null,"LAT":null,"LONG":null,"DAP":null,"ALTURA":null,"TRONCO":null,"CFE":null},"geometry":{"type":"MultiPoint","coordinates":[[370850.9011,2837568.31928]]}},{"type":"Feature","properties":{"UBI":"Av. Junco de la Vega","PROYE":"Parque de Bolsillo CDT","NOMCIEN":null,"NOMBRE":"Árbol existente","OBJECTID":892,"FECHA LEV":2024,"NOMCOM":null,"ORIGEN":null,"SALUD":null,"ACCESO":null,"ACCESIBIL":null,"COLONIA":null,"LAT":null,"LONG":null,"DAP":null,"ALTURA":null,"TRONCO":null,"CFE":null},"geometry":{"type":"MultiPoint","coordinates":[[370855.32884,2837559.04607]]}},{"type":"Feature","properties":{"UBI":"Av. Junco de la Vega","PROYE":"Parque de Bolsillo CDT","NOMCIEN":null,"NOMBRE":"Árbol existente","OBJECTID":893,"FECHA LEV":2024,"NOMCOM":null,"ORIGEN":null,"SALUD":null,"ACCESO":null,"ACCESIBIL":null,"COLONIA":null,"LAT":null,"LONG":null,"DAP":null,"ALTURA":null,"TRONCO":null,"CFE":null},"geometry":{"type":"MultiPoint","coordinates":[[370856.63112,2837555.34046]]}},{"type":"Feature","properties":{"UBI":"Av. Junco de la Vega","PROYE":"Parque de Bolsillo CDT","NOMCIEN":null,"NOMBRE":"Árbol existente","OBJECTID":894,"FECHA LEV":2024,"NOMCOM":null,"ORIGEN":null,"SALUD":null,"ACCESO":null,"ACCESIBIL":null,"COLONIA":null,"LAT":null,"LONG":null,"DAP":null,"ALTURA":null,"TRONCO":null,"CFE":null},"geometry":{"type":"MultiPoint","coordinates":[[370845.72555,2837552.30847]]}},{"type":"Feature","properties":{"UBI":"Av. Junco de la Vega","PROYE":"Parque de Bolsillo CDT","NOMCIEN":null,"NOMBRE":"Árbol existente","OBJECTID":895,"FECHA LEV":2024,"NOMCOM":null,"ORIGEN":null,"SALUD":null,"ACCESO":null,"ACCESIBIL":null,"COLONIA":null,"LAT":null,"LONG":null,"DAP":null,"ALTURA":null,"TRONCO":null,"CFE":null},"geometry":{"type":"MultiPoint","coordinates":[[370850.83085,2837543.95136]]}},{"type":"Feature","properties":{"UBI":"Av. Junco de la Vega","PROYE":"Parque de Bolsillo CDT","NOMCIEN":null,"NOMBRE":"Árbol existente","OBJECTID":896,"FECHA LEV":2024,"NOMCOM":null,"ORIGEN":null,"SALUD":null,"ACCESO":null,"ACCESIBIL":null,"COLONIA":null,"LAT":null,"LONG":null,"DAP":null,"ALTURA":null,"TRONCO":null,"CFE":null},"geometry":{"type":"MultiPoint","coordinates":[[370842.76594,2837557.69059]]}},{"type":"Feature","properties":{"UBI":"Av. Luis Elizondo","PROYE":"Parque de Bolsillo CDT","NOMCIEN":null,"NOMBRE":"Árbol existente","OBJECTID":897,"FECHA LEV":2024,"NOMCOM":null,"ORIGEN":null,"SALUD":null,"ACCESO":null,"ACCESIBIL":null,"COLONIA":null,"LAT":null,"LONG":null,"DAP":null,"ALTURA":null,"TRONCO":null,"CFE":null},"geometry":{"type":"MultiPoint","coordinates":[[370824.20239,2837575.96368]]}},{"type":"Feature","properties":{"UBI":"Av. Luis Elizondo","PROYE":"Parque de Bolsillo CDT","NOMCIEN":null,"NOMBRE":"Árbol existente","OBJECTID":898,"FECHA LEV":2024,"NOMCOM":null,"ORIGEN":null,"SALUD":null,"ACCESO":null,"ACCESIBIL":null,"COLONIA":null,"LAT":null,"LONG":null,"DAP":null,"ALTURA":null,"TRONCO":null,"CFE":null},"geometry":{"type":"MultiPoint","coordinates":[[370830.68911,2837584.01197]]}},{"type":"Feature","properties":{"UBI":"Av. Luis Elizondo","PROYE":null,"NOMCIEN":null,"NOMBRE":"Árbol existente","OBJECTID":899,"FECHA LEV":2024,"NOMCOM":null,"ORIGEN":null,"SALUD":null,"ACCESO":null,"ACCESIBIL":null,"COLONIA":null,"LAT":null,"LONG":null,"DAP":null,"ALTURA":null,"TRONCO":null,"CFE":null},"geometry":{"type":"MultiPoint","coordinates":[[370757.60381,2837524.18129]]}},{"type":"Feature","properties":{"UBI":"Av. Luis Elizondo","PROYE":null,"NOMCIEN":null,"NOMBRE":"Árbol existente","OBJECTID":900,"FECHA LEV":2024,"NOMCOM":null,"ORIGEN":null,"SALUD":null,"ACCESO":null,"ACCESIBIL":null,"COLONIA":null,"LAT":null,"LONG":null,"DAP":null,"ALTURA":null,"TRONCO":null,"CFE":null},"geometry":{"type":"MultiPoint","coordinates":[[370629.41458,2837419.64709]]}},{"type":"Feature","properties":{"UBI":"Av. Junco de la Vega","PROYE":"Parque de Bolsillo CIAP","NOMCIEN":null,"NOMBRE":"Árbol existente","OBJECTID":901,"FECHA LEV":2024,"NOMCOM":null,"ORIGEN":null,"SALUD":null,"ACCESO":null,"ACCESIBIL":null,"COLONIA":null,"LAT":null,"LONG":null,"DAP":null,"ALTURA":null,"TRONCO":null,"CFE":null},"geometry":{"type":"MultiPoint","coordinates":[[370558.49366,2837920.44885]]}},{"type":"Feature","properties":{"UBI":"Av. Junco de la Vega","PROYE":null,"NOMCIEN":null,"NOMBRE":"Árbol existente","OBJECTID":902,"FECHA LEV":2024,"NOMCOM":null,"ORIGEN":null,"SALUD":null,"ACCESO":null,"ACCESIBIL":null,"COLONIA":null,"LAT":null,"LONG":null,"DAP":null,"ALTURA":null,"TRONCO":null,"CFE":null},"geometry":{"type":"MultiPoint","coordinates":[[370572.06407,2837904.99427]]}},{"type":"Feature","properties":{"UBI":"Av. Junco de la Vega","PROYE":null,"NOMCIEN":null,"NOMBRE":"Árbol existente","OBJECTID":903,"FECHA LEV":2024,"NOMCOM":null,"ORIGEN":null,"SALUD":null,"ACCESO":null,"ACCESIBIL":null,"COLONIA":null,"LAT":null,"LONG":null,"DAP":null,"ALTURA":null,"TRONCO":null,"CFE":null},"geometry":{"type":"MultiPoint","coordinates":[[370578.71981,2837901.23756]]}},{"type":"Feature","properties":{"UBI":"Av. Junco de la Vega","PROYE":null,"NOMCIEN":null,"NOMBRE":"Árbol existente","OBJECTID":904,"FECHA LEV":2024,"NOMCOM":null,"ORIGEN":null,"SALUD":null,"ACCESO":null,"ACCESIBIL":null,"COLONIA":null,"LAT":null,"LONG":null,"DAP":null,"ALTURA":null,"TRONCO":null,"CFE":null},"geometry":{"type":"MultiPoint","coordinates":[[370585.38734,2837898.5873]]}},{"type":"Feature","properties":{"UBI":"Av. Junco de la Vega","PROYE":null,"NOMCIEN":null,"NOMBRE":"Árbol existente","OBJECTID":905,"FECHA LEV":2024,"NOMCOM":null,"ORIGEN":null,"SALUD":null,"ACCESO":null,"ACCESIBIL":null,"COLONIA":null,"LAT":null,"LONG":null,"DAP":null,"ALTURA":null,"TRONCO":null,"CFE":null},"geometry":{"type":"MultiPoint","coordinates":[[370593.28331,2837884.66455]]}},{"type":"Feature","properties":{"UBI":"Av. Junco de la Vega","PROYE":null,"NOMCIEN":null,"NOMBRE":"Árbol existente","OBJECTID":906,"FECHA LEV":2024,"NOMCOM":null,"ORIGEN":null,"SALUD":null,"ACCESO":null,"ACCESIBIL":null,"COLONIA":null,"LAT":null,"LONG":null,"DAP":null,"ALTURA":null,"TRONCO":null,"CFE":null},"geometry":{"type":"MultiPoint","coordinates":[[370611.68926,2837867.5014]]}},{"type":"Feature","properties":{"UBI":"Av. Junco de la Vega","PROYE":null,"NOMCIEN":null,"NOMBRE":"Árbol existente","OBJECTID":907,"FECHA LEV":2024,"NOMCOM":null,"ORIGEN":null,"SALUD":null,"ACCESO":null,"ACCESIBIL":null,"COLONIA":null,"LAT":null,"LONG":null,"DAP":null,"ALTURA":null,"TRONCO":null,"CFE":null},"geometry":{"type":"MultiPoint","coordinates":[[370627.77123,2837852.20629]]}},{"type":"Feature","properties":{"UBI":"Av. Junco de la Vega","PROYE":null,"NOMCIEN":null,"NOMBRE":"Árbol existente","OBJECTID":908,"FECHA LEV":2024,"NOMCOM":null,"ORIGEN":null,"SALUD":null,"ACCESO":null,"ACCESIBIL":null,"COLONIA":null,"LAT":null,"LONG":null,"DAP":null,"ALTURA":null,"TRONCO":null,"CFE":null},"geometry":{"type":"MultiPoint","coordinates":[[370642.12542,2837848.55961]]}},{"type":"Feature","properties":{"UBI":"Av. Junco de la Vega","PROYE":null,"NOMCIEN":null,"NOMBRE":"Árbol existente","OBJECTID":909,"FECHA LEV":2024,"NOMCOM":null,"ORIGEN":null,"SALUD":null,"ACCESO":null,"ACCESIBIL":null,"COLONIA":null,"LAT":null,"LONG":null,"DAP":null,"ALTURA":null,"TRONCO":null,"CFE":null},"geometry":{"type":"MultiPoint","coordinates":[[370645.63354,2837847.97162]]}},{"type":"Feature","properties":{"UBI":"Av. Junco de la Vega","PROYE":null,"NOMCIEN":null,"NOMBRE":"Árbol existente","OBJECTID":910,"FECHA LEV":2024,"NOMCOM":null,"ORIGEN":null,"SALUD":null,"ACCESO":null,"ACCESIBIL":null,"COLONIA":null,"LAT":null,"LONG":null,"DAP":null,"ALTURA":null,"TRONCO":null,"CFE":null},"geometry":{"type":"MultiPoint","coordinates":[[370658.7579,2837838.24367]]}},{"type":"Feature","properties":{"UBI":"Av. Junco de la Vega","PROYE":null,"NOMCIEN":null,"NOMBRE":"Árbol existente","OBJECTID":911,"FECHA LEV":2024,"NOMCOM":null,"ORIGEN":null,"SALUD":null,"ACCESO":null,"ACCESIBIL":null,"COLONIA":null,"LAT":null,"LONG":null,"DAP":null,"ALTURA":null,"TRONCO":null,"CFE":null},"geometry":{"type":"MultiPoint","coordinates":[[370660.67036,2837828.44104]]}},{"type":"Feature","properties":{"UBI":"Av. Junco de la Vega","PROYE":null,"NOMCIEN":null,"NOMBRE":"Árbol existente","OBJECTID":912,"FECHA LEV":2024,"NOMCOM":null,"ORIGEN":null,"SALUD":null,"ACCESO":null,"ACCESIBIL":null,"COLONIA":null,"LAT":null,"LONG":null,"DAP":null,"ALTURA":null,"TRONCO":null,"CFE":null},"geometry":{"type":"MultiPoint","coordinates":[[370670.59755,2837816.89777]]}},{"type":"Feature","properties":{"UBI":"Av. Junco de la Vega","PROYE":null,"NOMCIEN":null,"NOMBRE":"Árbol existente","OBJECTID":913,"FECHA LEV":2024,"NOMCOM":null,"ORIGEN":null,"SALUD":null,"ACCESO":null,"ACCESIBIL":null,"COLONIA":null,"LAT":null,"LONG":null,"DAP":null,"ALTURA":null,"TRONCO":null,"CFE":null},"geometry":{"type":"MultiPoint","coordinates":[[370680.09292,2837812.55964]]}},{"type":"Feature","properties":{"UBI":"Av. Junco de la Vega","PROYE":null,"NOMCIEN":null,"NOMBRE":"Árbol existente","OBJECTID":914,"FECHA LEV":2024,"NOMCOM":null,"ORIGEN":null,"SALUD":null,"ACCESO":null,"ACCESIBIL":null,"COLONIA":null,"LAT":null,"LONG":null,"DAP":null,"ALTURA":null,"TRONCO":null,"CFE":null},"geometry":{"type":"MultiPoint","coordinates":[[370682.87936,2837806.62533]]}},{"type":"Feature","properties":{"UBI":"Av. Junco de la Vega","PROYE":null,"NOMCIEN":null,"NOMBRE":"Árbol existente","OBJECTID":915,"FECHA LEV":2024,"NOMCOM":null,"ORIGEN":null,"SALUD":null,"ACCESO":null,"ACCESIBIL":null,"COLONIA":null,"LAT":null,"LONG":null,"DAP":null,"ALTURA":null,"TRONCO":null,"CFE":null},"geometry":{"type":"MultiPoint","coordinates":[[370685.4704,2837797.73878]]}},{"type":"Feature","properties":{"UBI":"Av. Junco de la Vega","PROYE":"Parque de bolsillo A6","NOMCIEN":null,"NOMBRE":"Árbol existente","OBJECTID":916,"FECHA LEV":2024,"NOMCOM":null,"ORIGEN":null,"SALUD":null,"ACCESO":null,"ACCESIBIL":null,"COLONIA":null,"LAT":null,"LONG":null,"DAP":null,"ALTURA":null,"TRONCO":null,"CFE":null},"geometry":{"type":"MultiPoint","coordinates":[[370716.4586,2837766.79137]]}},{"type":"Feature","properties":{"UBI":"Av. Junco de la Vega","PROYE":"Parque de bolsillo A6","NOMCIEN":null,"NOMBRE":"Árbol existente","OBJECTID":917,"FECHA LEV":2024,"NOMCOM":null,"ORIGEN":null,"SALUD":null,"ACCESO":null,"ACCESIBIL":null,"COLONIA":null,"LAT":null,"LONG":null,"DAP":null,"ALTURA":null,"TRONCO":null,"CFE":null},"geometry":{"type":"MultiPoint","coordinates":[[370734.04302,2837751.11292]]}},{"type":"Feature","properties":{"UBI":"Av. Junco de la Vega","PROYE":"Parque de bolsillo A6","NOMCIEN":null,"NOMBRE":"Árbol existente","OBJECTID":918,"FECHA LEV":2024,"NOMCOM":null,"ORIGEN":null,"SALUD":null,"ACCESO":null,"ACCESIBIL":null,"COLONIA":null,"LAT":null,"LONG":null,"DAP":null,"ALTURA":null,"TRONCO":null,"CFE":null},"geometry":{"type":"MultiPoint","coordinates":[[370738.1453,2837742.76551]]}},{"type":"Feature","properties":{"UBI":"Av. Junco de la Vega","PROYE":"Parque de bolsillo A6","NOMCIEN":null,"NOMBRE":"Árbol existente","OBJECTID":919,"FECHA LEV":2024,"NOMCOM":null,"ORIGEN":null,"SALUD":null,"ACCESO":null,"ACCESIBIL":null,"COLONIA":null,"LAT":null,"LONG":null,"DAP":null,"ALTURA":null,"TRONCO":null,"CFE":null},"geometry":{"type":"MultiPoint","coordinates":[[370739.4134,2837735.55335]]}},{"type":"Feature","properties":{"UBI":"Av. Junco de la Vega","PROYE":"Parque de bolsillo A6","NOMCIEN":null,"NOMBRE":"Árbol existente","OBJECTID":920,"FECHA LEV":2024,"NOMCOM":null,"ORIGEN":null,"SALUD":null,"ACCESO":null,"ACCESIBIL":null,"COLONIA":null,"LAT":null,"LONG":null,"DAP":null,"ALTURA":null,"TRONCO":null,"CFE":null},"geometry":{"type":"MultiPoint","coordinates":[[370754.92308,2837730.23296]]}},{"type":"Feature","properties":{"UBI":"Av. Junco de la Vega","PROYE":"Parque de bolsillo A6","NOMCIEN":null,"NOMBRE":"Árbol existente","OBJECTID":921,"FECHA LEV":2024,"NOMCOM":null,"ORIGEN":null,"SALUD":null,"ACCESO":null,"ACCESIBIL":null,"COLONIA":null,"LAT":null,"LONG":null,"DAP":null,"ALTURA":null,"TRONCO":null,"CFE":null},"geometry":{"type":"MultiPoint","coordinates":[[370754.04914,2837726.36464]]}},{"type":"Feature","properties":{"UBI":"Av. Junco de la Vega","PROYE":"Parque de bolsillo A6","NOMCIEN":null,"NOMBRE":"Árbol existente","OBJECTID":922,"FECHA LEV":2024,"NOMCOM":null,"ORIGEN":null,"SALUD":null,"ACCESO":null,"ACCESIBIL":null,"COLONIA":null,"LAT":null,"LONG":null,"DAP":null,"ALTURA":null,"TRONCO":null,"CFE":null},"geometry":{"type":"MultiPoint","coordinates":[[370759.68858,2837721.32528]]}},{"type":"Feature","properties":{"UBI":"Av. Junco de la Vega","PROYE":"Parque de bolsillo A6","NOMCIEN":null,"NOMBRE":"Árbol existente","OBJECTID":923,"FECHA LEV":2024,"NOMCOM":null,"ORIGEN":null,"SALUD":null,"ACCESO":null,"ACCESIBIL":null,"COLONIA":null,"LAT":null,"LONG":null,"DAP":null,"ALTURA":null,"TRONCO":null,"CFE":null},"geometry":{"type":"MultiPoint","coordinates":[[370764.85223,2837718.87583]]}},{"type":"Feature","properties":{"UBI":"Av. Junco de la Vega","PROYE":"Parque de bolsillo A6","NOMCIEN":null,"NOMBRE":"Árbol existente","OBJECTID":924,"FECHA LEV":2024,"NOMCOM":null,"ORIGEN":null,"SALUD":null,"ACCESO":null,"ACCESIBIL":null,"COLONIA":null,"LAT":null,"LONG":null,"DAP":null,"ALTURA":null,"TRONCO":null,"CFE":null},"geometry":{"type":"MultiPoint","coordinates":[[370766.06109,2837705.5721]]}},{"type":"Feature","properties":{"UBI":"Av. Junco de la Vega","PROYE":"Parque de bolsillo A6","NOMCIEN":null,"NOMBRE":"Árbol existente","OBJECTID":925,"FECHA LEV":2024,"NOMCOM":null,"ORIGEN":null,"SALUD":null,"ACCESO":null,"ACCESIBIL":null,"COLONIA":null,"LAT":null,"LONG":null,"DAP":null,"ALTURA":null,"TRONCO":null,"CFE":null},"geometry":{"type":"MultiPoint","coordinates":[[370774.62811,2837708.99562]]}},{"type":"Feature","properties":{"UBI":"Av. Junco de la Vega","PROYE":"Parque de bolsillo A6","NOMCIEN":null,"NOMBRE":"Árbol existente","OBJECTID":926,"FECHA LEV":2024,"NOMCOM":null,"ORIGEN":null,"SALUD":null,"ACCESO":null,"ACCESIBIL":null,"COLONIA":null,"LAT":null,"LONG":null,"DAP":null,"ALTURA":null,"TRONCO":null,"CFE":null},"geometry":{"type":"MultiPoint","coordinates":[[370778.75019,2837702.67949]]}},{"type":"Feature","properties":{"UBI":"Av. Junco de la Vega","PROYE":"Parque de bolsillo A6","NOMCIEN":null,"NOMBRE":"Árbol existente","OBJECTID":927,"FECHA LEV":2024,"NOMCOM":null,"ORIGEN":null,"SALUD":null,"ACCESO":null,"ACCESIBIL":null,"COLONIA":null,"LAT":null,"LONG":null,"DAP":null,"ALTURA":null,"TRONCO":null,"CFE":null},"geometry":{"type":"MultiPoint","coordinates":[[370788.2313,2837696.86395]]}},{"type":"Feature","properties":{"UBI":"Av. Junco de la Vega","PROYE":null,"NOMCIEN":null,"NOMBRE":"Árbol existente","OBJECTID":928,"FECHA LEV":2024,"NOMCOM":null,"ORIGEN":null,"SALUD":null,"ACCESO":null,"ACCESIBIL":null,"COLONIA":null,"LAT":null,"LONG":null,"DAP":null,"ALTURA":null,"TRONCO":null,"CFE":null},"geometry":{"type":"MultiPoint","coordinates":[[370829.05509,2837644.77554]]}},{"type":"Feature","properties":{"UBI":"Av. Junco de la Vega","PROYE":null,"NOMCIEN":null,"NOMBRE":"Árbol existente","OBJECTID":929,"FECHA LEV":2024,"NOMCOM":null,"ORIGEN":null,"SALUD":null,"ACCESO":null,"ACCESIBIL":null,"COLONIA":null,"LAT":null,"LONG":null,"DAP":null,"ALTURA":null,"TRONCO":null,"CFE":null},"geometry":{"type":"MultiPoint","coordinates":[[370842.52845,2837636.52203]]}},{"type":"Feature","properties":{"UBI":"Av. Junco de la Vega","PROYE":null,"NOMCIEN":null,"NOMBRE":"Árbol existente","OBJECTID":930,"FECHA LEV":2024,"NOMCOM":null,"ORIGEN":null,"SALUD":null,"ACCESO":null,"ACCESIBIL":null,"COLONIA":null,"LAT":null,"LONG":null,"DAP":null,"ALTURA":null,"TRONCO":null,"CFE":null},"geometry":{"type":"MultiPoint","coordinates":[[370830.05939,2837610.42818]]}},{"type":"Feature","properties":{"UBI":"Av. Luis Elizondo","PROYE":null,"NOMCIEN":null,"NOMBRE":"Árbol existente","OBJECTID":931,"FECHA LEV":2024,"NOMCOM":null,"ORIGEN":null,"SALUD":null,"ACCESO":null,"ACCESIBIL":null,"COLONIA":null,"LAT":null,"LONG":null,"DAP":null,"ALTURA":null,"TRONCO":null,"CFE":null},"geometry":{"type":"MultiPoint","coordinates":[[370838.25807,2837610.34846]]}},{"type":"Feature","properties":{"UBI":"Av. Junco de la Vega","PROYE":null,"NOMCIEN":null,"NOMBRE":"Árbol existente","OBJECTID":932,"FECHA LEV":2024,"NOMCOM":null,"ORIGEN":null,"SALUD":null,"ACCESO":null,"ACCESIBIL":null,"COLONIA":null,"LAT":null,"LONG":null,"DAP":null,"ALTURA":null,"TRONCO":null,"CFE":null},"geometry":{"type":"MultiPoint","coordinates":[[370864.04824,2837647.02059]]}},{"type":"Feature","properties":{"UBI":"Av. Junco de la Vega","PROYE":null,"NOMCIEN":null,"NOMBRE":"Árbol existente","OBJECTID":933,"FECHA LEV":2024,"NOMCOM":null,"ORIGEN":null,"SALUD":null,"ACCESO":null,"ACCESIBIL":null,"COLONIA":null,"LAT":null,"LONG":null,"DAP":null,"ALTURA":null,"TRONCO":null,"CFE":null},"geometry":{"type":"MultiPoint","coordinates":[[370688.94695,2837828.3496]]}},{"type":"Feature","properties":{"UBI":"Av. Junco de la Vega","PROYE":null,"NOMCIEN":null,"NOMBRE":"Árbol existente","OBJECTID":934,"FECHA LEV":2024,"NOMCOM":null,"ORIGEN":null,"SALUD":null,"ACCESO":null,"ACCESIBIL":null,"COLONIA":null,"LAT":null,"LONG":null,"DAP":null,"ALTURA":null,"TRONCO":null,"CFE":null},"geometry":{"type":"MultiPoint","coordinates":[[370698.75372,2837838.77695]]}},{"type":"Feature","properties":{"UBI":"Av. Junco de la Vega","PROYE":null,"NOMCIEN":null,"NOMBRE":"Árbol existente","OBJECTID":935,"FECHA LEV":2024,"NOMCOM":null,"ORIGEN":null,"SALUD":null,"ACCESO":null,"ACCESIBIL":null,"COLONIA":null,"LAT":null,"LONG":null,"DAP":null,"ALTURA":null,"TRONCO":null,"CFE":null},"geometry":{"type":"MultiPoint","coordinates":[[370705.13095,2837840.74632]]}},{"type":"Feature","properties":{"UBI":"Av. Junco de la Vega","PROYE":null,"NOMCIEN":null,"NOMBRE":"Árbol existente","OBJECTID":936,"FECHA LEV":2024,"NOMCOM":null,"ORIGEN":null,"SALUD":null,"ACCESO":null,"ACCESIBIL":null,"COLONIA":null,"LAT":null,"LONG":null,"DAP":null,"ALTURA":null,"TRONCO":null,"CFE":null},"geometry":{"type":"MultiPoint","coordinates":[[370709.5302,2837845.68799]]}},{"type":"Feature","properties":{"UBI":"Av. Junco de la Vega","PROYE":null,"NOMCIEN":null,"NOMBRE":"Árbol existente","OBJECTID":937,"FECHA LEV":2024,"NOMCOM":null,"ORIGEN":null,"SALUD":null,"ACCESO":null,"ACCESIBIL":null,"COLONIA":null,"LAT":null,"LONG":null,"DAP":null,"ALTURA":null,"TRONCO":null,"CFE":null},"geometry":{"type":"MultiPoint","coordinates":[[370601.93121,2837896.39577]]}},{"type":"Feature","properties":{"UBI":"Av. Junco de la Vega","PROYE":null,"NOMCIEN":null,"NOMBRE":"Árbol existente","OBJECTID":938,"FECHA LEV":2024,"NOMCOM":null,"ORIGEN":null,"SALUD":null,"ACCESO":null,"ACCESIBIL":null,"COLONIA":null,"LAT":null,"LONG":null,"DAP":null,"ALTURA":null,"TRONCO":null,"CFE":null},"geometry":{"type":"MultiPoint","coordinates":[[370597.10834,2837899.3969]]}},{"type":"Feature","properties":{"UBI":"Av. Junco de la Vega","PROYE":null,"NOMCIEN":null,"NOMBRE":"Árbol existente","OBJECTID":939,"FECHA LEV":2024,"NOMCOM":null,"ORIGEN":null,"SALUD":null,"ACCESO":null,"ACCESIBIL":null,"COLONIA":null,"LAT":null,"LONG":null,"DAP":null,"ALTURA":null,"TRONCO":null,"CFE":null},"geometry":{"type":"MultiPoint","coordinates":[[370580.2748,2837923.37572]]}},{"type":"Feature","properties":{"UBI":"Av. Junco de la Vega","PROYE":null,"NOMCIEN":null,"NOMBRE":"Árbol existente","OBJECTID":940,"FECHA LEV":2024,"NOMCOM":null,"ORIGEN":null,"SALUD":null,"ACCESO":null,"ACCESIBIL":null,"COLONIA":null,"LAT":null,"LONG":null,"DAP":null,"ALTURA":null,"TRONCO":null,"CFE":null},"geometry":{"type":"MultiPoint","coordinates":[[370571.30664,2837930.29298]]}},{"type":"Feature","properties":{"UBI":"Fernando García Roel","PROYE":null,"NOMCIEN":null,"NOMBRE":"Árbol existente","OBJECTID":941,"FECHA LEV":2024,"NOMCOM":null,"ORIGEN":null,"SALUD":null,"ACCESO":null,"ACCESIBIL":null,"COLONIA":null,"LAT":null,"LONG":null,"DAP":null,"ALTURA":null,"TRONCO":null,"CFE":null},"geometry":{"type":"MultiPoint","coordinates":[[370339.82178,2837768.43223]]}},{"type":"Feature","properties":{"UBI":"Fernando García Roel","PROYE":null,"NOMCIEN":null,"NOMBRE":"Árbol existente","OBJECTID":942,"FECHA LEV":2024,"NOMCOM":null,"ORIGEN":null,"SALUD":null,"ACCESO":null,"ACCESIBIL":null,"COLONIA":null,"LAT":null,"LONG":null,"DAP":null,"ALTURA":null,"TRONCO":null,"CFE":null},"geometry":{"type":"MultiPoint","coordinates":[[370341.83131,2837768.59649]]}},{"type":"Feature","properties":{"UBI":"Fernando García Roel","PROYE":null,"NOMCIEN":null,"NOMBRE":"Árbol existente","OBJECTID":943,"FECHA LEV":2024,"NOMCOM":null,"ORIGEN":null,"SALUD":null,"ACCESO":null,"ACCESIBIL":null,"COLONIA":null,"LAT":null,"LONG":null,"DAP":null,"ALTURA":null,"TRONCO":null,"CFE":null},"geometry":{"type":"MultiPoint","coordinates":[[370346.38656,2837772.42886]]}},{"type":"Feature","properties":{"UBI":"Fernando García Roel","PROYE":null,"NOMCIEN":null,"NOMBRE":"Árbol existente","OBJECTID":944,"FECHA LEV":2024,"NOMCOM":null,"ORIGEN":null,"SALUD":null,"ACCESO":null,"ACCESIBIL":null,"COLONIA":null,"LAT":null,"LONG":null,"DAP":null,"ALTURA":null,"TRONCO":null,"CFE":null},"geometry":{"type":"MultiPoint","coordinates":[[370354.66703,2837780.84051]]}},{"type":"Feature","properties":{"UBI":"Fernando García Roel","PROYE":null,"NOMCIEN":null,"NOMBRE":"Árbol existente","OBJECTID":945,"FECHA LEV":2024,"NOMCOM":null,"ORIGEN":null,"SALUD":null,"ACCESO":null,"ACCESIBIL":null,"COLONIA":null,"LAT":null,"LONG":null,"DAP":null,"ALTURA":null,"TRONCO":null,"CFE":null},"geometry":{"type":"MultiPoint","coordinates":[[370358.37343,2837783.38852]]}},{"type":"Feature","properties":{"UBI":"Fernando García Roel","PROYE":null,"NOMCIEN":null,"NOMBRE":"Árbol existente","OBJECTID":946,"FECHA LEV":2024,"NOMCOM":null,"ORIGEN":null,"SALUD":null,"ACCESO":null,"ACCESIBIL":null,"COLONIA":null,"LAT":null,"LONG":null,"DAP":null,"ALTURA":null,"TRONCO":null,"CFE":null},"geometry":{"type":"MultiPoint","coordinates":[[370366.51786,2837794.93953]]}},{"type":"Feature","properties":{"UBI":"Fernando García Roel","PROYE":null,"NOMCIEN":null,"NOMBRE":"Árbol existente","OBJECTID":947,"FECHA LEV":2024,"NOMCOM":null,"ORIGEN":null,"SALUD":null,"ACCESO":null,"ACCESIBIL":null,"COLONIA":null,"LAT":null,"LONG":null,"DAP":null,"ALTURA":null,"TRONCO":null,"CFE":null},"geometry":{"type":"MultiPoint","coordinates":[[370388.07564,2837809.31379]]}},{"type":"Feature","properties":{"UBI":"Fernando García Roel","PROYE":null,"NOMCIEN":null,"NOMBRE":"Árbol existente","OBJECTID":948,"FECHA LEV":2024,"NOMCOM":null,"ORIGEN":null,"SALUD":null,"ACCESO":null,"ACCESIBIL":null,"COLONIA":null,"LAT":null,"LONG":null,"DAP":null,"ALTURA":null,"TRONCO":null,"CFE":null},"geometry":{"type":"MultiPoint","coordinates":[[370391.22967,2837806.69883]]}},{"type":"Feature","properties":{"UBI":"Fernando García Roel","PROYE":null,"NOMCIEN":null,"NOMBRE":"Árbol existente","OBJECTID":949,"FECHA LEV":2024,"NOMCOM":null,"ORIGEN":null,"SALUD":null,"ACCESO":null,"ACCESIBIL":null,"COLONIA":null,"LAT":null,"LONG":null,"DAP":null,"ALTURA":null,"TRONCO":null,"CFE":null},"geometry":{"type":"MultiPoint","coordinates":[[370392.98957,2837815.54299]]}},{"type":"Feature","properties":{"UBI":"Fernando García Roel","PROYE":null,"NOMCIEN":null,"NOMBRE":"Árbol existente","OBJECTID":950,"FECHA LEV":2024,"NOMCOM":null,"ORIGEN":null,"SALUD":null,"ACCESO":null,"ACCESIBIL":null,"COLONIA":null,"LAT":null,"LONG":null,"DAP":null,"ALTURA":null,"TRONCO":null,"CFE":null},"geometry":{"type":"MultiPoint","coordinates":[[370397.68801,2837816.97366]]}},{"type":"Feature","properties":{"UBI":"Fernando García Roel","PROYE":null,"NOMCIEN":null,"NOMBRE":"Árbol existente","OBJECTID":951,"FECHA LEV":2024,"NOMCOM":null,"ORIGEN":null,"SALUD":null,"ACCESO":null,"ACCESIBIL":null,"COLONIA":null,"LAT":null,"LONG":null,"DAP":null,"ALTURA":null,"TRONCO":null,"CFE":null},"geometry":{"type":"MultiPoint","coordinates":[[370401.80447,2837810.10252]]}},{"type":"Feature","properties":{"UBI":"Fernando García Roel","PROYE":null,"NOMCIEN":null,"NOMBRE":"Árbol existente","OBJECTID":952,"FECHA LEV":2024,"NOMCOM":null,"ORIGEN":null,"SALUD":null,"ACCESO":null,"ACCESIBIL":null,"COLONIA":null,"LAT":null,"LONG":null,"DAP":null,"ALTURA":null,"TRONCO":null,"CFE":null},"geometry":{"type":"MultiPoint","coordinates":[[370408.45222,2837805.42312]]}},{"type":"Feature","properties":{"UBI":"Fernando García Roel","PROYE":null,"NOMCIEN":null,"NOMBRE":"Árbol existente","OBJECTID":953,"FECHA LEV":2024,"NOMCOM":null,"ORIGEN":null,"SALUD":null,"ACCESO":null,"ACCESIBIL":null,"COLONIA":null,"LAT":null,"LONG":null,"DAP":null,"ALTURA":null,"TRONCO":null,"CFE":null},"geometry":{"type":"MultiPoint","coordinates":[[370411.43303,2837819.42374]]}},{"type":"Feature","properties":{"UBI":"Fernando García Roel","PROYE":null,"NOMCIEN":null,"NOMBRE":"Árbol existente","OBJECTID":954,"FECHA LEV":2024,"NOMCOM":null,"ORIGEN":null,"SALUD":null,"ACCESO":null,"ACCESIBIL":null,"COLONIA":null,"LAT":null,"LONG":null,"DAP":null,"ALTURA":null,"TRONCO":null,"CFE":null},"geometry":{"type":"MultiPoint","coordinates":[[370403.94187,2837823.37366]]}},{"type":"Feature","properties":{"UBI":"Fernando García Roel","PROYE":null,"NOMCIEN":null,"NOMBRE":"Árbol existente","OBJECTID":955,"FECHA LEV":2024,"NOMCOM":null,"ORIGEN":null,"SALUD":null,"ACCESO":null,"ACCESIBIL":null,"COLONIA":null,"LAT":null,"LONG":null,"DAP":null,"ALTURA":null,"TRONCO":null,"CFE":null},"geometry":{"type":"MultiPoint","coordinates":[[370417.95979,2837836.71387]]}},{"type":"Feature","properties":{"UBI":"Fernando García Roel","PROYE":null,"NOMCIEN":null,"NOMBRE":"Árbol existente","OBJECTID":956,"FECHA LEV":2024,"NOMCOM":null,"ORIGEN":null,"SALUD":null,"ACCESO":null,"ACCESIBIL":null,"COLONIA":null,"LAT":null,"LONG":null,"DAP":null,"ALTURA":null,"TRONCO":null,"CFE":null},"geometry":{"type":"MultiPoint","coordinates":[[370424.70476,2837842.00142]]}},{"type":"Feature","properties":{"UBI":"Fernando García Roel","PROYE":null,"NOMCIEN":null,"NOMBRE":"Árbol existente","OBJECTID":957,"FECHA LEV":2024,"NOMCOM":null,"ORIGEN":null,"SALUD":null,"ACCESO":null,"ACCESIBIL":null,"COLONIA":null,"LAT":null,"LONG":null,"DAP":null,"ALTURA":null,"TRONCO":null,"CFE":null},"geometry":{"type":"MultiPoint","coordinates":[[370426.02851,2837840.51199]]}},{"type":"Feature","properties":{"UBI":"Fernando García Roel","PROYE":null,"NOMCIEN":null,"NOMBRE":"Árbol existente","OBJECTID":958,"FECHA LEV":2024,"NOMCOM":null,"ORIGEN":null,"SALUD":null,"ACCESO":null,"ACCESIBIL":null,"COLONIA":null,"LAT":null,"LONG":null,"DAP":null,"ALTURA":null,"TRONCO":null,"CFE":null},"geometry":{"type":"MultiPoint","coordinates":[[370433.47546,2837849.11569]]}},{"type":"Feature","properties":{"UBI":"Fernando García Roel","PROYE":null,"NOMCIEN":null,"NOMBRE":"Árbol existente","OBJECTID":959,"FECHA LEV":2024,"NOMCOM":null,"ORIGEN":null,"SALUD":null,"ACCESO":null,"ACCESIBIL":null,"COLONIA":null,"LAT":null,"LONG":null,"DAP":null,"ALTURA":null,"TRONCO":null,"CFE":null},"geometry":{"type":"MultiPoint","coordinates":[[370440.34926,2837850.52627]]}},{"type":"Feature","properties":{"UBI":"Fernando García Roel","PROYE":null,"NOMCIEN":null,"NOMBRE":"Árbol existente","OBJECTID":960,"FECHA LEV":2024,"NOMCOM":null,"ORIGEN":null,"SALUD":null,"ACCESO":null,"ACCESIBIL":null,"COLONIA":null,"LAT":null,"LONG":null,"DAP":null,"ALTURA":null,"TRONCO":null,"CFE":null},"geometry":{"type":"MultiPoint","coordinates":[[370450.4815,2837860.02647]]}},{"type":"Feature","properties":{"UBI":"Fernando García Roel","PROYE":null,"NOMCIEN":null,"NOMBRE":"Árbol existente","OBJECTID":961,"FECHA LEV":2024,"NOMCOM":null,"ORIGEN":null,"SALUD":null,"ACCESO":null,"ACCESIBIL":null,"COLONIA":null,"LAT":null,"LONG":null,"DAP":null,"ALTURA":null,"TRONCO":null,"CFE":null},"geometry":{"type":"MultiPoint","coordinates":[[370458.01946,2837860.87675]]}},{"type":"Feature","properties":{"UBI":"Fernando García Roel","PROYE":null,"NOMCIEN":null,"NOMBRE":"Árbol existente","OBJECTID":962,"FECHA LEV":2024,"NOMCOM":null,"ORIGEN":null,"SALUD":null,"ACCESO":null,"ACCESIBIL":null,"COLONIA":null,"LAT":null,"LONG":null,"DAP":null,"ALTURA":null,"TRONCO":null,"CFE":null},"geometry":{"type":"MultiPoint","coordinates":[[370460.56512,2837864.54377]]}},{"type":"Feature","properties":{"UBI":"Fernando García Roel","PROYE":null,"NOMCIEN":null,"NOMBRE":"Árbol existente","OBJECTID":963,"FECHA LEV":2024,"NOMCOM":null,"ORIGEN":null,"SALUD":null,"ACCESO":null,"ACCESIBIL":null,"COLONIA":null,"LAT":null,"LONG":null,"DAP":null,"ALTURA":null,"TRONCO":null,"CFE":null},"geometry":{"type":"MultiPoint","coordinates":[[370508.60888,2837935.33476]]}},{"type":"Feature","properties":{"UBI":"Fernando García Roel","PROYE":"Parque de Bolsillo CIAP","NOMCIEN":null,"NOMBRE":"Árbol existente","OBJECTID":964,"FECHA LEV":2024,"NOMCOM":null,"ORIGEN":null,"SALUD":null,"ACCESO":null,"ACCESIBIL":null,"COLONIA":null,"LAT":null,"LONG":null,"DAP":null,"ALTURA":null,"TRONCO":null,"CFE":null},"geometry":{"type":"MultiPoint","coordinates":[[370525.3937,2837906.37182]]}},{"type":"Feature","properties":{"UBI":"Fernando García Roel","PROYE":"Parque de Bolsillo CIAP","NOMCIEN":null,"NOMBRE":"Árbol existente","OBJECTID":965,"FECHA LEV":2024,"NOMCOM":null,"ORIGEN":null,"SALUD":null,"ACCESO":null,"ACCESIBIL":null,"COLONIA":null,"LAT":null,"LONG":null,"DAP":null,"ALTURA":null,"TRONCO":null,"CFE":null},"geometry":{"type":"MultiPoint","coordinates":[[370532.57184,2837921.80917]]}},{"type":"Feature","properties":{"UBI":"Av. Junco de la Vega","PROYE":"Parque de Bolsillo CIAP","NOMCIEN":null,"NOMBRE":"Árbol existente","OBJECTID":966,"FECHA LEV":2024,"NOMCOM":null,"ORIGEN":null,"SALUD":null,"ACCESO":null,"ACCESIBIL":null,"COLONIA":null,"LAT":null,"LONG":null,"DAP":null,"ALTURA":null,"TRONCO":null,"CFE":null},"geometry":{"type":"MultiPoint","coordinates":[[370543.7809,2837921.69991]]}},{"type":"Feature","properties":{"UBI":"Av. Junco de la Vega","PROYE":"Parque de Bolsillo CIAP","NOMCIEN":null,"NOMBRE":"Árbol existente","OBJECTID":967,"FECHA LEV":2024,"NOMCOM":null,"ORIGEN":null,"SALUD":null,"ACCESO":null,"ACCESIBIL":null,"COLONIA":null,"LAT":null,"LONG":null,"DAP":null,"ALTURA":null,"TRONCO":null,"CFE":null},"geometry":{"type":"MultiPoint","coordinates":[[370544.54616,2837914.30875]]}},{"type":"Feature","properties":{"UBI":"Fernando García Roel","PROYE":"Parque de Bolsillo CIAP","NOMCIEN":null,"NOMBRE":"Árbol existente","OBJECTID":968,"FECHA LEV":2024,"NOMCOM":null,"ORIGEN":null,"SALUD":null,"ACCESO":null,"ACCESIBIL":null,"COLONIA":null,"LAT":null,"LONG":null,"DAP":null,"ALTURA":null,"TRONCO":null,"CFE":null},"geometry":{"type":"MultiPoint","coordinates":[[370510.89716,2837912.6053]]}},{"type":"Feature","properties":{"UBI":"Fernando García Roel","PROYE":"Parque de Bolsillo CIAP","NOMCIEN":null,"NOMBRE":"Árbol existente","OBJECTID":969,"FECHA LEV":2024,"NOMCOM":null,"ORIGEN":null,"SALUD":null,"ACCESO":null,"ACCESIBIL":null,"COLONIA":null,"LAT":null,"LONG":null,"DAP":null,"ALTURA":null,"TRONCO":null,"CFE":null},"geometry":{"type":"MultiPoint","coordinates":[[370516.9509,2837915.68541]]}},{"type":"Feature","properties":{"UBI":"Fernando García Roel","PROYE":"Parque de Bolsillo CIAP","NOMCIEN":null,"NOMBRE":"Árbol existente","OBJECTID":970,"FECHA LEV":2024,"NOMCOM":null,"ORIGEN":null,"SALUD":null,"ACCESO":null,"ACCESIBIL":null,"COLONIA":null,"LAT":null,"LONG":null,"DAP":null,"ALTURA":null,"TRONCO":null,"CFE":null},"geometry":{"type":"MultiPoint","coordinates":[[370523.55873,2837924.11236]]}},{"type":"Feature","properties":{"UBI":"Fernando García Roel","PROYE":"Parque de Bolsillo CIAP","NOMCIEN":null,"NOMBRE":"Árbol existente","OBJECTID":971,"FECHA LEV":2024,"NOMCOM":null,"ORIGEN":null,"SALUD":null,"ACCESO":null,"ACCESIBIL":null,"COLONIA":null,"LAT":null,"LONG":null,"DAP":null,"ALTURA":null,"TRONCO":null,"CFE":null},"geometry":{"type":"MultiPoint","coordinates":[[370533.49442,2837930.6615]]}},{"type":"Feature","properties":{"UBI":"Fernando García Roel","PROYE":null,"NOMCIEN":null,"NOMBRE":"Árbol existente","OBJECTID":972,"FECHA LEV":2024,"NOMCOM":null,"ORIGEN":null,"SALUD":null,"ACCESO":null,"ACCESIBIL":null,"COLONIA":null,"LAT":null,"LONG":null,"DAP":null,"ALTURA":null,"TRONCO":null,"CFE":null},"geometry":{"type":"MultiPoint","coordinates":[[370612.65352,2837949.27427]]}},{"type":"Feature","properties":{"UBI":"Fernando García Roel","PROYE":null,"NOMCIEN":null,"NOMBRE":"Árbol existente","OBJECTID":973,"FECHA LEV":2024,"NOMCOM":null,"ORIGEN":null,"SALUD":null,"ACCESO":null,"ACCESIBIL":null,"COLONIA":null,"LAT":null,"LONG":null,"DAP":null,"ALTURA":null,"TRONCO":null,"CFE":null},"geometry":{"type":"MultiPoint","coordinates":[[370630.38401,2837948.73271]]}},{"type":"Feature","properties":{"UBI":"Fernando García Roel","PROYE":null,"NOMCIEN":null,"NOMBRE":"Árbol existente","OBJECTID":974,"FECHA LEV":2024,"NOMCOM":null,"ORIGEN":null,"SALUD":null,"ACCESO":null,"ACCESIBIL":null,"COLONIA":null,"LAT":null,"LONG":null,"DAP":null,"ALTURA":null,"TRONCO":null,"CFE":null},"geometry":{"type":"MultiPoint","coordinates":[[370643.64849,2837953.40303]]}},{"type":"Feature","properties":{"UBI":"Fernando García Roel","PROYE":null,"NOMCIEN":null,"NOMBRE":"Árbol existente","OBJECTID":975,"FECHA LEV":2024,"NOMCOM":null,"ORIGEN":null,"SALUD":null,"ACCESO":null,"ACCESIBIL":null,"COLONIA":null,"LAT":null,"LONG":null,"DAP":null,"ALTURA":null,"TRONCO":null,"CFE":null},"geometry":{"type":"MultiPoint","coordinates":[[370663.41284,2837955.42588]]}},{"type":"Feature","properties":{"UBI":"Fernando García Roel","PROYE":null,"NOMCIEN":null,"NOMBRE":"Árbol existente","OBJECTID":976,"FECHA LEV":2024,"NOMCOM":null,"ORIGEN":null,"SALUD":null,"ACCESO":null,"ACCESIBIL":null,"COLONIA":null,"LAT":null,"LONG":null,"DAP":null,"ALTURA":null,"TRONCO":null,"CFE":null},"geometry":{"type":"MultiPoint","coordinates":[[370676.79362,2837954.92673]]}},{"type":"Feature","properties":{"UBI":"Fernando García Roel","PROYE":null,"NOMCIEN":null,"NOMBRE":"Árbol existente","OBJECTID":977,"FECHA LEV":2024,"NOMCOM":null,"ORIGEN":null,"SALUD":null,"ACCESO":null,"ACCESIBIL":null,"COLONIA":null,"LAT":null,"LONG":null,"DAP":null,"ALTURA":null,"TRONCO":null,"CFE":null},"geometry":{"type":"MultiPoint","coordinates":[[370677.98849,2837957.31541]]}},{"type":"Feature","properties":{"UBI":"Fernando García Roel","PROYE":null,"NOMCIEN":null,"NOMBRE":"Árbol existente","OBJECTID":978,"FECHA LEV":2024,"NOMCOM":null,"ORIGEN":null,"SALUD":null,"ACCESO":null,"ACCESIBIL":null,"COLONIA":null,"LAT":null,"LONG":null,"DAP":null,"ALTURA":null,"TRONCO":null,"CFE":null},"geometry":{"type":"MultiPoint","coordinates":[[370830.68292,2837984.25885]]}},{"type":"Feature","properties":{"UBI":"Los Nogales","PROYE":null,"NOMCIEN":null,"NOMBRE":"Árbol existente","OBJECTID":979,"FECHA LEV":2024,"NOMCOM":null,"ORIGEN":null,"SALUD":null,"ACCESO":null,"ACCESIBIL":null,"COLONIA":null,"LAT":null,"LONG":null,"DAP":null,"ALTURA":null,"TRONCO":null,"CFE":null},"geometry":{"type":"MultiPoint","coordinates":[[370829.42139,2838078.23875]]}},{"type":"Feature","properties":{"UBI":"Los Nogales","PROYE":null,"NOMCIEN":null,"NOMBRE":"Árbol existente","OBJECTID":980,"FECHA LEV":2024,"NOMCOM":null,"ORIGEN":null,"SALUD":null,"ACCESO":null,"ACCESIBIL":null,"COLONIA":null,"LAT":null,"LONG":null,"DAP":null,"ALTURA":null,"TRONCO":null,"CFE":null},"geometry":{"type":"MultiPoint","coordinates":[[370830.56773,2838075.64231]]}},{"type":"Feature","properties":{"UBI":"Los Nogales","PROYE":null,"NOMCIEN":null,"NOMBRE":"Árbol existente","OBJECTID":981,"FECHA LEV":2024,"NOMCOM":null,"ORIGEN":null,"SALUD":null,"ACCESO":null,"ACCESIBIL":null,"COLONIA":null,"LAT":null,"LONG":null,"DAP":null,"ALTURA":null,"TRONCO":null,"CFE":null},"geometry":{"type":"MultiPoint","coordinates":[[370841.91768,2838089.93157]]}},{"type":"Feature","properties":{"UBI":"Sin nombre","PROYE":null,"NOMCIEN":null,"NOMBRE":"Árbol existente","OBJECTID":982,"FECHA LEV":2024,"NOMCOM":null,"ORIGEN":null,"SALUD":null,"ACCESO":null,"ACCESIBIL":null,"COLONIA":null,"LAT":null,"LONG":null,"DAP":null,"ALTURA":null,"TRONCO":null,"CFE":null},"geometry":{"type":"MultiPoint","coordinates":[[370862.6185,2838102.28454]]}},{"type":"Feature","properties":{"UBI":"Sin nombre","PROYE":null,"NOMCIEN":null,"NOMBRE":"Árbol existente","OBJECTID":983,"FECHA LEV":2024,"NOMCOM":null,"ORIGEN":null,"SALUD":null,"ACCESO":null,"ACCESIBIL":null,"COLONIA":null,"LAT":null,"LONG":null,"DAP":null,"ALTURA":null,"TRONCO":null,"CFE":null},"geometry":{"type":"MultiPoint","coordinates":[[370852.10729,2838071.00218]]}},{"type":"Feature","properties":{"UBI":"Sin nombre","PROYE":null,"NOMCIEN":null,"NOMBRE":"Árbol existente","OBJECTID":984,"FECHA LEV":2024,"NOMCOM":null,"ORIGEN":null,"SALUD":null,"ACCESO":null,"ACCESIBIL":null,"COLONIA":null,"LAT":null,"LONG":null,"DAP":null,"ALTURA":null,"TRONCO":null,"CFE":null},"geometry":{"type":"MultiPoint","coordinates":[[370850.88016,2838065.29191]]}},{"type":"Feature","properties":{"UBI":"Sin nombre","PROYE":null,"NOMCIEN":null,"NOMBRE":"Árbol existente","OBJECTID":985,"FECHA LEV":2024,"NOMCOM":null,"ORIGEN":null,"SALUD":null,"ACCESO":null,"ACCESIBIL":null,"COLONIA":null,"LAT":null,"LONG":null,"DAP":null,"ALTURA":null,"TRONCO":null,"CFE":null},"geometry":{"type":"MultiPoint","coordinates":[[370852.01395,2838061.40406]]}},{"type":"Feature","properties":{"UBI":"Sin nombre","PROYE":null,"NOMCIEN":null,"NOMBRE":"Árbol existente","OBJECTID":986,"FECHA LEV":2024,"NOMCOM":null,"ORIGEN":null,"SALUD":null,"ACCESO":null,"ACCESIBIL":null,"COLONIA":null,"LAT":null,"LONG":null,"DAP":null,"ALTURA":null,"TRONCO":null,"CFE":null},"geometry":{"type":"MultiPoint","coordinates":[[370858.51022,2838058.38675]]}},{"type":"Feature","properties":{"UBI":"Sin nombre","PROYE":null,"NOMCIEN":null,"NOMBRE":"Árbol existente","OBJECTID":987,"FECHA LEV":2024,"NOMCOM":null,"ORIGEN":null,"SALUD":null,"ACCESO":null,"ACCESIBIL":null,"COLONIA":null,"LAT":null,"LONG":null,"DAP":null,"ALTURA":null,"TRONCO":null,"CFE":null},"geometry":{"type":"MultiPoint","coordinates":[[370864.2418,2838045.59288]]}},{"type":"Feature","properties":{"UBI":"Sin nombre","PROYE":null,"NOMCIEN":null,"NOMBRE":"Árbol existente","OBJECTID":988,"FECHA LEV":2024,"NOMCOM":null,"ORIGEN":null,"SALUD":null,"ACCESO":null,"ACCESIBIL":null,"COLONIA":null,"LAT":null,"LONG":null,"DAP":null,"ALTURA":null,"TRONCO":null,"CFE":null},"geometry":{"type":"MultiPoint","coordinates":[[370864.00158,2838038.02654]]}},{"type":"Feature","properties":{"UBI":"Sin nombre","PROYE":null,"NOMCIEN":null,"NOMBRE":"Árbol existente","OBJECTID":989,"FECHA LEV":2024,"NOMCOM":null,"ORIGEN":null,"SALUD":null,"ACCESO":null,"ACCESIBIL":null,"COLONIA":null,"LAT":null,"LONG":null,"DAP":null,"ALTURA":null,"TRONCO":null,"CFE":null},"geometry":{"type":"MultiPoint","coordinates":[[370864.41735,2838029.16118]]}},{"type":"Feature","properties":{"UBI":"Sin nombre","PROYE":null,"NOMCIEN":null,"NOMBRE":"Árbol existente","OBJECTID":990,"FECHA LEV":2024,"NOMCOM":null,"ORIGEN":null,"SALUD":null,"ACCESO":null,"ACCESIBIL":null,"COLONIA":null,"LAT":null,"LONG":null,"DAP":null,"ALTURA":null,"TRONCO":null,"CFE":null},"geometry":{"type":"MultiPoint","coordinates":[[370861.71676,2838026.78713]]}},{"type":"Feature","properties":{"UBI":"Sin nombre","PROYE":null,"NOMCIEN":null,"NOMBRE":"Árbol existente","OBJECTID":991,"FECHA LEV":2024,"NOMCOM":null,"ORIGEN":null,"SALUD":null,"ACCESO":null,"ACCESIBIL":null,"COLONIA":null,"LAT":null,"LONG":null,"DAP":null,"ALTURA":null,"TRONCO":null,"CFE":null},"geometry":{"type":"MultiPoint","coordinates":[[370865.96054,2838015.8542]]}},{"type":"Feature","properties":{"UBI":"Sin nombre","PROYE":null,"NOMCIEN":null,"NOMBRE":"Árbol existente","OBJECTID":992,"FECHA LEV":2024,"NOMCOM":null,"ORIGEN":null,"SALUD":null,"ACCESO":null,"ACCESIBIL":null,"COLONIA":null,"LAT":null,"LONG":null,"DAP":null,"ALTURA":null,"TRONCO":null,"CFE":null},"geometry":{"type":"MultiPoint","coordinates":[[370866.40862,2838010.31152]]}},{"type":"Feature","properties":{"UBI":"Sin nombre","PROYE":null,"NOMCIEN":null,"NOMBRE":"Árbol existente","OBJECTID":993,"FECHA LEV":2024,"NOMCOM":null,"ORIGEN":null,"SALUD":null,"ACCESO":null,"ACCESIBIL":null,"COLONIA":null,"LAT":null,"LONG":null,"DAP":null,"ALTURA":null,"TRONCO":null,"CFE":null},"geometry":{"type":"MultiPoint","coordinates":[[370866.13788,2837999.60636]]}},{"type":"Feature","properties":{"UBI":"Los Nogales","PROYE":null,"NOMCIEN":null,"NOMBRE":"Árbol existente","OBJECTID":994,"FECHA LEV":2024,"NOMCOM":null,"ORIGEN":null,"SALUD":null,"ACCESO":null,"ACCESIBIL":null,"COLONIA":null,"LAT":null,"LONG":null,"DAP":null,"ALTURA":null,"TRONCO":null,"CFE":null},"geometry":{"type":"MultiPoint","coordinates":[[370889.65203,2838163.68096]]}},{"type":"Feature","properties":{"UBI":"Los Nogales","PROYE":null,"NOMCIEN":null,"NOMBRE":"Árbol existente","OBJECTID":995,"FECHA LEV":2024,"NOMCOM":null,"ORIGEN":null,"SALUD":null,"ACCESO":null,"ACCESIBIL":null,"COLONIA":null,"LAT":null,"LONG":null,"DAP":null,"ALTURA":null,"TRONCO":null,"CFE":null},"geometry":{"type":"MultiPoint","coordinates":[[370874.44013,2838147.9527]]}},{"type":"Feature","properties":{"UBI":"Los Nogales","PROYE":null,"NOMCIEN":null,"NOMBRE":"Árbol existente","OBJECTID":996,"FECHA LEV":2024,"NOMCOM":null,"ORIGEN":null,"SALUD":null,"ACCESO":null,"ACCESIBIL":null,"COLONIA":null,"LAT":null,"LONG":null,"DAP":null,"ALTURA":null,"TRONCO":null,"CFE":null},"geometry":{"type":"MultiPoint","coordinates":[[370868.47347,2838136.56521]]}},{"type":"Feature","properties":{"UBI":"Los Nogales","PROYE":null,"NOMCIEN":null,"NOMBRE":"Árbol existente","OBJECTID":997,"FECHA LEV":2024,"NOMCOM":null,"ORIGEN":null,"SALUD":null,"ACCESO":null,"ACCESIBIL":null,"COLONIA":null,"LAT":null,"LONG":null,"DAP":null,"ALTURA":null,"TRONCO":null,"CFE":null},"geometry":{"type":"MultiPoint","coordinates":[[370863.73291,2838130.888]]}},{"type":"Feature","properties":{"UBI":"Los Nogales","PROYE":null,"NOMCIEN":null,"NOMBRE":"Árbol existente","OBJECTID":998,"FECHA LEV":2024,"NOMCOM":null,"ORIGEN":null,"SALUD":null,"ACCESO":null,"ACCESIBIL":null,"COLONIA":null,"LAT":null,"LONG":null,"DAP":null,"ALTURA":null,"TRONCO":null,"CFE":null},"geometry":{"type":"MultiPoint","coordinates":[[370838.05132,2838105.2926]]}},{"type":"Feature","properties":{"UBI":"Los Nogales","PROYE":null,"NOMCIEN":null,"NOMBRE":"Árbol existente","OBJECTID":999,"FECHA LEV":2024,"NOMCOM":null,"ORIGEN":null,"SALUD":null,"ACCESO":null,"ACCESIBIL":null,"COLONIA":null,"LAT":null,"LONG":null,"DAP":null,"ALTURA":null,"TRONCO":null,"CFE":null},"geometry":{"type":"MultiPoint","coordinates":[[370825.01721,2838089.91206]]}},{"type":"Feature","properties":{"UBI":"Los Nogales","PROYE":null,"NOMCIEN":null,"NOMBRE":"Árbol existente","OBJECTID":1000,"FECHA LEV":2024,"NOMCOM":null,"ORIGEN":null,"SALUD":null,"ACCESO":null,"ACCESIBIL":null,"COLONIA":null,"LAT":null,"LONG":null,"DAP":null,"ALTURA":null,"TRONCO":null,"CFE":null},"geometry":{"type":"MultiPoint","coordinates":[[370809.79437,2838073.0752]]}},{"type":"Feature","properties":{"UBI":"Los Nogales","PROYE":null,"NOMCIEN":null,"NOMBRE":"Árbol existente","OBJECTID":1001,"FECHA LEV":2024,"NOMCOM":null,"ORIGEN":null,"SALUD":null,"ACCESO":null,"ACCESIBIL":null,"COLONIA":null,"LAT":null,"LONG":null,"DAP":null,"ALTURA":null,"TRONCO":null,"CFE":null},"geometry":{"type":"MultiPoint","coordinates":[[370749.04156,2838002.77574]]}},{"type":"Feature","properties":{"UBI":"Av. Junco de la Vega","PROYE":null,"NOMCIEN":null,"NOMBRE":"Árbol existente","OBJECTID":1002,"FECHA LEV":2024,"NOMCOM":null,"ORIGEN":null,"SALUD":null,"ACCESO":null,"ACCESIBIL":null,"COLONIA":null,"LAT":null,"LONG":null,"DAP":null,"ALTURA":null,"TRONCO":null,"CFE":null},"geometry":{"type":"MultiPoint","coordinates":[[370438.60647,2838066.35322]]}},{"type":"Feature","properties":{"UBI":"Av. Junco de la Vega","PROYE":null,"NOMCIEN":null,"NOMBRE":"Árbol existente","OBJECTID":1003,"FECHA LEV":2024,"NOMCOM":null,"ORIGEN":null,"SALUD":null,"ACCESO":null,"ACCESIBIL":null,"COLONIA":null,"LAT":null,"LONG":null,"DAP":null,"ALTURA":null,"TRONCO":null,"CFE":null},"geometry":{"type":"MultiPoint","coordinates":[[370361.5382,2838141.87277]]}},{"type":"Feature","properties":{"UBI":"Av. Junco de la Vega","PROYE":null,"NOMCIEN":null,"NOMBRE":"Árbol existente","OBJECTID":1004,"FECHA LEV":2024,"NOMCOM":null,"ORIGEN":null,"SALUD":null,"ACCESO":null,"ACCESIBIL":null,"COLONIA":null,"LAT":null,"LONG":null,"DAP":null,"ALTURA":null,"TRONCO":null,"CFE":null},"geometry":{"type":"MultiPoint","coordinates":[[370362.71949,2838142.96891]]}},{"type":"Feature","properties":{"UBI":"Av. Junco de la Vega","PROYE":null,"NOMCIEN":null,"NOMBRE":"Árbol existente","OBJECTID":1005,"FECHA LEV":2024,"NOMCOM":null,"ORIGEN":null,"SALUD":null,"ACCESO":null,"ACCESIBIL":null,"COLONIA":null,"LAT":null,"LONG":null,"DAP":null,"ALTURA":null,"TRONCO":null,"CFE":null},"geometry":{"type":"MultiPoint","coordinates":[[370356.24138,2838147.83167]]}},{"type":"Feature","properties":{"UBI":"Av. Junco de la Vega","PROYE":null,"NOMCIEN":null,"NOMBRE":"Árbol existente","OBJECTID":1006,"FECHA LEV":2024,"NOMCOM":null,"ORIGEN":null,"SALUD":null,"ACCESO":null,"ACCESIBIL":null,"COLONIA":null,"LAT":null,"LONG":null,"DAP":null,"ALTURA":null,"TRONCO":null,"CFE":null},"geometry":{"type":"MultiPoint","coordinates":[[370351.42587,2838151.57164]]}},{"type":"Feature","properties":{"UBI":"2 de abril","PROYE":"Parque de bolsillo E2","NOMCIEN":null,"NOMBRE":"Árbol existente","OBJECTID":1007,"FECHA LEV":2024,"NOMCOM":null,"ORIGEN":null,"SALUD":null,"ACCESO":null,"ACCESIBIL":null,"COLONIA":null,"LAT":null,"LONG":null,"DAP":null,"ALTURA":null,"TRONCO":null,"CFE":null},"geometry":{"type":"MultiPoint","coordinates":[[370304.85989,2838129.31913]]}},{"type":"Feature","properties":{"UBI":"Av. Junco de la Vega","PROYE":"Parque de bolsillo E3","NOMCIEN":null,"NOMBRE":"Árbol existente","OBJECTID":1008,"FECHA LEV":2024,"NOMCOM":null,"ORIGEN":null,"SALUD":null,"ACCESO":null,"ACCESIBIL":null,"COLONIA":null,"LAT":null,"LONG":null,"DAP":null,"ALTURA":null,"TRONCO":null,"CFE":null},"geometry":{"type":"MultiPoint","coordinates":[[370410.33476,2838066.9979]]}},{"type":"Feature","properties":{"UBI":"Fernando García Roel","PROYE":null,"NOMCIEN":null,"NOMBRE":"Árbol existente","OBJECTID":1009,"FECHA LEV":2024,"NOMCOM":null,"ORIGEN":null,"SALUD":null,"ACCESO":null,"ACCESIBIL":null,"COLONIA":null,"LAT":null,"LONG":null,"DAP":null,"ALTURA":null,"TRONCO":null,"CFE":null},"geometry":{"type":"MultiPoint","coordinates":[[370517.07478,2837945.59118]]}},{"type":"Feature","properties":{"UBI":"Fernando García Roel","PROYE":null,"NOMCIEN":null,"NOMBRE":"Árbol existente","OBJECTID":1010,"FECHA LEV":2024,"NOMCOM":null,"ORIGEN":null,"SALUD":null,"ACCESO":null,"ACCESIBIL":null,"COLONIA":null,"LAT":null,"LONG":null,"DAP":null,"ALTURA":null,"TRONCO":null,"CFE":null},"geometry":{"type":"MultiPoint","coordinates":[[370500.76627,2837937.62656]]}},{"type":"Feature","properties":{"UBI":"Fernando García Roel","PROYE":null,"NOMCIEN":null,"NOMBRE":"Árbol existente","OBJECTID":1011,"FECHA LEV":2024,"NOMCOM":null,"ORIGEN":null,"SALUD":null,"ACCESO":null,"ACCESIBIL":null,"COLONIA":null,"LAT":null,"LONG":null,"DAP":null,"ALTURA":null,"TRONCO":null,"CFE":null},"geometry":{"type":"MultiPoint","coordinates":[[370494.71435,2837934.73253]]}},{"type":"Feature","properties":{"UBI":"Fernando García Roel","PROYE":null,"NOMCIEN":null,"NOMBRE":"Árbol existente","OBJECTID":1012,"FECHA LEV":2024,"NOMCOM":null,"ORIGEN":null,"SALUD":null,"ACCESO":null,"ACCESIBIL":null,"COLONIA":null,"LAT":null,"LONG":null,"DAP":null,"ALTURA":null,"TRONCO":null,"CFE":null},"geometry":{"type":"MultiPoint","coordinates":[[370469.51896,2837924.82425]]}},{"type":"Feature","properties":{"UBI":"Fernando García Roel","PROYE":null,"NOMCIEN":null,"NOMBRE":"Árbol existente","OBJECTID":1013,"FECHA LEV":2024,"NOMCOM":null,"ORIGEN":null,"SALUD":null,"ACCESO":null,"ACCESIBIL":null,"COLONIA":null,"LAT":null,"LONG":null,"DAP":null,"ALTURA":null,"TRONCO":null,"CFE":null},"geometry":{"type":"MultiPoint","coordinates":[[370466.8743,2837911.00421]]}},{"type":"Feature","properties":{"UBI":"Fernando García Roel","PROYE":null,"NOMCIEN":null,"NOMBRE":"Árbol existente","OBJECTID":1014,"FECHA LEV":2024,"NOMCOM":null,"ORIGEN":null,"SALUD":null,"ACCESO":null,"ACCESIBIL":null,"COLONIA":null,"LAT":null,"LONG":null,"DAP":null,"ALTURA":null,"TRONCO":null,"CFE":null},"geometry":{"type":"MultiPoint","coordinates":[[370462.31733,2837906.98684]]}},{"type":"Feature","properties":{"UBI":"Fernando García Roel","PROYE":null,"NOMCIEN":null,"NOMBRE":"Árbol existente","OBJECTID":1015,"FECHA LEV":2024,"NOMCOM":null,"ORIGEN":null,"SALUD":null,"ACCESO":null,"ACCESIBIL":null,"COLONIA":null,"LAT":null,"LONG":null,"DAP":null,"ALTURA":null,"TRONCO":null,"CFE":null},"geometry":{"type":"MultiPoint","coordinates":[[370455.05528,2837900.04282]]}},{"type":"Feature","properties":{"UBI":"Fernando García Roel","PROYE":null,"NOMCIEN":null,"NOMBRE":"Árbol existente","OBJECTID":1016,"FECHA LEV":2024,"NOMCOM":null,"ORIGEN":null,"SALUD":null,"ACCESO":null,"ACCESIBIL":null,"COLONIA":null,"LAT":null,"LONG":null,"DAP":null,"ALTURA":null,"TRONCO":null,"CFE":null},"geometry":{"type":"MultiPoint","coordinates":[[370449.27099,2837890.31522]]}},{"type":"Feature","properties":{"UBI":"Fernando García Roel","PROYE":null,"NOMCIEN":null,"NOMBRE":"Árbol existente","OBJECTID":1017,"FECHA LEV":2024,"NOMCOM":null,"ORIGEN":null,"SALUD":null,"ACCESO":null,"ACCESIBIL":null,"COLONIA":null,"LAT":null,"LONG":null,"DAP":null,"ALTURA":null,"TRONCO":null,"CFE":null},"geometry":{"type":"MultiPoint","coordinates":[[370441.21131,2837887.43969]]}},{"type":"Feature","properties":{"UBI":"Fernando García Roel","PROYE":null,"NOMCIEN":null,"NOMBRE":"Árbol existente","OBJECTID":1018,"FECHA LEV":2024,"NOMCOM":null,"ORIGEN":null,"SALUD":null,"ACCESO":null,"ACCESIBIL":null,"COLONIA":null,"LAT":null,"LONG":null,"DAP":null,"ALTURA":null,"TRONCO":null,"CFE":null},"geometry":{"type":"MultiPoint","coordinates":[[370429.60391,2837881.0919]]}},{"type":"Feature","properties":{"UBI":"Fernando García Roel","PROYE":null,"NOMCIEN":null,"NOMBRE":"Árbol existente","OBJECTID":1019,"FECHA LEV":2024,"NOMCOM":null,"ORIGEN":null,"SALUD":null,"ACCESO":null,"ACCESIBIL":null,"COLONIA":null,"LAT":null,"LONG":null,"DAP":null,"ALTURA":null,"TRONCO":null,"CFE":null},"geometry":{"type":"MultiPoint","coordinates":[[370429.69592,2837873.33734]]}},{"type":"Feature","properties":{"UBI":"Fernando García Roel","PROYE":null,"NOMCIEN":null,"NOMBRE":"Árbol existente","OBJECTID":1020,"FECHA LEV":2024,"NOMCOM":null,"ORIGEN":null,"SALUD":null,"ACCESO":null,"ACCESIBIL":null,"COLONIA":null,"LAT":null,"LONG":null,"DAP":null,"ALTURA":null,"TRONCO":null,"CFE":null},"geometry":{"type":"MultiPoint","coordinates":[[370423.65475,2837871.5498]]}},{"type":"Feature","properties":{"UBI":"Fernando García Roel","PROYE":null,"NOMCIEN":null,"NOMBRE":"Árbol existente","OBJECTID":1021,"FECHA LEV":2024,"NOMCOM":null,"ORIGEN":null,"SALUD":null,"ACCESO":null,"ACCESIBIL":null,"COLONIA":null,"LAT":null,"LONG":null,"DAP":null,"ALTURA":null,"TRONCO":null,"CFE":null},"geometry":{"type":"MultiPoint","coordinates":[[370413.69994,2837863.15444]]}},{"type":"Feature","properties":{"UBI":"Fernando García Roel","PROYE":null,"NOMCIEN":null,"NOMBRE":"Árbol existente","OBJECTID":1022,"FECHA LEV":2024,"NOMCOM":null,"ORIGEN":null,"SALUD":null,"ACCESO":null,"ACCESIBIL":null,"COLONIA":null,"LAT":null,"LONG":null,"DAP":null,"ALTURA":null,"TRONCO":null,"CFE":null},"geometry":{"type":"MultiPoint","coordinates":[[370408.65183,2837860.25065]]}},{"type":"Feature","properties":{"UBI":"Fernando García Roel","PROYE":null,"NOMCIEN":null,"NOMBRE":"Árbol existente","OBJECTID":1023,"FECHA LEV":2024,"NOMCOM":null,"ORIGEN":null,"SALUD":null,"ACCESO":null,"ACCESIBIL":null,"COLONIA":null,"LAT":null,"LONG":null,"DAP":null,"ALTURA":null,"TRONCO":null,"CFE":null},"geometry":{"type":"MultiPoint","coordinates":[[370404.26427,2837856.41663]]}},{"type":"Feature","properties":{"UBI":"Fernando García Roel","PROYE":null,"NOMCIEN":null,"NOMBRE":"Árbol existente","OBJECTID":1024,"FECHA LEV":2024,"NOMCOM":null,"ORIGEN":null,"SALUD":null,"ACCESO":null,"ACCESIBIL":null,"COLONIA":null,"LAT":null,"LONG":null,"DAP":null,"ALTURA":null,"TRONCO":null,"CFE":null},"geometry":{"type":"MultiPoint","coordinates":[[370395.95586,2837845.23605]]}},{"type":"Feature","properties":{"UBI":"Fernando García Roel","PROYE":null,"NOMCIEN":null,"NOMBRE":"Árbol existente","OBJECTID":1025,"FECHA LEV":2024,"NOMCOM":null,"ORIGEN":null,"SALUD":null,"ACCESO":null,"ACCESIBIL":null,"COLONIA":null,"LAT":null,"LONG":null,"DAP":null,"ALTURA":null,"TRONCO":null,"CFE":null},"geometry":{"type":"MultiPoint","coordinates":[[370381.28457,2837833.56374]]}},{"type":"Feature","properties":{"UBI":"Fernando García Roel","PROYE":null,"NOMCIEN":null,"NOMBRE":"Árbol existente","OBJECTID":1026,"FECHA LEV":2024,"NOMCOM":null,"ORIGEN":null,"SALUD":null,"ACCESO":null,"ACCESIBIL":null,"COLONIA":null,"LAT":null,"LONG":null,"DAP":null,"ALTURA":null,"TRONCO":null,"CFE":null},"geometry":{"type":"MultiPoint","coordinates":[[370342.14846,2837801.08568]]}},{"type":"Feature","properties":{"UBI":"Fernando García Roel","PROYE":null,"NOMCIEN":null,"NOMBRE":"Árbol existente","OBJECTID":1027,"FECHA LEV":2024,"NOMCOM":null,"ORIGEN":null,"SALUD":null,"ACCESO":null,"ACCESIBIL":null,"COLONIA":null,"LAT":null,"LONG":null,"DAP":null,"ALTURA":null,"TRONCO":null,"CFE":null},"geometry":{"type":"MultiPoint","coordinates":[[370334.95554,2837801.33977]]}},{"type":"Feature","properties":{"UBI":"Fernando García Roel","PROYE":null,"NOMCIEN":null,"NOMBRE":"Árbol existente","OBJECTID":1028,"FECHA LEV":2024,"NOMCOM":null,"ORIGEN":null,"SALUD":null,"ACCESO":null,"ACCESIBIL":null,"COLONIA":null,"LAT":null,"LONG":null,"DAP":null,"ALTURA":null,"TRONCO":null,"CFE":null},"geometry":{"type":"MultiPoint","coordinates":[[370330.37868,2837795.29228]]}},{"type":"Feature","properties":{"UBI":"Fernando García Roel","PROYE":null,"NOMCIEN":null,"NOMBRE":"Árbol existente","OBJECTID":1029,"FECHA LEV":2024,"NOMCOM":null,"ORIGEN":null,"SALUD":null,"ACCESO":null,"ACCESIBIL":null,"COLONIA":null,"LAT":null,"LONG":null,"DAP":null,"ALTURA":null,"TRONCO":null,"CFE":null},"geometry":{"type":"MultiPoint","coordinates":[[370328.00783,2837792.36239]]}},{"type":"Feature","properties":{"UBI":"Fernando García Roel","PROYE":null,"NOMCIEN":null,"NOMBRE":"Árbol existente","OBJECTID":1030,"FECHA LEV":2024,"NOMCOM":null,"ORIGEN":null,"SALUD":null,"ACCESO":null,"ACCESIBIL":null,"COLONIA":null,"LAT":null,"LONG":null,"DAP":null,"ALTURA":null,"TRONCO":null,"CFE":null},"geometry":{"type":"MultiPoint","coordinates":[[370315.69647,2837782.51359]]}},{"type":"Feature","properties":{"UBI":"Av. Ricardo Covarrubias","PROYE":null,"NOMCIEN":null,"NOMBRE":null,"OBJECTID":1031,"FECHA LEV":2024,"NOMCOM":null,"ORIGEN":null,"SALUD":null,"ACCESO":null,"ACCESIBIL":null,"COLONIA":null,"LAT":null,"LONG":null,"DAP":null,"ALTURA":null,"TRONCO":null,"CFE":null},"geometry":{"type":"MultiPoint","coordinates":[[371130.8091,2837872.9691]]}},{"type":"Feature","properties":{"UBI":"Av. Ricardo Covarrubias","PROYE":null,"NOMCIEN":null,"NOMBRE":null,"OBJECTID":1032,"FECHA LEV":2024,"NOMCOM":null,"ORIGEN":null,"SALUD":null,"ACCESO":null,"ACCESIBIL":null,"COLONIA":null,"LAT":null,"LONG":null,"DAP":null,"ALTURA":null,"TRONCO":null,"CFE":null},"geometry":{"type":"MultiPoint","coordinates":[[371146.87499,2837868.27292]]}},{"type":"Feature","properties":{"UBI":"Av. Ricardo Covarrubias","PROYE":null,"NOMCIEN":null,"NOMBRE":null,"OBJECTID":1033,"FECHA LEV":2024,"NOMCOM":null,"ORIGEN":null,"SALUD":null,"ACCESO":null,"ACCESIBIL":null,"COLONIA":null,"LAT":null,"LONG":null,"DAP":null,"ALTURA":null,"TRONCO":null,"CFE":null},"geometry":{"type":"MultiPoint","coordinates":[[371151.44759,2837866.9135]]}},{"type":"Feature","properties":{"UBI":"Av. Ricardo Covarrubias","PROYE":null,"NOMCIEN":null,"NOMBRE":null,"OBJECTID":1034,"FECHA LEV":2024,"NOMCOM":null,"ORIGEN":null,"SALUD":null,"ACCESO":null,"ACCESIBIL":null,"COLONIA":null,"LAT":null,"LONG":null,"DAP":null,"ALTURA":null,"TRONCO":null,"CFE":null},"geometry":{"type":"MultiPoint","coordinates":[[371156.76169,2837865.55408]]}},{"type":"Feature","properties":{"UBI":"Av. Ricardo Covarrubias","PROYE":null,"NOMCIEN":null,"NOMBRE":null,"OBJECTID":1035,"FECHA LEV":2024,"NOMCOM":null,"ORIGEN":null,"SALUD":null,"ACCESO":null,"ACCESIBIL":null,"COLONIA":null,"LAT":null,"LONG":null,"DAP":null,"ALTURA":null,"TRONCO":null,"CFE":null},"geometry":{"type":"MultiPoint","coordinates":[[371161.95221,2837864.19465]]}},{"type":"Feature","properties":{"UBI":"Av. Ricardo Covarrubias","PROYE":null,"NOMCIEN":null,"NOMBRE":null,"OBJECTID":1036,"FECHA LEV":2024,"NOMCOM":null,"ORIGEN":null,"SALUD":null,"ACCESO":null,"ACCESIBIL":null,"COLONIA":null,"LAT":null,"LONG":null,"DAP":null,"ALTURA":null,"TRONCO":null,"CFE":null},"geometry":{"type":"MultiPoint","coordinates":[[371221.27242,2837848.31414]]}},{"type":"Feature","properties":{"UBI":"Av. Ricardo Covarrubias","PROYE":null,"NOMCIEN":null,"NOMBRE":null,"OBJECTID":1037,"FECHA LEV":2024,"NOMCOM":null,"ORIGEN":null,"SALUD":null,"ACCESO":null,"ACCESIBIL":null,"COLONIA":null,"LAT":null,"LONG":null,"DAP":null,"ALTURA":null,"TRONCO":null,"CFE":null},"geometry":{"type":"MultiPoint","coordinates":[[371233.19826,2837844.85379]]}},{"type":"Feature","properties":{"UBI":"Av. Ricardo Covarrubias","PROYE":null,"NOMCIEN":null,"NOMBRE":null,"OBJECTID":1038,"FECHA LEV":2024,"NOMCOM":null,"ORIGEN":null,"SALUD":null,"ACCESO":null,"ACCESIBIL":null,"COLONIA":null,"LAT":null,"LONG":null,"DAP":null,"ALTURA":null,"TRONCO":null,"CFE":null},"geometry":{"type":"MultiPoint","coordinates":[[371277.87379,2837832.31004]]}},{"type":"Feature","properties":{"UBI":"Av. Ricardo Covarrubias","PROYE":null,"NOMCIEN":null,"NOMBRE":null,"OBJECTID":1039,"FECHA LEV":2024,"NOMCOM":null,"ORIGEN":null,"SALUD":null,"ACCESO":null,"ACCESIBIL":null,"COLONIA":null,"LAT":null,"LONG":null,"DAP":null,"ALTURA":null,"TRONCO":null,"CFE":null},"geometry":{"type":"MultiPoint","coordinates":[[371284.91807,2837830.70345]]}},{"type":"Feature","properties":{"UBI":"Av. Ricardo Covarrubias","PROYE":null,"NOMCIEN":null,"NOMBRE":null,"OBJECTID":1040,"FECHA LEV":2024,"NOMCOM":null,"ORIGEN":null,"SALUD":null,"ACCESO":null,"ACCESIBIL":null,"COLONIA":null,"LAT":null,"LONG":null,"DAP":null,"ALTURA":null,"TRONCO":null,"CFE":null},"geometry":{"type":"MultiPoint","coordinates":[[371292.82743,2837828.84969]]}},{"type":"Feature","properties":{"UBI":"Av. Ricardo Covarrubias","PROYE":null,"NOMCIEN":null,"NOMBRE":null,"OBJECTID":1041,"FECHA LEV":2024,"NOMCOM":null,"ORIGEN":null,"SALUD":null,"ACCESO":null,"ACCESIBIL":null,"COLONIA":null,"LAT":null,"LONG":null,"DAP":null,"ALTURA":null,"TRONCO":null,"CFE":null},"geometry":{"type":"MultiPoint","coordinates":[[371300.61321,2837826.74877]]}},{"type":"Feature","properties":{"UBI":"Av. Ricardo Covarrubias","PROYE":null,"NOMCIEN":null,"NOMBRE":null,"OBJECTID":1042,"FECHA LEV":2024,"NOMCOM":null,"ORIGEN":null,"SALUD":null,"ACCESO":null,"ACCESIBIL":null,"COLONIA":null,"LAT":null,"LONG":null,"DAP":null,"ALTURA":null,"TRONCO":null,"CFE":null},"geometry":{"type":"MultiPoint","coordinates":[[371306.42164,2837824.52426]]}},{"type":"Feature","properties":{"UBI":"Av. Ricardo Covarrubias","PROYE":null,"NOMCIEN":null,"NOMBRE":null,"OBJECTID":1043,"FECHA LEV":2024,"NOMCOM":null,"ORIGEN":null,"SALUD":null,"ACCESO":null,"ACCESIBIL":null,"COLONIA":null,"LAT":null,"LONG":null,"DAP":null,"ALTURA":null,"TRONCO":null,"CFE":null},"geometry":{"type":"MultiPoint","coordinates":[[371313.96026,2837822.17617]]}},{"type":"Feature","properties":{"UBI":"Av. Ricardo Covarrubias","PROYE":null,"NOMCIEN":null,"NOMBRE":null,"OBJECTID":1044,"FECHA LEV":2024,"NOMCOM":null,"ORIGEN":null,"SALUD":null,"ACCESO":null,"ACCESIBIL":null,"COLONIA":null,"LAT":null,"LONG":null,"DAP":null,"ALTURA":null,"TRONCO":null,"CFE":null},"geometry":{"type":"MultiPoint","coordinates":[[371340.90152,2837815.1319]]}},{"type":"Feature","properties":{"UBI":"Av. Ricardo Covarrubias","PROYE":null,"NOMCIEN":null,"NOMBRE":null,"OBJECTID":1045,"FECHA LEV":2024,"NOMCOM":null,"ORIGEN":null,"SALUD":null,"ACCESO":null,"ACCESIBIL":null,"COLONIA":null,"LAT":null,"LONG":null,"DAP":null,"ALTURA":null,"TRONCO":null,"CFE":null},"geometry":{"type":"MultiPoint","coordinates":[[371346.21562,2837813.64889]]}},{"type":"Feature","properties":{"UBI":"Av. Ricardo Covarrubias","PROYE":null,"NOMCIEN":null,"NOMBRE":null,"OBJECTID":1046,"FECHA LEV":2024,"NOMCOM":null,"ORIGEN":null,"SALUD":null,"ACCESO":null,"ACCESIBIL":null,"COLONIA":null,"LAT":null,"LONG":null,"DAP":null,"ALTURA":null,"TRONCO":null,"CFE":null},"geometry":{"type":"MultiPoint","coordinates":[[371351.65331,2837811.79513]]}},{"type":"Feature","properties":{"UBI":"Av. Ricardo Covarrubias","PROYE":null,"NOMCIEN":null,"NOMBRE":null,"OBJECTID":1047,"FECHA LEV":2024,"NOMCOM":null,"ORIGEN":null,"SALUD":null,"ACCESO":null,"ACCESIBIL":null,"COLONIA":null,"LAT":null,"LONG":null,"DAP":null,"ALTURA":null,"TRONCO":null,"CFE":null},"geometry":{"type":"MultiPoint","coordinates":[[371359.68625,2837810.06496]]}},{"type":"Feature","properties":{"UBI":"Av. Ricardo Covarrubias","PROYE":null,"NOMCIEN":null,"NOMBRE":null,"OBJECTID":1048,"FECHA LEV":2024,"NOMCOM":null,"ORIGEN":null,"SALUD":null,"ACCESO":null,"ACCESIBIL":null,"COLONIA":null,"LAT":null,"LONG":null,"DAP":null,"ALTURA":null,"TRONCO":null,"CFE":null},"geometry":{"type":"MultiPoint","coordinates":[[371366.60694,2837808.33479]]}},{"type":"Feature","properties":{"UBI":"Av. Ricardo Covarrubias","PROYE":null,"NOMCIEN":null,"NOMBRE":null,"OBJECTID":1049,"FECHA LEV":2024,"NOMCOM":null,"ORIGEN":null,"SALUD":null,"ACCESO":null,"ACCESIBIL":null,"COLONIA":null,"LAT":null,"LONG":null,"DAP":null,"ALTURA":null,"TRONCO":null,"CFE":null},"geometry":{"type":"MultiPoint","coordinates":[[371389.96428,2837802.8971]]}},{"type":"Feature","properties":{"UBI":"Av. Ricardo Covarrubias","PROYE":null,"NOMCIEN":null,"NOMBRE":null,"OBJECTID":1050,"FECHA LEV":2024,"NOMCOM":null,"ORIGEN":null,"SALUD":null,"ACCESO":null,"ACCESIBIL":null,"COLONIA":null,"LAT":null,"LONG":null,"DAP":null,"ALTURA":null,"TRONCO":null,"CFE":null},"geometry":{"type":"MultiPoint","coordinates":[[371396.6378,2837800.91976]]}},{"type":"Feature","properties":{"UBI":"Av. Ricardo Covarrubias","PROYE":null,"NOMCIEN":null,"NOMBRE":null,"OBJECTID":1051,"FECHA LEV":2024,"NOMCOM":null,"ORIGEN":null,"SALUD":null,"ACCESO":null,"ACCESIBIL":null,"COLONIA":null,"LAT":null,"LONG":null,"DAP":null,"ALTURA":null,"TRONCO":null,"CFE":null},"geometry":{"type":"MultiPoint","coordinates":[[371403.80566,2837798.81884]]}},{"type":"Feature","properties":{"UBI":"Av. Ricardo Covarrubias","PROYE":null,"NOMCIEN":null,"NOMBRE":null,"OBJECTID":1052,"FECHA LEV":2024,"NOMCOM":null,"ORIGEN":null,"SALUD":null,"ACCESO":null,"ACCESIBIL":null,"COLONIA":null,"LAT":null,"LONG":null,"DAP":null,"ALTURA":null,"TRONCO":null,"CFE":null},"geometry":{"type":"MultiPoint","coordinates":[[371409.11976,2837796.96508]]}},{"type":"Feature","properties":{"UBI":"Av. Ricardo Covarrubias","PROYE":null,"NOMCIEN":null,"NOMBRE":null,"OBJECTID":1053,"FECHA LEV":2024,"NOMCOM":null,"ORIGEN":null,"SALUD":null,"ACCESO":null,"ACCESIBIL":null,"COLONIA":null,"LAT":null,"LONG":null,"DAP":null,"ALTURA":null,"TRONCO":null,"CFE":null},"geometry":{"type":"MultiPoint","coordinates":[[371414.43386,2837795.11132]]}},{"type":"Feature","properties":{"UBI":"Av. Ricardo Covarrubias","PROYE":null,"NOMCIEN":null,"NOMBRE":null,"OBJECTID":1054,"FECHA LEV":2024,"NOMCOM":null,"ORIGEN":null,"SALUD":null,"ACCESO":null,"ACCESIBIL":null,"COLONIA":null,"LAT":null,"LONG":null,"DAP":null,"ALTURA":null,"TRONCO":null,"CFE":null},"geometry":{"type":"MultiPoint","coordinates":[[371420.36588,2837793.13398]]}},{"type":"Feature","properties":{"UBI":"Av. Ricardo Covarrubias","PROYE":null,"NOMCIEN":null,"NOMBRE":null,"OBJECTID":1055,"FECHA LEV":2024,"NOMCOM":null,"ORIGEN":null,"SALUD":null,"ACCESO":null,"ACCESIBIL":null,"COLONIA":null,"LAT":null,"LONG":null,"DAP":null,"ALTURA":null,"TRONCO":null,"CFE":null},"geometry":{"type":"MultiPoint","coordinates":[[371460.90136,2837790.04439]]}},{"type":"Feature","properties":{"UBI":"Av. Ricardo Covarrubias","PROYE":null,"NOMCIEN":null,"NOMBRE":null,"OBJECTID":1056,"FECHA LEV":2024,"NOMCOM":null,"ORIGEN":null,"SALUD":null,"ACCESO":null,"ACCESIBIL":null,"COLONIA":null,"LAT":null,"LONG":null,"DAP":null,"ALTURA":null,"TRONCO":null,"CFE":null},"geometry":{"type":"MultiPoint","coordinates":[[371469.67581,2837791.28023]]}},{"type":"Feature","properties":{"UBI":"Av. Ricardo Covarrubias","PROYE":null,"NOMCIEN":null,"NOMBRE":null,"OBJECTID":1057,"FECHA LEV":2024,"NOMCOM":null,"ORIGEN":null,"SALUD":null,"ACCESO":null,"ACCESIBIL":null,"COLONIA":null,"LAT":null,"LONG":null,"DAP":null,"ALTURA":null,"TRONCO":null,"CFE":null},"geometry":{"type":"MultiPoint","coordinates":[[371495.44717,2837795.35865]]}},{"type":"Feature","properties":{"UBI":"Av. Ricardo Covarrubias","PROYE":null,"NOMCIEN":null,"NOMBRE":null,"OBJECTID":1058,"FECHA LEV":2024,"NOMCOM":null,"ORIGEN":null,"SALUD":null,"ACCESO":null,"ACCESIBIL":null,"COLONIA":null,"LAT":null,"LONG":null,"DAP":null,"ALTURA":null,"TRONCO":null,"CFE":null},"geometry":{"type":"MultiPoint","coordinates":[[371507.02258,2837798.71471]]}},{"type":"Feature","properties":{"UBI":"Av. Ricardo Covarrubias","PROYE":null,"NOMCIEN":null,"NOMBRE":null,"OBJECTID":1059,"FECHA LEV":2024,"NOMCOM":null,"ORIGEN":null,"SALUD":null,"ACCESO":null,"ACCESIBIL":null,"COLONIA":null,"LAT":null,"LONG":null,"DAP":null,"ALTURA":null,"TRONCO":null,"CFE":null},"geometry":{"type":"MultiPoint","coordinates":[[371514.23067,2837800.4026]]}},{"type":"Feature","properties":{"UBI":"Av. Ricardo Covarrubias","PROYE":null,"NOMCIEN":null,"NOMBRE":null,"OBJECTID":1060,"FECHA LEV":2024,"NOMCOM":null,"ORIGEN":null,"SALUD":null,"ACCESO":null,"ACCESIBIL":null,"COLONIA":null,"LAT":null,"LONG":null,"DAP":null,"ALTURA":null,"TRONCO":null,"CFE":null},"geometry":{"type":"MultiPoint","coordinates":[[371528.19273,2837802.21739]]}},{"type":"Feature","properties":{"UBI":"Av. Ricardo Covarrubias","PROYE":null,"NOMCIEN":null,"NOMBRE":null,"OBJECTID":1061,"FECHA LEV":2024,"NOMCOM":null,"ORIGEN":null,"SALUD":null,"ACCESO":null,"ACCESIBIL":null,"COLONIA":null,"LAT":null,"LONG":null,"DAP":null,"ALTURA":null,"TRONCO":null,"CFE":null},"geometry":{"type":"MultiPoint","coordinates":[[371536.22567,2837803.94756]]}},{"type":"Feature","properties":{"UBI":"Av. Ricardo Covarrubias","PROYE":null,"NOMCIEN":null,"NOMBRE":null,"OBJECTID":1062,"FECHA LEV":2024,"NOMCOM":null,"ORIGEN":null,"SALUD":null,"ACCESO":null,"ACCESIBIL":null,"COLONIA":null,"LAT":null,"LONG":null,"DAP":null,"ALTURA":null,"TRONCO":null,"CFE":null},"geometry":{"type":"MultiPoint","coordinates":[[371573.79514,2837812.47484]]}},{"type":"Feature","properties":{"UBI":"Av. Ricardo Covarrubias","PROYE":null,"NOMCIEN":null,"NOMBRE":null,"OBJECTID":1063,"FECHA LEV":2024,"NOMCOM":null,"ORIGEN":null,"SALUD":null,"ACCESO":null,"ACCESIBIL":null,"COLONIA":null,"LAT":null,"LONG":null,"DAP":null,"ALTURA":null,"TRONCO":null,"CFE":null},"geometry":{"type":"MultiPoint","coordinates":[[371586.15352,2837815.0701]]}},{"type":"Feature","properties":{"UBI":"Av. Ricardo Covarrubias","PROYE":null,"NOMCIEN":null,"NOMBRE":null,"OBJECTID":1064,"FECHA LEV":2024,"NOMCOM":null,"ORIGEN":null,"SALUD":null,"ACCESO":null,"ACCESIBIL":null,"COLONIA":null,"LAT":null,"LONG":null,"DAP":null,"ALTURA":null,"TRONCO":null,"CFE":null},"geometry":{"type":"MultiPoint","coordinates":[[371603.20808,2837820.01345]]}},{"type":"Feature","properties":{"UBI":"Av. Ricardo Covarrubias","PROYE":null,"NOMCIEN":null,"NOMBRE":null,"OBJECTID":1065,"FECHA LEV":2024,"NOMCOM":null,"ORIGEN":null,"SALUD":null,"ACCESO":null,"ACCESIBIL":null,"COLONIA":null,"LAT":null,"LONG":null,"DAP":null,"ALTURA":null,"TRONCO":null,"CFE":null},"geometry":{"type":"MultiPoint","coordinates":[[371624.21732,2837825.08039]]}},{"type":"Feature","properties":{"UBI":"Av. Ricardo Covarrubias","PROYE":null,"NOMCIEN":null,"NOMBRE":null,"OBJECTID":1066,"FECHA LEV":2024,"NOMCOM":null,"ORIGEN":null,"SALUD":null,"ACCESO":null,"ACCESIBIL":null,"COLONIA":null,"LAT":null,"LONG":null,"DAP":null,"ALTURA":null,"TRONCO":null,"CFE":null},"geometry":{"type":"MultiPoint","coordinates":[[371679.83002,2837836.82085]]}},{"type":"Feature","properties":{"UBI":"Av. Ricardo Covarrubias","PROYE":null,"NOMCIEN":null,"NOMBRE":null,"OBJECTID":1067,"FECHA LEV":2024,"NOMCOM":null,"ORIGEN":null,"SALUD":null,"ACCESO":null,"ACCESIBIL":null,"COLONIA":null,"LAT":null,"LONG":null,"DAP":null,"ALTURA":null,"TRONCO":null,"CFE":null},"geometry":{"type":"MultiPoint","coordinates":[[371689.17872,2837837.97973]]}},{"type":"Feature","properties":{"UBI":"Av. Ricardo Covarrubias","PROYE":null,"NOMCIEN":null,"NOMBRE":null,"OBJECTID":1068,"FECHA LEV":2024,"NOMCOM":null,"ORIGEN":null,"SALUD":null,"ACCESO":null,"ACCESIBIL":null,"COLONIA":null,"LAT":null,"LONG":null,"DAP":null,"ALTURA":null,"TRONCO":null,"CFE":null},"geometry":{"type":"MultiPoint","coordinates":[[371707.63637,2837841.39345]]}},{"type":"Feature","properties":{"UBI":"Av. Ricardo Covarrubias","PROYE":null,"NOMCIEN":null,"NOMBRE":null,"OBJECTID":1069,"FECHA LEV":2024,"NOMCOM":null,"ORIGEN":null,"SALUD":null,"ACCESO":null,"ACCESIBIL":null,"COLONIA":null,"LAT":null,"LONG":null,"DAP":null,"ALTURA":null,"TRONCO":null,"CFE":null},"geometry":{"type":"MultiPoint","coordinates":[[371721.23058,2837844.97738]]}},{"type":"Feature","properties":{"UBI":"Av. Ricardo Covarrubias","PROYE":null,"NOMCIEN":null,"NOMBRE":null,"OBJECTID":1070,"FECHA LEV":2024,"NOMCOM":null,"ORIGEN":null,"SALUD":null,"ACCESO":null,"ACCESIBIL":null,"COLONIA":null,"LAT":null,"LONG":null,"DAP":null,"ALTURA":null,"TRONCO":null,"CFE":null},"geometry":{"type":"MultiPoint","coordinates":[[371747.80109,2837852.26882]]}},{"type":"Feature","properties":{"UBI":"Av. Ricardo Covarrubias","PROYE":null,"NOMCIEN":null,"NOMBRE":null,"OBJECTID":1071,"FECHA LEV":2024,"NOMCOM":null,"ORIGEN":null,"SALUD":null,"ACCESO":null,"ACCESIBIL":null,"COLONIA":null,"LAT":null,"LONG":null,"DAP":null,"ALTURA":null,"TRONCO":null,"CFE":null},"geometry":{"type":"MultiPoint","coordinates":[[371778.9442,2837852.08344]]}},{"type":"Feature","properties":{"UBI":"Av. Ricardo Covarrubias","PROYE":null,"NOMCIEN":null,"NOMBRE":null,"OBJECTID":1072,"FECHA LEV":2024,"NOMCOM":null,"ORIGEN":null,"SALUD":null,"ACCESO":null,"ACCESIBIL":null,"COLONIA":null,"LAT":null,"LONG":null,"DAP":null,"ALTURA":null,"TRONCO":null,"CFE":null},"geometry":{"type":"MultiPoint","coordinates":[[371154.78435,2837878.65396]]}},{"type":"Feature","properties":{"UBI":"Av. Ricardo Covarrubias","PROYE":null,"NOMCIEN":null,"NOMBRE":null,"OBJECTID":1073,"FECHA LEV":2024,"NOMCOM":null,"ORIGEN":null,"SALUD":null,"ACCESO":null,"ACCESIBIL":null,"COLONIA":null,"LAT":null,"LONG":null,"DAP":null,"ALTURA":null,"TRONCO":null,"CFE":null},"geometry":{"type":"MultiPoint","coordinates":[[371480.48939,2837804.19473]]}},{"type":"Feature","properties":{"UBI":"Av. Ricardo Covarrubias","PROYE":null,"NOMCIEN":null,"NOMBRE":null,"OBJECTID":1074,"FECHA LEV":2024,"NOMCOM":null,"ORIGEN":null,"SALUD":null,"ACCESO":null,"ACCESIBIL":null,"COLONIA":null,"LAT":null,"LONG":null,"DAP":null,"ALTURA":null,"TRONCO":null,"CFE":null},"geometry":{"type":"MultiPoint","coordinates":[[371588.00727,2837833.23692]]}},{"type":"Feature","properties":{"UBI":"Av. Ricardo Covarrubias","PROYE":null,"NOMCIEN":null,"NOMBRE":null,"OBJECTID":1075,"FECHA LEV":2024,"NOMCOM":null,"ORIGEN":null,"SALUD":null,"ACCESO":null,"ACCESIBIL":null,"COLONIA":null,"LAT":null,"LONG":null,"DAP":null,"ALTURA":null,"TRONCO":null,"CFE":null},"geometry":{"type":"MultiPoint","coordinates":[[371611.98253,2837838.92177]]}},{"type":"Feature","properties":{"UBI":"Av. Ricardo Covarrubias","PROYE":null,"NOMCIEN":null,"NOMBRE":null,"OBJECTID":1076,"FECHA LEV":2024,"NOMCOM":null,"ORIGEN":null,"SALUD":null,"ACCESO":null,"ACCESIBIL":null,"COLONIA":null,"LAT":null,"LONG":null,"DAP":null,"ALTURA":null,"TRONCO":null,"CFE":null},"geometry":{"type":"MultiPoint","coordinates":[[371629.90217,2837842.87645]]}},{"type":"Feature","properties":{"UBI":"Av. Ricardo Covarrubias","PROYE":null,"NOMCIEN":null,"NOMBRE":null,"OBJECTID":1077,"FECHA LEV":2024,"NOMCOM":null,"ORIGEN":null,"SALUD":null,"ACCESO":null,"ACCESIBIL":null,"COLONIA":null,"LAT":null,"LONG":null,"DAP":null,"ALTURA":null,"TRONCO":null,"CFE":null},"geometry":{"type":"MultiPoint","coordinates":[[371644.85581,2837846.3368]]}},{"type":"Feature","properties":{"UBI":"Av. Ricardo Covarrubias","PROYE":null,"NOMCIEN":null,"NOMBRE":null,"OBJECTID":1078,"FECHA LEV":2024,"NOMCOM":null,"ORIGEN":null,"SALUD":null,"ACCESO":null,"ACCESIBIL":null,"COLONIA":null,"LAT":null,"LONG":null,"DAP":null,"ALTURA":null,"TRONCO":null,"CFE":null},"geometry":{"type":"MultiPoint","coordinates":[[371660.42736,2837849.54998]]}},{"type":"Feature","properties":{"UBI":"Av. Ricardo Covarrubias","PROYE":null,"NOMCIEN":null,"NOMBRE":null,"OBJECTID":1079,"FECHA LEV":2024,"NOMCOM":null,"ORIGEN":null,"SALUD":null,"ACCESO":null,"ACCESIBIL":null,"COLONIA":null,"LAT":null,"LONG":null,"DAP":null,"ALTURA":null,"TRONCO":null,"CFE":null},"geometry":{"type":"MultiPoint","coordinates":[[371672.29141,2837852.02165]]}},{"type":"Feature","properties":{"UBI":"Av. Ricardo Covarrubias","PROYE":null,"NOMCIEN":null,"NOMBRE":null,"OBJECTID":1080,"FECHA LEV":2024,"NOMCOM":null,"ORIGEN":null,"SALUD":null,"ACCESO":null,"ACCESIBIL":null,"COLONIA":null,"LAT":null,"LONG":null,"DAP":null,"ALTURA":null,"TRONCO":null,"CFE":null},"geometry":{"type":"MultiPoint","coordinates":[[371676.49326,2837846.83113]]}},{"type":"Feature","properties":{"UBI":"Av. Ricardo Covarrubias","PROYE":null,"NOMCIEN":null,"NOMBRE":null,"OBJECTID":1081,"FECHA LEV":2024,"NOMCOM":null,"ORIGEN":null,"SALUD":null,"ACCESO":null,"ACCESIBIL":null,"COLONIA":null,"LAT":null,"LONG":null,"DAP":null,"ALTURA":null,"TRONCO":null,"CFE":null},"geometry":{"type":"MultiPoint","coordinates":[[371677.72909,2837853.01032]]}},{"type":"Feature","properties":{"UBI":"Av. Ricardo Covarrubias","PROYE":null,"NOMCIEN":null,"NOMBRE":null,"OBJECTID":1082,"FECHA LEV":2024,"NOMCOM":null,"ORIGEN":null,"SALUD":null,"ACCESO":null,"ACCESIBIL":null,"COLONIA":null,"LAT":null,"LONG":null,"DAP":null,"ALTURA":null,"TRONCO":null,"CFE":null},"geometry":{"type":"MultiPoint","coordinates":[[371682.54886,2837848.19056]]}},{"type":"Feature","properties":{"UBI":"Av. Ricardo Covarrubias","PROYE":null,"NOMCIEN":null,"NOMBRE":null,"OBJECTID":1083,"FECHA LEV":2024,"NOMCOM":null,"ORIGEN":null,"SALUD":null,"ACCESO":null,"ACCESIBIL":null,"COLONIA":null,"LAT":null,"LONG":null,"DAP":null,"ALTURA":null,"TRONCO":null,"CFE":null},"geometry":{"type":"MultiPoint","coordinates":[[371684.5262,2837854.49333]]}},{"type":"Feature","properties":{"UBI":"Av. Ricardo Covarrubias","PROYE":null,"NOMCIEN":null,"NOMBRE":null,"OBJECTID":1084,"FECHA LEV":2024,"NOMCOM":null,"ORIGEN":null,"SALUD":null,"ACCESO":null,"ACCESIBIL":null,"COLONIA":null,"LAT":null,"LONG":null,"DAP":null,"ALTURA":null,"TRONCO":null,"CFE":null},"geometry":{"type":"MultiPoint","coordinates":[[371714.92781,2837863.8239]]}},{"type":"Feature","properties":{"UBI":"Av. Ricardo Covarrubias","PROYE":null,"NOMCIEN":null,"NOMBRE":null,"OBJECTID":1085,"FECHA LEV":2024,"NOMCOM":null,"ORIGEN":null,"SALUD":null,"ACCESO":null,"ACCESIBIL":null,"COLONIA":null,"LAT":null,"LONG":null,"DAP":null,"ALTURA":null,"TRONCO":null,"CFE":null},"geometry":{"type":"MultiPoint","coordinates":[[371719.74758,2837864.81257]]}},{"type":"Feature","properties":{"UBI":"Av. Ricardo Covarrubias","PROYE":null,"NOMCIEN":null,"NOMBRE":null,"OBJECTID":1086,"FECHA LEV":2024,"NOMCOM":null,"ORIGEN":null,"SALUD":null,"ACCESO":null,"ACCESIBIL":null,"COLONIA":null,"LAT":null,"LONG":null,"DAP":null,"ALTURA":null,"TRONCO":null,"CFE":null},"geometry":{"type":"MultiPoint","coordinates":[[371724.44376,2837865.80124]]}},{"type":"Feature","properties":{"UBI":"Av. Ricardo Covarrubias","PROYE":null,"NOMCIEN":null,"NOMBRE":null,"OBJECTID":1087,"FECHA LEV":2024,"NOMCOM":null,"ORIGEN":null,"SALUD":null,"ACCESO":null,"ACCESIBIL":null,"COLONIA":null,"LAT":null,"LONG":null,"DAP":null,"ALTURA":null,"TRONCO":null,"CFE":null},"geometry":{"type":"MultiPoint","coordinates":[[371742.91953,2837870.80639]]}},{"type":"Feature","properties":{"UBI":"Av. Ricardo Covarrubias","PROYE":null,"NOMCIEN":null,"NOMBRE":null,"OBJECTID":1088,"FECHA LEV":2024,"NOMCOM":null,"ORIGEN":null,"SALUD":null,"ACCESO":null,"ACCESIBIL":null,"COLONIA":null,"LAT":null,"LONG":null,"DAP":null,"ALTURA":null,"TRONCO":null,"CFE":null},"geometry":{"type":"MultiPoint","coordinates":[[371748.4808,2837872.04222]]}},{"type":"Feature","properties":{"UBI":"Av. Ricardo Covarrubias","PROYE":null,"NOMCIEN":null,"NOMBRE":null,"OBJECTID":1089,"FECHA LEV":2024,"NOMCOM":null,"ORIGEN":null,"SALUD":null,"ACCESO":null,"ACCESIBIL":null,"COLONIA":null,"LAT":null,"LONG":null,"DAP":null,"ALTURA":null,"TRONCO":null,"CFE":null},"geometry":{"type":"MultiPoint","coordinates":[[371767.9755,2837878.337]]}}]}