{"type":"FeatureCollection","name":"arboles_2015","crs":{"type":"name","properties":{"name":"urn:ogc:def:crs:EPSG::32614"}},"features":[{"type":"Feature","properties":{"LONG":null,"LAT":null,"NOMCIEN":"Fraxinus americana","NOMCOM":"Fresno blanco americano","ORIGEN":"Nativa","ALTURA":20.1,"DAP":82.7,"OBJECTID":0,"FECHA LEV":2015,"SALUD":null,"PROYE":null,"ACCESO":null,"ACCESIBIL":null,"UBI":null,"COLONIA":null,"TRONCO":null,"CFE":null},"geometry":{"type":"Point","coordinates":[370347.655,2837841.06008]}},{"type":"Feature","properties":{"LONG":null,"LAT":null,"NOMCIEN":"Quercus fusiformis","NOMCOM":"Encino siempreverde, encino molino","ORIGEN":"Nativa","ALTURA":14.1,"DAP":71.5,"OBJECTID":1,"FECHA LEV":2015,"SALUD":null,"PROYE":null,"ACCESO":null,"ACCESIBIL":null,"UBI":null,"COLONIA":null,"TRONCO":null,"CFE":null},"geometry":{"type":"Point","coordinates":[370357.463,2837854.82608]}},{"type":"Feature","properties":{"LONG":null,"LAT":null,"NOMCIEN":"Fraxinus americana","NOMCOM":"Fresno blanco americano","ORIGEN":"Nativa","ALTURA":9.2,"DAP":33.3,"OBJECTID":2,"FECHA LEV":2015,"SALUD":null,"PROYE":null,"ACCESO":null,"ACCESIBIL":null,"UBI":null,"COLONIA":null,"TRONCO":null,"CFE":null},"geometry":{"type":"Point","coordinates":[370358.064,2837875.03208]}},{"type":"Feature","properties":{"LONG":null,"LAT":null,"NOMCIEN":"Quercus fusiformis","NOMCOM":"Encino siempreverde, encino molino","ORIGEN":"Nativa","ALTURA":12.6,"DAP":55.2,"OBJECTID":3,"FECHA LEV":2015,"SALUD":null,"PROYE":null,"ACCESO":null,"ACCESIBIL":null,"UBI":null,"COLONIA":null,"TRONCO":null,"CFE":null},"geometry":{"type":"Point","coordinates":[370351.795,2837878.96608]}},{"type":"Feature","properties":{"LONG":null,"LAT":null,"NOMCIEN":"Quercus fusiformis","NOMCOM":"Encino siempreverde, encino molino","ORIGEN":"Nativa","ALTURA":8.8,"DAP":23.3,"OBJECTID":4,"FECHA LEV":2015,"SALUD":null,"PROYE":null,"ACCESO":null,"ACCESIBIL":null,"UBI":null,"COLONIA":null,"TRONCO":null,"CFE":null},"geometry":{"type":"Point","coordinates":[370348.189,2837983.21508]}},{"type":"Feature","properties":{"LONG":null,"LAT":null,"NOMCIEN":"Quercus fusiformis","NOMCOM":"Encino siempreverde, encino molino","ORIGEN":"Nativa","ALTURA":6.2,"DAP":14.9,"OBJECTID":5,"FECHA LEV":2015,"SALUD":null,"PROYE":null,"ACCESO":null,"ACCESIBIL":null,"UBI":null,"COLONIA":null,"TRONCO":null,"CFE":null},"geometry":{"type":"Point","coordinates":[370323.741,2837995.93008]}},{"type":"Feature","properties":{"LONG":null,"LAT":null,"NOMCIEN":"Quercus fusiformis","NOMCOM":"Encino siempreverde, encino molino","ORIGEN":"Nativa","ALTURA":6.7,"DAP":16.6,"OBJECTID":6,"FECHA LEV":2015,"SALUD":null,"PROYE":null,"ACCESO":null,"ACCESIBIL":null,"UBI":null,"COLONIA":null,"TRONCO":null,"CFE":null},"geometry":{"type":"Point","coordinates":[370335.784,2838073.43708]}},{"type":"Feature","properties":{"LONG":null,"LAT":null,"NOMCIEN":"Quercus polymorpha","NOMCOM":"Encino roble, roble","ORIGEN":"Nativa","ALTURA":6.5,"DAP":17.1,"OBJECTID":7,"FECHA LEV":2015,"SALUD":null,"PROYE":null,"ACCESO":null,"ACCESIBIL":null,"UBI":null,"COLONIA":null,"TRONCO":null,"CFE":null},"geometry":{"type":"Point","coordinates":[370348.899,2838087.13508]}},{"type":"Feature","properties":{"LONG":null,"LAT":null,"NOMCIEN":"Quercus fusiformis","NOMCOM":"Encino siempreverde, encino molino","ORIGEN":"Nativa","ALTURA":8.3,"DAP":21.4,"OBJECTID":8,"FECHA LEV":2015,"SALUD":null,"PROYE":null,"ACCESO":null,"ACCESIBIL":null,"UBI":null,"COLONIA":null,"TRONCO":null,"CFE":null},"geometry":{"type":"Point","coordinates":[370353.098,2838091.08308]}},{"type":"Feature","properties":{"LONG":null,"LAT":null,"NOMCIEN":"Quercus fusiformis","NOMCOM":"Encino siempreverde, encino molino","ORIGEN":"Nativa","ALTURA":7.3,"DAP":13.0,"OBJECTID":9,"FECHA LEV":2015,"SALUD":null,"PROYE":null,"ACCESO":null,"ACCESIBIL":null,"UBI":null,"COLONIA":null,"TRONCO":null,"CFE":null},"geometry":{"type":"Point","coordinates":[370355.685,2838092.87408]}},{"type":"Feature","properties":{"LONG":null,"LAT":null,"NOMCIEN":"Gleditsia triacanthos var. inermis","NOMCOM":"Acacia sin espinas","ORIGEN":"Nativa","ALTURA":8.7,"DAP":34.4,"OBJECTID":10,"FECHA LEV":2015,"SALUD":null,"PROYE":null,"ACCESO":null,"ACCESIBIL":null,"UBI":null,"COLONIA":null,"TRONCO":null,"CFE":null},"geometry":{"type":"Point","coordinates":[370360.461,2838097.58408]}},{"type":"Feature","properties":{"LONG":null,"LAT":null,"NOMCIEN":"Quercus polymorpha","NOMCOM":"Encino roble, roble","ORIGEN":"Nativa","ALTURA":6.9,"DAP":15.5,"OBJECTID":11,"FECHA LEV":2015,"SALUD":null,"PROYE":null,"ACCESO":null,"ACCESIBIL":null,"UBI":null,"COLONIA":null,"TRONCO":null,"CFE":null},"geometry":{"type":"Point","coordinates":[370308.09,2838039.98608]}},{"type":"Feature","properties":{"LONG":null,"LAT":null,"NOMCIEN":"Quercus polymorpha","NOMCOM":"Encino roble, roble","ORIGEN":"Nativa","ALTURA":6.7,"DAP":20.6,"OBJECTID":12,"FECHA LEV":2015,"SALUD":null,"PROYE":null,"ACCESO":null,"ACCESIBIL":null,"UBI":null,"COLONIA":null,"TRONCO":null,"CFE":null},"geometry":{"type":"Point","coordinates":[370276.022,2838081.40508]}},{"type":"Feature","properties":{"LONG":null,"LAT":null,"NOMCIEN":"Quercus vaseyana","NOMCOM":"Encino bravo, encino de Vasey","ORIGEN":"Introducida","ALTURA":5.8,"DAP":3.5,"OBJECTID":13,"FECHA LEV":2015,"SALUD":null,"PROYE":null,"ACCESO":null,"ACCESIBIL":null,"UBI":null,"COLONIA":null,"TRONCO":null,"CFE":null},"geometry":{"type":"Point","coordinates":[370352.758,2838051.34908]}},{"type":"Feature","properties":{"LONG":null,"LAT":null,"NOMCIEN":"Quercus fusiformis","NOMCOM":"Encino siempreverde, encino molino","ORIGEN":"Nativa","ALTURA":6.1,"DAP":17.0,"OBJECTID":14,"FECHA LEV":2015,"SALUD":null,"PROYE":null,"ACCESO":null,"ACCESIBIL":null,"UBI":null,"COLONIA":null,"TRONCO":null,"CFE":null},"geometry":{"type":"Point","coordinates":[370314.029,2838025.63408]}},{"type":"Feature","properties":{"LONG":null,"LAT":null,"NOMCIEN":"Quercus fusiformis","NOMCOM":"Encino siempreverde, encino molino","ORIGEN":"Nativa","ALTURA":4.5,"DAP":7.1,"OBJECTID":15,"FECHA LEV":2015,"SALUD":null,"PROYE":null,"ACCESO":null,"ACCESIBIL":null,"UBI":null,"COLONIA":null,"TRONCO":null,"CFE":null},"geometry":{"type":"Point","coordinates":[370308.235,2838078.22408]}},{"type":"Feature","properties":{"LONG":null,"LAT":null,"NOMCIEN":"Ebenopsis ebano","NOMCOM":"Ébano","ORIGEN":"Nativa","ALTURA":8.6,"DAP":24.7,"OBJECTID":16,"FECHA LEV":2015,"SALUD":null,"PROYE":null,"ACCESO":null,"ACCESIBIL":null,"UBI":null,"COLONIA":null,"TRONCO":null,"CFE":null},"geometry":{"type":"Point","coordinates":[370328.263,2838001.85208]}},{"type":"Feature","properties":{"LONG":null,"LAT":null,"NOMCIEN":"Quercus polymorpha","NOMCOM":"Encino roble, roble","ORIGEN":"Nativa","ALTURA":6.8,"DAP":18.6,"OBJECTID":17,"FECHA LEV":2015,"SALUD":null,"PROYE":null,"ACCESO":null,"ACCESIBIL":null,"UBI":null,"COLONIA":null,"TRONCO":null,"CFE":null},"geometry":{"type":"Point","coordinates":[370334.184,2838007.88108]}},{"type":"Feature","properties":{"LONG":null,"LAT":null,"NOMCIEN":"Quercus shumardii","NOMCOM":"Encino rojo","ORIGEN":"Introducida","ALTURA":7.6,"DAP":13.7,"OBJECTID":18,"FECHA LEV":2015,"SALUD":null,"PROYE":null,"ACCESO":null,"ACCESIBIL":null,"UBI":null,"COLONIA":null,"TRONCO":null,"CFE":null},"geometry":{"type":"Point","coordinates":[370339.604,2838013.44408]}},{"type":"Feature","properties":{"LONG":null,"LAT":null,"NOMCIEN":"Quercus fusiformis","NOMCOM":"Encino siempreverde, encino molino","ORIGEN":"Nativa","ALTURA":6.0,"DAP":17.0,"OBJECTID":19,"FECHA LEV":2015,"SALUD":null,"PROYE":null,"ACCESO":null,"ACCESIBIL":null,"UBI":null,"COLONIA":null,"TRONCO":null,"CFE":null},"geometry":{"type":"Point","coordinates":[370345.37,2838018.83608]}},{"type":"Feature","properties":{"LONG":null,"LAT":null,"NOMCIEN":"Quercus fusiformis","NOMCOM":"Encino siempreverde, encino molino","ORIGEN":"Nativa","ALTURA":8.2,"DAP":27.1,"OBJECTID":20,"FECHA LEV":2015,"SALUD":null,"PROYE":null,"ACCESO":null,"ACCESIBIL":null,"UBI":null,"COLONIA":null,"TRONCO":null,"CFE":null},"geometry":{"type":"Point","coordinates":[370312.707,2838005.24208]}},{"type":"Feature","properties":{"LONG":null,"LAT":null,"NOMCIEN":"Quercus polymorpha","NOMCOM":"Encino roble, roble","ORIGEN":"Nativa","ALTURA":8.3,"DAP":24.3,"OBJECTID":21,"FECHA LEV":2015,"SALUD":null,"PROYE":null,"ACCESO":null,"ACCESIBIL":null,"UBI":null,"COLONIA":null,"TRONCO":null,"CFE":null},"geometry":{"type":"Point","coordinates":[370318.586,2838011.51408]}},{"type":"Feature","properties":{"LONG":null,"LAT":null,"NOMCIEN":"Quercus fusiformis","NOMCOM":"Encino siempreverde, encino molino","ORIGEN":"Nativa","ALTURA":7.0,"DAP":20.9,"OBJECTID":22,"FECHA LEV":2015,"SALUD":null,"PROYE":null,"ACCESO":null,"ACCESIBIL":null,"UBI":null,"COLONIA":null,"TRONCO":null,"CFE":null},"geometry":{"type":"Point","coordinates":[370323.939,2838017.45508]}},{"type":"Feature","properties":{"LONG":null,"LAT":null,"NOMCIEN":"Quercus fusiformis","NOMCOM":"Encino siempreverde, encino molino","ORIGEN":"Nativa","ALTURA":6.9,"DAP":22.0,"OBJECTID":23,"FECHA LEV":2015,"SALUD":null,"PROYE":null,"ACCESO":null,"ACCESIBIL":null,"UBI":null,"COLONIA":null,"TRONCO":null,"CFE":null},"geometry":{"type":"Point","coordinates":[370329.721,2838022.44908]}},{"type":"Feature","properties":{"LONG":null,"LAT":null,"NOMCIEN":"Quercus fusiformis","NOMCOM":"Encino siempreverde, encino molino","ORIGEN":"Nativa","ALTURA":8.4,"DAP":24.5,"OBJECTID":24,"FECHA LEV":2015,"SALUD":null,"PROYE":null,"ACCESO":null,"ACCESIBIL":null,"UBI":null,"COLONIA":null,"TRONCO":null,"CFE":null},"geometry":{"type":"Point","coordinates":[370336.38,2838028.67008]}},{"type":"Feature","properties":{"LONG":null,"LAT":null,"NOMCIEN":"Quercus polymorpha","NOMCOM":"Encino roble, roble","ORIGEN":"Nativa","ALTURA":7.9,"DAP":14.1,"OBJECTID":25,"FECHA LEV":2015,"SALUD":null,"PROYE":null,"ACCESO":null,"ACCESIBIL":null,"UBI":null,"COLONIA":null,"TRONCO":null,"CFE":null},"geometry":{"type":"Point","coordinates":[370354.709,2837988.81708]}},{"type":"Feature","properties":{"LONG":null,"LAT":null,"NOMCIEN":"Quercus polymorpha","NOMCOM":"Encino roble, roble","ORIGEN":"Nativa","ALTURA":8.4,"DAP":20.9,"OBJECTID":26,"FECHA LEV":2015,"SALUD":null,"PROYE":null,"ACCESO":null,"ACCESIBIL":null,"UBI":null,"COLONIA":null,"TRONCO":null,"CFE":null},"geometry":{"type":"Point","coordinates":[370346.127,2838040.57308]}},{"type":"Feature","properties":{"LONG":null,"LAT":null,"NOMCIEN":"Quercus fusiformis","NOMCOM":"Encino siempreverde, encino molino","ORIGEN":"Nativa","ALTURA":8.3,"DAP":28.4,"OBJECTID":27,"FECHA LEV":2015,"SALUD":null,"PROYE":null,"ACCESO":null,"ACCESIBIL":null,"UBI":null,"COLONIA":null,"TRONCO":null,"CFE":null},"geometry":{"type":"Point","coordinates":[370347.743,2838046.02408]}},{"type":"Feature","properties":{"LONG":null,"LAT":null,"NOMCIEN":"Platanus mexicana","NOMCOM":"Álamo de río, álamo blanco, sicomoro mexicano","ORIGEN":"Nativa","ALTURA":7.2,"DAP":18.8,"OBJECTID":28,"FECHA LEV":2015,"SALUD":null,"PROYE":null,"ACCESO":null,"ACCESIBIL":null,"UBI":null,"COLONIA":null,"TRONCO":null,"CFE":null},"geometry":{"type":"Point","coordinates":[370358.323,2838056.91308]}},{"type":"Feature","properties":{"LONG":null,"LAT":null,"NOMCIEN":"Quercus fusiformis","NOMCOM":"Encino siempreverde, encino molino","ORIGEN":"Nativa","ALTURA":6.5,"DAP":16.2,"OBJECTID":29,"FECHA LEV":2015,"SALUD":null,"PROYE":null,"ACCESO":null,"ACCESIBIL":null,"UBI":null,"COLONIA":null,"TRONCO":null,"CFE":null},"geometry":{"type":"Point","coordinates":[370370.013,2838068.15508]}},{"type":"Feature","properties":{"LONG":null,"LAT":null,"NOMCIEN":"Quercus vaseyana","NOMCOM":"Encino bravo, encino de Vasey","ORIGEN":"Introducida","ALTURA":8.1,"DAP":19.3,"OBJECTID":30,"FECHA LEV":2015,"SALUD":null,"PROYE":null,"ACCESO":null,"ACCESIBIL":null,"UBI":null,"COLONIA":null,"TRONCO":null,"CFE":null},"geometry":{"type":"Point","coordinates":[370374.726,2838073.20408]}},{"type":"Feature","properties":{"LONG":null,"LAT":null,"NOMCIEN":"Quercus fusiformis","NOMCOM":"Encino siempreverde, encino molino","ORIGEN":"Nativa","ALTURA":9.5,"DAP":36.1,"OBJECTID":31,"FECHA LEV":2015,"SALUD":null,"PROYE":null,"ACCESO":null,"ACCESIBIL":null,"UBI":null,"COLONIA":null,"TRONCO":null,"CFE":null},"geometry":{"type":"Point","coordinates":[370379.999,2838078.70108]}},{"type":"Feature","properties":{"LONG":null,"LAT":null,"NOMCIEN":"Quercus fusiformis","NOMCOM":"Encino siempreverde, encino molino","ORIGEN":"Nativa","ALTURA":7.8,"DAP":27.9,"OBJECTID":32,"FECHA LEV":2015,"SALUD":null,"PROYE":null,"ACCESO":null,"ACCESIBIL":null,"UBI":null,"COLONIA":null,"TRONCO":null,"CFE":null},"geometry":{"type":"Point","coordinates":[370302.684,2838014.51808]}},{"type":"Feature","properties":{"LONG":null,"LAT":null,"NOMCIEN":"Quercus polymorpha","NOMCOM":"Encino roble, roble","ORIGEN":"Nativa","ALTURA":7.6,"DAP":20.9,"OBJECTID":33,"FECHA LEV":2015,"SALUD":null,"PROYE":null,"ACCESO":null,"ACCESIBIL":null,"UBI":null,"COLONIA":null,"TRONCO":null,"CFE":null},"geometry":{"type":"Point","coordinates":[370307.952,2838020.00208]}},{"type":"Feature","properties":{"LONG":null,"LAT":null,"NOMCIEN":"Quercus vaseyana","NOMCOM":"Encino bravo, encino de Vasey","ORIGEN":"Introducida","ALTURA":6.7,"DAP":14.7,"OBJECTID":34,"FECHA LEV":2015,"SALUD":null,"PROYE":null,"ACCESO":null,"ACCESIBIL":null,"UBI":null,"COLONIA":null,"TRONCO":null,"CFE":null},"geometry":{"type":"Point","coordinates":[370320.424,2838031.69208]}},{"type":"Feature","properties":{"LONG":null,"LAT":null,"NOMCIEN":"Quercus fusiformis","NOMCOM":"Encino siempreverde, encino molino","ORIGEN":"Nativa","ALTURA":7.9,"DAP":21.2,"OBJECTID":35,"FECHA LEV":2015,"SALUD":null,"PROYE":null,"ACCESO":null,"ACCESIBIL":null,"UBI":null,"COLONIA":null,"TRONCO":null,"CFE":null},"geometry":{"type":"Point","coordinates":[370325.585,2838037.07808]}},{"type":"Feature","properties":{"LONG":null,"LAT":null,"NOMCIEN":"Quercus fusiformis","NOMCOM":"Encino siempreverde, encino molino","ORIGEN":"Nativa","ALTURA":6.2,"DAP":22.6,"OBJECTID":36,"FECHA LEV":2015,"SALUD":null,"PROYE":null,"ACCESO":null,"ACCESIBIL":null,"UBI":null,"COLONIA":null,"TRONCO":null,"CFE":null},"geometry":{"type":"Point","coordinates":[370360.557,2837994.99508]}},{"type":"Feature","properties":{"LONG":null,"LAT":null,"NOMCIEN":"Quercus polymorpha","NOMCOM":"Encino roble, roble","ORIGEN":"Nativa","ALTURA":8.5,"DAP":21.2,"OBJECTID":37,"FECHA LEV":2015,"SALUD":null,"PROYE":null,"ACCESO":null,"ACCESIBIL":null,"UBI":null,"COLONIA":null,"TRONCO":null,"CFE":null},"geometry":{"type":"Point","coordinates":[370331.307,2838042.46308]}},{"type":"Feature","properties":{"LONG":null,"LAT":null,"NOMCIEN":"Quercus shumardii","NOMCOM":"Encino rojo","ORIGEN":"Introducida","ALTURA":8.1,"DAP":21.0,"OBJECTID":38,"FECHA LEV":2015,"SALUD":null,"PROYE":null,"ACCESO":null,"ACCESIBIL":null,"UBI":null,"COLONIA":null,"TRONCO":null,"CFE":null},"geometry":{"type":"Point","coordinates":[370336.816,2838053.87308]}},{"type":"Feature","properties":{"LONG":null,"LAT":null,"NOMCIEN":"Quercus fusiformis","NOMCOM":"Encino siempreverde, encino molino","ORIGEN":"Nativa","ALTURA":8.8,"DAP":33.3,"OBJECTID":39,"FECHA LEV":2015,"SALUD":null,"PROYE":null,"ACCESO":null,"ACCESIBIL":null,"UBI":null,"COLONIA":null,"TRONCO":null,"CFE":null},"geometry":{"type":"Point","coordinates":[370342.111,2838059.79708]}},{"type":"Feature","properties":{"LONG":null,"LAT":null,"NOMCIEN":"Platanus mexicana","NOMCOM":"Álamo de río, álamo blanco, sicomoro mexicano","ORIGEN":"Nativa","ALTURA":8.5,"DAP":19.1,"OBJECTID":40,"FECHA LEV":2015,"SALUD":null,"PROYE":null,"ACCESO":null,"ACCESIBIL":null,"UBI":null,"COLONIA":null,"TRONCO":null,"CFE":null},"geometry":{"type":"Point","coordinates":[370347.855,2838065.54108]}},{"type":"Feature","properties":{"LONG":null,"LAT":null,"NOMCIEN":"Quercus fusiformis","NOMCOM":"Encino siempreverde, encino molino","ORIGEN":"Nativa","ALTURA":9.2,"DAP":32.4,"OBJECTID":41,"FECHA LEV":2015,"SALUD":null,"PROYE":null,"ACCESO":null,"ACCESIBIL":null,"UBI":null,"COLONIA":null,"TRONCO":null,"CFE":null},"geometry":{"type":"Point","coordinates":[370354.138,2838072.00308]}},{"type":"Feature","properties":{"LONG":null,"LAT":null,"NOMCIEN":"Koelreuteria","NOMCOM":"Koelreuteria, flama china","ORIGEN":"Introducida","ALTURA":5.4,"DAP":16.8,"OBJECTID":42,"FECHA LEV":2015,"SALUD":null,"PROYE":null,"ACCESO":null,"ACCESIBIL":null,"UBI":null,"COLONIA":null,"TRONCO":null,"CFE":null},"geometry":{"type":"Point","coordinates":[370364.28,2838083.13308]}},{"type":"Feature","properties":{"LONG":null,"LAT":null,"NOMCIEN":"Quercus vaseyana","NOMCOM":"Encino bravo, encino de Vasey","ORIGEN":"Introducida","ALTURA":8.9,"DAP":26.9,"OBJECTID":43,"FECHA LEV":2015,"SALUD":null,"PROYE":null,"ACCESO":null,"ACCESIBIL":null,"UBI":null,"COLONIA":null,"TRONCO":null,"CFE":null},"geometry":{"type":"Point","coordinates":[370370.384,2838088.60808]}},{"type":"Feature","properties":{"LONG":null,"LAT":null,"NOMCIEN":"Quercus fusiformis","NOMCOM":"Encino siempreverde, encino molino","ORIGEN":"Nativa","ALTURA":6.2,"DAP":23.4,"OBJECTID":44,"FECHA LEV":2015,"SALUD":null,"PROYE":null,"ACCESO":null,"ACCESIBIL":null,"UBI":null,"COLONIA":null,"TRONCO":null,"CFE":null},"geometry":{"type":"Point","coordinates":[370291.662,2838022.29508]}},{"type":"Feature","properties":{"LONG":null,"LAT":null,"NOMCIEN":"Quercus shumardii","NOMCOM":"Encino rojo","ORIGEN":"Introducida","ALTURA":5.9,"DAP":22.7,"OBJECTID":45,"FECHA LEV":2015,"SALUD":null,"PROYE":null,"ACCESO":null,"ACCESIBIL":null,"UBI":null,"COLONIA":null,"TRONCO":null,"CFE":null},"geometry":{"type":"Point","coordinates":[370296.624,2838027.98008]}},{"type":"Feature","properties":{"LONG":null,"LAT":null,"NOMCIEN":"Quercus polymorpha","NOMCOM":"Encino roble, roble","ORIGEN":"Nativa","ALTURA":5.5,"DAP":20.2,"OBJECTID":46,"FECHA LEV":2015,"SALUD":null,"PROYE":null,"ACCESO":null,"ACCESIBIL":null,"UBI":null,"COLONIA":null,"TRONCO":null,"CFE":null},"geometry":{"type":"Point","coordinates":[370302.909,2838034.31908]}},{"type":"Feature","properties":{"LONG":null,"LAT":null,"NOMCIEN":"Quercus fusiformis","NOMCOM":"Encino siempreverde, encino molino","ORIGEN":"Nativa","ALTURA":7.5,"DAP":21.2,"OBJECTID":47,"FECHA LEV":2015,"SALUD":null,"PROYE":null,"ACCESO":null,"ACCESIBIL":null,"UBI":null,"COLONIA":null,"TRONCO":null,"CFE":null},"geometry":{"type":"Point","coordinates":[370330.282,2837983.95908]}},{"type":"Feature","properties":{"LONG":null,"LAT":null,"NOMCIEN":"Quercus polymorpha","NOMCOM":"Encino roble, roble","ORIGEN":"Nativa","ALTURA":7.1,"DAP":19.1,"OBJECTID":48,"FECHA LEV":2015,"SALUD":null,"PROYE":null,"ACCESO":null,"ACCESIBIL":null,"UBI":null,"COLONIA":null,"TRONCO":null,"CFE":null},"geometry":{"type":"Point","coordinates":[370314.081,2838045.41108]}},{"type":"Feature","properties":{"LONG":null,"LAT":null,"NOMCIEN":"Quercus polymorpha","NOMCOM":"Encino roble, roble","ORIGEN":"Nativa","ALTURA":5.9,"DAP":11.0,"OBJECTID":49,"FECHA LEV":2015,"SALUD":null,"PROYE":null,"ACCESO":null,"ACCESIBIL":null,"UBI":null,"COLONIA":null,"TRONCO":null,"CFE":null},"geometry":{"type":"Point","coordinates":[370319.587,2838050.99708]}},{"type":"Feature","properties":{"LONG":null,"LAT":null,"NOMCIEN":"Quercus fusiformis","NOMCOM":"Encino siempreverde, encino molino","ORIGEN":"Nativa","ALTURA":7.7,"DAP":28.4,"OBJECTID":50,"FECHA LEV":2015,"SALUD":null,"PROYE":null,"ACCESO":null,"ACCESIBIL":null,"UBI":null,"COLONIA":null,"TRONCO":null,"CFE":null},"geometry":{"type":"Point","coordinates":[370284.753,2838035.25508]}},{"type":"Feature","properties":{"LONG":null,"LAT":null,"NOMCIEN":"Quercus fusiformis","NOMCOM":"Encino siempreverde, encino molino","ORIGEN":"Nativa","ALTURA":7.4,"DAP":20.5,"OBJECTID":51,"FECHA LEV":2015,"SALUD":null,"PROYE":null,"ACCESO":null,"ACCESIBIL":null,"UBI":null,"COLONIA":null,"TRONCO":null,"CFE":null},"geometry":{"type":"Point","coordinates":[370290.689,2838040.48308]}},{"type":"Feature","properties":{"LONG":null,"LAT":null,"NOMCIEN":"Quercus shumardii","NOMCOM":"Encino rojo","ORIGEN":"Introducida","ALTURA":7.7,"DAP":20.9,"OBJECTID":52,"FECHA LEV":2015,"SALUD":null,"PROYE":null,"ACCESO":null,"ACCESIBIL":null,"UBI":null,"COLONIA":null,"TRONCO":null,"CFE":null},"geometry":{"type":"Point","coordinates":[370296.229,2838046.48308]}},{"type":"Feature","properties":{"LONG":null,"LAT":null,"NOMCIEN":"Quercus polymorpha","NOMCOM":"Encino roble, roble","ORIGEN":"Nativa","ALTURA":6.7,"DAP":11.8,"OBJECTID":53,"FECHA LEV":2015,"SALUD":null,"PROYE":null,"ACCESO":null,"ACCESIBIL":null,"UBI":null,"COLONIA":null,"TRONCO":null,"CFE":null},"geometry":{"type":"Point","coordinates":[370302.807,2838052.75808]}},{"type":"Feature","properties":{"LONG":null,"LAT":null,"NOMCIEN":"Quercus polymorpha","NOMCOM":"Encino roble, roble","ORIGEN":"Nativa","ALTURA":6.6,"DAP":13.0,"OBJECTID":54,"FECHA LEV":2015,"SALUD":null,"PROYE":null,"ACCESO":null,"ACCESIBIL":null,"UBI":null,"COLONIA":null,"TRONCO":null,"CFE":null},"geometry":{"type":"Point","coordinates":[370308.171,2838058.32408]}},{"type":"Feature","properties":{"LONG":null,"LAT":null,"NOMCIEN":"Quercus polymorpha","NOMCOM":"Encino roble, roble","ORIGEN":"Nativa","ALTURA":5.8,"DAP":14.5,"OBJECTID":55,"FECHA LEV":2015,"SALUD":null,"PROYE":null,"ACCESO":null,"ACCESIBIL":null,"UBI":null,"COLONIA":null,"TRONCO":null,"CFE":null},"geometry":{"type":"Point","coordinates":[370313.13,2838064.19408]}},{"type":"Feature","properties":{"LONG":null,"LAT":null,"NOMCIEN":"Quercus fusiformis","NOMCOM":"Encino siempreverde, encino molino","ORIGEN":"Nativa","ALTURA":4.5,"DAP":13.5,"OBJECTID":56,"FECHA LEV":2015,"SALUD":null,"PROYE":null,"ACCESO":null,"ACCESIBIL":null,"UBI":null,"COLONIA":null,"TRONCO":null,"CFE":null},"geometry":{"type":"Point","coordinates":[370319.202,2838069.55808]}},{"type":"Feature","properties":{"LONG":null,"LAT":null,"NOMCIEN":"Quercus fusiformis","NOMCOM":"Encino siempreverde, encino molino","ORIGEN":"Nativa","ALTURA":4.0,"DAP":10.3,"OBJECTID":57,"FECHA LEV":2015,"SALUD":null,"PROYE":null,"ACCESO":null,"ACCESIBIL":null,"UBI":null,"COLONIA":null,"TRONCO":null,"CFE":null},"geometry":{"type":"Point","coordinates":[370324.566,2838074.71908]}},{"type":"Feature","properties":{"LONG":null,"LAT":null,"NOMCIEN":"Quercus shumardii","NOMCOM":"Encino rojo","ORIGEN":"Introducida","ALTURA":7.3,"DAP":17.6,"OBJECTID":58,"FECHA LEV":2015,"SALUD":null,"PROYE":null,"ACCESO":null,"ACCESIBIL":null,"UBI":null,"COLONIA":null,"TRONCO":null,"CFE":null},"geometry":{"type":"Point","coordinates":[370335.143,2837989.68108]}},{"type":"Feature","properties":{"LONG":null,"LAT":null,"NOMCIEN":"Quercus fusiformis","NOMCOM":"Encino siempreverde, encino molino","ORIGEN":"Nativa","ALTURA":6.4,"DAP":15.6,"OBJECTID":59,"FECHA LEV":2015,"SALUD":null,"PROYE":null,"ACCESO":null,"ACCESIBIL":null,"UBI":null,"COLONIA":null,"TRONCO":null,"CFE":null},"geometry":{"type":"Point","coordinates":[370330.537,2838081.09508]}},{"type":"Feature","properties":{"LONG":null,"LAT":null,"NOMCIEN":"Quercus fusiformis","NOMCOM":"Encino siempreverde, encino molino","ORIGEN":"Nativa","ALTURA":7.5,"DAP":19.8,"OBJECTID":60,"FECHA LEV":2015,"SALUD":null,"PROYE":null,"ACCESO":null,"ACCESIBIL":null,"UBI":null,"COLONIA":null,"TRONCO":null,"CFE":null},"geometry":{"type":"Point","coordinates":[370335.748,2838086.70908]}},{"type":"Feature","properties":{"LONG":null,"LAT":null,"NOMCIEN":"Quercus macrocarpa","NOMCOM":"Encino bura","ORIGEN":"Introducida","ALTURA":6.6,"DAP":15.5,"OBJECTID":61,"FECHA LEV":2015,"SALUD":null,"PROYE":null,"ACCESO":null,"ACCESIBIL":null,"UBI":null,"COLONIA":null,"TRONCO":null,"CFE":null},"geometry":{"type":"Point","coordinates":[370341.062,2838092.02508]}},{"type":"Feature","properties":{"LONG":null,"LAT":null,"NOMCIEN":"Quercus fusiformis","NOMCOM":"Encino siempreverde, encino molino","ORIGEN":"Nativa","ALTURA":8.1,"DAP":22.6,"OBJECTID":62,"FECHA LEV":2015,"SALUD":null,"PROYE":null,"ACCESO":null,"ACCESIBIL":null,"UBI":null,"COLONIA":null,"TRONCO":null,"CFE":null},"geometry":{"type":"Point","coordinates":[370347.034,2838097.71708]}},{"type":"Feature","properties":{"LONG":null,"LAT":null,"NOMCIEN":"Prosopis glandulosa","NOMCOM":"Mezquite","ORIGEN":"Nativa","ALTURA":7.8,"DAP":41.5,"OBJECTID":63,"FECHA LEV":2015,"SALUD":null,"PROYE":null,"ACCESO":null,"ACCESIBIL":null,"UBI":null,"COLONIA":null,"TRONCO":null,"CFE":null},"geometry":{"type":"Point","coordinates":[370325.05,2838067.09008]}},{"type":"Feature","properties":{"LONG":null,"LAT":null,"NOMCIEN":"Melia azedarach","NOMCOM":"Lila, canelo, árbol del paraíso","ORIGEN":"Introducida","ALTURA":7.0,"DAP":32.4,"OBJECTID":64,"FECHA LEV":2015,"SALUD":null,"PROYE":null,"ACCESO":null,"ACCESIBIL":null,"UBI":null,"COLONIA":null,"TRONCO":null,"CFE":null},"geometry":{"type":"Point","coordinates":[370329.793,2838067.02308]}},{"type":"Feature","properties":{"LONG":null,"LAT":null,"NOMCIEN":"Vachellia farnesiana","NOMCOM":"Huizache","ORIGEN":"Nativa","ALTURA":8.5,"DAP":67.0,"OBJECTID":65,"FECHA LEV":2015,"SALUD":null,"PROYE":null,"ACCESO":null,"ACCESIBIL":null,"UBI":null,"COLONIA":null,"TRONCO":null,"CFE":null},"geometry":{"type":"Point","coordinates":[370360.08,2838108.39008]}},{"type":"Feature","properties":{"LONG":null,"LAT":null,"NOMCIEN":"Quercus fusiformis","NOMCOM":"Encino siempreverde, encino molino","ORIGEN":"Nativa","ALTURA":6.1,"DAP":20.2,"OBJECTID":66,"FECHA LEV":2015,"SALUD":null,"PROYE":null,"ACCESO":null,"ACCESIBIL":null,"UBI":null,"COLONIA":null,"TRONCO":null,"CFE":null},"geometry":{"type":"Point","coordinates":[370273.741,2838044.87908]}},{"type":"Feature","properties":{"LONG":null,"LAT":null,"NOMCIEN":"Quercus fusiformis","NOMCOM":"Encino siempreverde, encino molino","ORIGEN":"Nativa","ALTURA":6.7,"DAP":25.6,"OBJECTID":67,"FECHA LEV":2015,"SALUD":null,"PROYE":null,"ACCESO":null,"ACCESIBIL":null,"UBI":null,"COLONIA":null,"TRONCO":null,"CFE":null},"geometry":{"type":"Point","coordinates":[370278.362,2838048.73008]}},{"type":"Feature","properties":{"LONG":null,"LAT":null,"NOMCIEN":"Quercus vaseyana","NOMCOM":"Encino bravo, encino de Vasey","ORIGEN":"Introducida","ALTURA":5.3,"DAP":13.6,"OBJECTID":68,"FECHA LEV":2015,"SALUD":null,"PROYE":null,"ACCESO":null,"ACCESIBIL":null,"UBI":null,"COLONIA":null,"TRONCO":null,"CFE":null},"geometry":{"type":"Point","coordinates":[370285.964,2838055.35608]}},{"type":"Feature","properties":{"LONG":null,"LAT":null,"NOMCIEN":"Ebenopsis ebano","NOMCOM":"Ébano","ORIGEN":"Nativa","ALTURA":10.2,"DAP":23.4,"OBJECTID":69,"FECHA LEV":2015,"SALUD":null,"PROYE":null,"ACCESO":null,"ACCESIBIL":null,"UBI":null,"COLONIA":null,"TRONCO":null,"CFE":null},"geometry":{"type":"Point","coordinates":[370341.265,2837995.86508]}},{"type":"Feature","properties":{"LONG":null,"LAT":null,"NOMCIEN":"Quercus fusiformis","NOMCOM":"Encino siempreverde, encino molino","ORIGEN":"Nativa","ALTURA":6.7,"DAP":24.6,"OBJECTID":70,"FECHA LEV":2015,"SALUD":null,"PROYE":null,"ACCESO":null,"ACCESIBIL":null,"UBI":null,"COLONIA":null,"TRONCO":null,"CFE":null},"geometry":{"type":"Point","coordinates":[370291.93,2838061.12308]}},{"type":"Feature","properties":{"LONG":null,"LAT":null,"NOMCIEN":"Quercus fusiformis","NOMCOM":"Encino siempreverde, encino molino","ORIGEN":"Nativa","ALTURA":6.2,"DAP":23.0,"OBJECTID":71,"FECHA LEV":2015,"SALUD":null,"PROYE":null,"ACCESO":null,"ACCESIBIL":null,"UBI":null,"COLONIA":null,"TRONCO":null,"CFE":null},"geometry":{"type":"Point","coordinates":[370297.299,2838066.49208]}},{"type":"Feature","properties":{"LONG":null,"LAT":null,"NOMCIEN":"Quercus fusiformis","NOMCOM":"Encino siempreverde, encino molino","ORIGEN":"Nativa","ALTURA":6.8,"DAP":24.8,"OBJECTID":72,"FECHA LEV":2015,"SALUD":null,"PROYE":null,"ACCESO":null,"ACCESIBIL":null,"UBI":null,"COLONIA":null,"TRONCO":null,"CFE":null},"geometry":{"type":"Point","coordinates":[370302.872,2838072.15808]}},{"type":"Feature","properties":{"LONG":null,"LAT":null,"NOMCIEN":"Quercus vaseyana","NOMCOM":"Encino bravo, encino de Vasey","ORIGEN":"Introducida","ALTURA":6.2,"DAP":17.4,"OBJECTID":73,"FECHA LEV":2015,"SALUD":null,"PROYE":null,"ACCESO":null,"ACCESIBIL":null,"UBI":null,"COLONIA":null,"TRONCO":null,"CFE":null},"geometry":{"type":"Point","coordinates":[370315.195,2838083.99008]}},{"type":"Feature","properties":{"LONG":null,"LAT":null,"NOMCIEN":"Quercus shumardii","NOMCOM":"Encino rojo","ORIGEN":"Introducida","ALTURA":5.6,"DAP":14.1,"OBJECTID":74,"FECHA LEV":2015,"SALUD":null,"PROYE":null,"ACCESO":null,"ACCESIBIL":null,"UBI":null,"COLONIA":null,"TRONCO":null,"CFE":null},"geometry":{"type":"Point","coordinates":[370320.365,2838089.95608]}},{"type":"Feature","properties":{"LONG":null,"LAT":null,"NOMCIEN":"Quercus fusiformis","NOMCOM":"Encino siempreverde, encino molino","ORIGEN":"Nativa","ALTURA":8.0,"DAP":37.3,"OBJECTID":75,"FECHA LEV":2015,"SALUD":null,"PROYE":null,"ACCESO":null,"ACCESIBIL":null,"UBI":null,"COLONIA":null,"TRONCO":null,"CFE":null},"geometry":{"type":"Point","coordinates":[370325.734,2838095.72308]}},{"type":"Feature","properties":{"LONG":null,"LAT":null,"NOMCIEN":"Quercus fusiformis","NOMCOM":"Encino siempreverde, encino molino","ORIGEN":"Nativa","ALTURA":7.3,"DAP":39.6,"OBJECTID":76,"FECHA LEV":2015,"SALUD":null,"PROYE":null,"ACCESO":null,"ACCESIBIL":null,"UBI":null,"COLONIA":null,"TRONCO":null,"CFE":null},"geometry":{"type":"Point","coordinates":[370331.899,2838100.89308]}},{"type":"Feature","properties":{"LONG":null,"LAT":null,"NOMCIEN":"Quercus vaseyana","NOMCOM":"Encino bravo, encino de Vasey","ORIGEN":"Introducida","ALTURA":6.6,"DAP":17.0,"OBJECTID":77,"FECHA LEV":2015,"SALUD":null,"PROYE":null,"ACCESO":null,"ACCESIBIL":null,"UBI":null,"COLONIA":null,"TRONCO":null,"CFE":null},"geometry":{"type":"Point","coordinates":[370336.472,2838107.05708]}},{"type":"Feature","properties":{"LONG":null,"LAT":null,"NOMCIEN":"Quercus fusiformis","NOMCOM":"Encino siempreverde, encino molino","ORIGEN":"Nativa","ALTURA":7.0,"DAP":19.2,"OBJECTID":78,"FECHA LEV":2015,"SALUD":null,"PROYE":null,"ACCESO":null,"ACCESIBIL":null,"UBI":null,"COLONIA":null,"TRONCO":null,"CFE":null},"geometry":{"type":"Point","coordinates":[370264.091,2838052.97008]}},{"type":"Feature","properties":{"LONG":null,"LAT":null,"NOMCIEN":"Quercus polymorpha","NOMCOM":"Encino roble, roble","ORIGEN":"Nativa","ALTURA":7.4,"DAP":22.2,"OBJECTID":79,"FECHA LEV":2015,"SALUD":null,"PROYE":null,"ACCESO":null,"ACCESIBIL":null,"UBI":null,"COLONIA":null,"TRONCO":null,"CFE":null},"geometry":{"type":"Point","coordinates":[370269.857,2838058.14008]}},{"type":"Feature","properties":{"LONG":null,"LAT":null,"NOMCIEN":"Quercus vaseyana","NOMCOM":"Encino bravo, encino de Vasey","ORIGEN":"Introducida","ALTURA":8.4,"DAP":24.4,"OBJECTID":80,"FECHA LEV":2015,"SALUD":null,"PROYE":null,"ACCESO":null,"ACCESIBIL":null,"UBI":null,"COLONIA":null,"TRONCO":null,"CFE":null},"geometry":{"type":"Point","coordinates":[370347.363,2838001.02308]}},{"type":"Feature","properties":{"LONG":null,"LAT":null,"NOMCIEN":"Quercus vaseyana","NOMCOM":"Encino bravo, encino de Vasey","ORIGEN":"Introducida","ALTURA":7.0,"DAP":19.7,"OBJECTID":81,"FECHA LEV":2015,"SALUD":null,"PROYE":null,"ACCESO":null,"ACCESIBIL":null,"UBI":null,"COLONIA":null,"TRONCO":null,"CFE":null},"geometry":{"type":"Point","coordinates":[370276.22,2838063.50908]}},{"type":"Feature","properties":{"LONG":null,"LAT":null,"NOMCIEN":"Quercus vaseyana","NOMCOM":"Encino bravo, encino de Vasey","ORIGEN":"Introducida","ALTURA":7.4,"DAP":22.9,"OBJECTID":82,"FECHA LEV":2015,"SALUD":null,"PROYE":null,"ACCESO":null,"ACCESIBIL":null,"UBI":null,"COLONIA":null,"TRONCO":null,"CFE":null},"geometry":{"type":"Point","coordinates":[370282.584,2838069.47408]}},{"type":"Feature","properties":{"LONG":null,"LAT":null,"NOMCIEN":"Quercus polymorpha","NOMCOM":"Encino roble, roble","ORIGEN":"Nativa","ALTURA":9.6,"DAP":23.0,"OBJECTID":83,"FECHA LEV":2015,"SALUD":null,"PROYE":null,"ACCESO":null,"ACCESIBIL":null,"UBI":null,"COLONIA":null,"TRONCO":null,"CFE":null},"geometry":{"type":"Point","coordinates":[370287.555,2838076.03608]}},{"type":"Feature","properties":{"LONG":null,"LAT":null,"NOMCIEN":"Quercus fusiformis","NOMCOM":"Encino siempreverde, encino molino","ORIGEN":"Nativa","ALTURA":6.2,"DAP":22.0,"OBJECTID":84,"FECHA LEV":2015,"SALUD":null,"PROYE":null,"ACCESO":null,"ACCESIBIL":null,"UBI":null,"COLONIA":null,"TRONCO":null,"CFE":null},"geometry":{"type":"Point","coordinates":[370292.327,2838081.40508]}},{"type":"Feature","properties":{"LONG":null,"LAT":null,"NOMCIEN":"Quercus fusiformis","NOMCOM":"Encino siempreverde, encino molino","ORIGEN":"Nativa","ALTURA":7.6,"DAP":26.4,"OBJECTID":85,"FECHA LEV":2015,"SALUD":null,"PROYE":null,"ACCESO":null,"ACCESIBIL":null,"UBI":null,"COLONIA":null,"TRONCO":null,"CFE":null},"geometry":{"type":"Point","coordinates":[370297.895,2838086.57608]}},{"type":"Feature","properties":{"LONG":null,"LAT":null,"NOMCIEN":"Quercus shumardii","NOMCOM":"Encino rojo","ORIGEN":"Introducida","ALTURA":6.7,"DAP":16.9,"OBJECTID":86,"FECHA LEV":2015,"SALUD":null,"PROYE":null,"ACCESO":null,"ACCESIBIL":null,"UBI":null,"COLONIA":null,"TRONCO":null,"CFE":null},"geometry":{"type":"Point","coordinates":[370309.429,2838097.71108]}},{"type":"Feature","properties":{"LONG":null,"LAT":null,"NOMCIEN":"Quercus shumardii","NOMCOM":"Encino rojo","ORIGEN":"Introducida","ALTURA":6.1,"DAP":18.6,"OBJECTID":87,"FECHA LEV":2015,"SALUD":null,"PROYE":null,"ACCESO":null,"ACCESIBIL":null,"UBI":null,"COLONIA":null,"TRONCO":null,"CFE":null},"geometry":{"type":"Point","coordinates":[370315.593,2838104.27308]}},{"type":"Feature","properties":{"LONG":null,"LAT":null,"NOMCIEN":"Quercus vaseyana","NOMCOM":"Encino bravo, encino de Vasey","ORIGEN":"Introducida","ALTURA":5.4,"DAP":14.7,"OBJECTID":88,"FECHA LEV":2015,"SALUD":null,"PROYE":null,"ACCESO":null,"ACCESIBIL":null,"UBI":null,"COLONIA":null,"TRONCO":null,"CFE":null},"geometry":{"type":"Point","coordinates":[370321.36,2838109.84108]}},{"type":"Feature","properties":{"LONG":null,"LAT":null,"NOMCIEN":"Quercus fusiformis","NOMCOM":"Encino siempreverde, encino molino","ORIGEN":"Nativa","ALTURA":5.7,"DAP":15.1,"OBJECTID":89,"FECHA LEV":2015,"SALUD":null,"PROYE":null,"ACCESO":null,"ACCESIBIL":null,"UBI":null,"COLONIA":null,"TRONCO":null,"CFE":null},"geometry":{"type":"Point","coordinates":[370326.53,2838116.00608]}},{"type":"Feature","properties":{"LONG":null,"LAT":null,"NOMCIEN":"Quercus vaseyana","NOMCOM":"Encino bravo, encino de Vasey","ORIGEN":"Introducida","ALTURA":6.3,"DAP":15.6,"OBJECTID":90,"FECHA LEV":2015,"SALUD":null,"PROYE":null,"ACCESO":null,"ACCESIBIL":null,"UBI":null,"COLONIA":null,"TRONCO":null,"CFE":null},"geometry":{"type":"Point","coordinates":[370300.878,2838107.25608]}},{"type":"Feature","properties":{"LONG":null,"LAT":null,"NOMCIEN":"Quercus fusiformis","NOMCOM":"Encino siempreverde, encino molino","ORIGEN":"Nativa","ALTURA":6.4,"DAP":15.7,"OBJECTID":91,"FECHA LEV":2015,"SALUD":null,"PROYE":null,"ACCESO":null,"ACCESIBIL":null,"UBI":null,"COLONIA":null,"TRONCO":null,"CFE":null},"geometry":{"type":"Point","coordinates":[370352.255,2838006.27408]}},{"type":"Feature","properties":{"LONG":null,"LAT":null,"NOMCIEN":"Quercus shumardii","NOMCOM":"Encino rojo","ORIGEN":"Introducida","ALTURA":6.1,"DAP":19.1,"OBJECTID":92,"FECHA LEV":2015,"SALUD":null,"PROYE":null,"ACCESO":null,"ACCESIBIL":null,"UBI":null,"COLONIA":null,"TRONCO":null,"CFE":null},"geometry":{"type":"Point","coordinates":[370293.719,2838101.09208]}},{"type":"Feature","properties":{"LONG":null,"LAT":null,"NOMCIEN":"Quercus fusiformis","NOMCOM":"Encino siempreverde, encino molino","ORIGEN":"Nativa","ALTURA":6.0,"DAP":25.2,"OBJECTID":93,"FECHA LEV":2015,"SALUD":null,"PROYE":null,"ACCESO":null,"ACCESIBIL":null,"UBI":null,"COLONIA":null,"TRONCO":null,"CFE":null},"geometry":{"type":"Point","coordinates":[370288.151,2838093.73408]}},{"type":"Feature","properties":{"LONG":null,"LAT":null,"NOMCIEN":"Quercus fusiformis","NOMCOM":"Encino siempreverde, encino molino","ORIGEN":"Nativa","ALTURA":4.8,"DAP":19.0,"OBJECTID":94,"FECHA LEV":2015,"SALUD":null,"PROYE":null,"ACCESO":null,"ACCESIBIL":null,"UBI":null,"COLONIA":null,"TRONCO":null,"CFE":null},"geometry":{"type":"Point","coordinates":[370281.788,2838088.16608]}},{"type":"Feature","properties":{"LONG":null,"LAT":null,"NOMCIEN":"Quercus fusiformis","NOMCOM":"Encino siempreverde, encino molino","ORIGEN":"Nativa","ALTURA":5.9,"DAP":20.9,"OBJECTID":95,"FECHA LEV":2015,"SALUD":null,"PROYE":null,"ACCESO":null,"ACCESIBIL":null,"UBI":null,"COLONIA":null,"TRONCO":null,"CFE":null},"geometry":{"type":"Point","coordinates":[370269.062,2838075.24108]}},{"type":"Feature","properties":{"LONG":null,"LAT":null,"NOMCIEN":"Quercus fusiformis","NOMCOM":"Encino siempreverde, encino molino","ORIGEN":"Nativa","ALTURA":7.0,"DAP":21.3,"OBJECTID":96,"FECHA LEV":2015,"SALUD":null,"PROYE":null,"ACCESO":null,"ACCESIBIL":null,"UBI":null,"COLONIA":null,"TRONCO":null,"CFE":null},"geometry":{"type":"Point","coordinates":[370262.897,2838068.48008]}},{"type":"Feature","properties":{"LONG":null,"LAT":null,"NOMCIEN":"Quercus fusiformis","NOMCOM":"Encino siempreverde, encino molino","ORIGEN":"Nativa","ALTURA":9.1,"DAP":26.8,"OBJECTID":97,"FECHA LEV":2015,"SALUD":null,"PROYE":null,"ACCESO":null,"ACCESIBIL":null,"UBI":null,"COLONIA":null,"TRONCO":null,"CFE":null},"geometry":{"type":"Point","coordinates":[370257.567,2838064.90308]}},{"type":"Feature","properties":{"LONG":null,"LAT":null,"NOMCIEN":"Quercus fusiformis","NOMCOM":"Encino siempreverde, encino molino","ORIGEN":"Nativa","ALTURA":6.8,"DAP":27.7,"OBJECTID":98,"FECHA LEV":2015,"SALUD":null,"PROYE":null,"ACCESO":null,"ACCESIBIL":null,"UBI":null,"COLONIA":null,"TRONCO":null,"CFE":null},"geometry":{"type":"Point","coordinates":[370304.656,2838092.34208]}},{"type":"Feature","properties":{"LONG":null,"LAT":null,"NOMCIEN":"Taxodium distichum","NOMCOM":"Sabino, ciprés calvo, ciprés de los pantanos","ORIGEN":"Introducida","ALTURA":9.1,"DAP":39.0,"OBJECTID":99,"FECHA LEV":2015,"SALUD":null,"PROYE":null,"ACCESO":null,"ACCESIBIL":null,"UBI":null,"COLONIA":null,"TRONCO":null,"CFE":null},"geometry":{"type":"Point","coordinates":[370306.844,2838113.42008]}},{"type":"Feature","properties":{"LONG":null,"LAT":null,"NOMCIEN":"Quercus fusiformis","NOMCOM":"Encino siempreverde, encino molino","ORIGEN":"Nativa","ALTURA":6.3,"DAP":22.6,"OBJECTID":100,"FECHA LEV":2015,"SALUD":null,"PROYE":null,"ACCESO":null,"ACCESIBIL":null,"UBI":null,"COLONIA":null,"TRONCO":null,"CFE":null},"geometry":{"type":"Point","coordinates":[370240.71,2838055.99208]}},{"type":"Feature","properties":{"LONG":null,"LAT":null,"NOMCIEN":"Quercus fusiformis","NOMCOM":"Encino siempreverde, encino molino","ORIGEN":"Nativa","ALTURA":8.2,"DAP":29.5,"OBJECTID":101,"FECHA LEV":2015,"SALUD":null,"PROYE":null,"ACCESO":null,"ACCESIBIL":null,"UBI":null,"COLONIA":null,"TRONCO":null,"CFE":null},"geometry":{"type":"Point","coordinates":[370241.99,2838020.26808]}},{"type":"Feature","properties":{"LONG":null,"LAT":null,"NOMCIEN":"Quercus shumardii","NOMCOM":"Encino rojo","ORIGEN":"Introducida","ALTURA":7.1,"DAP":15.4,"OBJECTID":102,"FECHA LEV":2015,"SALUD":null,"PROYE":null,"ACCESO":null,"ACCESIBIL":null,"UBI":null,"COLONIA":null,"TRONCO":null,"CFE":null},"geometry":{"type":"Point","coordinates":[370358.658,2838012.67708]}},{"type":"Feature","properties":{"LONG":null,"LAT":null,"NOMCIEN":"Quercus fusiformis","NOMCOM":"Encino siempreverde, encino molino","ORIGEN":"Nativa","ALTURA":12.5,"DAP":47.0,"OBJECTID":103,"FECHA LEV":2015,"SALUD":null,"PROYE":null,"ACCESO":null,"ACCESIBIL":null,"UBI":null,"COLONIA":null,"TRONCO":null,"CFE":null},"geometry":{"type":"Point","coordinates":[370235.858,2838014.02408]}},{"type":"Feature","properties":{"LONG":null,"LAT":null,"NOMCIEN":"Quercus fusiformis","NOMCOM":"Encino siempreverde, encino molino","ORIGEN":"Nativa","ALTURA":10.5,"DAP":42.0,"OBJECTID":104,"FECHA LEV":2015,"SALUD":null,"PROYE":null,"ACCESO":null,"ACCESIBIL":null,"UBI":null,"COLONIA":null,"TRONCO":null,"CFE":null},"geometry":{"type":"Point","coordinates":[370229.837,2838008.00308]}},{"type":"Feature","properties":{"LONG":null,"LAT":null,"NOMCIEN":"Quercus fusiformis","NOMCOM":"Encino siempreverde, encino molino","ORIGEN":"Nativa","ALTURA":10.5,"DAP":37.7,"OBJECTID":105,"FECHA LEV":2015,"SALUD":null,"PROYE":null,"ACCESO":null,"ACCESIBIL":null,"UBI":null,"COLONIA":null,"TRONCO":null,"CFE":null},"geometry":{"type":"Point","coordinates":[370222.924,2838001.64808]}},{"type":"Feature","properties":{"LONG":null,"LAT":null,"NOMCIEN":"Quercus fusiformis","NOMCOM":"Encino siempreverde, encino molino","ORIGEN":"Nativa","ALTURA":11.6,"DAP":44.4,"OBJECTID":106,"FECHA LEV":2015,"SALUD":null,"PROYE":null,"ACCESO":null,"ACCESIBIL":null,"UBI":null,"COLONIA":null,"TRONCO":null,"CFE":null},"geometry":{"type":"Point","coordinates":[370215.342,2837994.95808]}},{"type":"Feature","properties":{"LONG":null,"LAT":null,"NOMCIEN":"Quercus fusiformis","NOMCOM":"Encino siempreverde, encino molino","ORIGEN":"Nativa","ALTURA":11.6,"DAP":47.6,"OBJECTID":107,"FECHA LEV":2015,"SALUD":null,"PROYE":null,"ACCESO":null,"ACCESIBIL":null,"UBI":null,"COLONIA":null,"TRONCO":null,"CFE":null},"geometry":{"type":"Point","coordinates":[370208.987,2837987.93408]}},{"type":"Feature","properties":{"LONG":null,"LAT":null,"NOMCIEN":"Quercus fusiformis","NOMCOM":"Encino siempreverde, encino molino","ORIGEN":"Nativa","ALTURA":9.5,"DAP":41.3,"OBJECTID":108,"FECHA LEV":2015,"SALUD":null,"PROYE":null,"ACCESO":null,"ACCESIBIL":null,"UBI":null,"COLONIA":null,"TRONCO":null,"CFE":null},"geometry":{"type":"Point","coordinates":[370203.189,2837982.13608]}},{"type":"Feature","properties":{"LONG":null,"LAT":null,"NOMCIEN":"Quercus fusiformis","NOMCOM":"Encino siempreverde, encino molino","ORIGEN":"Nativa","ALTURA":10.1,"DAP":40.0,"OBJECTID":109,"FECHA LEV":2015,"SALUD":null,"PROYE":null,"ACCESO":null,"ACCESIBIL":null,"UBI":null,"COLONIA":null,"TRONCO":null,"CFE":null},"geometry":{"type":"Point","coordinates":[370197.502,2837976.00308]}},{"type":"Feature","properties":{"LONG":null,"LAT":null,"NOMCIEN":"Quercus fusiformis","NOMCOM":"Encino siempreverde, encino molino","ORIGEN":"Nativa","ALTURA":9.0,"DAP":37.9,"OBJECTID":110,"FECHA LEV":2015,"SALUD":null,"PROYE":null,"ACCESO":null,"ACCESIBIL":null,"UBI":null,"COLONIA":null,"TRONCO":null,"CFE":null},"geometry":{"type":"Point","coordinates":[370191.147,2837969.53608]}},{"type":"Feature","properties":{"LONG":null,"LAT":null,"NOMCIEN":"Quercus fusiformis","NOMCOM":"Encino siempreverde, encino molino","ORIGEN":"Nativa","ALTURA":9.0,"DAP":33.1,"OBJECTID":111,"FECHA LEV":2015,"SALUD":null,"PROYE":null,"ACCESO":null,"ACCESIBIL":null,"UBI":null,"COLONIA":null,"TRONCO":null,"CFE":null},"geometry":{"type":"Point","coordinates":[370183.677,2837963.51508]}},{"type":"Feature","properties":{"LONG":null,"LAT":null,"NOMCIEN":"Quercus fusiformis","NOMCOM":"Encino siempreverde, encino molino","ORIGEN":"Nativa","ALTURA":10.4,"DAP":38.3,"OBJECTID":112,"FECHA LEV":2015,"SALUD":null,"PROYE":null,"ACCESO":null,"ACCESIBIL":null,"UBI":null,"COLONIA":null,"TRONCO":null,"CFE":null},"geometry":{"type":"Point","coordinates":[370177.21,2837955.71108]}},{"type":"Feature","properties":{"LONG":null,"LAT":null,"NOMCIEN":"Quercus fusiformis","NOMCOM":"Encino siempreverde, encino molino","ORIGEN":"Nativa","ALTURA":11.65,"DAP":49.6,"OBJECTID":113,"FECHA LEV":2015,"SALUD":null,"PROYE":null,"ACCESO":null,"ACCESIBIL":null,"UBI":null,"COLONIA":null,"TRONCO":null,"CFE":null},"geometry":{"type":"Point","coordinates":[370233.764,2837998.42708]}},{"type":"Feature","properties":{"LONG":null,"LAT":null,"NOMCIEN":"Quercus fusiformis","NOMCOM":"Encino siempreverde, encino molino","ORIGEN":"Nativa","ALTURA":10.5,"DAP":42.5,"OBJECTID":114,"FECHA LEV":2015,"SALUD":null,"PROYE":null,"ACCESO":null,"ACCESIBIL":null,"UBI":null,"COLONIA":null,"TRONCO":null,"CFE":null},"geometry":{"type":"Point","coordinates":[370300.182,2837986.48408]}},{"type":"Feature","properties":{"LONG":null,"LAT":null,"NOMCIEN":"Quercus fusiformis","NOMCOM":"Encino siempreverde, encino molino","ORIGEN":"Nativa","ALTURA":9.7,"DAP":45.6,"OBJECTID":115,"FECHA LEV":2015,"SALUD":null,"PROYE":null,"ACCESO":null,"ACCESIBIL":null,"UBI":null,"COLONIA":null,"TRONCO":null,"CFE":null},"geometry":{"type":"Point","coordinates":[370305.807,2837980.39708]}},{"type":"Feature","properties":{"LONG":null,"LAT":null,"NOMCIEN":"Quercus fusiformis","NOMCOM":"Encino siempreverde, encino molino","ORIGEN":"Nativa","ALTURA":14.8,"DAP":53.6,"OBJECTID":116,"FECHA LEV":2015,"SALUD":null,"PROYE":null,"ACCESO":null,"ACCESIBIL":null,"UBI":null,"COLONIA":null,"TRONCO":null,"CFE":null},"geometry":{"type":"Point","coordinates":[370303.708,2837938.08308]}},{"type":"Feature","properties":{"LONG":null,"LAT":null,"NOMCIEN":"Quercus fusiformis","NOMCOM":"Encino siempreverde, encino molino","ORIGEN":"Nativa","ALTURA":16.4,"DAP":52.9,"OBJECTID":117,"FECHA LEV":2015,"SALUD":null,"PROYE":null,"ACCESO":null,"ACCESIBIL":null,"UBI":null,"COLONIA":null,"TRONCO":null,"CFE":null},"geometry":{"type":"Point","coordinates":[370299.112,2837929.98608]}},{"type":"Feature","properties":{"LONG":null,"LAT":null,"NOMCIEN":"Quercus fusiformis","NOMCOM":"Encino siempreverde, encino molino","ORIGEN":"Nativa","ALTURA":13.1,"DAP":41.0,"OBJECTID":118,"FECHA LEV":2015,"SALUD":null,"PROYE":null,"ACCESO":null,"ACCESIBIL":null,"UBI":null,"COLONIA":null,"TRONCO":null,"CFE":null},"geometry":{"type":"Point","coordinates":[370291.89,2837922.10708]}},{"type":"Feature","properties":{"LONG":null,"LAT":null,"NOMCIEN":"Quercus fusiformis","NOMCOM":"Encino siempreverde, encino molino","ORIGEN":"Nativa","ALTURA":10.1,"DAP":45.0,"OBJECTID":119,"FECHA LEV":2015,"SALUD":null,"PROYE":null,"ACCESO":null,"ACCESIBIL":null,"UBI":null,"COLONIA":null,"TRONCO":null,"CFE":null},"geometry":{"type":"Point","coordinates":[370284.23,2837917.29208]}},{"type":"Feature","properties":{"LONG":null,"LAT":null,"NOMCIEN":"Quercus fusiformis","NOMCOM":"Encino siempreverde, encino molino","ORIGEN":"Nativa","ALTURA":12.5,"DAP":53.8,"OBJECTID":120,"FECHA LEV":2015,"SALUD":null,"PROYE":null,"ACCESO":null,"ACCESIBIL":null,"UBI":null,"COLONIA":null,"TRONCO":null,"CFE":null},"geometry":{"type":"Point","coordinates":[370274.819,2837912.47708]}},{"type":"Feature","properties":{"LONG":null,"LAT":null,"NOMCIEN":"Quercus fusiformis","NOMCOM":"Encino siempreverde, encino molino","ORIGEN":"Nativa","ALTURA":10.8,"DAP":41.6,"OBJECTID":121,"FECHA LEV":2015,"SALUD":null,"PROYE":null,"ACCESO":null,"ACCESIBIL":null,"UBI":null,"COLONIA":null,"TRONCO":null,"CFE":null},"geometry":{"type":"Point","coordinates":[370264.752,2837910.94508]}},{"type":"Feature","properties":{"LONG":null,"LAT":null,"NOMCIEN":"Quercus fusiformis","NOMCOM":"Encino siempreverde, encino molino","ORIGEN":"Nativa","ALTURA":8.95,"DAP":41.0,"OBJECTID":122,"FECHA LEV":2015,"SALUD":null,"PROYE":null,"ACCESO":null,"ACCESIBIL":null,"UBI":null,"COLONIA":null,"TRONCO":null,"CFE":null},"geometry":{"type":"Point","coordinates":[370255.122,2837911.82108]}},{"type":"Feature","properties":{"LONG":null,"LAT":null,"NOMCIEN":"Quercus fusiformis","NOMCOM":"Encino siempreverde, encino molino","ORIGEN":"Nativa","ALTURA":8.6,"DAP":37.3,"OBJECTID":123,"FECHA LEV":2015,"SALUD":null,"PROYE":null,"ACCESO":null,"ACCESIBIL":null,"UBI":null,"COLONIA":null,"TRONCO":null,"CFE":null},"geometry":{"type":"Point","coordinates":[370244.18,2837915.10408]}},{"type":"Feature","properties":{"LONG":null,"LAT":null,"NOMCIEN":"Quercus fusiformis","NOMCOM":"Encino siempreverde, encino molino","ORIGEN":"Nativa","ALTURA":12.39,"DAP":42.4,"OBJECTID":124,"FECHA LEV":2015,"SALUD":null,"PROYE":null,"ACCESO":null,"ACCESIBIL":null,"UBI":null,"COLONIA":null,"TRONCO":null,"CFE":null},"geometry":{"type":"Point","coordinates":[370239.774,2838001.74008]}},{"type":"Feature","properties":{"LONG":null,"LAT":null,"NOMCIEN":"Quercus fusiformis","NOMCOM":"Encino siempreverde, encino molino","ORIGEN":"Nativa","ALTURA":9.9,"DAP":46.4,"OBJECTID":125,"FECHA LEV":2015,"SALUD":null,"PROYE":null,"ACCESO":null,"ACCESIBIL":null,"UBI":null,"COLONIA":null,"TRONCO":null,"CFE":null},"geometry":{"type":"Point","coordinates":[370235.207,2837918.60508]}},{"type":"Feature","properties":{"LONG":null,"LAT":null,"NOMCIEN":"Quercus fusiformis","NOMCOM":"Encino siempreverde, encino molino","ORIGEN":"Nativa","ALTURA":8.7,"DAP":37.6,"OBJECTID":126,"FECHA LEV":2015,"SALUD":null,"PROYE":null,"ACCESO":null,"ACCESIBIL":null,"UBI":null,"COLONIA":null,"TRONCO":null,"CFE":null},"geometry":{"type":"Point","coordinates":[370229.516,2837924.51408]}},{"type":"Feature","properties":{"LONG":null,"LAT":null,"NOMCIEN":"Quercus fusiformis","NOMCOM":"Encino siempreverde, encino molino","ORIGEN":"Nativa","ALTURA":8.5,"DAP":44.6,"OBJECTID":127,"FECHA LEV":2015,"SALUD":null,"PROYE":null,"ACCESO":null,"ACCESIBIL":null,"UBI":null,"COLONIA":null,"TRONCO":null,"CFE":null},"geometry":{"type":"Point","coordinates":[370224.264,2837933.05008]}},{"type":"Feature","properties":{"LONG":null,"LAT":null,"NOMCIEN":"Quercus fusiformis","NOMCOM":"Encino siempreverde, encino molino","ORIGEN":"Nativa","ALTURA":6.6,"DAP":31.1,"OBJECTID":128,"FECHA LEV":2015,"SALUD":null,"PROYE":null,"ACCESO":null,"ACCESIBIL":null,"UBI":null,"COLONIA":null,"TRONCO":null,"CFE":null},"geometry":{"type":"Point","coordinates":[370218.574,2837940.27208]}},{"type":"Feature","properties":{"LONG":null,"LAT":null,"NOMCIEN":"Quercus fusiformis","NOMCOM":"Encino siempreverde, encino molino","ORIGEN":"Nativa","ALTURA":8.1,"DAP":35.7,"OBJECTID":129,"FECHA LEV":2015,"SALUD":null,"PROYE":null,"ACCESO":null,"ACCESIBIL":null,"UBI":null,"COLONIA":null,"TRONCO":null,"CFE":null},"geometry":{"type":"Point","coordinates":[370215.291,2837948.58808]}},{"type":"Feature","properties":{"LONG":null,"LAT":null,"NOMCIEN":"Quercus polymorpha","NOMCOM":"Encino roble, roble","ORIGEN":"Nativa","ALTURA":13.8,"DAP":42.5,"OBJECTID":130,"FECHA LEV":2015,"SALUD":null,"PROYE":null,"ACCESO":null,"ACCESIBIL":null,"UBI":null,"COLONIA":null,"TRONCO":null,"CFE":null},"geometry":{"type":"Point","coordinates":[370263.658,2837997.61208]}},{"type":"Feature","properties":{"LONG":null,"LAT":null,"NOMCIEN":"Quercus shumardii","NOMCOM":"Encino rojo","ORIGEN":"Introducida","ALTURA":12.0,"DAP":26.7,"OBJECTID":131,"FECHA LEV":2015,"SALUD":null,"PROYE":null,"ACCESO":null,"ACCESIBIL":null,"UBI":null,"COLONIA":null,"TRONCO":null,"CFE":null},"geometry":{"type":"Point","coordinates":[370297.361,2837958.87508]}},{"type":"Feature","properties":{"LONG":null,"LAT":null,"NOMCIEN":"Quercus polymorpha","NOMCOM":"Encino roble, roble","ORIGEN":"Nativa","ALTURA":6.0,"DAP":21.1,"OBJECTID":132,"FECHA LEV":2015,"SALUD":null,"PROYE":null,"ACCESO":null,"ACCESIBIL":null,"UBI":null,"COLONIA":null,"TRONCO":null,"CFE":null},"geometry":{"type":"Point","coordinates":[370248.437,2837997.36808]}},{"type":"Feature","properties":{"LONG":null,"LAT":null,"NOMCIEN":"Quercus shumardii","NOMCOM":"Encino rojo","ORIGEN":"Introducida","ALTURA":9.8,"DAP":31.0,"OBJECTID":133,"FECHA LEV":2015,"SALUD":null,"PROYE":null,"ACCESO":null,"ACCESIBIL":null,"UBI":null,"COLONIA":null,"TRONCO":null,"CFE":null},"geometry":{"type":"Point","coordinates":[370323.245,2837971.68508]}},{"type":"Feature","properties":{"LONG":null,"LAT":null,"NOMCIEN":"Lagerstroemia indica","NOMCOM":"Árbol de Júpiter, crespón, astronómica","ORIGEN":"Introducida","ALTURA":4.8,"DAP":21.7,"OBJECTID":134,"FECHA LEV":2015,"SALUD":null,"PROYE":null,"ACCESO":null,"ACCESIBIL":null,"UBI":null,"COLONIA":null,"TRONCO":null,"CFE":null},"geometry":{"type":"Point","coordinates":[370243.627,2838004.05208]}},{"type":"Feature","properties":{"LONG":null,"LAT":null,"NOMCIEN":"Fraxinus americana","NOMCOM":"Fresno blanco americano","ORIGEN":"Nativa","ALTURA":13.6,"DAP":44.2,"OBJECTID":135,"FECHA LEV":2015,"SALUD":null,"PROYE":null,"ACCESO":null,"ACCESIBIL":null,"UBI":null,"COLONIA":null,"TRONCO":null,"CFE":null},"geometry":{"type":"Point","coordinates":[370323.025,2837951.87008]}},{"type":"Feature","properties":{"LONG":null,"LAT":null,"NOMCIEN":"Fraxinus americana","NOMCOM":"Fresno blanco americano","ORIGEN":"Nativa","ALTURA":13.2,"DAP":58.4,"OBJECTID":136,"FECHA LEV":2015,"SALUD":null,"PROYE":null,"ACCESO":null,"ACCESIBIL":null,"UBI":null,"COLONIA":null,"TRONCO":null,"CFE":null},"geometry":{"type":"Point","coordinates":[370335.647,2837951.79708]}},{"type":"Feature","properties":{"LONG":null,"LAT":null,"NOMCIEN":"Quercus shumardii","NOMCOM":"Encino rojo","ORIGEN":"Introducida","ALTURA":14.7,"DAP":22.2,"OBJECTID":137,"FECHA LEV":2015,"SALUD":null,"PROYE":null,"ACCESO":null,"ACCESIBIL":null,"UBI":null,"COLONIA":null,"TRONCO":null,"CFE":null},"geometry":{"type":"Point","coordinates":[370330.363,2837948.56808]}},{"type":"Feature","properties":{"LONG":null,"LAT":null,"NOMCIEN":"Taxodium distichum","NOMCOM":"Sabino, ciprés calvo, ciprés de los pantanos","ORIGEN":"Introducida","ALTURA":9.8,"DAP":35.2,"OBJECTID":138,"FECHA LEV":2015,"SALUD":null,"PROYE":null,"ACCESO":null,"ACCESIBIL":null,"UBI":null,"COLONIA":null,"TRONCO":null,"CFE":null},"geometry":{"type":"Point","coordinates":[370327.428,2837945.77908]}},{"type":"Feature","properties":{"LONG":null,"LAT":null,"NOMCIEN":"Quercus shumardii","NOMCOM":"Encino rojo","ORIGEN":"Introducida","ALTURA":10.1,"DAP":34.0,"OBJECTID":139,"FECHA LEV":2015,"SALUD":null,"PROYE":null,"ACCESO":null,"ACCESIBIL":null,"UBI":null,"COLONIA":null,"TRONCO":null,"CFE":null},"geometry":{"type":"Point","coordinates":[370189.128,2837943.55908]}},{"type":"Feature","properties":{"LONG":null,"LAT":null,"NOMCIEN":"Quercus shumardii","NOMCOM":"Encino rojo","ORIGEN":"Introducida","ALTURA":11.3,"DAP":37.1,"OBJECTID":140,"FECHA LEV":2015,"SALUD":null,"PROYE":null,"ACCESO":null,"ACCESIBIL":null,"UBI":null,"COLONIA":null,"TRONCO":null,"CFE":null},"geometry":{"type":"Point","coordinates":[370181.279,2837937.08208]}},{"type":"Feature","properties":{"LONG":null,"LAT":null,"NOMCIEN":"Quercus shumardii","NOMCOM":"Encino rojo","ORIGEN":"Introducida","ALTURA":11.7,"DAP":33.3,"OBJECTID":141,"FECHA LEV":2015,"SALUD":null,"PROYE":null,"ACCESO":null,"ACCESIBIL":null,"UBI":null,"COLONIA":null,"TRONCO":null,"CFE":null},"geometry":{"type":"Point","coordinates":[370199.491,2837938.22508]}},{"type":"Feature","properties":{"LONG":null,"LAT":null,"NOMCIEN":"Quercus fusiformis","NOMCOM":"Encino siempreverde, encino molino","ORIGEN":"Nativa","ALTURA":11.1,"DAP":41.5,"OBJECTID":142,"FECHA LEV":2015,"SALUD":null,"PROYE":null,"ACCESO":null,"ACCESIBIL":null,"UBI":null,"COLONIA":null,"TRONCO":null,"CFE":null},"geometry":{"type":"Point","coordinates":[370182.154,2837928.00708]}},{"type":"Feature","properties":{"LONG":null,"LAT":null,"NOMCIEN":"Quercus fusiformis","NOMCOM":"Encino siempreverde, encino molino","ORIGEN":"Nativa","ALTURA":11.0,"DAP":37.3,"OBJECTID":143,"FECHA LEV":2015,"SALUD":null,"PROYE":null,"ACCESO":null,"ACCESIBIL":null,"UBI":null,"COLONIA":null,"TRONCO":null,"CFE":null},"geometry":{"type":"Point","coordinates":[370188.67,2837932.89408]}},{"type":"Feature","properties":{"LONG":null,"LAT":null,"NOMCIEN":"Quercus vaseyana","NOMCOM":"Encino bravo, encino de Vasey","ORIGEN":"Introducida","ALTURA":11.8,"DAP":42.4,"OBJECTID":144,"FECHA LEV":2015,"SALUD":null,"PROYE":null,"ACCESO":null,"ACCESIBIL":null,"UBI":null,"COLONIA":null,"TRONCO":null,"CFE":null},"geometry":{"type":"Point","coordinates":[370192.906,2837925.72608]}},{"type":"Feature","properties":{"LONG":null,"LAT":null,"NOMCIEN":"Lagerstroemia indica","NOMCOM":"Árbol de Júpiter, crespón, astronómica","ORIGEN":"Introducida","ALTURA":4.4,"DAP":17.3,"OBJECTID":145,"FECHA LEV":2015,"SALUD":null,"PROYE":null,"ACCESO":null,"ACCESIBIL":null,"UBI":null,"COLONIA":null,"TRONCO":null,"CFE":null},"geometry":{"type":"Point","coordinates":[370245.784,2838005.13008]}},{"type":"Feature","properties":{"LONG":null,"LAT":null,"NOMCIEN":"Quercus fusiformis","NOMCOM":"Encino siempreverde, encino molino","ORIGEN":"Nativa","ALTURA":10.4,"DAP":27.1,"OBJECTID":146,"FECHA LEV":2015,"SALUD":null,"PROYE":null,"ACCESO":null,"ACCESIBIL":null,"UBI":null,"COLONIA":null,"TRONCO":null,"CFE":null},"geometry":{"type":"Point","coordinates":[370200.025,2837924.38608]}},{"type":"Feature","properties":{"LONG":null,"LAT":null,"NOMCIEN":"Quercus fusiformis","NOMCOM":"Encino siempreverde, encino molino","ORIGEN":"Nativa","ALTURA":9.2,"DAP":31.6,"OBJECTID":147,"FECHA LEV":2015,"SALUD":null,"PROYE":null,"ACCESO":null,"ACCESIBIL":null,"UBI":null,"COLONIA":null,"TRONCO":null,"CFE":null},"geometry":{"type":"Point","coordinates":[370200.025,2837902.08908]}},{"type":"Feature","properties":{"LONG":null,"LAT":null,"NOMCIEN":"Quercus fusiformis","NOMCOM":"Encino siempreverde, encino molino","ORIGEN":"Nativa","ALTURA":10.3,"DAP":37.5,"OBJECTID":148,"FECHA LEV":2015,"SALUD":null,"PROYE":null,"ACCESO":null,"ACCESIBIL":null,"UBI":null,"COLONIA":null,"TRONCO":null,"CFE":null},"geometry":{"type":"Point","coordinates":[370202.57,2837913.69608]}},{"type":"Feature","properties":{"LONG":null,"LAT":null,"NOMCIEN":"Quercus fusiformis","NOMCOM":"Encino siempreverde, encino molino","ORIGEN":"Nativa","ALTURA":10.0,"DAP":40.0,"OBJECTID":149,"FECHA LEV":2015,"SALUD":null,"PROYE":null,"ACCESO":null,"ACCESIBIL":null,"UBI":null,"COLONIA":null,"TRONCO":null,"CFE":null},"geometry":{"type":"Point","coordinates":[370195.036,2837907.58708]}},{"type":"Feature","properties":{"LONG":null,"LAT":null,"NOMCIEN":"Quercus fusiformis","NOMCOM":"Encino siempreverde, encino molino","ORIGEN":"Nativa","ALTURA":9.5,"DAP":30.3,"OBJECTID":150,"FECHA LEV":2015,"SALUD":null,"PROYE":null,"ACCESO":null,"ACCESIBIL":null,"UBI":null,"COLONIA":null,"TRONCO":null,"CFE":null},"geometry":{"type":"Point","coordinates":[370209.964,2837910.32408]}},{"type":"Feature","properties":{"LONG":null,"LAT":null,"NOMCIEN":"Quercus fusiformis","NOMCOM":"Encino siempreverde, encino molino","ORIGEN":"Nativa","ALTURA":9.4,"DAP":37.8,"OBJECTID":151,"FECHA LEV":2015,"SALUD":null,"PROYE":null,"ACCESO":null,"ACCESIBIL":null,"UBI":null,"COLONIA":null,"TRONCO":null,"CFE":null},"geometry":{"type":"Point","coordinates":[370220.782,2837909.05108]}},{"type":"Feature","properties":{"LONG":null,"LAT":null,"NOMCIEN":"Quercus fusiformis","NOMCOM":"Encino siempreverde, encino molino","ORIGEN":"Nativa","ALTURA":11.4,"DAP":38.3,"OBJECTID":152,"FECHA LEV":2015,"SALUD":null,"PROYE":null,"ACCESO":null,"ACCESIBIL":null,"UBI":null,"COLONIA":null,"TRONCO":null,"CFE":null},"geometry":{"type":"Point","coordinates":[370207.801,2837898.36108]}},{"type":"Feature","properties":{"LONG":null,"LAT":null,"NOMCIEN":"Quercus fusiformis","NOMCOM":"Encino siempreverde, encino molino","ORIGEN":"Nativa","ALTURA":7.9,"DAP":27.0,"OBJECTID":153,"FECHA LEV":2015,"SALUD":null,"PROYE":null,"ACCESO":null,"ACCESIBIL":null,"UBI":null,"COLONIA":null,"TRONCO":null,"CFE":null},"geometry":{"type":"Point","coordinates":[370205.764,2837891.36108]}},{"type":"Feature","properties":{"LONG":null,"LAT":null,"NOMCIEN":"Quercus fusiformis","NOMCOM":"Encino siempreverde, encino molino","ORIGEN":"Nativa","ALTURA":13.0,"DAP":43.5,"OBJECTID":154,"FECHA LEV":2015,"SALUD":null,"PROYE":null,"ACCESO":null,"ACCESIBIL":null,"UBI":null,"COLONIA":null,"TRONCO":null,"CFE":null},"geometry":{"type":"Point","coordinates":[370217.473,2837895.43308]}},{"type":"Feature","properties":{"LONG":null,"LAT":null,"NOMCIEN":"Quercus fusiformis","NOMCOM":"Encino siempreverde, encino molino","ORIGEN":"Nativa","ALTURA":9.9,"DAP":41.6,"OBJECTID":155,"FECHA LEV":2015,"SALUD":null,"PROYE":null,"ACCESO":null,"ACCESIBIL":null,"UBI":null,"COLONIA":null,"TRONCO":null,"CFE":null},"geometry":{"type":"Point","coordinates":[370224.727,2837899.88808]}},{"type":"Feature","properties":{"LONG":null,"LAT":null,"NOMCIEN":"Lagerstroemia indica","NOMCOM":"Árbol de Júpiter, crespón, astronómica","ORIGEN":"Introducida","ALTURA":4.4,"DAP":20.3,"OBJECTID":156,"FECHA LEV":2015,"SALUD":null,"PROYE":null,"ACCESO":null,"ACCESIBIL":null,"UBI":null,"COLONIA":null,"TRONCO":null,"CFE":null},"geometry":{"type":"Point","coordinates":[370249.174,2838006.59408]}},{"type":"Feature","properties":{"LONG":null,"LAT":null,"NOMCIEN":"Quercus fusiformis","NOMCOM":"Encino siempreverde, encino molino","ORIGEN":"Nativa","ALTURA":10.1,"DAP":35.0,"OBJECTID":157,"FECHA LEV":2015,"SALUD":null,"PROYE":null,"ACCESO":null,"ACCESIBIL":null,"UBI":null,"COLONIA":null,"TRONCO":null,"CFE":null},"geometry":{"type":"Point","coordinates":[370212.509,2837887.54308]}},{"type":"Feature","properties":{"LONG":null,"LAT":null,"NOMCIEN":"Quercus fusiformis","NOMCOM":"Encino siempreverde, encino molino","ORIGEN":"Nativa","ALTURA":11.1,"DAP":52.9,"OBJECTID":158,"FECHA LEV":2015,"SALUD":null,"PROYE":null,"ACCESO":null,"ACCESIBIL":null,"UBI":null,"COLONIA":null,"TRONCO":null,"CFE":null},"geometry":{"type":"Point","coordinates":[370210.346,2837880.92508]}},{"type":"Feature","properties":{"LONG":null,"LAT":null,"NOMCIEN":"Quercus fusiformis","NOMCOM":"Encino siempreverde, encino molino","ORIGEN":"Nativa","ALTURA":10.7,"DAP":35.5,"OBJECTID":159,"FECHA LEV":2015,"SALUD":null,"PROYE":null,"ACCESO":null,"ACCESIBIL":null,"UBI":null,"COLONIA":null,"TRONCO":null,"CFE":null},"geometry":{"type":"Point","coordinates":[370218.745,2837883.47108]}},{"type":"Feature","properties":{"LONG":null,"LAT":null,"NOMCIEN":"Quercus fusiformis","NOMCOM":"Encino siempreverde, encino molino","ORIGEN":"Nativa","ALTURA":104.0,"DAP":33.7,"OBJECTID":160,"FECHA LEV":2015,"SALUD":null,"PROYE":null,"ACCESO":null,"ACCESIBIL":null,"UBI":null,"COLONIA":null,"TRONCO":null,"CFE":null},"geometry":{"type":"Point","coordinates":[370236.913,2837903.41908]}},{"type":"Feature","properties":{"LONG":null,"LAT":null,"NOMCIEN":"Quercus fusiformis","NOMCOM":"Encino siempreverde, encino molino","ORIGEN":"Nativa","ALTURA":11.0,"DAP":34.56,"OBJECTID":161,"FECHA LEV":2015,"SALUD":null,"PROYE":null,"ACCESO":null,"ACCESIBIL":null,"UBI":null,"COLONIA":null,"TRONCO":null,"CFE":null},"geometry":{"type":"Point","coordinates":[370234.208,2837894.03408]}},{"type":"Feature","properties":{"LONG":null,"LAT":null,"NOMCIEN":"Quercus fusiformis","NOMCOM":"Encino siempreverde, encino molino","ORIGEN":"Nativa","ALTURA":13.1,"DAP":43.1,"OBJECTID":162,"FECHA LEV":2015,"SALUD":null,"PROYE":null,"ACCESO":null,"ACCESIBIL":null,"UBI":null,"COLONIA":null,"TRONCO":null,"CFE":null},"geometry":{"type":"Point","coordinates":[370218.618,2837874.46608]}},{"type":"Feature","properties":{"LONG":null,"LAT":null,"NOMCIEN":"Ungnadia speciosa","NOMCOM":"Monilla","ORIGEN":"Nativa","ALTURA":3.0,"DAP":10.8,"OBJECTID":163,"FECHA LEV":2015,"SALUD":null,"PROYE":null,"ACCESO":null,"ACCESIBIL":null,"UBI":null,"COLONIA":null,"TRONCO":null,"CFE":null},"geometry":{"type":"Point","coordinates":[370221.959,2837865.24008]}},{"type":"Feature","properties":{"LONG":null,"LAT":null,"NOMCIEN":"Quercus polymorpha","NOMCOM":"Encino roble, roble","ORIGEN":"Nativa","ALTURA":8.6,"DAP":28.3,"OBJECTID":164,"FECHA LEV":2015,"SALUD":null,"PROYE":null,"ACCESO":null,"ACCESIBIL":null,"UBI":null,"COLONIA":null,"TRONCO":null,"CFE":null},"geometry":{"type":"Point","coordinates":[370227.368,2837858.55808]}},{"type":"Feature","properties":{"LONG":null,"LAT":null,"NOMCIEN":"Ungnadia speciosa","NOMCOM":"Monilla","ORIGEN":"Nativa","ALTURA":6.9,"DAP":14.9,"OBJECTID":165,"FECHA LEV":2015,"SALUD":null,"PROYE":null,"ACCESO":null,"ACCESIBIL":null,"UBI":null,"COLONIA":null,"TRONCO":null,"CFE":null},"geometry":{"type":"Point","coordinates":[370233.413,2837861.42208]}},{"type":"Feature","properties":{"LONG":null,"LAT":null,"NOMCIEN":"Taxodium distichum","NOMCOM":"Sabino, ciprés calvo, ciprés de los pantanos","ORIGEN":"Introducida","ALTURA":13.2,"DAP":40.7,"OBJECTID":166,"FECHA LEV":2015,"SALUD":null,"PROYE":null,"ACCESO":null,"ACCESIBIL":null,"UBI":null,"COLONIA":null,"TRONCO":null,"CFE":null},"geometry":{"type":"Point","coordinates":[370238.503,2837867.46708]}},{"type":"Feature","properties":{"LONG":null,"LAT":null,"NOMCIEN":"Lagerstroemia indica","NOMCOM":"Árbol de Júpiter, crespón, astronómica","ORIGEN":"Introducida","ALTURA":4.7,"DAP":25.8,"OBJECTID":167,"FECHA LEV":2015,"SALUD":null,"PROYE":null,"ACCESO":null,"ACCESIBIL":null,"UBI":null,"COLONIA":null,"TRONCO":null,"CFE":null},"geometry":{"type":"Point","coordinates":[370251.486,2838007.75008]}},{"type":"Feature","properties":{"LONG":null,"LAT":null,"NOMCIEN":"Quercus shumardii","NOMCOM":"Encino rojo","ORIGEN":"Introducida","ALTURA":13.7,"DAP":48.0,"OBJECTID":168,"FECHA LEV":2015,"SALUD":null,"PROYE":null,"ACCESO":null,"ACCESIBIL":null,"UBI":null,"COLONIA":null,"TRONCO":null,"CFE":null},"geometry":{"type":"Point","coordinates":[370248.235,2837874.97308]}},{"type":"Feature","properties":{"LONG":null,"LAT":null,"NOMCIEN":"Taxodium distichum","NOMCOM":"Sabino, ciprés calvo, ciprés de los pantanos","ORIGEN":"Introducida","ALTURA":10.3,"DAP":36.3,"OBJECTID":169,"FECHA LEV":2015,"SALUD":null,"PROYE":null,"ACCESO":null,"ACCESIBIL":null,"UBI":null,"COLONIA":null,"TRONCO":null,"CFE":null},"geometry":{"type":"Point","coordinates":[370256.381,2837904.42408]}},{"type":"Feature","properties":{"LONG":null,"LAT":null,"NOMCIEN":"Taxodium distichum","NOMCOM":"Sabino, ciprés calvo, ciprés de los pantanos","ORIGEN":"Introducida","ALTURA":11.4,"DAP":35.8,"OBJECTID":170,"FECHA LEV":2015,"SALUD":null,"PROYE":null,"ACCESO":null,"ACCESIBIL":null,"UBI":null,"COLONIA":null,"TRONCO":null,"CFE":null},"geometry":{"type":"Point","coordinates":[370263.789,2837892.52908]}},{"type":"Feature","properties":{"LONG":null,"LAT":null,"NOMCIEN":"Ungnadia speciosa","NOMCOM":"Monilla","ORIGEN":"Nativa","ALTURA":4.7,"DAP":10.7,"OBJECTID":171,"FECHA LEV":2015,"SALUD":null,"PROYE":null,"ACCESO":null,"ACCESIBIL":null,"UBI":null,"COLONIA":null,"TRONCO":null,"CFE":null},"geometry":{"type":"Point","coordinates":[370196.657,2837919.38608]}},{"type":"Feature","properties":{"LONG":null,"LAT":null,"NOMCIEN":"Dermatophyllum secundiflorum","NOMCOM":"Colorín","ORIGEN":"Nativa","ALTURA":5.7,"DAP":15.6,"OBJECTID":172,"FECHA LEV":2015,"SALUD":null,"PROYE":null,"ACCESO":null,"ACCESIBIL":null,"UBI":null,"COLONIA":null,"TRONCO":null,"CFE":null},"geometry":{"type":"Point","coordinates":[370197.95,2837904.68808]}},{"type":"Feature","properties":{"LONG":null,"LAT":null,"NOMCIEN":"Ungnadia speciosa","NOMCOM":"Monilla","ORIGEN":"Nativa","ALTURA":3.6,"DAP":8.4,"OBJECTID":173,"FECHA LEV":2015,"SALUD":null,"PROYE":null,"ACCESO":null,"ACCESIBIL":null,"UBI":null,"COLONIA":null,"TRONCO":null,"CFE":null},"geometry":{"type":"Point","coordinates":[370194.073,2837921.97008]}},{"type":"Feature","properties":{"LONG":null,"LAT":null,"NOMCIEN":"Ceiba pentandra","NOMCOM":"Ceiba","ORIGEN":"Nativa","ALTURA":7.5,"DAP":35.4,"OBJECTID":174,"FECHA LEV":2015,"SALUD":null,"PROYE":null,"ACCESO":null,"ACCESIBIL":null,"UBI":null,"COLONIA":null,"TRONCO":null,"CFE":null},"geometry":{"type":"Point","coordinates":[370202.795,2837908.40308]}},{"type":"Feature","properties":{"LONG":null,"LAT":null,"NOMCIEN":"Dermatophyllum secundiflorum","NOMCOM":"Colorín","ORIGEN":"Nativa","ALTURA":5.6,"DAP":20.3,"OBJECTID":175,"FECHA LEV":2015,"SALUD":null,"PROYE":null,"ACCESO":null,"ACCESIBIL":null,"UBI":null,"COLONIA":null,"TRONCO":null,"CFE":null},"geometry":{"type":"Point","coordinates":[370216.847,2837879.97608]}},{"type":"Feature","properties":{"LONG":null,"LAT":null,"NOMCIEN":"Dermatophyllum secundiflorum","NOMCOM":"Colorín","ORIGEN":"Nativa","ALTURA":5.7,"DAP":25.0,"OBJECTID":176,"FECHA LEV":2015,"SALUD":null,"PROYE":null,"ACCESO":null,"ACCESIBIL":null,"UBI":null,"COLONIA":null,"TRONCO":null,"CFE":null},"geometry":{"type":"Point","coordinates":[370213.294,2837879.81508]}},{"type":"Feature","properties":{"LONG":null,"LAT":null,"NOMCIEN":"Cercis canadensis var. texensi","NOMCOM":"Duraznillo","ORIGEN":"Nativa","ALTURA":1.6,"DAP":2.0,"OBJECTID":177,"FECHA LEV":2015,"SALUD":null,"PROYE":null,"ACCESO":null,"ACCESIBIL":null,"UBI":null,"COLONIA":null,"TRONCO":null,"CFE":null},"geometry":{"type":"Point","coordinates":[370230.899,2837865.92408]}},{"type":"Feature","properties":{"LONG":null,"LAT":null,"NOMCIEN":"Lagerstroemia indica","NOMCOM":"Árbol de Júpiter, crespón, astronómica","ORIGEN":"Introducida","ALTURA":4.4,"DAP":20.1,"OBJECTID":178,"FECHA LEV":2015,"SALUD":null,"PROYE":null,"ACCESO":null,"ACCESIBIL":null,"UBI":null,"COLONIA":null,"TRONCO":null,"CFE":null},"geometry":{"type":"Point","coordinates":[370254.722,2838008.13508]}},{"type":"Feature","properties":{"LONG":null,"LAT":null,"NOMCIEN":"Azadirachta indica","NOMCOM":"Neem, nim, árbol de Nim","ORIGEN":"Introducida","ALTURA":10.0,"DAP":29.7,"OBJECTID":179,"FECHA LEV":2015,"SALUD":null,"PROYE":null,"ACCESO":null,"ACCESIBIL":null,"UBI":null,"COLONIA":null,"TRONCO":null,"CFE":null},"geometry":{"type":"Point","coordinates":[370235.906,2837869.63908]}},{"type":"Feature","properties":{"LONG":null,"LAT":null,"NOMCIEN":"Ungnadia speciosa","NOMCOM":"Monilla","ORIGEN":"Nativa","ALTURA":5.2,"DAP":23.8,"OBJECTID":180,"FECHA LEV":2015,"SALUD":null,"PROYE":null,"ACCESO":null,"ACCESIBIL":null,"UBI":null,"COLONIA":null,"TRONCO":null,"CFE":null},"geometry":{"type":"Point","coordinates":[370238.813,2837884.98308]}},{"type":"Feature","properties":{"LONG":null,"LAT":null,"NOMCIEN":"Dermatophyllum secundiflorum","NOMCOM":"Colorín","ORIGEN":"Nativa","ALTURA":6.0,"DAP":22.5,"OBJECTID":181,"FECHA LEV":2015,"SALUD":null,"PROYE":null,"ACCESO":null,"ACCESIBIL":null,"UBI":null,"COLONIA":null,"TRONCO":null,"CFE":null},"geometry":{"type":"Point","coordinates":[370244.298,2837870.60708]}},{"type":"Feature","properties":{"LONG":null,"LAT":null,"NOMCIEN":"Ebenopsis ebano","NOMCOM":"Ébano","ORIGEN":"Nativa","ALTURA":4.4,"DAP":6.6,"OBJECTID":182,"FECHA LEV":2015,"SALUD":null,"PROYE":null,"ACCESO":null,"ACCESIBIL":null,"UBI":null,"COLONIA":null,"TRONCO":null,"CFE":null},"geometry":{"type":"Point","coordinates":[370200.0,2837947.00008]}},{"type":"Feature","properties":{"LONG":null,"LAT":null,"NOMCIEN":"Ebenopsis ebano","NOMCOM":"Ébano","ORIGEN":"Nativa","ALTURA":5.4,"DAP":10.4,"OBJECTID":183,"FECHA LEV":2015,"SALUD":null,"PROYE":null,"ACCESO":null,"ACCESIBIL":null,"UBI":null,"COLONIA":null,"TRONCO":null,"CFE":null},"geometry":{"type":"Point","coordinates":[370197.0,2837905.00008]}},{"type":"Feature","properties":{"LONG":null,"LAT":null,"NOMCIEN":"Ebenopsis ebano","NOMCOM":"Ébano","ORIGEN":"Nativa","ALTURA":6.0,"DAP":5.8,"OBJECTID":184,"FECHA LEV":2015,"SALUD":null,"PROYE":null,"ACCESO":null,"ACCESIBIL":null,"UBI":null,"COLONIA":null,"TRONCO":null,"CFE":null},"geometry":{"type":"Point","coordinates":[370267.024,2837902.12808]}},{"type":"Feature","properties":{"LONG":null,"LAT":null,"NOMCIEN":"Quercus polymorpha","NOMCOM":"Encino roble, roble","ORIGEN":"Nativa","ALTURA":14.0,"DAP":37.2,"OBJECTID":185,"FECHA LEV":2015,"SALUD":null,"PROYE":null,"ACCESO":null,"ACCESIBIL":null,"UBI":null,"COLONIA":null,"TRONCO":null,"CFE":null},"geometry":{"type":"Point","coordinates":[370249.0,2837933.00008]}},{"type":"Feature","properties":{"LONG":null,"LAT":null,"NOMCIEN":"Quercus fusiformis","NOMCOM":"Encino siempreverde, encino molino","ORIGEN":"Nativa","ALTURA":7.8,"DAP":41.2,"OBJECTID":186,"FECHA LEV":2015,"SALUD":null,"PROYE":null,"ACCESO":null,"ACCESIBIL":null,"UBI":null,"COLONIA":null,"TRONCO":null,"CFE":null},"geometry":{"type":"Point","coordinates":[370288.625,2837998.88908]}},{"type":"Feature","properties":{"LONG":null,"LAT":null,"NOMCIEN":"Quercus fusiformis","NOMCOM":"Encino siempreverde, encino molino","ORIGEN":"Nativa","ALTURA":7.7,"DAP":33.9,"OBJECTID":187,"FECHA LEV":2015,"SALUD":null,"PROYE":null,"ACCESO":null,"ACCESIBIL":null,"UBI":null,"COLONIA":null,"TRONCO":null,"CFE":null},"geometry":{"type":"Point","coordinates":[370294.943,2837993.11008]}},{"type":"Feature","properties":{"LONG":null,"LAT":null,"NOMCIEN":"Thuja occidentalis","NOMCOM":"Pagoda japonesa, tuja","ORIGEN":"Introducida","ALTURA":6.3,"DAP":39.0,"OBJECTID":188,"FECHA LEV":2015,"SALUD":null,"PROYE":null,"ACCESO":null,"ACCESIBIL":null,"UBI":null,"COLONIA":null,"TRONCO":null,"CFE":null},"geometry":{"type":"Point","coordinates":[370314.96,2837914.30308]}},{"type":"Feature","properties":{"LONG":null,"LAT":null,"NOMCIEN":"Fraxinus americana","NOMCOM":"Fresno blanco americano","ORIGEN":"Nativa","ALTURA":17.0,"DAP":60.0,"OBJECTID":189,"FECHA LEV":2015,"SALUD":null,"PROYE":null,"ACCESO":null,"ACCESIBIL":null,"UBI":null,"COLONIA":null,"TRONCO":null,"CFE":null},"geometry":{"type":"Point","coordinates":[370292.18,2837877.83608]}},{"type":"Feature","properties":{"LONG":null,"LAT":null,"NOMCIEN":"Fraxinus americana","NOMCOM":"Fresno blanco americano","ORIGEN":"Nativa","ALTURA":11.9,"DAP":89.3,"OBJECTID":190,"FECHA LEV":2015,"SALUD":null,"PROYE":null,"ACCESO":null,"ACCESIBIL":null,"UBI":null,"COLONIA":null,"TRONCO":null,"CFE":null},"geometry":{"type":"Point","coordinates":[370283.191,2837878.66508]}},{"type":"Feature","properties":{"LONG":null,"LAT":null,"NOMCIEN":"Fraxinus americana","NOMCOM":"Fresno blanco americano","ORIGEN":"Nativa","ALTURA":14.2,"DAP":78.8,"OBJECTID":191,"FECHA LEV":2015,"SALUD":null,"PROYE":null,"ACCESO":null,"ACCESIBIL":null,"UBI":null,"COLONIA":null,"TRONCO":null,"CFE":null},"geometry":{"type":"Point","coordinates":[370280.197,2837874.96908]}},{"type":"Feature","properties":{"LONG":null,"LAT":null,"NOMCIEN":"Fraxinus americana","NOMCOM":"Fresno blanco americano","ORIGEN":"Nativa","ALTURA":16.5,"DAP":51.5,"OBJECTID":192,"FECHA LEV":2015,"SALUD":null,"PROYE":null,"ACCESO":null,"ACCESIBIL":null,"UBI":null,"COLONIA":null,"TRONCO":null,"CFE":null},"geometry":{"type":"Point","coordinates":[370278.365,2837866.57008]}},{"type":"Feature","properties":{"LONG":null,"LAT":null,"NOMCIEN":"Populus tremuloides","NOMCOM":"Alamillo, álamo temblón","ORIGEN":"Nativa","ALTURA":15.5,"DAP":66.7,"OBJECTID":193,"FECHA LEV":2015,"SALUD":null,"PROYE":null,"ACCESO":null,"ACCESIBIL":null,"UBI":null,"COLONIA":null,"TRONCO":null,"CFE":null},"geometry":{"type":"Point","coordinates":[370270.921,2837880.71308]}},{"type":"Feature","properties":{"LONG":null,"LAT":null,"NOMCIEN":"Quercus shumardii","NOMCOM":"Encino rojo","ORIGEN":"Introducida","ALTURA":12.2,"DAP":51.4,"OBJECTID":194,"FECHA LEV":2015,"SALUD":null,"PROYE":null,"ACCESO":null,"ACCESIBIL":null,"UBI":null,"COLONIA":null,"TRONCO":null,"CFE":null},"geometry":{"type":"Point","coordinates":[370266.455,2837865.20608]}},{"type":"Feature","properties":{"LONG":null,"LAT":null,"NOMCIEN":"Quercus shumardii","NOMCOM":"Encino rojo","ORIGEN":"Introducida","ALTURA":13.4,"DAP":38.9,"OBJECTID":195,"FECHA LEV":2015,"SALUD":null,"PROYE":null,"ACCESO":null,"ACCESIBIL":null,"UBI":null,"COLONIA":null,"TRONCO":null,"CFE":null},"geometry":{"type":"Point","coordinates":[370253.18,2837859.68508]}},{"type":"Feature","properties":{"LONG":null,"LAT":null,"NOMCIEN":"Fraxinus americana","NOMCOM":"Fresno blanco americano","ORIGEN":"Nativa","ALTURA":8.3,"DAP":51.1,"OBJECTID":196,"FECHA LEV":2015,"SALUD":null,"PROYE":null,"ACCESO":null,"ACCESIBIL":null,"UBI":null,"COLONIA":null,"TRONCO":null,"CFE":null},"geometry":{"type":"Point","coordinates":[370246.481,2837853.42008]}},{"type":"Feature","properties":{"LONG":null,"LAT":null,"NOMCIEN":"Fraxinus americana","NOMCOM":"Fresno blanco americano","ORIGEN":"Nativa","ALTURA":11.1,"DAP":59.7,"OBJECTID":197,"FECHA LEV":2015,"SALUD":null,"PROYE":null,"ACCESO":null,"ACCESIBIL":null,"UBI":null,"COLONIA":null,"TRONCO":null,"CFE":null},"geometry":{"type":"Point","coordinates":[370232.963,2837837.00908]}},{"type":"Feature","properties":{"LONG":null,"LAT":null,"NOMCIEN":"Quercus shumardii","NOMCOM":"Encino rojo","ORIGEN":"Introducida","ALTURA":7.0,"DAP":36.7,"OBJECTID":198,"FECHA LEV":2015,"SALUD":null,"PROYE":null,"ACCESO":null,"ACCESIBIL":null,"UBI":null,"COLONIA":null,"TRONCO":null,"CFE":null},"geometry":{"type":"Point","coordinates":[370236.442,2837839.32808]}},{"type":"Feature","properties":{"LONG":null,"LAT":null,"NOMCIEN":"Thuja occidentalis","NOMCOM":"Pagoda japonesa, tuja","ORIGEN":"Introducida","ALTURA":7.8,"DAP":50.6,"OBJECTID":199,"FECHA LEV":2015,"SALUD":null,"PROYE":null,"ACCESO":null,"ACCESIBIL":null,"UBI":null,"COLONIA":null,"TRONCO":null,"CFE":null},"geometry":{"type":"Point","coordinates":[370309.227,2837915.73608]}},{"type":"Feature","properties":{"LONG":null,"LAT":null,"NOMCIEN":"Fraxinus americana","NOMCOM":"Fresno blanco americano","ORIGEN":"Nativa","ALTURA":10.1,"DAP":29.7,"OBJECTID":200,"FECHA LEV":2015,"SALUD":null,"PROYE":null,"ACCESO":null,"ACCESIBIL":null,"UBI":null,"COLONIA":null,"TRONCO":null,"CFE":null},"geometry":{"type":"Point","coordinates":[370241.589,2837822.22108]}},{"type":"Feature","properties":{"LONG":null,"LAT":null,"NOMCIEN":"Quercus shumardii","NOMCOM":"Encino rojo","ORIGEN":"Introducida","ALTURA":11.2,"DAP":38.3,"OBJECTID":201,"FECHA LEV":2015,"SALUD":null,"PROYE":null,"ACCESO":null,"ACCESIBIL":null,"UBI":null,"COLONIA":null,"TRONCO":null,"CFE":null},"geometry":{"type":"Point","coordinates":[370237.892,2837828.38308]}},{"type":"Feature","properties":{"LONG":null,"LAT":null,"NOMCIEN":"Quercus shumardii","NOMCOM":"Encino rojo","ORIGEN":"Introducida","ALTURA":13.3,"DAP":35.7,"OBJECTID":202,"FECHA LEV":2015,"SALUD":null,"PROYE":null,"ACCESO":null,"ACCESIBIL":null,"UBI":null,"COLONIA":null,"TRONCO":null,"CFE":null},"geometry":{"type":"Point","coordinates":[370240.428,2837831.68308]}},{"type":"Feature","properties":{"LONG":null,"LAT":null,"NOMCIEN":"Fraxinus americana","NOMCOM":"Fresno blanco americano","ORIGEN":"Nativa","ALTURA":13.5,"DAP":49.8,"OBJECTID":203,"FECHA LEV":2015,"SALUD":null,"PROYE":null,"ACCESO":null,"ACCESIBIL":null,"UBI":null,"COLONIA":null,"TRONCO":null,"CFE":null},"geometry":{"type":"Point","coordinates":[370250.206,2837834.95208]}},{"type":"Feature","properties":{"LONG":null,"LAT":null,"NOMCIEN":"Fraxinus americana","NOMCOM":"Fresno blanco americano","ORIGEN":"Nativa","ALTURA":14.2,"DAP":85.0,"OBJECTID":204,"FECHA LEV":2015,"SALUD":null,"PROYE":null,"ACCESO":null,"ACCESIBIL":null,"UBI":null,"COLONIA":null,"TRONCO":null,"CFE":null},"geometry":{"type":"Point","coordinates":[370259.266,2837836.94508]}},{"type":"Feature","properties":{"LONG":null,"LAT":null,"NOMCIEN":"Fraxinus americana","NOMCOM":"Fresno blanco americano","ORIGEN":"Nativa","ALTURA":15.0,"DAP":85.5,"OBJECTID":205,"FECHA LEV":2015,"SALUD":null,"PROYE":null,"ACCESO":null,"ACCESIBIL":null,"UBI":null,"COLONIA":null,"TRONCO":null,"CFE":null},"geometry":{"type":"Point","coordinates":[370274.761,2837839.02908]}},{"type":"Feature","properties":{"LONG":null,"LAT":null,"NOMCIEN":"Quercus fusiformis","NOMCOM":"Encino siempreverde, encino molino","ORIGEN":"Nativa","ALTURA":11.7,"DAP":47.3,"OBJECTID":206,"FECHA LEV":2015,"SALUD":null,"PROYE":null,"ACCESO":null,"ACCESIBIL":null,"UBI":null,"COLONIA":null,"TRONCO":null,"CFE":null},"geometry":{"type":"Point","coordinates":[370285.815,2837837.03608]}},{"type":"Feature","properties":{"LONG":null,"LAT":null,"NOMCIEN":"Fraxinus americana","NOMCOM":"Fresno blanco americano","ORIGEN":"Nativa","ALTURA":8.4,"DAP":35.6,"OBJECTID":207,"FECHA LEV":2015,"SALUD":null,"PROYE":null,"ACCESO":null,"ACCESIBIL":null,"UBI":null,"COLONIA":null,"TRONCO":null,"CFE":null},"geometry":{"type":"Point","coordinates":[370295.51,2837836.85508]}},{"type":"Feature","properties":{"LONG":null,"LAT":null,"NOMCIEN":"Quercus fusiformis","NOMCOM":"Encino siempreverde, encino molino","ORIGEN":"Nativa","ALTURA":10.9,"DAP":30.2,"OBJECTID":208,"FECHA LEV":2015,"SALUD":null,"PROYE":null,"ACCESO":null,"ACCESIBIL":null,"UBI":null,"COLONIA":null,"TRONCO":null,"CFE":null},"geometry":{"type":"Point","coordinates":[370329.453,2837847.65708]}},{"type":"Feature","properties":{"LONG":null,"LAT":null,"NOMCIEN":"Quercus fusiformis","NOMCOM":"Encino siempreverde, encino molino","ORIGEN":"Nativa","ALTURA":9.6,"DAP":34.6,"OBJECTID":209,"FECHA LEV":2015,"SALUD":null,"PROYE":null,"ACCESO":null,"ACCESIBIL":null,"UBI":null,"COLONIA":null,"TRONCO":null,"CFE":null},"geometry":{"type":"Point","coordinates":[370323.762,2837846.95708]}},{"type":"Feature","properties":{"LONG":null,"LAT":null,"NOMCIEN":"Thuja occidentalis","NOMCOM":"Pagoda japonesa, tuja","ORIGEN":"Introducida","ALTURA":9.0,"DAP":38.3,"OBJECTID":210,"FECHA LEV":2015,"SALUD":null,"PROYE":null,"ACCESO":null,"ACCESIBIL":null,"UBI":null,"COLONIA":null,"TRONCO":null,"CFE":null},"geometry":{"type":"Point","coordinates":[370304.067,2837916.31008]}},{"type":"Feature","properties":{"LONG":null,"LAT":null,"NOMCIEN":"Quercus fusiformis","NOMCOM":"Encino siempreverde, encino molino","ORIGEN":"Nativa","ALTURA":10.1,"DAP":26.8,"OBJECTID":211,"FECHA LEV":2015,"SALUD":null,"PROYE":null,"ACCESO":null,"ACCESIBIL":null,"UBI":null,"COLONIA":null,"TRONCO":null,"CFE":null},"geometry":{"type":"Point","coordinates":[370318.902,2837848.40208]}},{"type":"Feature","properties":{"LONG":null,"LAT":null,"NOMCIEN":"Fraxinus americana","NOMCOM":"Fresno blanco americano","ORIGEN":"Nativa","ALTURA":11.4,"DAP":71.7,"OBJECTID":212,"FECHA LEV":2015,"SALUD":null,"PROYE":null,"ACCESO":null,"ACCESIBIL":null,"UBI":null,"COLONIA":null,"TRONCO":null,"CFE":null},"geometry":{"type":"Point","coordinates":[370349.617,2837809.85408]}},{"type":"Feature","properties":{"LONG":null,"LAT":null,"NOMCIEN":"Quercus shumardii","NOMCOM":"Encino rojo","ORIGEN":"Introducida","ALTURA":9.8,"DAP":22.2,"OBJECTID":213,"FECHA LEV":2015,"SALUD":null,"PROYE":null,"ACCESO":null,"ACCESIBIL":null,"UBI":null,"COLONIA":null,"TRONCO":null,"CFE":null},"geometry":{"type":"Point","coordinates":[370341.414,2837816.66108]}},{"type":"Feature","properties":{"LONG":null,"LAT":null,"NOMCIEN":"Fraxinus americana","NOMCOM":"Fresno blanco americano","ORIGEN":"Nativa","ALTURA":16.9,"DAP":49.9,"OBJECTID":214,"FECHA LEV":2015,"SALUD":null,"PROYE":null,"ACCESO":null,"ACCESIBIL":null,"UBI":null,"COLONIA":null,"TRONCO":null,"CFE":null},"geometry":{"type":"Point","coordinates":[370336.44,2837824.16608]}},{"type":"Feature","properties":{"LONG":null,"LAT":null,"NOMCIEN":"Fraxinus americana","NOMCOM":"Fresno blanco americano","ORIGEN":"Nativa","ALTURA":14.0,"DAP":51.7,"OBJECTID":215,"FECHA LEV":2015,"SALUD":null,"PROYE":null,"ACCESO":null,"ACCESIBIL":null,"UBI":null,"COLONIA":null,"TRONCO":null,"CFE":null},"geometry":{"type":"Point","coordinates":[370329.459,2837833.41708]}},{"type":"Feature","properties":{"LONG":null,"LAT":null,"NOMCIEN":"Fraxinus americana","NOMCOM":"Fresno blanco americano","ORIGEN":"Nativa","ALTURA":9.7,"DAP":67.7,"OBJECTID":216,"FECHA LEV":2015,"SALUD":null,"PROYE":null,"ACCESO":null,"ACCESIBIL":null,"UBI":null,"COLONIA":null,"TRONCO":null,"CFE":null},"geometry":{"type":"Point","coordinates":[370317.94,2837836.20908]}},{"type":"Feature","properties":{"LONG":null,"LAT":null,"NOMCIEN":"Fraxinus americana","NOMCOM":"Fresno blanco americano","ORIGEN":"Nativa","ALTURA":9.5,"DAP":74.9,"OBJECTID":217,"FECHA LEV":2015,"SALUD":null,"PROYE":null,"ACCESO":null,"ACCESIBIL":null,"UBI":null,"COLONIA":null,"TRONCO":null,"CFE":null},"geometry":{"type":"Point","coordinates":[370307.555,2837836.64508]}},{"type":"Feature","properties":{"LONG":null,"LAT":null,"NOMCIEN":"Quercus fusiformis","NOMCOM":"Encino siempreverde, encino molino","ORIGEN":"Nativa","ALTURA":10.9,"DAP":48.2,"OBJECTID":218,"FECHA LEV":2015,"SALUD":null,"PROYE":null,"ACCESO":null,"ACCESIBIL":null,"UBI":null,"COLONIA":null,"TRONCO":null,"CFE":null},"geometry":{"type":"Point","coordinates":[370337.138,2837815.52708]}},{"type":"Feature","properties":{"LONG":null,"LAT":null,"NOMCIEN":"Quercus fusiformis","NOMCOM":"Encino siempreverde, encino molino","ORIGEN":"Nativa","ALTURA":10.0,"DAP":37.6,"OBJECTID":219,"FECHA LEV":2015,"SALUD":null,"PROYE":null,"ACCESO":null,"ACCESIBIL":null,"UBI":null,"COLONIA":null,"TRONCO":null,"CFE":null},"geometry":{"type":"Point","coordinates":[370326.786,2837828.27908]}},{"type":"Feature","properties":{"LONG":null,"LAT":null,"NOMCIEN":"Fraxinus americana","NOMCOM":"Fresno blanco americano","ORIGEN":"Nativa","ALTURA":6.0,"DAP":17.3,"OBJECTID":220,"FECHA LEV":2015,"SALUD":null,"PROYE":null,"ACCESO":null,"ACCESIBIL":null,"UBI":null,"COLONIA":null,"TRONCO":null,"CFE":null},"geometry":{"type":"Point","coordinates":[370275.172,2837762.11608]}},{"type":"Feature","properties":{"LONG":null,"LAT":null,"NOMCIEN":"Thuja occidentalis","NOMCOM":"Pagoda japonesa, tuja","ORIGEN":"Introducida","ALTURA":8.9,"DAP":37.5,"OBJECTID":221,"FECHA LEV":2015,"SALUD":null,"PROYE":null,"ACCESO":null,"ACCESIBIL":null,"UBI":null,"COLONIA":null,"TRONCO":null,"CFE":null},"geometry":{"type":"Point","coordinates":[370298.19,2837918.03008]}},{"type":"Feature","properties":{"LONG":null,"LAT":null,"NOMCIEN":"Thuja occidentalis","NOMCOM":"Pagoda japonesa, tuja","ORIGEN":"Introducida","ALTURA":9.0,"DAP":35.0,"OBJECTID":222,"FECHA LEV":2015,"SALUD":null,"PROYE":null,"ACCESO":null,"ACCESIBIL":null,"UBI":null,"COLONIA":null,"TRONCO":null,"CFE":null},"geometry":{"type":"Point","coordinates":[370301.51,2837917.77008]}},{"type":"Feature","properties":{"LONG":null,"LAT":null,"NOMCIEN":"Thuja occidentalis","NOMCOM":"Pagoda japonesa, tuja","ORIGEN":"Introducida","ALTURA":7.9,"DAP":26.9,"OBJECTID":223,"FECHA LEV":2015,"SALUD":null,"PROYE":null,"ACCESO":null,"ACCESIBIL":null,"UBI":null,"COLONIA":null,"TRONCO":null,"CFE":null},"geometry":{"type":"Point","coordinates":[370293.99,2837919.37008]}},{"type":"Feature","properties":{"LONG":null,"LAT":null,"NOMCIEN":"Thuja occidentalis","NOMCOM":"Pagoda japonesa, tuja","ORIGEN":"Introducida","ALTURA":5.3,"DAP":15.6,"OBJECTID":224,"FECHA LEV":2015,"SALUD":null,"PROYE":null,"ACCESO":null,"ACCESIBIL":null,"UBI":null,"COLONIA":null,"TRONCO":null,"CFE":null},"geometry":{"type":"Point","coordinates":[370288.78,2837917.97008]}},{"type":"Feature","properties":{"LONG":null,"LAT":null,"NOMCIEN":"Thuja occidentalis","NOMCOM":"Pagoda japonesa, tuja","ORIGEN":"Introducida","ALTURA":6.9,"DAP":23.1,"OBJECTID":225,"FECHA LEV":2015,"SALUD":null,"PROYE":null,"ACCESO":null,"ACCESIBIL":null,"UBI":null,"COLONIA":null,"TRONCO":null,"CFE":null},"geometry":{"type":"Point","coordinates":[370289.46,2837916.46008]}},{"type":"Feature","properties":{"LONG":null,"LAT":null,"NOMCIEN":"Thuja occidentalis","NOMCOM":"Pagoda japonesa, tuja","ORIGEN":"Introducida","ALTURA":7.6,"DAP":29.2,"OBJECTID":226,"FECHA LEV":2015,"SALUD":null,"PROYE":null,"ACCESO":null,"ACCESIBIL":null,"UBI":null,"COLONIA":null,"TRONCO":null,"CFE":null},"geometry":{"type":"Point","coordinates":[370290.78,2837915.46008]}},{"type":"Feature","properties":{"LONG":null,"LAT":null,"NOMCIEN":"Thuja occidentalis","NOMCOM":"Pagoda japonesa, tuja","ORIGEN":"Introducida","ALTURA":7.4,"DAP":18.8,"OBJECTID":227,"FECHA LEV":2015,"SALUD":null,"PROYE":null,"ACCESO":null,"ACCESIBIL":null,"UBI":null,"COLONIA":null,"TRONCO":null,"CFE":null},"geometry":{"type":"Point","coordinates":[370290.17,2837915.91008]}},{"type":"Feature","properties":{"LONG":null,"LAT":null,"NOMCIEN":"Thuja occidentalis","NOMCOM":"Pagoda japonesa, tuja","ORIGEN":"Introducida","ALTURA":7.5,"DAP":18.9,"OBJECTID":228,"FECHA LEV":2015,"SALUD":null,"PROYE":null,"ACCESO":null,"ACCESIBIL":null,"UBI":null,"COLONIA":null,"TRONCO":null,"CFE":null},"geometry":{"type":"Point","coordinates":[370286.19,2837913.09008]}},{"type":"Feature","properties":{"LONG":null,"LAT":null,"NOMCIEN":"Thuja occidentalis","NOMCOM":"Pagoda japonesa, tuja","ORIGEN":"Introducida","ALTURA":8.2,"DAP":23.2,"OBJECTID":229,"FECHA LEV":2015,"SALUD":null,"PROYE":null,"ACCESO":null,"ACCESIBIL":null,"UBI":null,"COLONIA":null,"TRONCO":null,"CFE":null},"geometry":{"type":"Point","coordinates":[370289.66,2837918.90008]}},{"type":"Feature","properties":{"LONG":null,"LAT":null,"NOMCIEN":"Thuja occidentalis","NOMCOM":"Pagoda japonesa, tuja","ORIGEN":"Introducida","ALTURA":7.2,"DAP":15.0,"OBJECTID":230,"FECHA LEV":2015,"SALUD":null,"PROYE":null,"ACCESO":null,"ACCESIBIL":null,"UBI":null,"COLONIA":null,"TRONCO":null,"CFE":null},"geometry":{"type":"Point","coordinates":[370287.27,2837914.41008]}},{"type":"Feature","properties":{"LONG":null,"LAT":null,"NOMCIEN":"Thuja occidentalis","NOMCOM":"Pagoda japonesa, tuja","ORIGEN":"Introducida","ALTURA":8.1,"DAP":32.5,"OBJECTID":231,"FECHA LEV":2015,"SALUD":null,"PROYE":null,"ACCESO":null,"ACCESIBIL":null,"UBI":null,"COLONIA":null,"TRONCO":null,"CFE":null},"geometry":{"type":"Point","coordinates":[370284.84,2837910.34008]}},{"type":"Feature","properties":{"LONG":null,"LAT":null,"NOMCIEN":"Fraxinus americana","NOMCOM":"Fresno blanco americano","ORIGEN":"Nativa","ALTURA":12.8,"DAP":111.3,"OBJECTID":232,"FECHA LEV":2015,"SALUD":null,"PROYE":null,"ACCESO":null,"ACCESIBIL":null,"UBI":null,"COLONIA":null,"TRONCO":null,"CFE":null},"geometry":{"type":"Point","coordinates":[370332.192,2837886.58108]}},{"type":"Feature","properties":{"LONG":null,"LAT":null,"NOMCIEN":"Thuja occidentalis","NOMCOM":"Pagoda japonesa, tuja","ORIGEN":"Introducida","ALTURA":7.0,"DAP":19.3,"OBJECTID":233,"FECHA LEV":2015,"SALUD":null,"PROYE":null,"ACCESO":null,"ACCESIBIL":null,"UBI":null,"COLONIA":null,"TRONCO":null,"CFE":null},"geometry":{"type":"Point","coordinates":[370287.05,2837908.89008]}},{"type":"Feature","properties":{"LONG":null,"LAT":null,"NOMCIEN":"Thuja occidentalis","NOMCOM":"Pagoda japonesa, tuja","ORIGEN":"Introducida","ALTURA":9.0,"DAP":24.3,"OBJECTID":234,"FECHA LEV":2015,"SALUD":null,"PROYE":null,"ACCESO":null,"ACCESIBIL":null,"UBI":null,"COLONIA":null,"TRONCO":null,"CFE":null},"geometry":{"type":"Point","coordinates":[370285.12,2837909.55008]}},{"type":"Feature","properties":{"LONG":null,"LAT":null,"NOMCIEN":"Thuja occidentalis","NOMCOM":"Pagoda japonesa, tuja","ORIGEN":"Introducida","ALTURA":8.5,"DAP":22.5,"OBJECTID":235,"FECHA LEV":2015,"SALUD":null,"PROYE":null,"ACCESO":null,"ACCESIBIL":null,"UBI":null,"COLONIA":null,"TRONCO":null,"CFE":null},"geometry":{"type":"Point","coordinates":[370282.54,2837908.75008]}},{"type":"Feature","properties":{"LONG":null,"LAT":null,"NOMCIEN":"Thuja occidentalis","NOMCOM":"Pagoda japonesa, tuja","ORIGEN":"Introducida","ALTURA":8.3,"DAP":24.4,"OBJECTID":236,"FECHA LEV":2015,"SALUD":null,"PROYE":null,"ACCESO":null,"ACCESIBIL":null,"UBI":null,"COLONIA":null,"TRONCO":null,"CFE":null},"geometry":{"type":"Point","coordinates":[370281.81,2837908.03008]}},{"type":"Feature","properties":{"LONG":null,"LAT":null,"NOMCIEN":"Thuja occidentalis","NOMCOM":"Pagoda japonesa, tuja","ORIGEN":"Introducida","ALTURA":8.1,"DAP":19.4,"OBJECTID":237,"FECHA LEV":2015,"SALUD":null,"PROYE":null,"ACCESO":null,"ACCESIBIL":null,"UBI":null,"COLONIA":null,"TRONCO":null,"CFE":null},"geometry":{"type":"Point","coordinates":[370281.64,2837908.97008]}},{"type":"Feature","properties":{"LONG":null,"LAT":null,"NOMCIEN":"Thuja occidentalis","NOMCOM":"Pagoda japonesa, tuja","ORIGEN":"Introducida","ALTURA":8.9,"DAP":24.1,"OBJECTID":238,"FECHA LEV":2015,"SALUD":null,"PROYE":null,"ACCESO":null,"ACCESIBIL":null,"UBI":null,"COLONIA":null,"TRONCO":null,"CFE":null},"geometry":{"type":"Point","coordinates":[370281.63,2837908.03008]}},{"type":"Feature","properties":{"LONG":null,"LAT":null,"NOMCIEN":"Thuja occidentalis","NOMCOM":"Pagoda japonesa, tuja","ORIGEN":"Introducida","ALTURA":7.2,"DAP":24.4,"OBJECTID":239,"FECHA LEV":2015,"SALUD":null,"PROYE":null,"ACCESO":null,"ACCESIBIL":null,"UBI":null,"COLONIA":null,"TRONCO":null,"CFE":null},"geometry":{"type":"Point","coordinates":[370279.29,2837905.64008]}},{"type":"Feature","properties":{"LONG":null,"LAT":null,"NOMCIEN":"Thuja occidentalis","NOMCOM":"Pagoda japonesa, tuja","ORIGEN":"Introducida","ALTURA":7.1,"DAP":18.9,"OBJECTID":240,"FECHA LEV":2015,"SALUD":null,"PROYE":null,"ACCESO":null,"ACCESIBIL":null,"UBI":null,"COLONIA":null,"TRONCO":null,"CFE":null},"geometry":{"type":"Point","coordinates":[370278.74,2837904.39008]}},{"type":"Feature","properties":{"LONG":null,"LAT":null,"NOMCIEN":"Thuja occidentalis","NOMCOM":"Pagoda japonesa, tuja","ORIGEN":"Introducida","ALTURA":6.4,"DAP":16.0,"OBJECTID":241,"FECHA LEV":2015,"SALUD":null,"PROYE":null,"ACCESO":null,"ACCESIBIL":null,"UBI":null,"COLONIA":null,"TRONCO":null,"CFE":null},"geometry":{"type":"Point","coordinates":[370273.07,2837903.21008]}},{"type":"Feature","properties":{"LONG":null,"LAT":null,"NOMCIEN":"Thuja occidentalis","NOMCOM":"Pagoda japonesa, tuja","ORIGEN":"Introducida","ALTURA":8.1,"DAP":25.6,"OBJECTID":242,"FECHA LEV":2015,"SALUD":null,"PROYE":null,"ACCESO":null,"ACCESIBIL":null,"UBI":null,"COLONIA":null,"TRONCO":null,"CFE":null},"geometry":{"type":"Point","coordinates":[370280.24,2837899.77008]}},{"type":"Feature","properties":{"LONG":null,"LAT":null,"NOMCIEN":"Fraxinus americana","NOMCOM":"Fresno blanco americano","ORIGEN":"Nativa","ALTURA":15.8,"DAP":83.8,"OBJECTID":243,"FECHA LEV":2015,"SALUD":null,"PROYE":null,"ACCESO":null,"ACCESIBIL":null,"UBI":null,"COLONIA":null,"TRONCO":null,"CFE":null},"geometry":{"type":"Point","coordinates":[370325.956,2837896.30008]}},{"type":"Feature","properties":{"LONG":null,"LAT":null,"NOMCIEN":"Quercus shumardii","NOMCOM":"Encino rojo","ORIGEN":"Introducida","ALTURA":5.5,"DAP":8.9,"OBJECTID":244,"FECHA LEV":2015,"SALUD":null,"PROYE":null,"ACCESO":null,"ACCESIBIL":null,"UBI":null,"COLONIA":null,"TRONCO":null,"CFE":null},"geometry":{"type":"Point","coordinates":[370290.85,2837760.72008]}},{"type":"Feature","properties":{"LONG":null,"LAT":null,"NOMCIEN":"Quercus polymorpha","NOMCOM":"Encino roble, roble","ORIGEN":"Nativa","ALTURA":11.5,"DAP":31.7,"OBJECTID":245,"FECHA LEV":2015,"SALUD":null,"PROYE":null,"ACCESO":null,"ACCESIBIL":null,"UBI":null,"COLONIA":null,"TRONCO":null,"CFE":null},"geometry":{"type":"Point","coordinates":[370341.084,2837900.96608]}},{"type":"Feature","properties":{"LONG":null,"LAT":null,"NOMCIEN":"Lagerstroemia indica","NOMCOM":"Árbol de Júpiter, crespón, astronómica","ORIGEN":"Introducida","ALTURA":4.8,"DAP":15.5,"OBJECTID":246,"FECHA LEV":2015,"SALUD":null,"PROYE":null,"ACCESO":null,"ACCESIBIL":null,"UBI":null,"COLONIA":null,"TRONCO":null,"CFE":null},"geometry":{"type":"Point","coordinates":[370340.096,2837905.72108]}},{"type":"Feature","properties":{"LONG":null,"LAT":null,"NOMCIEN":"Quercus fusiformis","NOMCOM":"Encino siempreverde, encino molino","ORIGEN":"Nativa","ALTURA":9.3,"DAP":36.1,"OBJECTID":247,"FECHA LEV":2015,"SALUD":null,"PROYE":null,"ACCESO":null,"ACCESIBIL":null,"UBI":null,"COLONIA":null,"TRONCO":null,"CFE":null},"geometry":{"type":"Point","coordinates":[370341.084,2837910.53808]}},{"type":"Feature","properties":{"LONG":null,"LAT":null,"NOMCIEN":"Lagerstroemia indica","NOMCOM":"Árbol de Júpiter, crespón, astronómica","ORIGEN":"Introducida","ALTURA":4.6,"DAP":1.6,"OBJECTID":248,"FECHA LEV":2015,"SALUD":null,"PROYE":null,"ACCESO":null,"ACCESIBIL":null,"UBI":null,"COLONIA":null,"TRONCO":null,"CFE":null},"geometry":{"type":"Point","coordinates":[370338.738,2837861.35008]}},{"type":"Feature","properties":{"LONG":null,"LAT":null,"NOMCIEN":"Fraxinus americana","NOMCOM":"Fresno blanco americano","ORIGEN":"Nativa","ALTURA":10.0,"DAP":30.5,"OBJECTID":249,"FECHA LEV":2015,"SALUD":null,"PROYE":null,"ACCESO":null,"ACCESIBIL":null,"UBI":null,"COLONIA":null,"TRONCO":null,"CFE":null},"geometry":{"type":"Point","coordinates":[370266.867,2837783.74008]}},{"type":"Feature","properties":{"LONG":null,"LAT":null,"NOMCIEN":"Fraxinus americana","NOMCOM":"Fresno blanco americano","ORIGEN":"Nativa","ALTURA":8.8,"DAP":36.0,"OBJECTID":250,"FECHA LEV":2015,"SALUD":null,"PROYE":null,"ACCESO":null,"ACCESIBIL":null,"UBI":null,"COLONIA":null,"TRONCO":null,"CFE":null},"geometry":{"type":"Point","coordinates":[370261.477,2837792.87408]}},{"type":"Feature","properties":{"LONG":null,"LAT":null,"NOMCIEN":"Quercus fusiformis","NOMCOM":"Encino siempreverde, encino molino","ORIGEN":"Nativa","ALTURA":16.8,"DAP":44.0,"OBJECTID":251,"FECHA LEV":2015,"SALUD":null,"PROYE":null,"ACCESO":null,"ACCESIBIL":null,"UBI":null,"COLONIA":null,"TRONCO":null,"CFE":null},"geometry":{"type":"Point","coordinates":[370281.094,2837858.87908]}},{"type":"Feature","properties":{"LONG":null,"LAT":null,"NOMCIEN":"Quercus fusiformis","NOMCOM":"Encino siempreverde, encino molino","ORIGEN":"Nativa","ALTURA":14.0,"DAP":65.2,"OBJECTID":252,"FECHA LEV":2015,"SALUD":null,"PROYE":null,"ACCESO":null,"ACCESIBIL":null,"UBI":null,"COLONIA":null,"TRONCO":null,"CFE":null},"geometry":{"type":"Point","coordinates":[370345.059,2837877.22708]}},{"type":"Feature","properties":{"LONG":null,"LAT":null,"NOMCIEN":"Quercus fusiformis","NOMCOM":"Encino siempreverde, encino molino","ORIGEN":"Nativa","ALTURA":11.1,"DAP":53.8,"OBJECTID":253,"FECHA LEV":2015,"SALUD":null,"PROYE":null,"ACCESO":null,"ACCESIBIL":null,"UBI":null,"COLONIA":null,"TRONCO":null,"CFE":null},"geometry":{"type":"Point","coordinates":[370344.664,2837865.36808]}},{"type":"Feature","properties":{"LONG":null,"LAT":null,"NOMCIEN":"Quercus fusiformis","NOMCOM":"Encino siempreverde, encino molino","ORIGEN":"Nativa","ALTURA":12.4,"DAP":49.5,"OBJECTID":254,"FECHA LEV":2015,"SALUD":null,"PROYE":null,"ACCESO":null,"ACCESIBIL":null,"UBI":null,"COLONIA":null,"TRONCO":null,"CFE":null},"geometry":{"type":"Point","coordinates":[370344.796,2837850.21508]}},{"type":"Feature","properties":{"LONG":null,"LAT":null,"NOMCIEN":"Quercus shumardii","NOMCOM":"Encino rojo","ORIGEN":"Introducida","ALTURA":10.0,"DAP":32.2,"OBJECTID":255,"FECHA LEV":2015,"SALUD":null,"PROYE":null,"ACCESO":null,"ACCESIBIL":null,"UBI":null,"COLONIA":null,"TRONCO":null,"CFE":null},"geometry":{"type":"Point","coordinates":[370179.312,2837924.27508]}},{"type":"Feature","properties":{"LONG":null,"LAT":null,"NOMCIEN":"Fraxinus americana","NOMCOM":"Fresno blanco americano","ORIGEN":"Nativa","ALTURA":6.3,"DAP":39.1,"OBJECTID":256,"FECHA LEV":2015,"SALUD":null,"PROYE":null,"ACCESO":null,"ACCESIBIL":null,"UBI":null,"COLONIA":null,"TRONCO":null,"CFE":null},"geometry":{"type":"Point","coordinates":[370239.009,2837814.35108]}},{"type":"Feature","properties":{"LONG":null,"LAT":null,"NOMCIEN":"Fraxinus americana","NOMCOM":"Fresno blanco americano","ORIGEN":"Nativa","ALTURA":8.2,"DAP":59.4,"OBJECTID":257,"FECHA LEV":2015,"SALUD":null,"PROYE":null,"ACCESO":null,"ACCESIBIL":null,"UBI":null,"COLONIA":null,"TRONCO":null,"CFE":null},"geometry":{"type":"Point","coordinates":[370250.92,2837792.10808]}},{"type":"Feature","properties":{"LONG":null,"LAT":null,"NOMCIEN":"Fraxinus americana","NOMCOM":"Fresno blanco americano","ORIGEN":"Nativa","ALTURA":6.0,"DAP":13.9,"OBJECTID":258,"FECHA LEV":2015,"SALUD":null,"PROYE":null,"ACCESO":null,"ACCESIBIL":null,"UBI":null,"COLONIA":null,"TRONCO":null,"CFE":null},"geometry":{"type":"Point","coordinates":[370254.077,2837786.08108]}},{"type":"Feature","properties":{"LONG":null,"LAT":null,"NOMCIEN":"Fraxinus americana","NOMCOM":"Fresno blanco americano","ORIGEN":"Nativa","ALTURA":5.3,"DAP":24.0,"OBJECTID":259,"FECHA LEV":2015,"SALUD":null,"PROYE":null,"ACCESO":null,"ACCESIBIL":null,"UBI":null,"COLONIA":null,"TRONCO":null,"CFE":null},"geometry":{"type":"Point","coordinates":[370316.214,2837772.01808]}},{"type":"Feature","properties":{"LONG":null,"LAT":null,"NOMCIEN":"Fraxinus americana","NOMCOM":"Fresno blanco americano","ORIGEN":"Nativa","ALTURA":5.1,"DAP":14.4,"OBJECTID":260,"FECHA LEV":2015,"SALUD":null,"PROYE":null,"ACCESO":null,"ACCESIBIL":null,"UBI":null,"COLONIA":null,"TRONCO":null,"CFE":null},"geometry":{"type":"Point","coordinates":[370320.519,2837776.18008]}},{"type":"Feature","properties":{"LONG":null,"LAT":null,"NOMCIEN":"Fraxinus americana","NOMCOM":"Fresno blanco americano","ORIGEN":"Nativa","ALTURA":7.3,"DAP":25.7,"OBJECTID":261,"FECHA LEV":2015,"SALUD":null,"PROYE":null,"ACCESO":null,"ACCESIBIL":null,"UBI":null,"COLONIA":null,"TRONCO":null,"CFE":null},"geometry":{"type":"Point","coordinates":[370325.111,2837780.05408]}},{"type":"Feature","properties":{"LONG":null,"LAT":null,"NOMCIEN":"Fraxinus americana","NOMCOM":"Fresno blanco americano","ORIGEN":"Nativa","ALTURA":7.9,"DAP":21.0,"OBJECTID":262,"FECHA LEV":2015,"SALUD":null,"PROYE":null,"ACCESO":null,"ACCESIBIL":null,"UBI":null,"COLONIA":null,"TRONCO":null,"CFE":null},"geometry":{"type":"Point","coordinates":[370337.74,2837791.10408]}},{"type":"Feature","properties":{"LONG":null,"LAT":null,"NOMCIEN":"Fraxinus americana","NOMCOM":"Fresno blanco americano","ORIGEN":"Nativa","ALTURA":12.2,"DAP":88.0,"OBJECTID":263,"FECHA LEV":2015,"SALUD":null,"PROYE":null,"ACCESO":null,"ACCESIBIL":null,"UBI":null,"COLONIA":null,"TRONCO":null,"CFE":null},"geometry":{"type":"Point","coordinates":[370343.623,2837794.54808]}},{"type":"Feature","properties":{"LONG":null,"LAT":null,"NOMCIEN":"Fraxinus americana","NOMCOM":"Fresno blanco americano","ORIGEN":"Nativa","ALTURA":5.9,"DAP":17.9,"OBJECTID":264,"FECHA LEV":2015,"SALUD":null,"PROYE":null,"ACCESO":null,"ACCESIBIL":null,"UBI":null,"COLONIA":null,"TRONCO":null,"CFE":null},"geometry":{"type":"Point","coordinates":[370373.759,2837821.24008]}},{"type":"Feature","properties":{"LONG":null,"LAT":null,"NOMCIEN":"Quercus fusiformis","NOMCOM":"Encino siempreverde, encino molino","ORIGEN":"Nativa","ALTURA":7.8,"DAP":38.5,"OBJECTID":265,"FECHA LEV":2015,"SALUD":null,"PROYE":null,"ACCESO":null,"ACCESIBIL":null,"UBI":null,"COLONIA":null,"TRONCO":null,"CFE":null},"geometry":{"type":"Point","coordinates":[370381.508,2837826.83608]}},{"type":"Feature","properties":{"LONG":null,"LAT":null,"NOMCIEN":"Quercus shumardii","NOMCOM":"Encino rojo","ORIGEN":"Introducida","ALTURA":9.3,"DAP":28.9,"OBJECTID":266,"FECHA LEV":2015,"SALUD":null,"PROYE":null,"ACCESO":null,"ACCESIBIL":null,"UBI":null,"COLONIA":null,"TRONCO":null,"CFE":null},"geometry":{"type":"Point","coordinates":[370182.756,2837916.95708]}},{"type":"Feature","properties":{"LONG":null,"LAT":null,"NOMCIEN":"Fraxinus americana","NOMCOM":"Fresno blanco americano","ORIGEN":"Nativa","ALTURA":12.1,"DAP":22.1,"OBJECTID":267,"FECHA LEV":2015,"SALUD":null,"PROYE":null,"ACCESO":null,"ACCESIBIL":null,"UBI":null,"COLONIA":null,"TRONCO":null,"CFE":null},"geometry":{"type":"Point","coordinates":[370391.697,2837835.87708]}},{"type":"Feature","properties":{"LONG":null,"LAT":null,"NOMCIEN":"Fraxinus americana","NOMCOM":"Fresno blanco americano","ORIGEN":"Nativa","ALTURA":17.7,"DAP":73.0,"OBJECTID":268,"FECHA LEV":2015,"SALUD":null,"PROYE":null,"ACCESO":null,"ACCESIBIL":null,"UBI":null,"COLONIA":null,"TRONCO":null,"CFE":null},"geometry":{"type":"Point","coordinates":[370403.751,2837846.92708]}},{"type":"Feature","properties":{"LONG":null,"LAT":null,"NOMCIEN":"Fraxinus americana","NOMCOM":"Fresno blanco americano","ORIGEN":"Nativa","ALTURA":13.5,"DAP":26.0,"OBJECTID":269,"FECHA LEV":2015,"SALUD":null,"PROYE":null,"ACCESO":null,"ACCESIBIL":null,"UBI":null,"COLONIA":null,"TRONCO":null,"CFE":null},"geometry":{"type":"Point","coordinates":[370410.065,2837851.94908]}},{"type":"Feature","properties":{"LONG":null,"LAT":null,"NOMCIEN":"Fraxinus americana","NOMCOM":"Fresno blanco americano","ORIGEN":"Nativa","ALTURA":14.2,"DAP":60.3,"OBJECTID":270,"FECHA LEV":2015,"SALUD":null,"PROYE":null,"ACCESO":null,"ACCESIBIL":null,"UBI":null,"COLONIA":null,"TRONCO":null,"CFE":null},"geometry":{"type":"Point","coordinates":[370417.384,2837857.69008]}},{"type":"Feature","properties":{"LONG":null,"LAT":null,"NOMCIEN":"Fraxinus americana","NOMCOM":"Fresno blanco americano","ORIGEN":"Nativa","ALTURA":10.5,"DAP":22.8,"OBJECTID":271,"FECHA LEV":2015,"SALUD":null,"PROYE":null,"ACCESO":null,"ACCESIBIL":null,"UBI":null,"COLONIA":null,"TRONCO":null,"CFE":null},"geometry":{"type":"Point","coordinates":[370427.142,2837865.86908]}},{"type":"Feature","properties":{"LONG":null,"LAT":null,"NOMCIEN":"Fraxinus americana","NOMCOM":"Fresno blanco americano","ORIGEN":"Nativa","ALTURA":9.8,"DAP":64.0,"OBJECTID":272,"FECHA LEV":2015,"SALUD":null,"PROYE":null,"ACCESO":null,"ACCESIBIL":null,"UBI":null,"COLONIA":null,"TRONCO":null,"CFE":null},"geometry":{"type":"Point","coordinates":[370436.47,2837873.61808]}},{"type":"Feature","properties":{"LONG":null,"LAT":null,"NOMCIEN":"Fraxinus americana","NOMCOM":"Fresno blanco americano","ORIGEN":"Nativa","ALTURA":9.2,"DAP":23.6,"OBJECTID":273,"FECHA LEV":2015,"SALUD":null,"PROYE":null,"ACCESO":null,"ACCESIBIL":null,"UBI":null,"COLONIA":null,"TRONCO":null,"CFE":null},"geometry":{"type":"Point","coordinates":[370443.502,2837880.22008]}},{"type":"Feature","properties":{"LONG":null,"LAT":null,"NOMCIEN":"Fraxinus americana","NOMCOM":"Fresno blanco americano","ORIGEN":"Nativa","ALTURA":6.0,"DAP":27.5,"OBJECTID":274,"FECHA LEV":2015,"SALUD":null,"PROYE":null,"ACCESO":null,"ACCESIBIL":null,"UBI":null,"COLONIA":null,"TRONCO":null,"CFE":null},"geometry":{"type":"Point","coordinates":[370475.79,2837907.77208]}},{"type":"Feature","properties":{"LONG":null,"LAT":null,"NOMCIEN":"Fraxinus americana","NOMCOM":"Fresno blanco americano","ORIGEN":"Nativa","ALTURA":7.2,"DAP":16.0,"OBJECTID":275,"FECHA LEV":2015,"SALUD":null,"PROYE":null,"ACCESO":null,"ACCESIBIL":null,"UBI":null,"COLONIA":null,"TRONCO":null,"CFE":null},"geometry":{"type":"Point","coordinates":[370431.202,2837869.40908]}},{"type":"Feature","properties":{"LONG":null,"LAT":null,"NOMCIEN":"Fraxinus americana","NOMCOM":"Fresno blanco americano","ORIGEN":"Nativa","ALTURA":8.1,"DAP":26.9,"OBJECTID":276,"FECHA LEV":2015,"SALUD":null,"PROYE":null,"ACCESO":null,"ACCESIBIL":null,"UBI":null,"COLONIA":null,"TRONCO":null,"CFE":null},"geometry":{"type":"Point","coordinates":[370466.691,2837898.98308]}},{"type":"Feature","properties":{"LONG":null,"LAT":null,"NOMCIEN":"Quercus shumardii","NOMCOM":"Encino rojo","ORIGEN":"Introducida","ALTURA":7.7,"DAP":29.6,"OBJECTID":277,"FECHA LEV":2015,"SALUD":null,"PROYE":null,"ACCESO":null,"ACCESIBIL":null,"UBI":null,"COLONIA":null,"TRONCO":null,"CFE":null},"geometry":{"type":"Point","coordinates":[370187.635,2837909.06408]}},{"type":"Feature","properties":{"LONG":null,"LAT":null,"NOMCIEN":"Quercus polymorpha","NOMCOM":"Encino roble, roble","ORIGEN":"Nativa","ALTURA":9.3,"DAP":29.5,"OBJECTID":278,"FECHA LEV":2015,"SALUD":null,"PROYE":null,"ACCESO":null,"ACCESIBIL":null,"UBI":null,"COLONIA":null,"TRONCO":null,"CFE":null},"geometry":{"type":"Point","coordinates":[370480.098,2837911.99608]}},{"type":"Feature","properties":{"LONG":null,"LAT":null,"NOMCIEN":"Quercus polymorpha","NOMCOM":"Encino roble, roble","ORIGEN":"Nativa","ALTURA":5.8,"DAP":20.0,"OBJECTID":279,"FECHA LEV":2015,"SALUD":null,"PROYE":null,"ACCESO":null,"ACCESIBIL":null,"UBI":null,"COLONIA":null,"TRONCO":null,"CFE":null},"geometry":{"type":"Point","coordinates":[370483.253,2837915.15008]}},{"type":"Feature","properties":{"LONG":null,"LAT":null,"NOMCIEN":"Quercus vaseyana","NOMCOM":"Encino bravo, encino de Vasey","ORIGEN":"Introducida","ALTURA":6.0,"DAP":21.6,"OBJECTID":280,"FECHA LEV":2015,"SALUD":null,"PROYE":null,"ACCESO":null,"ACCESIBIL":null,"UBI":null,"COLONIA":null,"TRONCO":null,"CFE":null},"geometry":{"type":"Point","coordinates":[370487.59,2837918.30508]}},{"type":"Feature","properties":{"LONG":null,"LAT":null,"NOMCIEN":"Quercus polymorpha","NOMCOM":"Encino roble, roble","ORIGEN":"Nativa","ALTURA":6.8,"DAP":19.2,"OBJECTID":281,"FECHA LEV":2015,"SALUD":null,"PROYE":null,"ACCESO":null,"ACCESIBIL":null,"UBI":null,"COLONIA":null,"TRONCO":null,"CFE":null},"geometry":{"type":"Point","coordinates":[370491.139,2837921.46008]}},{"type":"Feature","properties":{"LONG":null,"LAT":null,"NOMCIEN":"Quercus polymorpha","NOMCOM":"Encino roble, roble","ORIGEN":"Nativa","ALTURA":7.3,"DAP":19.6,"OBJECTID":282,"FECHA LEV":2015,"SALUD":null,"PROYE":null,"ACCESO":null,"ACCESIBIL":null,"UBI":null,"COLONIA":null,"TRONCO":null,"CFE":null},"geometry":{"type":"Point","coordinates":[370498.631,2837926.98008]}},{"type":"Feature","properties":{"LONG":null,"LAT":null,"NOMCIEN":"Quercus polymorpha","NOMCOM":"Encino roble, roble","ORIGEN":"Nativa","ALTURA":9.0,"DAP":24.8,"OBJECTID":283,"FECHA LEV":2015,"SALUD":null,"PROYE":null,"ACCESO":null,"ACCESIBIL":null,"UBI":null,"COLONIA":null,"TRONCO":null,"CFE":null},"geometry":{"type":"Point","coordinates":[370504.152,2837931.31808]}},{"type":"Feature","properties":{"LONG":null,"LAT":null,"NOMCIEN":"Quercus fusiformis","NOMCOM":"Encino siempreverde, encino molino","ORIGEN":"Nativa","ALTURA":10.5,"DAP":32.5,"OBJECTID":284,"FECHA LEV":2015,"SALUD":null,"PROYE":null,"ACCESO":null,"ACCESIBIL":null,"UBI":null,"COLONIA":null,"TRONCO":null,"CFE":null},"geometry":{"type":"Point","coordinates":[370515.193,2837940.38708]}},{"type":"Feature","properties":{"LONG":null,"LAT":null,"NOMCIEN":"Fraxinus americana","NOMCOM":"Fresno blanco americano","ORIGEN":"Nativa","ALTURA":6.5,"DAP":15.5,"OBJECTID":285,"FECHA LEV":2015,"SALUD":null,"PROYE":null,"ACCESO":null,"ACCESIBIL":null,"UBI":null,"COLONIA":null,"TRONCO":null,"CFE":null},"geometry":{"type":"Point","coordinates":[370473.0,2838003.08508]}},{"type":"Feature","properties":{"LONG":null,"LAT":null,"NOMCIEN":"Fraxinus americana","NOMCOM":"Fresno blanco americano","ORIGEN":"Nativa","ALTURA":6.4,"DAP":21.5,"OBJECTID":286,"FECHA LEV":2015,"SALUD":null,"PROYE":null,"ACCESO":null,"ACCESIBIL":null,"UBI":null,"COLONIA":null,"TRONCO":null,"CFE":null},"geometry":{"type":"Point","coordinates":[370469.451,2838007.02808]}},{"type":"Feature","properties":{"LONG":null,"LAT":null,"NOMCIEN":"Fraxinus americana","NOMCOM":"Fresno blanco americano","ORIGEN":"Nativa","ALTURA":5.0,"DAP":53.1,"OBJECTID":287,"FECHA LEV":2015,"SALUD":null,"PROYE":null,"ACCESO":null,"ACCESIBIL":null,"UBI":null,"COLONIA":null,"TRONCO":null,"CFE":null},"geometry":{"type":"Point","coordinates":[370458.41,2838018.85808]}},{"type":"Feature","properties":{"LONG":null,"LAT":null,"NOMCIEN":"Quercus shumardii","NOMCOM":"Encino rojo","ORIGEN":"Introducida","ALTURA":9.8,"DAP":32.0,"OBJECTID":288,"FECHA LEV":2015,"SALUD":null,"PROYE":null,"ACCESO":null,"ACCESIBIL":null,"UBI":null,"COLONIA":null,"TRONCO":null,"CFE":null},"geometry":{"type":"Point","coordinates":[370192.944,2837898.87508]}},{"type":"Feature","properties":{"LONG":null,"LAT":null,"NOMCIEN":"Fraxinus americana","NOMCOM":"Fresno blanco americano","ORIGEN":"Nativa","ALTURA":6.2,"DAP":16.1,"OBJECTID":289,"FECHA LEV":2015,"SALUD":null,"PROYE":null,"ACCESO":null,"ACCESIBIL":null,"UBI":null,"COLONIA":null,"TRONCO":null,"CFE":null},"geometry":{"type":"Point","coordinates":[370454.861,2838022.80108]}},{"type":"Feature","properties":{"LONG":null,"LAT":null,"NOMCIEN":"Fraxinus americana","NOMCOM":"Fresno blanco americano","ORIGEN":"Nativa","ALTURA":7.5,"DAP":22.2,"OBJECTID":290,"FECHA LEV":2015,"SALUD":null,"PROYE":null,"ACCESO":null,"ACCESIBIL":null,"UBI":null,"COLONIA":null,"TRONCO":null,"CFE":null},"geometry":{"type":"Point","coordinates":[370450.918,2838027.13908]}},{"type":"Feature","properties":{"LONG":null,"LAT":null,"NOMCIEN":"Fraxinus americana","NOMCOM":"Fresno blanco americano","ORIGEN":"Nativa","ALTURA":8.2,"DAP":21.0,"OBJECTID":291,"FECHA LEV":2015,"SALUD":null,"PROYE":null,"ACCESO":null,"ACCESIBIL":null,"UBI":null,"COLONIA":null,"TRONCO":null,"CFE":null},"geometry":{"type":"Point","coordinates":[370445.003,2838033.05408]}},{"type":"Feature","properties":{"LONG":null,"LAT":null,"NOMCIEN":"Fraxinus americana","NOMCOM":"Fresno blanco americano","ORIGEN":"Nativa","ALTURA":7.3,"DAP":39.0,"OBJECTID":292,"FECHA LEV":2015,"SALUD":null,"PROYE":null,"ACCESO":null,"ACCESIBIL":null,"UBI":null,"COLONIA":null,"TRONCO":null,"CFE":null},"geometry":{"type":"Point","coordinates":[370437.905,2838038.96808]}},{"type":"Feature","properties":{"LONG":null,"LAT":null,"NOMCIEN":"Fraxinus americana","NOMCOM":"Fresno blanco americano","ORIGEN":"Nativa","ALTURA":8.4,"DAP":35.3,"OBJECTID":293,"FECHA LEV":2015,"SALUD":null,"PROYE":null,"ACCESO":null,"ACCESIBIL":null,"UBI":null,"COLONIA":null,"TRONCO":null,"CFE":null},"geometry":{"type":"Point","coordinates":[370461.681,2838015.59008]}},{"type":"Feature","properties":{"LONG":null,"LAT":null,"NOMCIEN":"Quercus fusiformis","NOMCOM":"Encino siempreverde, encino molino","ORIGEN":"Nativa","ALTURA":6.0,"DAP":7.5,"OBJECTID":294,"FECHA LEV":2015,"SALUD":null,"PROYE":null,"ACCESO":null,"ACCESIBIL":null,"UBI":null,"COLONIA":null,"TRONCO":null,"CFE":null},"geometry":{"type":"Point","coordinates":[370312.196,2837768.86108]}},{"type":"Feature","properties":{"LONG":null,"LAT":null,"NOMCIEN":"Quercus shumardii","NOMCOM":"Encino rojo","ORIGEN":"Introducida","ALTURA":8.7,"DAP":28.3,"OBJECTID":295,"FECHA LEV":2015,"SALUD":null,"PROYE":null,"ACCESO":null,"ACCESIBIL":null,"UBI":null,"COLONIA":null,"TRONCO":null,"CFE":null},"geometry":{"type":"Point","coordinates":[370198.828,2837888.83008]}},{"type":"Feature","properties":{"LONG":null,"LAT":null,"NOMCIEN":"Quercus shumardii","NOMCOM":"Encino rojo","ORIGEN":"Introducida","ALTURA":9.2,"DAP":31.1,"OBJECTID":296,"FECHA LEV":2015,"SALUD":null,"PROYE":null,"ACCESO":null,"ACCESIBIL":null,"UBI":null,"COLONIA":null,"TRONCO":null,"CFE":null},"geometry":{"type":"Point","coordinates":[370209.734,2837868.16508]}},{"type":"Feature","properties":{"LONG":null,"LAT":null,"NOMCIEN":"Quercus shumardii","NOMCOM":"Encino rojo","ORIGEN":"Introducida","ALTURA":8.4,"DAP":30.1,"OBJECTID":297,"FECHA LEV":2015,"SALUD":null,"PROYE":null,"ACCESO":null,"ACCESIBIL":null,"UBI":null,"COLONIA":null,"TRONCO":null,"CFE":null},"geometry":{"type":"Point","coordinates":[370215.761,2837858.55108]}},{"type":"Feature","properties":{"LONG":null,"LAT":null,"NOMCIEN":"Fraxinus americana","NOMCOM":"Fresno blanco americano","ORIGEN":"Nativa","ALTURA":9.3,"DAP":38.8,"OBJECTID":298,"FECHA LEV":2015,"SALUD":null,"PROYE":null,"ACCESO":null,"ACCESIBIL":null,"UBI":null,"COLONIA":null,"TRONCO":null,"CFE":null},"geometry":{"type":"Point","coordinates":[370227.529,2837837.88608]}},{"type":"Feature","properties":{"LONG":null,"LAT":null,"NOMCIEN":"Fraxinus americana","NOMCOM":"Fresno blanco americano","ORIGEN":"Nativa","ALTURA":6.7,"DAP":42.2,"OBJECTID":299,"FECHA LEV":2015,"SALUD":null,"PROYE":null,"ACCESO":null,"ACCESIBIL":null,"UBI":null,"COLONIA":null,"TRONCO":null,"CFE":null},"geometry":{"type":"Point","coordinates":[370235.421,2837823.53608]}},{"type":"Feature","properties":{"LONG":null,"LAT":null,"NOMCIEN":"Quercus fusiformis","NOMCOM":"Encino siempreverde, encino molino","ORIGEN":"Nativa","ALTURA":11.1,"DAP":28.3,"OBJECTID":300,"FECHA LEV":2015,"SALUD":null,"PROYE":null,"ACCESO":null,"ACCESIBIL":null,"UBI":null,"COLONIA":null,"TRONCO":null,"CFE":null},"geometry":{"type":"Point","coordinates":[370381.959,2837849.51308]}},{"type":"Feature","properties":{"LONG":null,"LAT":null,"NOMCIEN":"Quercus fusiformis","NOMCOM":"Encino siempreverde, encino molino","ORIGEN":"Nativa","ALTURA":10.3,"DAP":25.6,"OBJECTID":301,"FECHA LEV":2015,"SALUD":null,"PROYE":null,"ACCESO":null,"ACCESIBIL":null,"UBI":null,"COLONIA":null,"TRONCO":null,"CFE":null},"geometry":{"type":"Point","coordinates":[370415.034,2837904.50408]}},{"type":"Feature","properties":{"LONG":null,"LAT":null,"NOMCIEN":"Quercus fusiformis","NOMCOM":"Encino siempreverde, encino molino","ORIGEN":"Nativa","ALTURA":8.1,"DAP":30.7,"OBJECTID":302,"FECHA LEV":2015,"SALUD":null,"PROYE":null,"ACCESO":null,"ACCESIBIL":null,"UBI":null,"COLONIA":null,"TRONCO":null,"CFE":null},"geometry":{"type":"Point","coordinates":[370422.921,2837923.82608]}},{"type":"Feature","properties":{"LONG":null,"LAT":null,"NOMCIEN":"Fraxinus americana","NOMCOM":"Fresno blanco americano","ORIGEN":"Nativa","ALTURA":16.4,"DAP":98.4,"OBJECTID":303,"FECHA LEV":2015,"SALUD":null,"PROYE":null,"ACCESO":null,"ACCESIBIL":null,"UBI":null,"COLONIA":null,"TRONCO":null,"CFE":null},"geometry":{"type":"Point","coordinates":[370427.933,2837907.68408]}},{"type":"Feature","properties":{"LONG":null,"LAT":null,"NOMCIEN":"Quercus fusiformis","NOMCOM":"Encino siempreverde, encino molino","ORIGEN":"Nativa","ALTURA":12.5,"DAP":27.9,"OBJECTID":304,"FECHA LEV":2015,"SALUD":null,"PROYE":null,"ACCESO":null,"ACCESIBIL":null,"UBI":null,"COLONIA":null,"TRONCO":null,"CFE":null},"geometry":{"type":"Point","coordinates":[370387.973,2837878.70808]}},{"type":"Feature","properties":{"LONG":null,"LAT":null,"NOMCIEN":"Fraxinus americana","NOMCOM":"Fresno blanco americano","ORIGEN":"Nativa","ALTURA":13.9,"DAP":43.9,"OBJECTID":305,"FECHA LEV":2015,"SALUD":null,"PROYE":null,"ACCESO":null,"ACCESIBIL":null,"UBI":null,"COLONIA":null,"TRONCO":null,"CFE":null},"geometry":{"type":"Point","coordinates":[370375.107,2837880.83608]}},{"type":"Feature","properties":{"LONG":null,"LAT":null,"NOMCIEN":"Fraxinus americana","NOMCOM":"Fresno blanco americano","ORIGEN":"Nativa","ALTURA":12.2,"DAP":40.2,"OBJECTID":306,"FECHA LEV":2015,"SALUD":null,"PROYE":null,"ACCESO":null,"ACCESIBIL":null,"UBI":null,"COLONIA":null,"TRONCO":null,"CFE":null},"geometry":{"type":"Point","coordinates":[370362.821,2837882.09408]}},{"type":"Feature","properties":{"LONG":null,"LAT":null,"NOMCIEN":"Fraxinus americana","NOMCOM":"Fresno blanco americano","ORIGEN":"Nativa","ALTURA":14.6,"DAP":42.2,"OBJECTID":307,"FECHA LEV":2015,"SALUD":null,"PROYE":null,"ACCESO":null,"ACCESIBIL":null,"UBI":null,"COLONIA":null,"TRONCO":null,"CFE":null},"geometry":{"type":"Point","coordinates":[370368.142,2837889.44608]}},{"type":"Feature","properties":{"LONG":null,"LAT":null,"NOMCIEN":"Fraxinus americana","NOMCOM":"Fresno blanco americano","ORIGEN":"Nativa","ALTURA":12.6,"DAP":46.0,"OBJECTID":308,"FECHA LEV":2015,"SALUD":null,"PROYE":null,"ACCESO":null,"ACCESIBIL":null,"UBI":null,"COLONIA":null,"TRONCO":null,"CFE":null},"geometry":{"type":"Point","coordinates":[370385.458,2837890.12308]}},{"type":"Feature","properties":{"LONG":null,"LAT":null,"NOMCIEN":"Quercus fusiformis","NOMCOM":"Encino siempreverde, encino molino","ORIGEN":"Nativa","ALTURA":9.4,"DAP":15.5,"OBJECTID":309,"FECHA LEV":2015,"SALUD":null,"PROYE":null,"ACCESO":null,"ACCESIBIL":null,"UBI":null,"COLONIA":null,"TRONCO":null,"CFE":null},"geometry":{"type":"Point","coordinates":[370366.594,2837874.93508]}},{"type":"Feature","properties":{"LONG":null,"LAT":null,"NOMCIEN":"Juglans nigra","NOMCOM":"Nogal americano","ORIGEN":"Introducida","ALTURA":15.9,"DAP":67.1,"OBJECTID":310,"FECHA LEV":2015,"SALUD":null,"PROYE":null,"ACCESO":null,"ACCESIBIL":null,"UBI":null,"COLONIA":null,"TRONCO":null,"CFE":null},"geometry":{"type":"Point","coordinates":[370364.756,2837866.71208]}},{"type":"Feature","properties":{"LONG":null,"LAT":null,"NOMCIEN":"Fraxinus americana","NOMCOM":"Fresno blanco americano","ORIGEN":"Nativa","ALTURA":14.2,"DAP":114.5,"OBJECTID":311,"FECHA LEV":2015,"SALUD":null,"PROYE":null,"ACCESO":null,"ACCESIBIL":null,"UBI":null,"COLONIA":null,"TRONCO":null,"CFE":null},"geometry":{"type":"Point","coordinates":[370416.767,2837876.80308]}},{"type":"Feature","properties":{"LONG":null,"LAT":null,"NOMCIEN":"Cupressus sempervirens","NOMCOM":"Ciprés mediterráneo, ciprés italiano, ciprés pincel","ORIGEN":"Introducida","ALTURA":20.0,"DAP":23.5,"OBJECTID":312,"FECHA LEV":2015,"SALUD":null,"PROYE":null,"ACCESO":null,"ACCESIBIL":null,"UBI":null,"COLONIA":null,"TRONCO":null,"CFE":null},"geometry":{"type":"Point","coordinates":[370360.306,2837889.73608]}},{"type":"Feature","properties":{"LONG":null,"LAT":null,"NOMCIEN":"Cupressus sempervirens","NOMCOM":"Ciprés mediterráneo, ciprés italiano, ciprés pincel","ORIGEN":"Introducida","ALTURA":20.0,"DAP":39.7,"OBJECTID":313,"FECHA LEV":2015,"SALUD":null,"PROYE":null,"ACCESO":null,"ACCESIBIL":null,"UBI":null,"COLONIA":null,"TRONCO":null,"CFE":null},"geometry":{"type":"Point","coordinates":[370447.763,2837915.54508]}},{"type":"Feature","properties":{"LONG":null,"LAT":null,"NOMCIEN":"Cupressus sempervirens","NOMCOM":"Ciprés mediterráneo, ciprés italiano, ciprés pincel","ORIGEN":"Introducida","ALTURA":18.3,"DAP":44.4,"OBJECTID":314,"FECHA LEV":2015,"SALUD":null,"PROYE":null,"ACCESO":null,"ACCESIBIL":null,"UBI":null,"COLONIA":null,"TRONCO":null,"CFE":null},"geometry":{"type":"Point","coordinates":[370375.3,2837889.83308]}},{"type":"Feature","properties":{"LONG":null,"LAT":null,"NOMCIEN":"Quercus fusiformis","NOMCOM":"Encino siempreverde, encino molino","ORIGEN":"Nativa","ALTURA":7.8,"DAP":28.1,"OBJECTID":315,"FECHA LEV":2015,"SALUD":null,"PROYE":null,"ACCESO":null,"ACCESIBIL":null,"UBI":null,"COLONIA":null,"TRONCO":null,"CFE":null},"geometry":{"type":"Point","coordinates":[370459.987,2837915.54508]}},{"type":"Feature","properties":{"LONG":null,"LAT":null,"NOMCIEN":"Fraxinus americana","NOMCOM":"Fresno blanco americano","ORIGEN":"Nativa","ALTURA":18.0,"DAP":112.0,"OBJECTID":316,"FECHA LEV":2015,"SALUD":null,"PROYE":null,"ACCESO":null,"ACCESIBIL":null,"UBI":null,"COLONIA":null,"TRONCO":null,"CFE":null},"geometry":{"type":"Point","coordinates":[370379.549,2837911.43408]}},{"type":"Feature","properties":{"LONG":null,"LAT":null,"NOMCIEN":"Cupressus sempervirens","NOMCOM":"Ciprés mediterráneo, ciprés italiano, ciprés pincel","ORIGEN":"Introducida","ALTURA":16.4,"DAP":31.2,"OBJECTID":317,"FECHA LEV":2015,"SALUD":null,"PROYE":null,"ACCESO":null,"ACCESIBIL":null,"UBI":null,"COLONIA":null,"TRONCO":null,"CFE":null},"geometry":{"type":"Point","coordinates":[370459.987,2837902.53208]}},{"type":"Feature","properties":{"LONG":null,"LAT":null,"NOMCIEN":"Fraxinus americana","NOMCOM":"Fresno blanco americano","ORIGEN":"Nativa","ALTURA":9.5,"DAP":53.4,"OBJECTID":318,"FECHA LEV":2015,"SALUD":null,"PROYE":null,"ACCESO":null,"ACCESIBIL":null,"UBI":null,"COLONIA":null,"TRONCO":null,"CFE":null},"geometry":{"type":"Point","coordinates":[370348.361,2837906.69808]}},{"type":"Feature","properties":{"LONG":null,"LAT":null,"NOMCIEN":"Citrus","NOMCOM":"Cítrico","ORIGEN":"Introducida","ALTURA":5.5,"DAP":21.0,"OBJECTID":319,"FECHA LEV":2015,"SALUD":null,"PROYE":null,"ACCESO":null,"ACCESIBIL":null,"UBI":null,"COLONIA":null,"TRONCO":null,"CFE":null},"geometry":{"type":"Point","coordinates":[370458.609,2837908.06908]}},{"type":"Feature","properties":{"LONG":null,"LAT":null,"NOMCIEN":"Quercus fusiformis","NOMCOM":"Encino siempreverde, encino molino","ORIGEN":"Nativa","ALTURA":14.0,"DAP":36.8,"OBJECTID":320,"FECHA LEV":2015,"SALUD":null,"PROYE":null,"ACCESO":null,"ACCESIBIL":null,"UBI":null,"COLONIA":null,"TRONCO":null,"CFE":null},"geometry":{"type":"Point","coordinates":[370350.556,2837927.37408]}},{"type":"Feature","properties":{"LONG":null,"LAT":null,"NOMCIEN":"Citrus","NOMCOM":"Cítrico","ORIGEN":"Introducida","ALTURA":4.6,"DAP":31.5,"OBJECTID":321,"FECHA LEV":2015,"SALUD":null,"PROYE":null,"ACCESO":null,"ACCESIBIL":null,"UBI":null,"COLONIA":null,"TRONCO":null,"CFE":null},"geometry":{"type":"Point","coordinates":[370374.487,2837918.96308]}},{"type":"Feature","properties":{"LONG":null,"LAT":null,"NOMCIEN":"Fraxinus americana","NOMCOM":"Fresno blanco americano","ORIGEN":"Nativa","ALTURA":11.6,"DAP":69.8,"OBJECTID":322,"FECHA LEV":2015,"SALUD":null,"PROYE":null,"ACCESO":null,"ACCESIBIL":null,"UBI":null,"COLONIA":null,"TRONCO":null,"CFE":null},"geometry":{"type":"Point","coordinates":[370340.044,2837928.87608]}},{"type":"Feature","properties":{"LONG":null,"LAT":null,"NOMCIEN":"Fraxinus americana","NOMCOM":"Fresno blanco americano","ORIGEN":"Nativa","ALTURA":14.3,"DAP":75.8,"OBJECTID":323,"FECHA LEV":2015,"SALUD":null,"PROYE":null,"ACCESO":null,"ACCESIBIL":null,"UBI":null,"COLONIA":null,"TRONCO":null,"CFE":null},"geometry":{"type":"Point","coordinates":[370347.668,2837961.79708]}},{"type":"Feature","properties":{"LONG":null,"LAT":null,"NOMCIEN":"Fraxinus americana","NOMCOM":"Fresno blanco americano","ORIGEN":"Nativa","ALTURA":16.1,"DAP":75.8,"OBJECTID":324,"FECHA LEV":2015,"SALUD":null,"PROYE":null,"ACCESO":null,"ACCESIBIL":null,"UBI":null,"COLONIA":null,"TRONCO":null,"CFE":null},"geometry":{"type":"Point","coordinates":[370353.444,2837951.86308]}},{"type":"Feature","properties":{"LONG":null,"LAT":null,"NOMCIEN":"Fraxinus americana","NOMCOM":"Fresno blanco americano","ORIGEN":"Nativa","ALTURA":11.9,"DAP":51.0,"OBJECTID":325,"FECHA LEV":2015,"SALUD":null,"PROYE":null,"ACCESO":null,"ACCESIBIL":null,"UBI":null,"COLONIA":null,"TRONCO":null,"CFE":null},"geometry":{"type":"Point","coordinates":[370364.302,2837963.52908]}},{"type":"Feature","properties":{"LONG":null,"LAT":null,"NOMCIEN":"Fraxinus americana","NOMCOM":"Fresno blanco americano","ORIGEN":"Nativa","ALTURA":13.8,"DAP":61.6,"OBJECTID":326,"FECHA LEV":2015,"SALUD":null,"PROYE":null,"ACCESO":null,"ACCESIBIL":null,"UBI":null,"COLONIA":null,"TRONCO":null,"CFE":null},"geometry":{"type":"Point","coordinates":[370366.034,2837950.24608]}},{"type":"Feature","properties":{"LONG":null,"LAT":null,"NOMCIEN":"Triadica sebifera","NOMCOM":"Chinese, árbol del sebo","ORIGEN":"Introducida","ALTURA":8.7,"DAP":23.1,"OBJECTID":327,"FECHA LEV":2015,"SALUD":null,"PROYE":null,"ACCESO":null,"ACCESIBIL":null,"UBI":null,"COLONIA":null,"TRONCO":null,"CFE":null},"geometry":{"type":"Point","coordinates":[370434.992,2837882.74808]}},{"type":"Feature","properties":{"LONG":null,"LAT":null,"NOMCIEN":"Quercus fusiformis","NOMCOM":"Encino siempreverde, encino molino","ORIGEN":"Nativa","ALTURA":6.1,"DAP":18.8,"OBJECTID":328,"FECHA LEV":2015,"SALUD":null,"PROYE":null,"ACCESO":null,"ACCESIBIL":null,"UBI":null,"COLONIA":null,"TRONCO":null,"CFE":null},"geometry":{"type":"Point","coordinates":[370348.477,2837951.51608]}},{"type":"Feature","properties":{"LONG":null,"LAT":null,"NOMCIEN":"Quercus polymorpha","NOMCOM":"Encino roble, roble","ORIGEN":"Nativa","ALTURA":8.8,"DAP":32.0,"OBJECTID":329,"FECHA LEV":2015,"SALUD":null,"PROYE":null,"ACCESO":null,"ACCESIBIL":null,"UBI":null,"COLONIA":null,"TRONCO":null,"CFE":null},"geometry":{"type":"Point","coordinates":[370514.799,2837947.48508]}},{"type":"Feature","properties":{"LONG":null,"LAT":null,"NOMCIEN":"Quercus fusiformis","NOMCOM":"Encino siempreverde, encino molino","ORIGEN":"Nativa","ALTURA":14.0,"DAP":24.0,"OBJECTID":330,"FECHA LEV":2015,"SALUD":null,"PROYE":null,"ACCESO":null,"ACCESIBIL":null,"UBI":null,"COLONIA":null,"TRONCO":null,"CFE":null},"geometry":{"type":"Point","coordinates":[370373.427,2837961.33508]}},{"type":"Feature","properties":{"LONG":null,"LAT":null,"NOMCIEN":"Quercus polymorpha","NOMCOM":"Encino roble, roble","ORIGEN":"Nativa","ALTURA":10.2,"DAP":40.4,"OBJECTID":331,"FECHA LEV":2015,"SALUD":null,"PROYE":null,"ACCESO":null,"ACCESIBIL":null,"UBI":null,"COLONIA":null,"TRONCO":null,"CFE":null},"geometry":{"type":"Point","coordinates":[370513.221,2837953.79408]}},{"type":"Feature","properties":{"LONG":null,"LAT":null,"NOMCIEN":"Juglans nigra","NOMCOM":"Nogal americano","ORIGEN":"Introducida","ALTURA":19.1,"DAP":62.3,"OBJECTID":332,"FECHA LEV":2015,"SALUD":null,"PROYE":null,"ACCESO":null,"ACCESIBIL":null,"UBI":null,"COLONIA":null,"TRONCO":null,"CFE":null},"geometry":{"type":"Point","coordinates":[370388.443,2837956.94508]}},{"type":"Feature","properties":{"LONG":null,"LAT":null,"NOMCIEN":"Fraxinus americana","NOMCOM":"Fresno blanco americano","ORIGEN":"Nativa","ALTURA":14.4,"DAP":73.8,"OBJECTID":333,"FECHA LEV":2015,"SALUD":null,"PROYE":null,"ACCESO":null,"ACCESIBIL":null,"UBI":null,"COLONIA":null,"TRONCO":null,"CFE":null},"geometry":{"type":"Point","coordinates":[370395.027,2837963.41408]}},{"type":"Feature","properties":{"LONG":null,"LAT":null,"NOMCIEN":"Fraxinus americana","NOMCOM":"Fresno blanco americano","ORIGEN":"Nativa","ALTURA":14.1,"DAP":74.7,"OBJECTID":334,"FECHA LEV":2015,"SALUD":null,"PROYE":null,"ACCESO":null,"ACCESIBIL":null,"UBI":null,"COLONIA":null,"TRONCO":null,"CFE":null},"geometry":{"type":"Point","coordinates":[370382.783,2837936.15308]}},{"type":"Feature","properties":{"LONG":null,"LAT":null,"NOMCIEN":"Fraxinus americana","NOMCOM":"Fresno blanco americano","ORIGEN":"Nativa","ALTURA":15.6,"DAP":69.0,"OBJECTID":335,"FECHA LEV":2015,"SALUD":null,"PROYE":null,"ACCESO":null,"ACCESIBIL":null,"UBI":null,"COLONIA":null,"TRONCO":null,"CFE":null},"geometry":{"type":"Point","coordinates":[370383.592,2837944.93208]}},{"type":"Feature","properties":{"LONG":null,"LAT":null,"NOMCIEN":"Fraxinus americana","NOMCOM":"Fresno blanco americano","ORIGEN":"Nativa","ALTURA":11.2,"DAP":59.1,"OBJECTID":336,"FECHA LEV":2015,"SALUD":null,"PROYE":null,"ACCESO":null,"ACCESIBIL":null,"UBI":null,"COLONIA":null,"TRONCO":null,"CFE":null},"geometry":{"type":"Point","coordinates":[370399.532,2837947.58908]}},{"type":"Feature","properties":{"LONG":null,"LAT":null,"NOMCIEN":"Fraxinus americana","NOMCOM":"Fresno blanco americano","ORIGEN":"Nativa","ALTURA":11.2,"DAP":37.0,"OBJECTID":337,"FECHA LEV":2015,"SALUD":null,"PROYE":null,"ACCESO":null,"ACCESIBIL":null,"UBI":null,"COLONIA":null,"TRONCO":null,"CFE":null},"geometry":{"type":"Point","coordinates":[370419.516,2837959.25508]}},{"type":"Feature","properties":{"LONG":null,"LAT":null,"NOMCIEN":"Fraxinus americana","NOMCOM":"Fresno blanco americano","ORIGEN":"Nativa","ALTURA":13.2,"DAP":50.0,"OBJECTID":338,"FECHA LEV":2015,"SALUD":null,"PROYE":null,"ACCESO":null,"ACCESIBIL":null,"UBI":null,"COLONIA":null,"TRONCO":null,"CFE":null},"geometry":{"type":"Point","coordinates":[370415.242,2837970.80608]}},{"type":"Feature","properties":{"LONG":null,"LAT":null,"NOMCIEN":"Fraxinus americana","NOMCOM":"Fresno blanco americano","ORIGEN":"Nativa","ALTURA":13.4,"DAP":81.5,"OBJECTID":339,"FECHA LEV":2015,"SALUD":null,"PROYE":null,"ACCESO":null,"ACCESIBIL":null,"UBI":null,"COLONIA":null,"TRONCO":null,"CFE":null},"geometry":{"type":"Point","coordinates":[370423.096,2837975.54208]}},{"type":"Feature","properties":{"LONG":null,"LAT":null,"NOMCIEN":"Fraxinus americana","NOMCOM":"Fresno blanco americano","ORIGEN":"Nativa","ALTURA":11.7,"DAP":32.1,"OBJECTID":340,"FECHA LEV":2015,"SALUD":null,"PROYE":null,"ACCESO":null,"ACCESIBIL":null,"UBI":null,"COLONIA":null,"TRONCO":null,"CFE":null},"geometry":{"type":"Point","coordinates":[370438.013,2837886.25708]}},{"type":"Feature","properties":{"LONG":null,"LAT":null,"NOMCIEN":"Fraxinus americana","NOMCOM":"Fresno blanco americano","ORIGEN":"Nativa","ALTURA":13.0,"DAP":71.8,"OBJECTID":341,"FECHA LEV":2015,"SALUD":null,"PROYE":null,"ACCESO":null,"ACCESIBIL":null,"UBI":null,"COLONIA":null,"TRONCO":null,"CFE":null},"geometry":{"type":"Point","coordinates":[370404.384,2837989.63508]}},{"type":"Feature","properties":{"LONG":null,"LAT":null,"NOMCIEN":"Fraxinus americana","NOMCOM":"Fresno blanco americano","ORIGEN":"Nativa","ALTURA":18.0,"DAP":81.3,"OBJECTID":342,"FECHA LEV":2015,"SALUD":null,"PROYE":null,"ACCESO":null,"ACCESIBIL":null,"UBI":null,"COLONIA":null,"TRONCO":null,"CFE":null},"geometry":{"type":"Point","coordinates":[370378.757,2837852.45308]}},{"type":"Feature","properties":{"LONG":null,"LAT":null,"NOMCIEN":"Fraxinus americana","NOMCOM":"Fresno blanco americano","ORIGEN":"Nativa","ALTURA":20.6,"DAP":100.0,"OBJECTID":343,"FECHA LEV":2015,"SALUD":null,"PROYE":null,"ACCESO":null,"ACCESIBIL":null,"UBI":null,"COLONIA":null,"TRONCO":null,"CFE":null},"geometry":{"type":"Point","coordinates":[370436.048,2838013.15508]}},{"type":"Feature","properties":{"LONG":null,"LAT":null,"NOMCIEN":"Cupressus sempervirens","NOMCOM":"Ciprés mediterráneo, ciprés italiano, ciprés pincel","ORIGEN":"Introducida","ALTURA":15.0,"DAP":17.8,"OBJECTID":344,"FECHA LEV":2015,"SALUD":null,"PROYE":null,"ACCESO":null,"ACCESIBIL":null,"UBI":null,"COLONIA":null,"TRONCO":null,"CFE":null},"geometry":{"type":"Point","coordinates":[370373.721,2837912.12208]}},{"type":"Feature","properties":{"LONG":null,"LAT":null,"NOMCIEN":"Fraxinus americana","NOMCOM":"Fresno blanco americano","ORIGEN":"Nativa","ALTURA":6.0,"DAP":12.7,"OBJECTID":345,"FECHA LEV":2015,"SALUD":null,"PROYE":null,"ACCESO":null,"ACCESIBIL":null,"UBI":null,"COLONIA":null,"TRONCO":null,"CFE":null},"geometry":{"type":"Point","coordinates":[370443.845,2838017.05408]}},{"type":"Feature","properties":{"LONG":null,"LAT":null,"NOMCIEN":"Fraxinus americana","NOMCOM":"Fresno blanco americano","ORIGEN":"Nativa","ALTURA":10.6,"DAP":41.7,"OBJECTID":346,"FECHA LEV":2015,"SALUD":null,"PROYE":null,"ACCESO":null,"ACCESIBIL":null,"UBI":null,"COLONIA":null,"TRONCO":null,"CFE":null},"geometry":{"type":"Point","coordinates":[370454.674,2838011.85608]}},{"type":"Feature","properties":{"LONG":null,"LAT":null,"NOMCIEN":"Fraxinus americana","NOMCOM":"Fresno blanco americano","ORIGEN":"Nativa","ALTURA":14.4,"DAP":43.3,"OBJECTID":347,"FECHA LEV":2015,"SALUD":null,"PROYE":null,"ACCESO":null,"ACCESIBIL":null,"UBI":null,"COLONIA":null,"TRONCO":null,"CFE":null},"geometry":{"type":"Point","coordinates":[370460.883,2838001.60408]}},{"type":"Feature","properties":{"LONG":null,"LAT":null,"NOMCIEN":"Fraxinus americana","NOMCOM":"Fresno blanco americano","ORIGEN":"Nativa","ALTURA":12.0,"DAP":67.2,"OBJECTID":348,"FECHA LEV":2015,"SALUD":null,"PROYE":null,"ACCESO":null,"ACCESIBIL":null,"UBI":null,"COLONIA":null,"TRONCO":null,"CFE":null},"geometry":{"type":"Point","coordinates":[370453.519,2837997.56208]}},{"type":"Feature","properties":{"LONG":null,"LAT":null,"NOMCIEN":"Fraxinus americana","NOMCOM":"Fresno blanco americano","ORIGEN":"Nativa","ALTURA":14.8,"DAP":72.6,"OBJECTID":349,"FECHA LEV":2015,"SALUD":null,"PROYE":null,"ACCESO":null,"ACCESIBIL":null,"UBI":null,"COLONIA":null,"TRONCO":null,"CFE":null},"geometry":{"type":"Point","coordinates":[370437.348,2837989.76508]}},{"type":"Feature","properties":{"LONG":null,"LAT":null,"NOMCIEN":"Fraxinus americana","NOMCOM":"Fresno blanco americano","ORIGEN":"Nativa","ALTURA":13.4,"DAP":65.8,"OBJECTID":350,"FECHA LEV":2015,"SALUD":null,"PROYE":null,"ACCESO":null,"ACCESIBIL":null,"UBI":null,"COLONIA":null,"TRONCO":null,"CFE":null},"geometry":{"type":"Point","coordinates":[370439.658,2837983.12308]}},{"type":"Feature","properties":{"LONG":null,"LAT":null,"NOMCIEN":"Fraxinus americana","NOMCOM":"Fresno blanco americano","ORIGEN":"Nativa","ALTURA":15.7,"DAP":65.9,"OBJECTID":351,"FECHA LEV":2015,"SALUD":null,"PROYE":null,"ACCESO":null,"ACCESIBIL":null,"UBI":null,"COLONIA":null,"TRONCO":null,"CFE":null},"geometry":{"type":"Point","coordinates":[370451.064,2837983.12308]}},{"type":"Feature","properties":{"LONG":null,"LAT":null,"NOMCIEN":"Juglans nigra","NOMCOM":"Nogal americano","ORIGEN":"Introducida","ALTURA":16.0,"DAP":62.1,"OBJECTID":352,"FECHA LEV":2015,"SALUD":null,"PROYE":null,"ACCESO":null,"ACCESIBIL":null,"UBI":null,"COLONIA":null,"TRONCO":null,"CFE":null},"geometry":{"type":"Point","coordinates":[370391.721,2837994.24108]}},{"type":"Feature","properties":{"LONG":null,"LAT":null,"NOMCIEN":"Quercus fusiformis","NOMCOM":"Encino siempreverde, encino molino","ORIGEN":"Nativa","ALTURA":11.4,"DAP":31.4,"OBJECTID":353,"FECHA LEV":2015,"SALUD":null,"PROYE":null,"ACCESO":null,"ACCESIBIL":null,"UBI":null,"COLONIA":null,"TRONCO":null,"CFE":null},"geometry":{"type":"Point","coordinates":[370430.216,2837887.62108]}},{"type":"Feature","properties":{"LONG":null,"LAT":null,"NOMCIEN":"Quercus fusiformis","NOMCOM":"Encino siempreverde, encino molino","ORIGEN":"Nativa","ALTURA":10.4,"DAP":37.7,"OBJECTID":354,"FECHA LEV":2015,"SALUD":null,"PROYE":null,"ACCESO":null,"ACCESIBIL":null,"UBI":null,"COLONIA":null,"TRONCO":null,"CFE":null},"geometry":{"type":"Point","coordinates":[370405.871,2838014.59908]}},{"type":"Feature","properties":{"LONG":null,"LAT":null,"NOMCIEN":"Fraxinus americana","NOMCOM":"Fresno blanco americano","ORIGEN":"Nativa","ALTURA":11.1,"DAP":28.3,"OBJECTID":355,"FECHA LEV":2015,"SALUD":null,"PROYE":null,"ACCESO":null,"ACCESIBIL":null,"UBI":null,"COLONIA":null,"TRONCO":null,"CFE":null},"geometry":{"type":"Point","coordinates":[370418.978,2837953.00608]}},{"type":"Feature","properties":{"LONG":null,"LAT":null,"NOMCIEN":"Juglans nigra","NOMCOM":"Nogal americano","ORIGEN":"Introducida","ALTURA":20.7,"DAP":53.0,"OBJECTID":356,"FECHA LEV":2015,"SALUD":null,"PROYE":null,"ACCESO":null,"ACCESIBIL":null,"UBI":null,"COLONIA":null,"TRONCO":null,"CFE":null},"geometry":{"type":"Point","coordinates":[370462.471,2837993.37408]}},{"type":"Feature","properties":{"LONG":null,"LAT":null,"NOMCIEN":"Quercus shumardii","NOMCOM":"Encino rojo","ORIGEN":"Introducida","ALTURA":9.3,"DAP":33.3,"OBJECTID":357,"FECHA LEV":2015,"SALUD":null,"PROYE":null,"ACCESO":null,"ACCESIBIL":null,"UBI":null,"COLONIA":null,"TRONCO":null,"CFE":null},"geometry":{"type":"Point","coordinates":[370172.252,2837936.34208]}},{"type":"Feature","properties":{"LONG":null,"LAT":null,"NOMCIEN":"Fraxinus americana","NOMCOM":"Fresno blanco americano","ORIGEN":"Nativa","ALTURA":16.0,"DAP":75.9,"OBJECTID":358,"FECHA LEV":2015,"SALUD":null,"PROYE":null,"ACCESO":null,"ACCESIBIL":null,"UBI":null,"COLONIA":null,"TRONCO":null,"CFE":null},"geometry":{"type":"Point","coordinates":[370389.375,2837870.77608]}},{"type":"Feature","properties":{"LONG":null,"LAT":null,"NOMCIEN":"Fraxinus americana","NOMCOM":"Fresno blanco americano","ORIGEN":"Nativa","ALTURA":19.2,"DAP":79.3,"OBJECTID":359,"FECHA LEV":2015,"SALUD":null,"PROYE":null,"ACCESO":null,"ACCESIBIL":null,"UBI":null,"COLONIA":null,"TRONCO":null,"CFE":null},"geometry":{"type":"Point","coordinates":[370373.132,2837870.43808]}},{"type":"Feature","properties":{"LONG":null,"LAT":null,"NOMCIEN":"Fraxinus americana","NOMCOM":"Fresno blanco americano","ORIGEN":"Nativa","ALTURA":13.4,"DAP":33.0,"OBJECTID":360,"FECHA LEV":2015,"SALUD":null,"PROYE":null,"ACCESO":null,"ACCESIBIL":null,"UBI":null,"COLONIA":null,"TRONCO":null,"CFE":null},"geometry":{"type":"Point","coordinates":[370401.558,2837879.57508]}},{"type":"Feature","properties":{"LONG":null,"LAT":null,"NOMCIEN":"Fraxinus americana","NOMCOM":"Fresno blanco americano","ORIGEN":"Nativa","ALTURA":14.4,"DAP":81.1,"OBJECTID":361,"FECHA LEV":2015,"SALUD":null,"PROYE":null,"ACCESO":null,"ACCESIBIL":null,"UBI":null,"COLONIA":null,"TRONCO":null,"CFE":null},"geometry":{"type":"Point","coordinates":[370403.398,2837912.33708]}},{"type":"Feature","properties":{"LONG":null,"LAT":null,"NOMCIEN":"Fraxinus americana","NOMCOM":"Fresno blanco americano","ORIGEN":"Nativa","ALTURA":15.2,"DAP":70.6,"OBJECTID":362,"FECHA LEV":2015,"SALUD":null,"PROYE":null,"ACCESO":null,"ACCESIBIL":null,"UBI":null,"COLONIA":null,"TRONCO":null,"CFE":null},"geometry":{"type":"Point","coordinates":[370418.583,2837985.73508]}},{"type":"Feature","properties":{"LONG":null,"LAT":null,"NOMCIEN":"Fraxinus americana","NOMCOM":"Fresno blanco americano","ORIGEN":"Nativa","ALTURA":13.0,"DAP":36.1,"OBJECTID":363,"FECHA LEV":2015,"SALUD":null,"PROYE":null,"ACCESO":null,"ACCESIBIL":null,"UBI":null,"COLONIA":null,"TRONCO":null,"CFE":null},"geometry":{"type":"Point","coordinates":[370416.612,2837979.03108]}},{"type":"Feature","properties":{"LONG":null,"LAT":null,"NOMCIEN":"Ficus benjamina","NOMCOM":"Laurel de la India, amate, ficus","ORIGEN":"Introducida","ALTURA":4.5,"DAP":10.9,"OBJECTID":364,"FECHA LEV":2015,"SALUD":null,"PROYE":null,"ACCESO":null,"ACCESIBIL":null,"UBI":null,"COLONIA":null,"TRONCO":null,"CFE":null},"geometry":{"type":"Point","coordinates":[370445.0,2838025.00008]}},{"type":"Feature","properties":{"LONG":null,"LAT":null,"NOMCIEN":"Cupressus sempervirens","NOMCOM":"Ciprés mediterráneo, ciprés italiano, ciprés pincel","ORIGEN":"Introducida","ALTURA":15.4,"DAP":24.7,"OBJECTID":365,"FECHA LEV":2015,"SALUD":null,"PROYE":null,"ACCESO":null,"ACCESIBIL":null,"UBI":null,"COLONIA":null,"TRONCO":null,"CFE":null},"geometry":{"type":"Point","coordinates":[370826.24,2838045.75008]}},{"type":"Feature","properties":{"LONG":null,"LAT":null,"NOMCIEN":"Cupressus sempervirens","NOMCOM":"Ciprés mediterráneo, ciprés italiano, ciprés pincel","ORIGEN":"Introducida","ALTURA":13.9,"DAP":23.6,"OBJECTID":366,"FECHA LEV":2015,"SALUD":null,"PROYE":null,"ACCESO":null,"ACCESIBIL":null,"UBI":null,"COLONIA":null,"TRONCO":null,"CFE":null},"geometry":{"type":"Point","coordinates":[370829.46,2838042.97008]}},{"type":"Feature","properties":{"LONG":null,"LAT":null,"NOMCIEN":"Cupressus sempervirens","NOMCOM":"Ciprés mediterráneo, ciprés italiano, ciprés pincel","ORIGEN":"Introducida","ALTURA":14.2,"DAP":27.9,"OBJECTID":367,"FECHA LEV":2015,"SALUD":null,"PROYE":null,"ACCESO":null,"ACCESIBIL":null,"UBI":null,"COLONIA":null,"TRONCO":null,"CFE":null},"geometry":{"type":"Point","coordinates":[370823.61,2838037.36008]}},{"type":"Feature","properties":{"LONG":null,"LAT":null,"NOMCIEN":"Cupressus sempervirens","NOMCOM":"Ciprés mediterráneo, ciprés italiano, ciprés pincel","ORIGEN":"Introducida","ALTURA":15.0,"DAP":24.8,"OBJECTID":368,"FECHA LEV":2015,"SALUD":null,"PROYE":null,"ACCESO":null,"ACCESIBIL":null,"UBI":null,"COLONIA":null,"TRONCO":null,"CFE":null},"geometry":{"type":"Point","coordinates":[370796.66,2838037.57008]}},{"type":"Feature","properties":{"LONG":null,"LAT":null,"NOMCIEN":"Cupressus sempervirens","NOMCOM":"Ciprés mediterráneo, ciprés italiano, ciprés pincel","ORIGEN":"Introducida","ALTURA":8.7,"DAP":25.2,"OBJECTID":369,"FECHA LEV":2015,"SALUD":null,"PROYE":null,"ACCESO":null,"ACCESIBIL":null,"UBI":null,"COLONIA":null,"TRONCO":null,"CFE":null},"geometry":{"type":"Point","coordinates":[370801.53,2838041.65008]}},{"type":"Feature","properties":{"LONG":null,"LAT":null,"NOMCIEN":"Cupressus sempervirens","NOMCOM":"Ciprés mediterráneo, ciprés italiano, ciprés pincel","ORIGEN":"Introducida","ALTURA":7.0,"DAP":19.4,"OBJECTID":370,"FECHA LEV":2015,"SALUD":null,"PROYE":null,"ACCESO":null,"ACCESIBIL":null,"UBI":null,"COLONIA":null,"TRONCO":null,"CFE":null},"geometry":{"type":"Point","coordinates":[370803.9,2838043.78008]}},{"type":"Feature","properties":{"LONG":null,"LAT":null,"NOMCIEN":"Quercus fusiformis","NOMCOM":"Encino siempreverde, encino molino","ORIGEN":"Nativa","ALTURA":6.9,"DAP":13.4,"OBJECTID":371,"FECHA LEV":2015,"SALUD":null,"PROYE":null,"ACCESO":null,"ACCESIBIL":null,"UBI":null,"COLONIA":null,"TRONCO":null,"CFE":null},"geometry":{"type":"Point","coordinates":[370828.86,2838070.00008]}},{"type":"Feature","properties":{"LONG":null,"LAT":null,"NOMCIEN":"Fraxinus americana","NOMCOM":"Fresno blanco americano","ORIGEN":"Nativa","ALTURA":9.2,"DAP":34.3,"OBJECTID":372,"FECHA LEV":2015,"SALUD":null,"PROYE":null,"ACCESO":null,"ACCESIBIL":null,"UBI":null,"COLONIA":null,"TRONCO":null,"CFE":null},"geometry":{"type":"Point","coordinates":[370677.452,2838181.30208]}},{"type":"Feature","properties":{"LONG":null,"LAT":null,"NOMCIEN":"Fraxinus americana","NOMCOM":"Fresno blanco americano","ORIGEN":"Nativa","ALTURA":8.9,"DAP":41.8,"OBJECTID":373,"FECHA LEV":2015,"SALUD":null,"PROYE":null,"ACCESO":null,"ACCESIBIL":null,"UBI":null,"COLONIA":null,"TRONCO":null,"CFE":null},"geometry":{"type":"Point","coordinates":[370752.103,2838170.18708]}},{"type":"Feature","properties":{"LONG":null,"LAT":null,"NOMCIEN":"Fraxinus americana","NOMCOM":"Fresno blanco americano","ORIGEN":"Nativa","ALTURA":7.0,"DAP":25.3,"OBJECTID":374,"FECHA LEV":2015,"SALUD":null,"PROYE":null,"ACCESO":null,"ACCESIBIL":null,"UBI":null,"COLONIA":null,"TRONCO":null,"CFE":null},"geometry":{"type":"Point","coordinates":[370746.629,2838164.38108]}},{"type":"Feature","properties":{"LONG":null,"LAT":null,"NOMCIEN":"Quercus polymorpha","NOMCOM":"Encino roble, roble","ORIGEN":"Nativa","ALTURA":6.6,"DAP":15.4,"OBJECTID":375,"FECHA LEV":2015,"SALUD":null,"PROYE":null,"ACCESO":null,"ACCESIBIL":null,"UBI":null,"COLONIA":null,"TRONCO":null,"CFE":null},"geometry":{"type":"Point","coordinates":[370706.749,2838148.44908]}},{"type":"Feature","properties":{"LONG":null,"LAT":null,"NOMCIEN":"Quercus polymorpha","NOMCOM":"Encino roble, roble","ORIGEN":"Nativa","ALTURA":6.3,"DAP":15.7,"OBJECTID":376,"FECHA LEV":2015,"SALUD":null,"PROYE":null,"ACCESO":null,"ACCESIBIL":null,"UBI":null,"COLONIA":null,"TRONCO":null,"CFE":null},"geometry":{"type":"Point","coordinates":[370721.712,2838139.75108]}},{"type":"Feature","properties":{"LONG":null,"LAT":null,"NOMCIEN":"Quercus polymorpha","NOMCOM":"Encino roble, roble","ORIGEN":"Nativa","ALTURA":5.8,"DAP":13.4,"OBJECTID":377,"FECHA LEV":2015,"SALUD":null,"PROYE":null,"ACCESO":null,"ACCESIBIL":null,"UBI":null,"COLONIA":null,"TRONCO":null,"CFE":null},"geometry":{"type":"Point","coordinates":[370716.649,2838140.29708]}},{"type":"Feature","properties":{"LONG":null,"LAT":null,"NOMCIEN":"Fraxinus americana","NOMCOM":"Fresno blanco americano","ORIGEN":"Nativa","ALTURA":6.8,"DAP":25.7,"OBJECTID":378,"FECHA LEV":2015,"SALUD":null,"PROYE":null,"ACCESO":null,"ACCESIBIL":null,"UBI":null,"COLONIA":null,"TRONCO":null,"CFE":null},"geometry":{"type":"Point","coordinates":[370711.117,2838143.50008]}},{"type":"Feature","properties":{"LONG":null,"LAT":null,"NOMCIEN":"Quercus polymorpha","NOMCOM":"Encino roble, roble","ORIGEN":"Nativa","ALTURA":6.5,"DAP":16.5,"OBJECTID":379,"FECHA LEV":2015,"SALUD":null,"PROYE":null,"ACCESO":null,"ACCESIBIL":null,"UBI":null,"COLONIA":null,"TRONCO":null,"CFE":null},"geometry":{"type":"Point","coordinates":[370686.95,2838157.47508]}},{"type":"Feature","properties":{"LONG":null,"LAT":null,"NOMCIEN":"Quercus fusiformis","NOMCOM":"Encino siempreverde, encino molino","ORIGEN":"Nativa","ALTURA":11.3,"DAP":34.1,"OBJECTID":380,"FECHA LEV":2015,"SALUD":null,"PROYE":null,"ACCESO":null,"ACCESIBIL":null,"UBI":null,"COLONIA":null,"TRONCO":null,"CFE":null},"geometry":{"type":"Point","coordinates":[370671.344,2838188.45508]}},{"type":"Feature","properties":{"LONG":null,"LAT":null,"NOMCIEN":"Quercus fusiformis","NOMCOM":"Encino siempreverde, encino molino","ORIGEN":"Nativa","ALTURA":6.8,"DAP":26.5,"OBJECTID":381,"FECHA LEV":2015,"SALUD":null,"PROYE":null,"ACCESO":null,"ACCESIBIL":null,"UBI":null,"COLONIA":null,"TRONCO":null,"CFE":null},"geometry":{"type":"Point","coordinates":[370663.424,2838180.30308]}},{"type":"Feature","properties":{"LONG":null,"LAT":null,"NOMCIEN":"Citrus","NOMCOM":"Cítrico","ORIGEN":"Introducida","ALTURA":5.0,"DAP":13.0,"OBJECTID":382,"FECHA LEV":2015,"SALUD":null,"PROYE":null,"ACCESO":null,"ACCESIBIL":null,"UBI":null,"COLONIA":null,"TRONCO":null,"CFE":null},"geometry":{"type":"Point","coordinates":[370657.601,2838174.94508]}},{"type":"Feature","properties":{"LONG":null,"LAT":null,"NOMCIEN":"Fraxinus americana","NOMCOM":"Fresno blanco americano","ORIGEN":"Nativa","ALTURA":9.0,"DAP":37.8,"OBJECTID":383,"FECHA LEV":2015,"SALUD":null,"PROYE":null,"ACCESO":null,"ACCESIBIL":null,"UBI":null,"COLONIA":null,"TRONCO":null,"CFE":null},"geometry":{"type":"Point","coordinates":[370683.921,2838174.66608]}},{"type":"Feature","properties":{"LONG":null,"LAT":null,"NOMCIEN":"Quercus shumardii","NOMCOM":"Encino rojo","ORIGEN":"Introducida","ALTURA":5.5,"DAP":15.0,"OBJECTID":384,"FECHA LEV":2015,"SALUD":null,"PROYE":null,"ACCESO":null,"ACCESIBIL":null,"UBI":null,"COLONIA":null,"TRONCO":null,"CFE":null},"geometry":{"type":"Point","coordinates":[370732.837,2838147.22708]}},{"type":"Feature","properties":{"LONG":null,"LAT":null,"NOMCIEN":"Taxodium distichum","NOMCOM":"Sabino, ciprés calvo, ciprés de los pantanos","ORIGEN":"Introducida","ALTURA":6.8,"DAP":23.2,"OBJECTID":385,"FECHA LEV":2015,"SALUD":null,"PROYE":null,"ACCESO":null,"ACCESIBIL":null,"UBI":null,"COLONIA":null,"TRONCO":null,"CFE":null},"geometry":{"type":"Point","coordinates":[370741.456,2838156.31108]}},{"type":"Feature","properties":{"LONG":null,"LAT":null,"NOMCIEN":"Quercus vaseyana","NOMCOM":"Encino bravo, encino de Vasey","ORIGEN":"Introducida","ALTURA":7.6,"DAP":22.7,"OBJECTID":386,"FECHA LEV":2015,"SALUD":null,"PROYE":null,"ACCESO":null,"ACCESIBIL":null,"UBI":null,"COLONIA":null,"TRONCO":null,"CFE":null},"geometry":{"type":"Point","coordinates":[370742.62,2838216.87308]}},{"type":"Feature","properties":{"LONG":null,"LAT":null,"NOMCIEN":"Casuarina cunninghamiana","NOMCOM":"Casuarina","ORIGEN":"Introducida","ALTURA":9.1,"DAP":29.3,"OBJECTID":387,"FECHA LEV":2015,"SALUD":null,"PROYE":null,"ACCESO":null,"ACCESIBIL":null,"UBI":null,"COLONIA":null,"TRONCO":null,"CFE":null},"geometry":{"type":"Point","coordinates":[370736.564,2838218.96908]}},{"type":"Feature","properties":{"LONG":null,"LAT":null,"NOMCIEN":"Quercus fusiformis","NOMCOM":"Encino siempreverde, encino molino","ORIGEN":"Nativa","ALTURA":7.4,"DAP":16.0,"OBJECTID":388,"FECHA LEV":2015,"SALUD":null,"PROYE":null,"ACCESO":null,"ACCESIBIL":null,"UBI":null,"COLONIA":null,"TRONCO":null,"CFE":null},"geometry":{"type":"Point","coordinates":[370732.604,2838220.60008]}},{"type":"Feature","properties":{"LONG":null,"LAT":null,"NOMCIEN":"Casuarina cunninghamiana","NOMCOM":"Casuarina","ORIGEN":"Introducida","ALTURA":9.4,"DAP":32.5,"OBJECTID":389,"FECHA LEV":2015,"SALUD":null,"PROYE":null,"ACCESO":null,"ACCESIBIL":null,"UBI":null,"COLONIA":null,"TRONCO":null,"CFE":null},"geometry":{"type":"Point","coordinates":[370729.343,2838221.06508]}},{"type":"Feature","properties":{"LONG":null,"LAT":null,"NOMCIEN":"Quercus vaseyana","NOMCOM":"Encino bravo, encino de Vasey","ORIGEN":"Introducida","ALTURA":4.3,"DAP":18.4,"OBJECTID":390,"FECHA LEV":2015,"SALUD":null,"PROYE":null,"ACCESO":null,"ACCESIBIL":null,"UBI":null,"COLONIA":null,"TRONCO":null,"CFE":null},"geometry":{"type":"Point","coordinates":[370724.918,2838233.64408]}},{"type":"Feature","properties":{"LONG":null,"LAT":null,"NOMCIEN":"Juglans nigra","NOMCOM":"Nogal americano","ORIGEN":"Introducida","ALTURA":4.3,"DAP":15.2,"OBJECTID":391,"FECHA LEV":2015,"SALUD":null,"PROYE":null,"ACCESO":null,"ACCESIBIL":null,"UBI":null,"COLONIA":null,"TRONCO":null,"CFE":null},"geometry":{"type":"Point","coordinates":[370714.902,2838217.33908]}},{"type":"Feature","properties":{"LONG":null,"LAT":null,"NOMCIEN":"Quercus vaseyana","NOMCOM":"Encino bravo, encino de Vasey","ORIGEN":"Introducida","ALTURA":7.3,"DAP":20.6,"OBJECTID":392,"FECHA LEV":2015,"SALUD":null,"PROYE":null,"ACCESO":null,"ACCESIBIL":null,"UBI":null,"COLONIA":null,"TRONCO":null,"CFE":null},"geometry":{"type":"Point","coordinates":[370697.199,2838212.21408]}},{"type":"Feature","properties":{"LONG":null,"LAT":null,"NOMCIEN":"Taxodium distichum","NOMCOM":"Sabino, ciprés calvo, ciprés de los pantanos","ORIGEN":"Introducida","ALTURA":5.7,"DAP":16.5,"OBJECTID":393,"FECHA LEV":2015,"SALUD":null,"PROYE":null,"ACCESO":null,"ACCESIBIL":null,"UBI":null,"COLONIA":null,"TRONCO":null,"CFE":null},"geometry":{"type":"Point","coordinates":[370691.842,2838208.48708]}},{"type":"Feature","properties":{"LONG":null,"LAT":null,"NOMCIEN":"Washingtonia robusta","NOMCOM":"Palma Washington, palmera abanico, palma blanca","ORIGEN":"Nativa","ALTURA":9.1,"DAP":64.3,"OBJECTID":394,"FECHA LEV":2015,"SALUD":null,"PROYE":null,"ACCESO":null,"ACCESIBIL":null,"UBI":null,"COLONIA":null,"TRONCO":null,"CFE":null},"geometry":{"type":"Point","coordinates":[370696.529,2838161.06308]}},{"type":"Feature","properties":{"LONG":null,"LAT":null,"NOMCIEN":"Thuja occidentalis","NOMCOM":"Pagoda japonesa, tuja","ORIGEN":"Introducida","ALTURA":3.6,"DAP":49.0,"OBJECTID":395,"FECHA LEV":2015,"SALUD":null,"PROYE":null,"ACCESO":null,"ACCESIBIL":null,"UBI":null,"COLONIA":null,"TRONCO":null,"CFE":null},"geometry":{"type":"Point","coordinates":[370667.94,2838174.69008]}},{"type":"Feature","properties":{"LONG":null,"LAT":null,"NOMCIEN":"Thuja occidentalis","NOMCOM":"Pagoda japonesa, tuja","ORIGEN":"Introducida","ALTURA":3.9,"DAP":29.8,"OBJECTID":396,"FECHA LEV":2015,"SALUD":null,"PROYE":null,"ACCESO":null,"ACCESIBIL":null,"UBI":null,"COLONIA":null,"TRONCO":null,"CFE":null},"geometry":{"type":"Point","coordinates":[370674.29,2838168.60008]}},{"type":"Feature","properties":{"LONG":null,"LAT":null,"NOMCIEN":"Thuja occidentalis","NOMCOM":"Pagoda japonesa, tuja","ORIGEN":"Introducida","ALTURA":3.9,"DAP":34.4,"OBJECTID":397,"FECHA LEV":2015,"SALUD":null,"PROYE":null,"ACCESO":null,"ACCESIBIL":null,"UBI":null,"COLONIA":null,"TRONCO":null,"CFE":null},"geometry":{"type":"Point","coordinates":[370676.53,2838166.23008]}},{"type":"Feature","properties":{"LONG":null,"LAT":null,"NOMCIEN":"Thuja occidentalis","NOMCOM":"Pagoda japonesa, tuja","ORIGEN":"Introducida","ALTURA":6.5,"DAP":28.5,"OBJECTID":398,"FECHA LEV":2015,"SALUD":null,"PROYE":null,"ACCESO":null,"ACCESIBIL":null,"UBI":null,"COLONIA":null,"TRONCO":null,"CFE":null},"geometry":{"type":"Point","coordinates":[370681.65,2838160.60008]}},{"type":"Feature","properties":{"LONG":null,"LAT":null,"NOMCIEN":"Quercus fusiformis","NOMCOM":"Encino siempreverde, encino molino","ORIGEN":"Nativa","ALTURA":5.1,"DAP":11.7,"OBJECTID":399,"FECHA LEV":2015,"SALUD":null,"PROYE":null,"ACCESO":null,"ACCESIBIL":null,"UBI":null,"COLONIA":null,"TRONCO":null,"CFE":null},"geometry":{"type":"Point","coordinates":[370653.0,2838180.00008]}},{"type":"Feature","properties":{"LONG":null,"LAT":null,"NOMCIEN":"Quercus fusiformis","NOMCOM":"Encino siempreverde, encino molino","ORIGEN":"Nativa","ALTURA":5.4,"DAP":8.4,"OBJECTID":400,"FECHA LEV":2015,"SALUD":null,"PROYE":null,"ACCESO":null,"ACCESIBIL":null,"UBI":null,"COLONIA":null,"TRONCO":null,"CFE":null},"geometry":{"type":"Point","coordinates":[370663.0,2838175.00008]}},{"type":"Feature","properties":{"LONG":null,"LAT":null,"NOMCIEN":"Quercus fusiformis","NOMCOM":"Encino siempreverde, encino molino","ORIGEN":"Nativa","ALTURA":4.7,"DAP":9.2,"OBJECTID":401,"FECHA LEV":2015,"SALUD":null,"PROYE":null,"ACCESO":null,"ACCESIBIL":null,"UBI":null,"COLONIA":null,"TRONCO":null,"CFE":null},"geometry":{"type":"Point","coordinates":[370685.0,2838211.00008]}},{"type":"Feature","properties":{"LONG":null,"LAT":null,"NOMCIEN":"Quercus fusiformis","NOMCOM":"Encino siempreverde, encino molino","ORIGEN":"Nativa","ALTURA":4.7,"DAP":7.8,"OBJECTID":402,"FECHA LEV":2015,"SALUD":null,"PROYE":null,"ACCESO":null,"ACCESIBIL":null,"UBI":null,"COLONIA":null,"TRONCO":null,"CFE":null},"geometry":{"type":"Point","coordinates":[370714.902,2838230.61608]}},{"type":"Feature","properties":{"LONG":null,"LAT":null,"NOMCIEN":"Quercus fusiformis","NOMCOM":"Encino siempreverde, encino molino","ORIGEN":"Nativa","ALTURA":5.2,"DAP":9.4,"OBJECTID":403,"FECHA LEV":2015,"SALUD":null,"PROYE":null,"ACCESO":null,"ACCESIBIL":null,"UBI":null,"COLONIA":null,"TRONCO":null,"CFE":null},"geometry":{"type":"Point","coordinates":[370691.964,2838165.30608]}},{"type":"Feature","properties":{"LONG":null,"LAT":null,"NOMCIEN":"Quercus fusiformis","NOMCOM":"Encino siempreverde, encino molino","ORIGEN":"Nativa","ALTURA":4.3,"DAP":94.0,"OBJECTID":404,"FECHA LEV":2015,"SALUD":null,"PROYE":null,"ACCESO":null,"ACCESIBIL":null,"UBI":null,"COLONIA":null,"TRONCO":null,"CFE":null},"geometry":{"type":"Point","coordinates":[370688.732,2838169.19208]}},{"type":"Feature","properties":{"LONG":null,"LAT":null,"NOMCIEN":"Ligustrum japonicum","NOMCOM":"Trueno de Texas, trueno japonés","ORIGEN":"Introducida","ALTURA":8.9,"DAP":30.2,"OBJECTID":405,"FECHA LEV":2015,"SALUD":null,"PROYE":null,"ACCESO":null,"ACCESIBIL":null,"UBI":null,"COLONIA":null,"TRONCO":null,"CFE":null},"geometry":{"type":"Point","coordinates":[370700.676,2838155.58908]}},{"type":"Feature","properties":{"LONG":null,"LAT":null,"NOMCIEN":"Quercus polymorpha","NOMCOM":"Encino roble, roble","ORIGEN":"Nativa","ALTURA":10.2,"DAP":19.7,"OBJECTID":406,"FECHA LEV":2015,"SALUD":null,"PROYE":null,"ACCESO":null,"ACCESIBIL":null,"UBI":null,"COLONIA":null,"TRONCO":null,"CFE":null},"geometry":{"type":"Point","coordinates":[370690.0,2838157.00008]}},{"type":"Feature","properties":{"LONG":null,"LAT":null,"NOMCIEN":"Quercus fusiformis","NOMCOM":"Encino siempreverde, encino molino","ORIGEN":"Nativa","ALTURA":7.8,"DAP":21.1,"OBJECTID":407,"FECHA LEV":2015,"SALUD":null,"PROYE":null,"ACCESO":null,"ACCESIBIL":null,"UBI":null,"COLONIA":null,"TRONCO":null,"CFE":null},"geometry":{"type":"Point","coordinates":[370698.0,2838147.00008]}},{"type":"Feature","properties":{"LONG":null,"LAT":null,"NOMCIEN":"Quercus fusiformis","NOMCOM":"Encino siempreverde, encino molino","ORIGEN":"Nativa","ALTURA":7.8,"DAP":24.3,"OBJECTID":408,"FECHA LEV":2015,"SALUD":null,"PROYE":null,"ACCESO":null,"ACCESIBIL":null,"UBI":null,"COLONIA":null,"TRONCO":null,"CFE":null},"geometry":{"type":"Point","coordinates":[370705.0,2838142.00008]}},{"type":"Feature","properties":{"LONG":null,"LAT":null,"NOMCIEN":"Quercus fusiformis","NOMCOM":"Encino siempreverde, encino molino","ORIGEN":"Nativa","ALTURA":7.1,"DAP":28.7,"OBJECTID":409,"FECHA LEV":2015,"SALUD":null,"PROYE":null,"ACCESO":null,"ACCESIBIL":null,"UBI":null,"COLONIA":null,"TRONCO":null,"CFE":null},"geometry":{"type":"Point","coordinates":[370711.0,2838136.00008]}},{"type":"Feature","properties":{"LONG":null,"LAT":null,"NOMCIEN":"Quercus fusiformis","NOMCOM":"Encino siempreverde, encino molino","ORIGEN":"Nativa","ALTURA":7.2,"DAP":16.7,"OBJECTID":410,"FECHA LEV":2015,"SALUD":null,"PROYE":null,"ACCESO":null,"ACCESIBIL":null,"UBI":null,"COLONIA":null,"TRONCO":null,"CFE":null},"geometry":{"type":"Point","coordinates":[370693.543,2838140.65808]}},{"type":"Feature","properties":{"LONG":null,"LAT":null,"NOMCIEN":"Quercus polymorpha","NOMCOM":"Encino roble, roble","ORIGEN":"Nativa","ALTURA":7.2,"DAP":22.7,"OBJECTID":411,"FECHA LEV":2015,"SALUD":null,"PROYE":null,"ACCESO":null,"ACCESIBIL":null,"UBI":null,"COLONIA":null,"TRONCO":null,"CFE":null},"geometry":{"type":"Point","coordinates":[370699.13,2838139.08008]}},{"type":"Feature","properties":{"LONG":null,"LAT":null,"NOMCIEN":"Triadica sebifera","NOMCOM":"Chinese, árbol del sebo","ORIGEN":"Introducida","ALTURA":5.0,"DAP":29.1,"OBJECTID":412,"FECHA LEV":2015,"SALUD":null,"PROYE":null,"ACCESO":null,"ACCESIBIL":null,"UBI":null,"COLONIA":null,"TRONCO":null,"CFE":null},"geometry":{"type":"Point","coordinates":[370674.631,2838170.02108]}},{"type":"Feature","properties":{"LONG":null,"LAT":null,"NOMCIEN":"Quercus polymorpha","NOMCOM":"Encino roble, roble","ORIGEN":"Nativa","ALTURA":5.8,"DAP":14.8,"OBJECTID":413,"FECHA LEV":2015,"SALUD":null,"PROYE":null,"ACCESO":null,"ACCESIBIL":null,"UBI":null,"COLONIA":null,"TRONCO":null,"CFE":null},"geometry":{"type":"Point","coordinates":[370714.297,2838221.73608]}},{"type":"Feature","properties":{"LONG":null,"LAT":null,"NOMCIEN":"Fraxinus americana","NOMCOM":"Fresno blanco americano","ORIGEN":"Nativa","ALTURA":10.0,"DAP":48.6,"OBJECTID":414,"FECHA LEV":2015,"SALUD":null,"PROYE":null,"ACCESO":null,"ACCESIBIL":null,"UBI":null,"COLONIA":null,"TRONCO":null,"CFE":null},"geometry":{"type":"Point","coordinates":[370770.019,2838194.90508]}},{"type":"Feature","properties":{"LONG":null,"LAT":null,"NOMCIEN":"Quercus vaseyana","NOMCOM":"Encino bravo, encino de Vasey","ORIGEN":"Introducida","ALTURA":10.8,"DAP":35.2,"OBJECTID":415,"FECHA LEV":2015,"SALUD":null,"PROYE":null,"ACCESO":null,"ACCESIBIL":null,"UBI":null,"COLONIA":null,"TRONCO":null,"CFE":null},"geometry":{"type":"Point","coordinates":[370766.37,2838185.28308]}},{"type":"Feature","properties":{"LONG":null,"LAT":null,"NOMCIEN":"Fraxinus americana","NOMCOM":"Fresno blanco americano","ORIGEN":"Nativa","ALTURA":7.6,"DAP":31.6,"OBJECTID":416,"FECHA LEV":2015,"SALUD":null,"PROYE":null,"ACCESO":null,"ACCESIBIL":null,"UBI":null,"COLONIA":null,"TRONCO":null,"CFE":null},"geometry":{"type":"Point","coordinates":[370758.241,2838176.98908]}},{"type":"Feature","properties":{"LONG":null,"LAT":null,"NOMCIEN":"Eucalyptus camaldulensis","NOMCOM":"Eucalipto australiano rojo","ORIGEN":"Introducida","ALTURA":7.0,"DAP":51.9,"OBJECTID":417,"FECHA LEV":2015,"SALUD":null,"PROYE":null,"ACCESO":null,"ACCESIBIL":null,"UBI":null,"COLONIA":null,"TRONCO":null,"CFE":null},"geometry":{"type":"Point","coordinates":[370969.424,2838236.50308]}},{"type":"Feature","properties":{"LONG":null,"LAT":null,"NOMCIEN":"Fraxinus americana","NOMCOM":"Fresno blanco americano","ORIGEN":"Nativa","ALTURA":6.4,"DAP":62.0,"OBJECTID":418,"FECHA LEV":2015,"SALUD":null,"PROYE":null,"ACCESO":null,"ACCESIBIL":null,"UBI":null,"COLONIA":null,"TRONCO":null,"CFE":null},"geometry":{"type":"Point","coordinates":[370949.194,2838215.83908]}},{"type":"Feature","properties":{"LONG":null,"LAT":null,"NOMCIEN":"Fraxinus americana","NOMCOM":"Fresno blanco americano","ORIGEN":"Nativa","ALTURA":10.5,"DAP":71.3,"OBJECTID":419,"FECHA LEV":2015,"SALUD":null,"PROYE":null,"ACCESO":null,"ACCESIBIL":null,"UBI":null,"COLONIA":null,"TRONCO":null,"CFE":null},"geometry":{"type":"Point","coordinates":[370937.923,2838207.02408]}},{"type":"Feature","properties":{"LONG":null,"LAT":null,"NOMCIEN":"Fraxinus americana","NOMCOM":"Fresno blanco americano","ORIGEN":"Nativa","ALTURA":11.2,"DAP":49.2,"OBJECTID":420,"FECHA LEV":2015,"SALUD":null,"PROYE":null,"ACCESO":null,"ACCESIBIL":null,"UBI":null,"COLONIA":null,"TRONCO":null,"CFE":null},"geometry":{"type":"Point","coordinates":[370835.76,2838258.75608]}},{"type":"Feature","properties":{"LONG":null,"LAT":null,"NOMCIEN":"Prosopis glandulosa","NOMCOM":"Mezquite","ORIGEN":"Nativa","ALTURA":11.2,"DAP":60.6,"OBJECTID":421,"FECHA LEV":2015,"SALUD":null,"PROYE":null,"ACCESO":null,"ACCESIBIL":null,"UBI":null,"COLONIA":null,"TRONCO":null,"CFE":null},"geometry":{"type":"Point","coordinates":[370841.251,2838261.75008]}},{"type":"Feature","properties":{"LONG":null,"LAT":null,"NOMCIEN":"Quercus polymorpha","NOMCOM":"Encino roble, roble","ORIGEN":"Nativa","ALTURA":7.3,"DAP":17.3,"OBJECTID":422,"FECHA LEV":2015,"SALUD":null,"PROYE":null,"ACCESO":null,"ACCESIBIL":null,"UBI":null,"COLONIA":null,"TRONCO":null,"CFE":null},"geometry":{"type":"Point","coordinates":[370852.378,2838273.78408]}},{"type":"Feature","properties":{"LONG":null,"LAT":null,"NOMCIEN":"Vachellia farnesiana","NOMCOM":"Huizache","ORIGEN":"Nativa","ALTURA":8.1,"DAP":52.0,"OBJECTID":423,"FECHA LEV":2015,"SALUD":null,"PROYE":null,"ACCESO":null,"ACCESIBIL":null,"UBI":null,"COLONIA":null,"TRONCO":null,"CFE":null},"geometry":{"type":"Point","coordinates":[370847.082,2838117.24408]}},{"type":"Feature","properties":{"LONG":null,"LAT":null,"NOMCIEN":"Vachellia farnesiana","NOMCOM":"Huizache","ORIGEN":"Nativa","ALTURA":5.0,"DAP":33.3,"OBJECTID":424,"FECHA LEV":2015,"SALUD":null,"PROYE":null,"ACCESO":null,"ACCESIBIL":null,"UBI":null,"COLONIA":null,"TRONCO":null,"CFE":null},"geometry":{"type":"Point","coordinates":[370807.97,2838066.98008]}},{"type":"Feature","properties":{"LONG":null,"LAT":null,"NOMCIEN":"Vachellia farnesiana","NOMCOM":"Huizache","ORIGEN":"Nativa","ALTURA":8.1,"DAP":65.5,"OBJECTID":425,"FECHA LEV":2015,"SALUD":null,"PROYE":null,"ACCESO":null,"ACCESIBIL":null,"UBI":null,"COLONIA":null,"TRONCO":null,"CFE":null},"geometry":{"type":"Point","coordinates":[370803.449,2838069.78908]}},{"type":"Feature","properties":{"LONG":null,"LAT":null,"NOMCIEN":"Prosopis glandulosa","NOMCOM":"Mezquite","ORIGEN":"Nativa","ALTURA":8.1,"DAP":49.7,"OBJECTID":426,"FECHA LEV":2015,"SALUD":null,"PROYE":null,"ACCESO":null,"ACCESIBIL":null,"UBI":null,"COLONIA":null,"TRONCO":null,"CFE":null},"geometry":{"type":"Point","coordinates":[370805.57,2838063.49108]}},{"type":"Feature","properties":{"LONG":null,"LAT":null,"NOMCIEN":"Prosopis glandulosa","NOMCOM":"Mezquite","ORIGEN":"Nativa","ALTURA":9.6,"DAP":46.3,"OBJECTID":427,"FECHA LEV":2015,"SALUD":null,"PROYE":null,"ACCESO":null,"ACCESIBIL":null,"UBI":null,"COLONIA":null,"TRONCO":null,"CFE":null},"geometry":{"type":"Point","coordinates":[370758.048,2838069.48208]}},{"type":"Feature","properties":{"LONG":null,"LAT":null,"NOMCIEN":"Vachellia farnesiana","NOMCOM":"Huizache","ORIGEN":"Nativa","ALTURA":5.9,"DAP":52.0,"OBJECTID":428,"FECHA LEV":2015,"SALUD":null,"PROYE":null,"ACCESO":null,"ACCESIBIL":null,"UBI":null,"COLONIA":null,"TRONCO":null,"CFE":null},"geometry":{"type":"Point","coordinates":[370755.75,2838075.61008]}},{"type":"Feature","properties":{"LONG":null,"LAT":null,"NOMCIEN":"Ligustrum japonicum","NOMCOM":"Trueno de Texas, trueno japonés","ORIGEN":"Introducida","ALTURA":6.1,"DAP":16.7,"OBJECTID":429,"FECHA LEV":2015,"SALUD":null,"PROYE":null,"ACCESO":null,"ACCESIBIL":null,"UBI":null,"COLONIA":null,"TRONCO":null,"CFE":null},"geometry":{"type":"Point","coordinates":[370719.479,2838112.15908]}},{"type":"Feature","properties":{"LONG":null,"LAT":null,"NOMCIEN":"Prosopis glandulosa","NOMCOM":"Mezquite","ORIGEN":"Nativa","ALTURA":10.7,"DAP":59.5,"OBJECTID":430,"FECHA LEV":2015,"SALUD":null,"PROYE":null,"ACCESO":null,"ACCESIBIL":null,"UBI":null,"COLONIA":null,"TRONCO":null,"CFE":null},"geometry":{"type":"Point","coordinates":[370730.172,2838124.25008]}},{"type":"Feature","properties":{"LONG":null,"LAT":null,"NOMCIEN":"Prosopis glandulosa","NOMCOM":"Mezquite","ORIGEN":"Nativa","ALTURA":11.2,"DAP":66.8,"OBJECTID":431,"FECHA LEV":2015,"SALUD":null,"PROYE":null,"ACCESO":null,"ACCESIBIL":null,"UBI":null,"COLONIA":null,"TRONCO":null,"CFE":null},"geometry":{"type":"Point","coordinates":[370767.58,2838159.23908]}},{"type":"Feature","properties":{"LONG":null,"LAT":null,"NOMCIEN":"Fraxinus americana","NOMCOM":"Fresno blanco americano","ORIGEN":"Nativa","ALTURA":6.2,"DAP":32.3,"OBJECTID":432,"FECHA LEV":2015,"SALUD":null,"PROYE":null,"ACCESO":null,"ACCESIBIL":null,"UBI":null,"COLONIA":null,"TRONCO":null,"CFE":null},"geometry":{"type":"Point","coordinates":[370789.252,2838175.79708]}},{"type":"Feature","properties":{"LONG":null,"LAT":null,"NOMCIEN":"Fraxinus americana","NOMCOM":"Fresno blanco americano","ORIGEN":"Nativa","ALTURA":10.2,"DAP":41.4,"OBJECTID":433,"FECHA LEV":2015,"SALUD":null,"PROYE":null,"ACCESO":null,"ACCESIBIL":null,"UBI":null,"COLONIA":null,"TRONCO":null,"CFE":null},"geometry":{"type":"Point","coordinates":[370797.317,2838181.75808]}},{"type":"Feature","properties":{"LONG":null,"LAT":null,"NOMCIEN":"Cupressus","NOMCOM":"Ciprés","ORIGEN":"Podría ser nativa","ALTURA":6.5,"DAP":27.4,"OBJECTID":434,"FECHA LEV":2015,"SALUD":null,"PROYE":null,"ACCESO":null,"ACCESIBIL":null,"UBI":null,"COLONIA":null,"TRONCO":null,"CFE":null},"geometry":{"type":"Point","coordinates":[370843.248,2838108.30208]}},{"type":"Feature","properties":{"LONG":null,"LAT":null,"NOMCIEN":"Quercus fusiformis","NOMCOM":"Encino siempreverde, encino molino","ORIGEN":"Nativa","ALTURA":8.9,"DAP":38.3,"OBJECTID":435,"FECHA LEV":2015,"SALUD":null,"PROYE":null,"ACCESO":null,"ACCESIBIL":null,"UBI":null,"COLONIA":null,"TRONCO":null,"CFE":null},"geometry":{"type":"Point","coordinates":[370781.365,2838181.40308]}},{"type":"Feature","properties":{"LONG":null,"LAT":null,"NOMCIEN":"Quercus fusiformis","NOMCOM":"Encino siempreverde, encino molino","ORIGEN":"Nativa","ALTURA":4.9,"DAP":11.7,"OBJECTID":436,"FECHA LEV":2015,"SALUD":null,"PROYE":null,"ACCESO":null,"ACCESIBIL":null,"UBI":null,"COLONIA":null,"TRONCO":null,"CFE":null},"geometry":{"type":"Point","coordinates":[370722.0,2838127.00008]}},{"type":"Feature","properties":{"LONG":null,"LAT":null,"NOMCIEN":"Quercus polymorpha","NOMCOM":"Encino roble, roble","ORIGEN":"Nativa","ALTURA":4.0,"DAP":10.3,"OBJECTID":437,"FECHA LEV":2015,"SALUD":null,"PROYE":null,"ACCESO":null,"ACCESIBIL":null,"UBI":null,"COLONIA":null,"TRONCO":null,"CFE":null},"geometry":{"type":"Point","coordinates":[370747.0,2838150.00008]}},{"type":"Feature","properties":{"LONG":null,"LAT":null,"NOMCIEN":"Quercus fusiformis","NOMCOM":"Encino siempreverde, encino molino","ORIGEN":"Nativa","ALTURA":3.3,"DAP":9.2,"OBJECTID":438,"FECHA LEV":2015,"SALUD":null,"PROYE":null,"ACCESO":null,"ACCESIBIL":null,"UBI":null,"COLONIA":null,"TRONCO":null,"CFE":null},"geometry":{"type":"Point","coordinates":[370753.0,2838154.00008]}},{"type":"Feature","properties":{"LONG":null,"LAT":null,"NOMCIEN":"Rhaphiolepis loquata","NOMCOM":"Níspero del Japón","ORIGEN":"Introducida","ALTURA":8.0,"DAP":28.4,"OBJECTID":439,"FECHA LEV":2015,"SALUD":null,"PROYE":null,"ACCESO":null,"ACCESIBIL":null,"UBI":null,"COLONIA":null,"TRONCO":null,"CFE":null},"geometry":{"type":"Point","coordinates":[370792.0,2838058.00008]}},{"type":"Feature","properties":{"LONG":null,"LAT":null,"NOMCIEN":"Quercus fusiformis","NOMCOM":"Encino siempreverde, encino molino","ORIGEN":"Nativa","ALTURA":5.0,"DAP":13.3,"OBJECTID":440,"FECHA LEV":2015,"SALUD":null,"PROYE":null,"ACCESO":null,"ACCESIBIL":null,"UBI":null,"COLONIA":null,"TRONCO":null,"CFE":null},"geometry":{"type":"Point","coordinates":[370747.155,2838089.20508]}},{"type":"Feature","properties":{"LONG":null,"LAT":null,"NOMCIEN":"Quercus polymorpha","NOMCOM":"Encino roble, roble","ORIGEN":"Nativa","ALTURA":6.3,"DAP":7.8,"OBJECTID":441,"FECHA LEV":2015,"SALUD":null,"PROYE":null,"ACCESO":null,"ACCESIBIL":null,"UBI":null,"COLONIA":null,"TRONCO":null,"CFE":null},"geometry":{"type":"Point","coordinates":[370773.341,2838171.96308]}},{"type":"Feature","properties":{"LONG":null,"LAT":null,"NOMCIEN":"Quercus fusiformis","NOMCOM":"Encino siempreverde, encino molino","ORIGEN":"Nativa","ALTURA":4.7,"DAP":8.8,"OBJECTID":442,"FECHA LEV":2015,"SALUD":null,"PROYE":null,"ACCESO":null,"ACCESIBIL":null,"UBI":null,"COLONIA":null,"TRONCO":null,"CFE":null},"geometry":{"type":"Point","coordinates":[370778.0,2838177.00008]}},{"type":"Feature","properties":{"LONG":null,"LAT":null,"NOMCIEN":"Quercus fusiformis","NOMCOM":"Encino siempreverde, encino molino","ORIGEN":"Nativa","ALTURA":5.2,"DAP":7.8,"OBJECTID":443,"FECHA LEV":2015,"SALUD":null,"PROYE":null,"ACCESO":null,"ACCESIBIL":null,"UBI":null,"COLONIA":null,"TRONCO":null,"CFE":null},"geometry":{"type":"Point","coordinates":[370789.0,2838188.00008]}},{"type":"Feature","properties":{"LONG":null,"LAT":null,"NOMCIEN":"Quercus fusiformis","NOMCOM":"Encino siempreverde, encino molino","ORIGEN":"Nativa","ALTURA":4.3,"DAP":9.1,"OBJECTID":444,"FECHA LEV":2015,"SALUD":null,"PROYE":null,"ACCESO":null,"ACCESIBIL":null,"UBI":null,"COLONIA":null,"TRONCO":null,"CFE":null},"geometry":{"type":"Point","coordinates":[370803.0,2838205.00008]}},{"type":"Feature","properties":{"LONG":null,"LAT":null,"NOMCIEN":"Cupressus","NOMCOM":"Ciprés","ORIGEN":"Podría ser nativa","ALTURA":6.7,"DAP":27.7,"OBJECTID":445,"FECHA LEV":2015,"SALUD":null,"PROYE":null,"ACCESO":null,"ACCESIBIL":null,"UBI":null,"COLONIA":null,"TRONCO":null,"CFE":null},"geometry":{"type":"Point","coordinates":[370840.969,2838105.49708]}},{"type":"Feature","properties":{"LONG":null,"LAT":null,"NOMCIEN":"Quercus fusiformis","NOMCOM":"Encino siempreverde, encino molino","ORIGEN":"Nativa","ALTURA":4.0,"DAP":9.7,"OBJECTID":446,"FECHA LEV":2015,"SALUD":null,"PROYE":null,"ACCESO":null,"ACCESIBIL":null,"UBI":null,"COLONIA":null,"TRONCO":null,"CFE":null},"geometry":{"type":"Point","coordinates":[370804.0,2838209.00008]}},{"type":"Feature","properties":{"LONG":null,"LAT":null,"NOMCIEN":"Quercus fusiformis","NOMCOM":"Encino siempreverde, encino molino","ORIGEN":"Nativa","ALTURA":5.3,"DAP":8.1,"OBJECTID":447,"FECHA LEV":2015,"SALUD":null,"PROYE":null,"ACCESO":null,"ACCESIBIL":null,"UBI":null,"COLONIA":null,"TRONCO":null,"CFE":null},"geometry":{"type":"Point","coordinates":[370810.0,2838213.00008]}},{"type":"Feature","properties":{"LONG":null,"LAT":null,"NOMCIEN":"Quercus fusiformis","NOMCOM":"Encino siempreverde, encino molino","ORIGEN":"Nativa","ALTURA":12.0,"DAP":12.2,"OBJECTID":448,"FECHA LEV":2015,"SALUD":null,"PROYE":null,"ACCESO":null,"ACCESIBIL":null,"UBI":null,"COLONIA":null,"TRONCO":null,"CFE":null},"geometry":{"type":"Point","coordinates":[370817.0,2838220.00008]}},{"type":"Feature","properties":{"LONG":null,"LAT":null,"NOMCIEN":"Quercus fusiformis","NOMCOM":"Encino siempreverde, encino molino","ORIGEN":"Nativa","ALTURA":4.0,"DAP":14.3,"OBJECTID":449,"FECHA LEV":2015,"SALUD":null,"PROYE":null,"ACCESO":null,"ACCESIBIL":null,"UBI":null,"COLONIA":null,"TRONCO":null,"CFE":null},"geometry":{"type":"Point","coordinates":[370823.0,2838213.00008]}},{"type":"Feature","properties":{"LONG":null,"LAT":null,"NOMCIEN":"Quercus fusiformis","NOMCOM":"Encino siempreverde, encino molino","ORIGEN":"Nativa","ALTURA":4.3,"DAP":13.5,"OBJECTID":450,"FECHA LEV":2015,"SALUD":null,"PROYE":null,"ACCESO":null,"ACCESIBIL":null,"UBI":null,"COLONIA":null,"TRONCO":null,"CFE":null},"geometry":{"type":"Point","coordinates":[370826.0,2838230.00008]}},{"type":"Feature","properties":{"LONG":null,"LAT":null,"NOMCIEN":"Quercus fusiformis","NOMCOM":"Encino siempreverde, encino molino","ORIGEN":"Nativa","ALTURA":4.0,"DAP":10.7,"OBJECTID":451,"FECHA LEV":2015,"SALUD":null,"PROYE":null,"ACCESO":null,"ACCESIBIL":null,"UBI":null,"COLONIA":null,"TRONCO":null,"CFE":null},"geometry":{"type":"Point","coordinates":[370840.0,2838198.00008]}},{"type":"Feature","properties":{"LONG":null,"LAT":null,"NOMCIEN":"Quercus fusiformis","NOMCOM":"Encino siempreverde, encino molino","ORIGEN":"Nativa","ALTURA":6.0,"DAP":12.8,"OBJECTID":452,"FECHA LEV":2015,"SALUD":null,"PROYE":null,"ACCESO":null,"ACCESIBIL":null,"UBI":null,"COLONIA":null,"TRONCO":null,"CFE":null},"geometry":{"type":"Point","coordinates":[370846.0,2838193.00008]}},{"type":"Feature","properties":{"LONG":null,"LAT":null,"NOMCIEN":"Quercus fusiformis","NOMCOM":"Encino siempreverde, encino molino","ORIGEN":"Nativa","ALTURA":6.1,"DAP":13.8,"OBJECTID":453,"FECHA LEV":2015,"SALUD":null,"PROYE":null,"ACCESO":null,"ACCESIBIL":null,"UBI":null,"COLONIA":null,"TRONCO":null,"CFE":null},"geometry":{"type":"Point","coordinates":[370857.0,2838190.00008]}},{"type":"Feature","properties":{"LONG":null,"LAT":null,"NOMCIEN":"Quercus fusiformis","NOMCOM":"Encino siempreverde, encino molino","ORIGEN":"Nativa","ALTURA":6.5,"DAP":13.0,"OBJECTID":454,"FECHA LEV":2015,"SALUD":null,"PROYE":null,"ACCESO":null,"ACCESIBIL":null,"UBI":null,"COLONIA":null,"TRONCO":null,"CFE":null},"geometry":{"type":"Point","coordinates":[370868.0,2838184.00008]}},{"type":"Feature","properties":{"LONG":null,"LAT":null,"NOMCIEN":"Quercus fusiformis","NOMCOM":"Encino siempreverde, encino molino","ORIGEN":"Nativa","ALTURA":6.2,"DAP":12.4,"OBJECTID":455,"FECHA LEV":2015,"SALUD":null,"PROYE":null,"ACCESO":null,"ACCESIBIL":null,"UBI":null,"COLONIA":null,"TRONCO":null,"CFE":null},"geometry":{"type":"Point","coordinates":[370876.0,2838181.00008]}},{"type":"Feature","properties":{"LONG":null,"LAT":null,"NOMCIEN":"Prosopis glandulosa","NOMCOM":"Mezquite","ORIGEN":"Nativa","ALTURA":11.9,"DAP":47.6,"OBJECTID":456,"FECHA LEV":2015,"SALUD":null,"PROYE":null,"ACCESO":null,"ACCESIBIL":null,"UBI":null,"COLONIA":null,"TRONCO":null,"CFE":null},"geometry":{"type":"Point","coordinates":[370837.617,2838098.99708]}},{"type":"Feature","properties":{"LONG":null,"LAT":null,"NOMCIEN":"Quercus fusiformis","NOMCOM":"Encino siempreverde, encino molino","ORIGEN":"Nativa","ALTURA":5.9,"DAP":13.0,"OBJECTID":457,"FECHA LEV":2015,"SALUD":null,"PROYE":null,"ACCESO":null,"ACCESIBIL":null,"UBI":null,"COLONIA":null,"TRONCO":null,"CFE":null},"geometry":{"type":"Point","coordinates":[370885.0,2838180.00008]}},{"type":"Feature","properties":{"LONG":null,"LAT":null,"NOMCIEN":"Quercus fusiformis","NOMCOM":"Encino siempreverde, encino molino","ORIGEN":"Nativa","ALTURA":5.8,"DAP":11.9,"OBJECTID":458,"FECHA LEV":2015,"SALUD":null,"PROYE":null,"ACCESO":null,"ACCESIBIL":null,"UBI":null,"COLONIA":null,"TRONCO":null,"CFE":null},"geometry":{"type":"Point","coordinates":[370898.0,2838181.00008]}},{"type":"Feature","properties":{"LONG":null,"LAT":null,"NOMCIEN":"Quercus fusiformis","NOMCOM":"Encino siempreverde, encino molino","ORIGEN":"Nativa","ALTURA":6.9,"DAP":14.0,"OBJECTID":459,"FECHA LEV":2015,"SALUD":null,"PROYE":null,"ACCESO":null,"ACCESIBIL":null,"UBI":null,"COLONIA":null,"TRONCO":null,"CFE":null},"geometry":{"type":"Point","coordinates":[370909.0,2838178.00008]}},{"type":"Feature","properties":{"LONG":null,"LAT":null,"NOMCIEN":"Quercus fusiformis","NOMCOM":"Encino siempreverde, encino molino","ORIGEN":"Nativa","ALTURA":6.2,"DAP":13.2,"OBJECTID":460,"FECHA LEV":2015,"SALUD":null,"PROYE":null,"ACCESO":null,"ACCESIBIL":null,"UBI":null,"COLONIA":null,"TRONCO":null,"CFE":null},"geometry":{"type":"Point","coordinates":[370916.0,2838185.00008]}},{"type":"Feature","properties":{"LONG":null,"LAT":null,"NOMCIEN":"Quercus fusiformis","NOMCOM":"Encino siempreverde, encino molino","ORIGEN":"Nativa","ALTURA":7.3,"DAP":13.0,"OBJECTID":461,"FECHA LEV":2015,"SALUD":null,"PROYE":null,"ACCESO":null,"ACCESIBIL":null,"UBI":null,"COLONIA":null,"TRONCO":null,"CFE":null},"geometry":{"type":"Point","coordinates":[370891.0,2838161.00008]}},{"type":"Feature","properties":{"LONG":null,"LAT":null,"NOMCIEN":"Quercus fusiformis","NOMCOM":"Encino siempreverde, encino molino","ORIGEN":"Nativa","ALTURA":7.0,"DAP":11.2,"OBJECTID":462,"FECHA LEV":2015,"SALUD":null,"PROYE":null,"ACCESO":null,"ACCESIBIL":null,"UBI":null,"COLONIA":null,"TRONCO":null,"CFE":null},"geometry":{"type":"Point","coordinates":[370879.0,2838159.00008]}},{"type":"Feature","properties":{"LONG":null,"LAT":null,"NOMCIEN":"Eucalyptus camaldulensis","NOMCOM":"Eucalipto australiano rojo","ORIGEN":"Introducida","ALTURA":8.1,"DAP":28.0,"OBJECTID":463,"FECHA LEV":2015,"SALUD":null,"PROYE":null,"ACCESO":null,"ACCESIBIL":null,"UBI":null,"COLONIA":null,"TRONCO":null,"CFE":null},"geometry":{"type":"Point","coordinates":[370829.749,2838099.88808]}},{"type":"Feature","properties":{"LONG":null,"LAT":null,"NOMCIEN":"Cupressus","NOMCOM":"Ciprés","ORIGEN":"Podría ser nativa","ALTURA":7.9,"DAP":24.9,"OBJECTID":464,"FECHA LEV":2015,"SALUD":null,"PROYE":null,"ACCESO":null,"ACCESIBIL":null,"UBI":null,"COLONIA":null,"TRONCO":null,"CFE":null},"geometry":{"type":"Point","coordinates":[370829.574,2838092.17408]}},{"type":"Feature","properties":{"LONG":null,"LAT":null,"NOMCIEN":"Cupressus","NOMCOM":"Ciprés","ORIGEN":"Podría ser nativa","ALTURA":7.8,"DAP":25.8,"OBJECTID":465,"FECHA LEV":2015,"SALUD":null,"PROYE":null,"ACCESO":null,"ACCESIBIL":null,"UBI":null,"COLONIA":null,"TRONCO":null,"CFE":null},"geometry":{"type":"Point","coordinates":[370826.243,2838090.42108]}},{"type":"Feature","properties":{"LONG":null,"LAT":null,"NOMCIEN":"Prosopis glandulosa","NOMCOM":"Mezquite","ORIGEN":"Nativa","ALTURA":10.2,"DAP":49.0,"OBJECTID":466,"FECHA LEV":2015,"SALUD":null,"PROYE":null,"ACCESO":null,"ACCESIBIL":null,"UBI":null,"COLONIA":null,"TRONCO":null,"CFE":null},"geometry":{"type":"Point","coordinates":[370821.722,2838082.25608]}},{"type":"Feature","properties":{"LONG":null,"LAT":null,"NOMCIEN":"Cupressus","NOMCOM":"Ciprés","ORIGEN":"Podría ser nativa","ALTURA":8.1,"DAP":29.2,"OBJECTID":467,"FECHA LEV":2015,"SALUD":null,"PROYE":null,"ACCESO":null,"ACCESIBIL":null,"UBI":null,"COLONIA":null,"TRONCO":null,"CFE":null},"geometry":{"type":"Point","coordinates":[370809.622,2838071.25808]}},{"type":"Feature","properties":{"LONG":null,"LAT":null,"NOMCIEN":"Quercus fusiformis","NOMCOM":"Encino siempreverde, encino molino","ORIGEN":"Nativa","ALTURA":10.2,"DAP":33.6,"OBJECTID":468,"FECHA LEV":2015,"SALUD":null,"PROYE":null,"ACCESO":null,"ACCESIBIL":null,"UBI":null,"COLONIA":null,"TRONCO":null,"CFE":null},"geometry":{"type":"Point","coordinates":[370774.176,2838036.12408]}},{"type":"Feature","properties":{"LONG":null,"LAT":null,"NOMCIEN":"Triadica sebifera","NOMCOM":"Chinese, árbol del sebo","ORIGEN":"Introducida","ALTURA":6.0,"DAP":24.5,"OBJECTID":469,"FECHA LEV":2015,"SALUD":null,"PROYE":null,"ACCESO":null,"ACCESIBIL":null,"UBI":null,"COLONIA":null,"TRONCO":null,"CFE":null},"geometry":{"type":"Point","coordinates":[370737.125,2838034.69408]}},{"type":"Feature","properties":{"LONG":null,"LAT":null,"NOMCIEN":"Pinus","NOMCOM":"Pino","ORIGEN":"Podría ser nativa","ALTURA":6.1,"DAP":15.0,"OBJECTID":470,"FECHA LEV":2015,"SALUD":null,"PROYE":null,"ACCESO":null,"ACCESIBIL":null,"UBI":null,"COLONIA":null,"TRONCO":null,"CFE":null},"geometry":{"type":"Point","coordinates":[370735.819,2838028.34908]}},{"type":"Feature","properties":{"LONG":null,"LAT":null,"NOMCIEN":"Eucalyptus camaldulensis","NOMCOM":"Eucalipto australiano rojo","ORIGEN":"Introducida","ALTURA":18.4,"DAP":64.5,"OBJECTID":471,"FECHA LEV":2015,"SALUD":null,"PROYE":null,"ACCESO":null,"ACCESIBIL":null,"UBI":null,"COLONIA":null,"TRONCO":null,"CFE":null},"geometry":{"type":"Point","coordinates":[370686.389,2838058.51108]}},{"type":"Feature","properties":{"LONG":null,"LAT":null,"NOMCIEN":"Eucalyptus camaldulensis","NOMCOM":"Eucalipto australiano rojo","ORIGEN":"Introducida","ALTURA":18.0,"DAP":57.0,"OBJECTID":472,"FECHA LEV":2015,"SALUD":null,"PROYE":null,"ACCESO":null,"ACCESIBIL":null,"UBI":null,"COLONIA":null,"TRONCO":null,"CFE":null},"geometry":{"type":"Point","coordinates":[370693.387,2838065.74208]}},{"type":"Feature","properties":{"LONG":null,"LAT":null,"NOMCIEN":"Eucalyptus camaldulensis","NOMCOM":"Eucalipto australiano rojo","ORIGEN":"Introducida","ALTURA":18.3,"DAP":60.7,"OBJECTID":473,"FECHA LEV":2015,"SALUD":null,"PROYE":null,"ACCESO":null,"ACCESIBIL":null,"UBI":null,"COLONIA":null,"TRONCO":null,"CFE":null},"geometry":{"type":"Point","coordinates":[370699.452,2838072.04008]}},{"type":"Feature","properties":{"LONG":null,"LAT":null,"NOMCIEN":"Eucalyptus camaldulensis","NOMCOM":"Eucalipto australiano rojo","ORIGEN":"Introducida","ALTURA":16.1,"DAP":46.8,"OBJECTID":474,"FECHA LEV":2015,"SALUD":null,"PROYE":null,"ACCESO":null,"ACCESIBIL":null,"UBI":null,"COLONIA":null,"TRONCO":null,"CFE":null},"geometry":{"type":"Point","coordinates":[370704.351,2838076.23908]}},{"type":"Feature","properties":{"LONG":null,"LAT":null,"NOMCIEN":"Quercus polymorpha","NOMCOM":"Encino roble, roble","ORIGEN":"Nativa","ALTURA":9.1,"DAP":22.8,"OBJECTID":475,"FECHA LEV":2015,"SALUD":null,"PROYE":null,"ACCESO":null,"ACCESIBIL":null,"UBI":null,"COLONIA":null,"TRONCO":null,"CFE":null},"geometry":{"type":"Point","coordinates":[370720.446,2838066.20808]}},{"type":"Feature","properties":{"LONG":null,"LAT":null,"NOMCIEN":"Quercus polymorpha","NOMCOM":"Encino roble, roble","ORIGEN":"Nativa","ALTURA":8.7,"DAP":26.8,"OBJECTID":476,"FECHA LEV":2015,"SALUD":null,"PROYE":null,"ACCESO":null,"ACCESIBIL":null,"UBI":null,"COLONIA":null,"TRONCO":null,"CFE":null},"geometry":{"type":"Point","coordinates":[370731.643,2838077.17208]}},{"type":"Feature","properties":{"LONG":null,"LAT":null,"NOMCIEN":"Quercus fusiformis","NOMCOM":"Encino siempreverde, encino molino","ORIGEN":"Nativa","ALTURA":7.3,"DAP":23.7,"OBJECTID":477,"FECHA LEV":2015,"SALUD":null,"PROYE":null,"ACCESO":null,"ACCESIBIL":null,"UBI":null,"COLONIA":null,"TRONCO":null,"CFE":null},"geometry":{"type":"Point","coordinates":[370700.619,2838088.13608]}},{"type":"Feature","properties":{"LONG":null,"LAT":null,"NOMCIEN":"Quercus vaseyana","NOMCOM":"Encino bravo, encino de Vasey","ORIGEN":"Introducida","ALTURA":5.7,"DAP":22.8,"OBJECTID":478,"FECHA LEV":2015,"SALUD":null,"PROYE":null,"ACCESO":null,"ACCESIBIL":null,"UBI":null,"COLONIA":null,"TRONCO":null,"CFE":null},"geometry":{"type":"Point","coordinates":[370693.621,2838093.73408]}},{"type":"Feature","properties":{"LONG":null,"LAT":null,"NOMCIEN":"Triadica sebifera","NOMCOM":"Chinese, árbol del sebo","ORIGEN":"Introducida","ALTURA":8.5,"DAP":39.3,"OBJECTID":479,"FECHA LEV":2015,"SALUD":null,"PROYE":null,"ACCESO":null,"ACCESIBIL":null,"UBI":null,"COLONIA":null,"TRONCO":null,"CFE":null},"geometry":{"type":"Point","coordinates":[370767.452,2838040.60708]}},{"type":"Feature","properties":{"LONG":null,"LAT":null,"NOMCIEN":"Quercus vaseyana","NOMCOM":"Encino bravo, encino de Vasey","ORIGEN":"Introducida","ALTURA":5.1,"DAP":17.0,"OBJECTID":480,"FECHA LEV":2015,"SALUD":null,"PROYE":null,"ACCESO":null,"ACCESIBIL":null,"UBI":null,"COLONIA":null,"TRONCO":null,"CFE":null},"geometry":{"type":"Point","coordinates":[370688.722,2838098.86608]}},{"type":"Feature","properties":{"LONG":null,"LAT":null,"NOMCIEN":"Prosopis glandulosa","NOMCOM":"Mezquite","ORIGEN":"Nativa","ALTURA":10.9,"DAP":34.1,"OBJECTID":481,"FECHA LEV":2015,"SALUD":null,"PROYE":null,"ACCESO":null,"ACCESIBIL":null,"UBI":null,"COLONIA":null,"TRONCO":null,"CFE":null},"geometry":{"type":"Point","coordinates":[370679.158,2838105.39708]}},{"type":"Feature","properties":{"LONG":null,"LAT":null,"NOMCIEN":"Quercus fusiformis","NOMCOM":"Encino siempreverde, encino molino","ORIGEN":"Nativa","ALTURA":6.4,"DAP":24.2,"OBJECTID":482,"FECHA LEV":2015,"SALUD":null,"PROYE":null,"ACCESO":null,"ACCESIBIL":null,"UBI":null,"COLONIA":null,"TRONCO":null,"CFE":null},"geometry":{"type":"Point","coordinates":[370688.955,2838077.17208]}},{"type":"Feature","properties":{"LONG":null,"LAT":null,"NOMCIEN":"Quercus fusiformis","NOMCOM":"Encino siempreverde, encino molino","ORIGEN":"Nativa","ALTURA":6.6,"DAP":26.0,"OBJECTID":483,"FECHA LEV":2015,"SALUD":null,"PROYE":null,"ACCESO":null,"ACCESIBIL":null,"UBI":null,"COLONIA":null,"TRONCO":null,"CFE":null},"geometry":{"type":"Point","coordinates":[370682.657,2838082.77008]}},{"type":"Feature","properties":{"LONG":null,"LAT":null,"NOMCIEN":"Quercus fusiformis","NOMCOM":"Encino siempreverde, encino molino","ORIGEN":"Nativa","ALTURA":6.7,"DAP":19.8,"OBJECTID":484,"FECHA LEV":2015,"SALUD":null,"PROYE":null,"ACCESO":null,"ACCESIBIL":null,"UBI":null,"COLONIA":null,"TRONCO":null,"CFE":null},"geometry":{"type":"Point","coordinates":[370677.758,2838089.06908]}},{"type":"Feature","properties":{"LONG":null,"LAT":null,"NOMCIEN":"Prosopis glandulosa","NOMCOM":"Mezquite","ORIGEN":"Nativa","ALTURA":8.3,"DAP":27.3,"OBJECTID":485,"FECHA LEV":2015,"SALUD":null,"PROYE":null,"ACCESO":null,"ACCESIBIL":null,"UBI":null,"COLONIA":null,"TRONCO":null,"CFE":null},"geometry":{"type":"Point","coordinates":[370673.793,2838099.56608]}},{"type":"Feature","properties":{"LONG":null,"LAT":null,"NOMCIEN":"Prosopis glandulosa","NOMCOM":"Mezquite","ORIGEN":"Nativa","ALTURA":8.2,"DAP":18.2,"OBJECTID":486,"FECHA LEV":2015,"SALUD":null,"PROYE":null,"ACCESO":null,"ACCESIBIL":null,"UBI":null,"COLONIA":null,"TRONCO":null,"CFE":null},"geometry":{"type":"Point","coordinates":[370670.061,2838096.30008]}},{"type":"Feature","properties":{"LONG":null,"LAT":null,"NOMCIEN":"Prosopis glandulosa","NOMCOM":"Mezquite","ORIGEN":"Nativa","ALTURA":8.3,"DAP":16.0,"OBJECTID":487,"FECHA LEV":2015,"SALUD":null,"PROYE":null,"ACCESO":null,"ACCESIBIL":null,"UBI":null,"COLONIA":null,"TRONCO":null,"CFE":null},"geometry":{"type":"Point","coordinates":[370668.894,2838099.33208]}},{"type":"Feature","properties":{"LONG":null,"LAT":null,"NOMCIEN":"Prosopis glandulosa","NOMCOM":"Mezquite","ORIGEN":"Nativa","ALTURA":7.4,"DAP":29.2,"OBJECTID":488,"FECHA LEV":2015,"SALUD":null,"PROYE":null,"ACCESO":null,"ACCESIBIL":null,"UBI":null,"COLONIA":null,"TRONCO":null,"CFE":null},"geometry":{"type":"Point","coordinates":[370663.996,2838100.96508]}},{"type":"Feature","properties":{"LONG":null,"LAT":null,"NOMCIEN":"Prosopis glandulosa","NOMCOM":"Mezquite","ORIGEN":"Nativa","ALTURA":10.1,"DAP":34.6,"OBJECTID":489,"FECHA LEV":2015,"SALUD":null,"PROYE":null,"ACCESO":null,"ACCESIBIL":null,"UBI":null,"COLONIA":null,"TRONCO":null,"CFE":null},"geometry":{"type":"Point","coordinates":[370661.43,2838107.26308]}},{"type":"Feature","properties":{"LONG":null,"LAT":null,"NOMCIEN":"Triadica sebifera","NOMCOM":"Chinese, árbol del sebo","ORIGEN":"Introducida","ALTURA":10.1,"DAP":45.1,"OBJECTID":490,"FECHA LEV":2015,"SALUD":null,"PROYE":null,"ACCESO":null,"ACCESIBIL":null,"UBI":null,"COLONIA":null,"TRONCO":null,"CFE":null},"geometry":{"type":"Point","coordinates":[370761.027,2838048.97508]}},{"type":"Feature","properties":{"LONG":null,"LAT":null,"NOMCIEN":"Prosopis glandulosa","NOMCOM":"Mezquite","ORIGEN":"Nativa","ALTURA":8.0,"DAP":36.2,"OBJECTID":491,"FECHA LEV":2015,"SALUD":null,"PROYE":null,"ACCESO":null,"ACCESIBIL":null,"UBI":null,"COLONIA":null,"TRONCO":null,"CFE":null},"geometry":{"type":"Point","coordinates":[370643.701,2838099.09908]}},{"type":"Feature","properties":{"LONG":null,"LAT":null,"NOMCIEN":"Prosopis glandulosa","NOMCOM":"Mezquite","ORIGEN":"Nativa","ALTURA":6.6,"DAP":32.8,"OBJECTID":492,"FECHA LEV":2015,"SALUD":null,"PROYE":null,"ACCESO":null,"ACCESIBIL":null,"UBI":null,"COLONIA":null,"TRONCO":null,"CFE":null},"geometry":{"type":"Point","coordinates":[370651.866,2838092.56808]}},{"type":"Feature","properties":{"LONG":null,"LAT":null,"NOMCIEN":"Prosopis glandulosa","NOMCOM":"Mezquite","ORIGEN":"Nativa","ALTURA":6.0,"DAP":19.8,"OBJECTID":493,"FECHA LEV":2015,"SALUD":null,"PROYE":null,"ACCESO":null,"ACCESIBIL":null,"UBI":null,"COLONIA":null,"TRONCO":null,"CFE":null},"geometry":{"type":"Point","coordinates":[370657.231,2838095.60008]}},{"type":"Feature","properties":{"LONG":null,"LAT":null,"NOMCIEN":"Prosopis glandulosa","NOMCOM":"Mezquite","ORIGEN":"Nativa","ALTURA":6.6,"DAP":28.6,"OBJECTID":494,"FECHA LEV":2015,"SALUD":null,"PROYE":null,"ACCESO":null,"ACCESIBIL":null,"UBI":null,"COLONIA":null,"TRONCO":null,"CFE":null},"geometry":{"type":"Point","coordinates":[370656.298,2838087.66908]}},{"type":"Feature","properties":{"LONG":null,"LAT":null,"NOMCIEN":"Quercus fusiformis","NOMCOM":"Encino siempreverde, encino molino","ORIGEN":"Nativa","ALTURA":4.4,"DAP":17.7,"OBJECTID":495,"FECHA LEV":2015,"SALUD":null,"PROYE":null,"ACCESO":null,"ACCESIBIL":null,"UBI":null,"COLONIA":null,"TRONCO":null,"CFE":null},"geometry":{"type":"Point","coordinates":[370666.561,2838076.93908]}},{"type":"Feature","properties":{"LONG":null,"LAT":null,"NOMCIEN":"Quercus fusiformis","NOMCOM":"Encino siempreverde, encino molino","ORIGEN":"Nativa","ALTURA":6.4,"DAP":24.8,"OBJECTID":496,"FECHA LEV":2015,"SALUD":null,"PROYE":null,"ACCESO":null,"ACCESIBIL":null,"UBI":null,"COLONIA":null,"TRONCO":null,"CFE":null},"geometry":{"type":"Point","coordinates":[370670.76,2838071.10708]}},{"type":"Feature","properties":{"LONG":null,"LAT":null,"NOMCIEN":"Quercus fusiformis","NOMCOM":"Encino siempreverde, encino molino","ORIGEN":"Nativa","ALTURA":6.7,"DAP":18.5,"OBJECTID":497,"FECHA LEV":2015,"SALUD":null,"PROYE":null,"ACCESO":null,"ACCESIBIL":null,"UBI":null,"COLONIA":null,"TRONCO":null,"CFE":null},"geometry":{"type":"Point","coordinates":[370677.2,2838065.06008]}},{"type":"Feature","properties":{"LONG":null,"LAT":null,"NOMCIEN":"Morus alba","NOMCOM":"Morera","ORIGEN":"Introducida","ALTURA":5.7,"DAP":35.5,"OBJECTID":498,"FECHA LEV":2015,"SALUD":null,"PROYE":null,"ACCESO":null,"ACCESIBIL":null,"UBI":null,"COLONIA":null,"TRONCO":null,"CFE":null},"geometry":{"type":"Point","coordinates":[370707.172,2838014.55608]}},{"type":"Feature","properties":{"LONG":null,"LAT":null,"NOMCIEN":"Prosopis glandulosa","NOMCOM":"Mezquite","ORIGEN":"Nativa","ALTURA":11.1,"DAP":45.1,"OBJECTID":499,"FECHA LEV":2015,"SALUD":null,"PROYE":null,"ACCESO":null,"ACCESIBIL":null,"UBI":null,"COLONIA":null,"TRONCO":null,"CFE":null},"geometry":{"type":"Point","coordinates":[370698.912,2838020.92808]}},{"type":"Feature","properties":{"LONG":null,"LAT":null,"NOMCIEN":"Prosopis glandulosa","NOMCOM":"Mezquite","ORIGEN":"Nativa","ALTURA":11.0,"DAP":57.1,"OBJECTID":500,"FECHA LEV":2015,"SALUD":null,"PROYE":null,"ACCESO":null,"ACCESIBIL":null,"UBI":null,"COLONIA":null,"TRONCO":null,"CFE":null},"geometry":{"type":"Point","coordinates":[370637.08,2838080.16408]}},{"type":"Feature","properties":{"LONG":null,"LAT":null,"NOMCIEN":"Quercus vaseyana","NOMCOM":"Encino bravo, encino de Vasey","ORIGEN":"Introducida","ALTURA":10.5,"DAP":31.5,"OBJECTID":501,"FECHA LEV":2015,"SALUD":null,"PROYE":null,"ACCESO":null,"ACCESIBIL":null,"UBI":null,"COLONIA":null,"TRONCO":null,"CFE":null},"geometry":{"type":"Point","coordinates":[370756.843,2838053.15908]}},{"type":"Feature","properties":{"LONG":null,"LAT":null,"NOMCIEN":"Cedrus deodara","NOMCOM":"Cedro del Himalaya","ORIGEN":"Introducida","ALTURA":5.1,"DAP":6.6,"OBJECTID":502,"FECHA LEV":2015,"SALUD":null,"PROYE":null,"ACCESO":null,"ACCESIBIL":null,"UBI":null,"COLONIA":null,"TRONCO":null,"CFE":null},"geometry":{"type":"Point","coordinates":[370745.03,2838046.80008]}},{"type":"Feature","properties":{"LONG":null,"LAT":null,"NOMCIEN":"Washingtonia robusta","NOMCOM":"Palma Washington, palmera abanico, palma blanca","ORIGEN":"Nativa","ALTURA":9.0,"DAP":46.5,"OBJECTID":503,"FECHA LEV":2015,"SALUD":null,"PROYE":null,"ACCESO":null,"ACCESIBIL":null,"UBI":null,"COLONIA":null,"TRONCO":null,"CFE":null},"geometry":{"type":"Point","coordinates":[370737.94,2838080.76008]}},{"type":"Feature","properties":{"LONG":null,"LAT":null,"NOMCIEN":"Washingtonia robusta","NOMCOM":"Palma Washington, palmera abanico, palma blanca","ORIGEN":"Nativa","ALTURA":9.6,"DAP":49.0,"OBJECTID":504,"FECHA LEV":2015,"SALUD":null,"PROYE":null,"ACCESO":null,"ACCESIBIL":null,"UBI":null,"COLONIA":null,"TRONCO":null,"CFE":null},"geometry":{"type":"Point","coordinates":[370730.58,2838072.54008]}},{"type":"Feature","properties":{"LONG":null,"LAT":null,"NOMCIEN":"Washingtonia robusta","NOMCOM":"Palma Washington, palmera abanico, palma blanca","ORIGEN":"Nativa","ALTURA":10.0,"DAP":39.3,"OBJECTID":505,"FECHA LEV":2015,"SALUD":null,"PROYE":null,"ACCESO":null,"ACCESIBIL":null,"UBI":null,"COLONIA":null,"TRONCO":null,"CFE":null},"geometry":{"type":"Point","coordinates":[370725.6,2838070.43008]}},{"type":"Feature","properties":{"LONG":null,"LAT":null,"NOMCIEN":"Quercus polymorpha","NOMCOM":"Encino roble, roble","ORIGEN":"Nativa","ALTURA":6.2,"DAP":13.0,"OBJECTID":506,"FECHA LEV":2015,"SALUD":null,"PROYE":null,"ACCESO":null,"ACCESIBIL":null,"UBI":null,"COLONIA":null,"TRONCO":null,"CFE":null},"geometry":{"type":"Point","coordinates":[370679.49,2838038.09008]}},{"type":"Feature","properties":{"LONG":null,"LAT":null,"NOMCIEN":"Triadica sebifera","NOMCOM":"Chinese, árbol del sebo","ORIGEN":"Introducida","ALTURA":10.0,"DAP":34.9,"OBJECTID":507,"FECHA LEV":2015,"SALUD":null,"PROYE":null,"ACCESO":null,"ACCESIBIL":null,"UBI":null,"COLONIA":null,"TRONCO":null,"CFE":null},"geometry":{"type":"Point","coordinates":[370753.048,2838052.14008]}},{"type":"Feature","properties":{"LONG":null,"LAT":null,"NOMCIEN":"Triadica sebifera","NOMCOM":"Chinese, árbol del sebo","ORIGEN":"Introducida","ALTURA":10.6,"DAP":36.0,"OBJECTID":508,"FECHA LEV":2015,"SALUD":null,"PROYE":null,"ACCESO":null,"ACCESIBIL":null,"UBI":null,"COLONIA":null,"TRONCO":null,"CFE":null},"geometry":{"type":"Point","coordinates":[370746.532,2838046.43408]}},{"type":"Feature","properties":{"LONG":null,"LAT":null,"NOMCIEN":"Triadica sebifera","NOMCOM":"Chinese, árbol del sebo","ORIGEN":"Introducida","ALTURA":10.1,"DAP":34.4,"OBJECTID":509,"FECHA LEV":2015,"SALUD":null,"PROYE":null,"ACCESO":null,"ACCESIBIL":null,"UBI":null,"COLONIA":null,"TRONCO":null,"CFE":null},"geometry":{"type":"Point","coordinates":[370749.969,2838042.84808]}},{"type":"Feature","properties":{"LONG":null,"LAT":null,"NOMCIEN":"Triadica sebifera","NOMCOM":"Chinese, árbol del sebo","ORIGEN":"Introducida","ALTURA":6.6,"DAP":33.3,"OBJECTID":510,"FECHA LEV":2015,"SALUD":null,"PROYE":null,"ACCESO":null,"ACCESIBIL":null,"UBI":null,"COLONIA":null,"TRONCO":null,"CFE":null},"geometry":{"type":"Point","coordinates":[370744.888,2838038.66408]}},{"type":"Feature","properties":{"LONG":null,"LAT":null,"NOMCIEN":"Triadica sebifera","NOMCOM":"Chinese, árbol del sebo","ORIGEN":"Introducida","ALTURA":6.1,"DAP":30.2,"OBJECTID":511,"FECHA LEV":2015,"SALUD":null,"PROYE":null,"ACCESO":null,"ACCESIBIL":null,"UBI":null,"COLONIA":null,"TRONCO":null,"CFE":null},"geometry":{"type":"Point","coordinates":[370739.509,2838032.68708]}},{"type":"Feature","properties":{"LONG":null,"LAT":null,"NOMCIEN":"Fraxinus americana","NOMCOM":"Fresno blanco americano","ORIGEN":"Nativa","ALTURA":10.6,"DAP":39.0,"OBJECTID":512,"FECHA LEV":2015,"SALUD":null,"PROYE":null,"ACCESO":null,"ACCESIBIL":null,"UBI":null,"COLONIA":null,"TRONCO":null,"CFE":null},"geometry":{"type":"Point","coordinates":[370888.34,2837987.55908]}},{"type":"Feature","properties":{"LONG":null,"LAT":null,"NOMCIEN":"Fraxinus americana","NOMCOM":"Fresno blanco americano","ORIGEN":"Nativa","ALTURA":10.4,"DAP":48.5,"OBJECTID":513,"FECHA LEV":2015,"SALUD":null,"PROYE":null,"ACCESO":null,"ACCESIBIL":null,"UBI":null,"COLONIA":null,"TRONCO":null,"CFE":null},"geometry":{"type":"Point","coordinates":[370841.868,2838039.85908]}},{"type":"Feature","properties":{"LONG":null,"LAT":null,"NOMCIEN":"Quercus fusiformis","NOMCOM":"Encino siempreverde, encino molino","ORIGEN":"Nativa","ALTURA":3.0,"DAP":3.6,"OBJECTID":514,"FECHA LEV":2015,"SALUD":null,"PROYE":null,"ACCESO":null,"ACCESIBIL":null,"UBI":null,"COLONIA":null,"TRONCO":null,"CFE":null},"geometry":{"type":"Point","coordinates":[371108.0,2837983.00008]}},{"type":"Feature","properties":{"LONG":null,"LAT":null,"NOMCIEN":"Quercus fusiformis","NOMCOM":"Encino siempreverde, encino molino","ORIGEN":"Nativa","ALTURA":3.1,"DAP":4.5,"OBJECTID":515,"FECHA LEV":2015,"SALUD":null,"PROYE":null,"ACCESO":null,"ACCESIBIL":null,"UBI":null,"COLONIA":null,"TRONCO":null,"CFE":null},"geometry":{"type":"Point","coordinates":[371110.0,2837993.00008]}},{"type":"Feature","properties":{"LONG":null,"LAT":null,"NOMCIEN":"Quercus fusiformis","NOMCOM":"Encino siempreverde, encino molino","ORIGEN":"Nativa","ALTURA":2.5,"DAP":3.5,"OBJECTID":516,"FECHA LEV":2015,"SALUD":null,"PROYE":null,"ACCESO":null,"ACCESIBIL":null,"UBI":null,"COLONIA":null,"TRONCO":null,"CFE":null},"geometry":{"type":"Point","coordinates":[371106.0,2837999.00008]}},{"type":"Feature","properties":{"LONG":null,"LAT":null,"NOMCIEN":"Quercus fusiformis","NOMCOM":"Encino siempreverde, encino molino","ORIGEN":"Nativa","ALTURA":2.9,"DAP":3.7,"OBJECTID":517,"FECHA LEV":2015,"SALUD":null,"PROYE":null,"ACCESO":null,"ACCESIBIL":null,"UBI":null,"COLONIA":null,"TRONCO":null,"CFE":null},"geometry":{"type":"Point","coordinates":[371105.0,2838013.00008]}},{"type":"Feature","properties":{"LONG":null,"LAT":null,"NOMCIEN":"Quercus fusiformis","NOMCOM":"Encino siempreverde, encino molino","ORIGEN":"Nativa","ALTURA":3.4,"DAP":3.7,"OBJECTID":518,"FECHA LEV":2015,"SALUD":null,"PROYE":null,"ACCESO":null,"ACCESIBIL":null,"UBI":null,"COLONIA":null,"TRONCO":null,"CFE":null},"geometry":{"type":"Point","coordinates":[371105.0,2838022.00008]}},{"type":"Feature","properties":{"LONG":null,"LAT":null,"NOMCIEN":"Quercus fusiformis","NOMCOM":"Encino siempreverde, encino molino","ORIGEN":"Nativa","ALTURA":3.7,"DAP":3.4,"OBJECTID":519,"FECHA LEV":2015,"SALUD":null,"PROYE":null,"ACCESO":null,"ACCESIBIL":null,"UBI":null,"COLONIA":null,"TRONCO":null,"CFE":null},"geometry":{"type":"Point","coordinates":[371105.0,2838031.00008]}},{"type":"Feature","properties":{"LONG":null,"LAT":null,"NOMCIEN":"Quercus fusiformis","NOMCOM":"Encino siempreverde, encino molino","ORIGEN":"Nativa","ALTURA":3.5,"DAP":3.9,"OBJECTID":520,"FECHA LEV":2015,"SALUD":null,"PROYE":null,"ACCESO":null,"ACCESIBIL":null,"UBI":null,"COLONIA":null,"TRONCO":null,"CFE":null},"geometry":{"type":"Point","coordinates":[371104.0,2838071.00008]}},{"type":"Feature","properties":{"LONG":null,"LAT":null,"NOMCIEN":"Quercus fusiformis","NOMCOM":"Encino siempreverde, encino molino","ORIGEN":"Nativa","ALTURA":3.6,"DAP":3.4,"OBJECTID":521,"FECHA LEV":2015,"SALUD":null,"PROYE":null,"ACCESO":null,"ACCESIBIL":null,"UBI":null,"COLONIA":null,"TRONCO":null,"CFE":null},"geometry":{"type":"Point","coordinates":[371102.0,2838082.00008]}},{"type":"Feature","properties":{"LONG":null,"LAT":null,"NOMCIEN":"Quercus fusiformis","NOMCOM":"Encino siempreverde, encino molino","ORIGEN":"Nativa","ALTURA":3.2,"DAP":4.4,"OBJECTID":522,"FECHA LEV":2015,"SALUD":null,"PROYE":null,"ACCESO":null,"ACCESIBIL":null,"UBI":null,"COLONIA":null,"TRONCO":null,"CFE":null},"geometry":{"type":"Point","coordinates":[371107.0,2838092.00008]}},{"type":"Feature","properties":{"LONG":null,"LAT":null,"NOMCIEN":"Quercus fusiformis","NOMCOM":"Encino siempreverde, encino molino","ORIGEN":"Nativa","ALTURA":3.2,"DAP":3.8,"OBJECTID":523,"FECHA LEV":2015,"SALUD":null,"PROYE":null,"ACCESO":null,"ACCESIBIL":null,"UBI":null,"COLONIA":null,"TRONCO":null,"CFE":null},"geometry":{"type":"Point","coordinates":[371104.0,2838111.00008]}},{"type":"Feature","properties":{"LONG":null,"LAT":null,"NOMCIEN":"Fraxinus americana","NOMCOM":"Fresno blanco americano","ORIGEN":"Nativa","ALTURA":7.5,"DAP":24.1,"OBJECTID":524,"FECHA LEV":2015,"SALUD":null,"PROYE":null,"ACCESO":null,"ACCESIBIL":null,"UBI":null,"COLONIA":null,"TRONCO":null,"CFE":null},"geometry":{"type":"Point","coordinates":[370856.064,2838039.71008]}},{"type":"Feature","properties":{"LONG":null,"LAT":null,"NOMCIEN":"Quercus fusiformis","NOMCOM":"Encino siempreverde, encino molino","ORIGEN":"Nativa","ALTURA":3.2,"DAP":4.1,"OBJECTID":525,"FECHA LEV":2015,"SALUD":null,"PROYE":null,"ACCESO":null,"ACCESIBIL":null,"UBI":null,"COLONIA":null,"TRONCO":null,"CFE":null},"geometry":{"type":"Point","coordinates":[371106.0,2838118.00008]}},{"type":"Feature","properties":{"LONG":null,"LAT":null,"NOMCIEN":"Quercus fusiformis","NOMCOM":"Encino siempreverde, encino molino","ORIGEN":"Nativa","ALTURA":3.6,"DAP":3.6,"OBJECTID":526,"FECHA LEV":2015,"SALUD":null,"PROYE":null,"ACCESO":null,"ACCESIBIL":null,"UBI":null,"COLONIA":null,"TRONCO":null,"CFE":null},"geometry":{"type":"Point","coordinates":[371104.0,2838125.00008]}},{"type":"Feature","properties":{"LONG":null,"LAT":null,"NOMCIEN":"Quercus fusiformis","NOMCOM":"Encino siempreverde, encino molino","ORIGEN":"Nativa","ALTURA":4.1,"DAP":4.3,"OBJECTID":527,"FECHA LEV":2015,"SALUD":null,"PROYE":null,"ACCESO":null,"ACCESIBIL":null,"UBI":null,"COLONIA":null,"TRONCO":null,"CFE":null},"geometry":{"type":"Point","coordinates":[371102.0,2838141.00008]}},{"type":"Feature","properties":{"LONG":null,"LAT":null,"NOMCIEN":"Eucalyptus camaldulensis","NOMCOM":"Eucalipto australiano rojo","ORIGEN":"Introducida","ALTURA":13.6,"DAP":37.1,"OBJECTID":528,"FECHA LEV":2015,"SALUD":null,"PROYE":null,"ACCESO":null,"ACCESIBIL":null,"UBI":null,"COLONIA":null,"TRONCO":null,"CFE":null},"geometry":{"type":"Point","coordinates":[370893.122,2838007.58308]}},{"type":"Feature","properties":{"LONG":null,"LAT":null,"NOMCIEN":"Eucalyptus camaldulensis","NOMCOM":"Eucalipto australiano rojo","ORIGEN":"Introducida","ALTURA":18.1,"DAP":50.4,"OBJECTID":529,"FECHA LEV":2015,"SALUD":null,"PROYE":null,"ACCESO":null,"ACCESIBIL":null,"UBI":null,"COLONIA":null,"TRONCO":null,"CFE":null},"geometry":{"type":"Point","coordinates":[370892.674,2837999.81208]}},{"type":"Feature","properties":{"LONG":null,"LAT":null,"NOMCIEN":"Eucalyptus camaldulensis","NOMCOM":"Eucalipto australiano rojo","ORIGEN":"Introducida","ALTURA":17.2,"DAP":36.5,"OBJECTID":530,"FECHA LEV":2015,"SALUD":null,"PROYE":null,"ACCESO":null,"ACCESIBIL":null,"UBI":null,"COLONIA":null,"TRONCO":null,"CFE":null},"geometry":{"type":"Point","coordinates":[370888.938,2837980.23708]}},{"type":"Feature","properties":{"LONG":null,"LAT":null,"NOMCIEN":"Washingtonia robusta","NOMCOM":"Palma Washington, palmera abanico, palma blanca","ORIGEN":"Nativa","ALTURA":15.2,"DAP":41.7,"OBJECTID":531,"FECHA LEV":2015,"SALUD":null,"PROYE":null,"ACCESO":null,"ACCESIBIL":null,"UBI":null,"COLONIA":null,"TRONCO":null,"CFE":null},"geometry":{"type":"Point","coordinates":[370906.698,2837977.68208]}},{"type":"Feature","properties":{"LONG":null,"LAT":null,"NOMCIEN":"Washingtonia robusta","NOMCOM":"Palma Washington, palmera abanico, palma blanca","ORIGEN":"Nativa","ALTURA":15.8,"DAP":44.5,"OBJECTID":532,"FECHA LEV":2015,"SALUD":null,"PROYE":null,"ACCESO":null,"ACCESIBIL":null,"UBI":null,"COLONIA":null,"TRONCO":null,"CFE":null},"geometry":{"type":"Point","coordinates":[370912.129,2837976.41508]}},{"type":"Feature","properties":{"LONG":null,"LAT":null,"NOMCIEN":"Washingtonia robusta","NOMCOM":"Palma Washington, palmera abanico, palma blanca","ORIGEN":"Nativa","ALTURA":13.6,"DAP":45.7,"OBJECTID":533,"FECHA LEV":2015,"SALUD":null,"PROYE":null,"ACCESO":null,"ACCESIBIL":null,"UBI":null,"COLONIA":null,"TRONCO":null,"CFE":null},"geometry":{"type":"Point","coordinates":[370920.094,2837973.51808]}},{"type":"Feature","properties":{"LONG":null,"LAT":null,"NOMCIEN":"Washingtonia robusta","NOMCOM":"Palma Washington, palmera abanico, palma blanca","ORIGEN":"Nativa","ALTURA":16.6,"DAP":44.6,"OBJECTID":534,"FECHA LEV":2015,"SALUD":null,"PROYE":null,"ACCESO":null,"ACCESIBIL":null,"UBI":null,"COLONIA":null,"TRONCO":null,"CFE":null},"geometry":{"type":"Point","coordinates":[370925.887,2837972.25108]}},{"type":"Feature","properties":{"LONG":null,"LAT":null,"NOMCIEN":"Washingtonia robusta","NOMCOM":"Palma Washington, palmera abanico, palma blanca","ORIGEN":"Nativa","ALTURA":14.6,"DAP":42.9,"OBJECTID":535,"FECHA LEV":2015,"SALUD":null,"PROYE":null,"ACCESO":null,"ACCESIBIL":null,"UBI":null,"COLONIA":null,"TRONCO":null,"CFE":null},"geometry":{"type":"Point","coordinates":[370932.223,2837969.17308]}},{"type":"Feature","properties":{"LONG":null,"LAT":null,"NOMCIEN":"Fraxinus americana","NOMCOM":"Fresno blanco americano","ORIGEN":"Nativa","ALTURA":7.7,"DAP":31.2,"OBJECTID":536,"FECHA LEV":2015,"SALUD":null,"PROYE":null,"ACCESO":null,"ACCESIBIL":null,"UBI":null,"COLONIA":null,"TRONCO":null,"CFE":null},"geometry":{"type":"Point","coordinates":[370887.743,2837994.88108]}},{"type":"Feature","properties":{"LONG":null,"LAT":null,"NOMCIEN":"Washingtonia robusta","NOMCOM":"Palma Washington, palmera abanico, palma blanca","ORIGEN":"Nativa","ALTURA":11.8,"DAP":40.1,"OBJECTID":537,"FECHA LEV":2015,"SALUD":null,"PROYE":null,"ACCESO":null,"ACCESIBIL":null,"UBI":null,"COLONIA":null,"TRONCO":null,"CFE":null},"geometry":{"type":"Point","coordinates":[370937.654,2837966.82008]}},{"type":"Feature","properties":{"LONG":null,"LAT":null,"NOMCIEN":"Washingtonia robusta","NOMCOM":"Palma Washington, palmera abanico, palma blanca","ORIGEN":"Nativa","ALTURA":12.0,"DAP":43.7,"OBJECTID":538,"FECHA LEV":2015,"SALUD":null,"PROYE":null,"ACCESO":null,"ACCESIBIL":null,"UBI":null,"COLONIA":null,"TRONCO":null,"CFE":null},"geometry":{"type":"Point","coordinates":[370948.335,2837961.20808]}},{"type":"Feature","properties":{"LONG":null,"LAT":null,"NOMCIEN":"Fraxinus americana","NOMCOM":"Fresno blanco americano","ORIGEN":"Nativa","ALTURA":10.8,"DAP":46.3,"OBJECTID":539,"FECHA LEV":2015,"SALUD":null,"PROYE":null,"ACCESO":null,"ACCESIBIL":null,"UBI":null,"COLONIA":null,"TRONCO":null,"CFE":null},"geometry":{"type":"Point","coordinates":[370959.559,2837957.04408]}},{"type":"Feature","properties":{"LONG":null,"LAT":null,"NOMCIEN":"Fraxinus americana","NOMCOM":"Fresno blanco americano","ORIGEN":"Nativa","ALTURA":10.8,"DAP":40.3,"OBJECTID":540,"FECHA LEV":2015,"SALUD":null,"PROYE":null,"ACCESO":null,"ACCESIBIL":null,"UBI":null,"COLONIA":null,"TRONCO":null,"CFE":null},"geometry":{"type":"Point","coordinates":[370964.085,2837963.19908]}},{"type":"Feature","properties":{"LONG":null,"LAT":null,"NOMCIEN":"Fraxinus americana","NOMCOM":"Fresno blanco americano","ORIGEN":"Nativa","ALTURA":9.8,"DAP":27.0,"OBJECTID":541,"FECHA LEV":2015,"SALUD":null,"PROYE":null,"ACCESO":null,"ACCESIBIL":null,"UBI":null,"COLONIA":null,"TRONCO":null,"CFE":null},"geometry":{"type":"Point","coordinates":[370967.524,2837955.05308]}},{"type":"Feature","properties":{"LONG":null,"LAT":null,"NOMCIEN":"Fraxinus americana","NOMCOM":"Fresno blanco americano","ORIGEN":"Nativa","ALTURA":9.0,"DAP":51.6,"OBJECTID":542,"FECHA LEV":2015,"SALUD":null,"PROYE":null,"ACCESO":null,"ACCESIBIL":null,"UBI":null,"COLONIA":null,"TRONCO":null,"CFE":null},"geometry":{"type":"Point","coordinates":[370973.498,2837960.66508]}},{"type":"Feature","properties":{"LONG":null,"LAT":null,"NOMCIEN":"Fraxinus americana","NOMCOM":"Fresno blanco americano","ORIGEN":"Nativa","ALTURA":7.2,"DAP":29.5,"OBJECTID":543,"FECHA LEV":2015,"SALUD":null,"PROYE":null,"ACCESO":null,"ACCESIBIL":null,"UBI":null,"COLONIA":null,"TRONCO":null,"CFE":null},"geometry":{"type":"Point","coordinates":[370989.248,2837943.46708]}},{"type":"Feature","properties":{"LONG":null,"LAT":null,"NOMCIEN":"Fraxinus americana","NOMCOM":"Fresno blanco americano","ORIGEN":"Nativa","ALTURA":5.1,"DAP":21.1,"OBJECTID":544,"FECHA LEV":2015,"SALUD":null,"PROYE":null,"ACCESO":null,"ACCESIBIL":null,"UBI":null,"COLONIA":null,"TRONCO":null,"CFE":null},"geometry":{"type":"Point","coordinates":[371049.017,2837922.45708]}},{"type":"Feature","properties":{"LONG":null,"LAT":null,"NOMCIEN":"Fraxinus americana","NOMCOM":"Fresno blanco americano","ORIGEN":"Nativa","ALTURA":11.4,"DAP":40.4,"OBJECTID":545,"FECHA LEV":2015,"SALUD":null,"PROYE":null,"ACCESO":null,"ACCESIBIL":null,"UBI":null,"COLONIA":null,"TRONCO":null,"CFE":null},"geometry":{"type":"Point","coordinates":[371055.708,2837921.13208]}},{"type":"Feature","properties":{"LONG":null,"LAT":null,"NOMCIEN":"Washingtonia robusta","NOMCOM":"Palma Washington, palmera abanico, palma blanca","ORIGEN":"Nativa","ALTURA":14.2,"DAP":44.8,"OBJECTID":546,"FECHA LEV":2015,"SALUD":null,"PROYE":null,"ACCESO":null,"ACCESIBIL":null,"UBI":null,"COLONIA":null,"TRONCO":null,"CFE":null},"geometry":{"type":"Point","coordinates":[371049.054,2837915.24808]}},{"type":"Feature","properties":{"LONG":null,"LAT":null,"NOMCIEN":"Fraxinus americana","NOMCOM":"Fresno blanco americano","ORIGEN":"Nativa","ALTURA":7.7,"DAP":26.2,"OBJECTID":547,"FECHA LEV":2015,"SALUD":null,"PROYE":null,"ACCESO":null,"ACCESIBIL":null,"UBI":null,"COLONIA":null,"TRONCO":null,"CFE":null},"geometry":{"type":"Point","coordinates":[370888.041,2838002.05408]}},{"type":"Feature","properties":{"LONG":null,"LAT":null,"NOMCIEN":"Washingtonia robusta","NOMCOM":"Palma Washington, palmera abanico, palma blanca","ORIGEN":"Nativa","ALTURA":14.8,"DAP":45.4,"OBJECTID":548,"FECHA LEV":2015,"SALUD":null,"PROYE":null,"ACCESO":null,"ACCESIBIL":null,"UBI":null,"COLONIA":null,"TRONCO":null,"CFE":null},"geometry":{"type":"Point","coordinates":[371053.669,2837911.47708]}},{"type":"Feature","properties":{"LONG":null,"LAT":null,"NOMCIEN":"Washingtonia robusta","NOMCOM":"Palma Washington, palmera abanico, palma blanca","ORIGEN":"Nativa","ALTURA":15.0,"DAP":50.0,"OBJECTID":549,"FECHA LEV":2015,"SALUD":null,"PROYE":null,"ACCESO":null,"ACCESIBIL":null,"UBI":null,"COLONIA":null,"TRONCO":null,"CFE":null},"geometry":{"type":"Point","coordinates":[371059.433,2837907.62308]}},{"type":"Feature","properties":{"LONG":null,"LAT":null,"NOMCIEN":"Washingtonia robusta","NOMCOM":"Palma Washington, palmera abanico, palma blanca","ORIGEN":"Nativa","ALTURA":13.8,"DAP":56.6,"OBJECTID":550,"FECHA LEV":2015,"SALUD":null,"PROYE":null,"ACCESO":null,"ACCESIBIL":null,"UBI":null,"COLONIA":null,"TRONCO":null,"CFE":null},"geometry":{"type":"Point","coordinates":[371064.882,2837905.24908]}},{"type":"Feature","properties":{"LONG":null,"LAT":null,"NOMCIEN":"Washingtonia robusta","NOMCOM":"Palma Washington, palmera abanico, palma blanca","ORIGEN":"Nativa","ALTURA":13.0,"DAP":47.9,"OBJECTID":551,"FECHA LEV":2015,"SALUD":null,"PROYE":null,"ACCESO":null,"ACCESIBIL":null,"UBI":null,"COLONIA":null,"TRONCO":null,"CFE":null},"geometry":{"type":"Point","coordinates":[371071.664,2837903.59108]}},{"type":"Feature","properties":{"LONG":null,"LAT":null,"NOMCIEN":"Washingtonia robusta","NOMCOM":"Palma Washington, palmera abanico, palma blanca","ORIGEN":"Nativa","ALTURA":12.4,"DAP":49.3,"OBJECTID":552,"FECHA LEV":2015,"SALUD":null,"PROYE":null,"ACCESO":null,"ACCESIBIL":null,"UBI":null,"COLONIA":null,"TRONCO":null,"CFE":null},"geometry":{"type":"Point","coordinates":[371076.432,2837900.63508]}},{"type":"Feature","properties":{"LONG":null,"LAT":null,"NOMCIEN":"Fraxinus americana","NOMCOM":"Fresno blanco americano","ORIGEN":"Nativa","ALTURA":8.1,"DAP":55.7,"OBJECTID":553,"FECHA LEV":2015,"SALUD":null,"PROYE":null,"ACCESO":null,"ACCESIBIL":null,"UBI":null,"COLONIA":null,"TRONCO":null,"CFE":null},"geometry":{"type":"Point","coordinates":[371093.845,2837896.15808]}},{"type":"Feature","properties":{"LONG":null,"LAT":null,"NOMCIEN":"Fraxinus americana","NOMCOM":"Fresno blanco americano","ORIGEN":"Nativa","ALTURA":6.8,"DAP":49.5,"OBJECTID":554,"FECHA LEV":2015,"SALUD":null,"PROYE":null,"ACCESO":null,"ACCESIBIL":null,"UBI":null,"COLONIA":null,"TRONCO":null,"CFE":null},"geometry":{"type":"Point","coordinates":[371096.537,2837923.30008]}},{"type":"Feature","properties":{"LONG":null,"LAT":null,"NOMCIEN":"Fraxinus americana","NOMCOM":"Fresno blanco americano","ORIGEN":"Nativa","ALTURA":6.6,"DAP":45.2,"OBJECTID":555,"FECHA LEV":2015,"SALUD":null,"PROYE":null,"ACCESO":null,"ACCESIBIL":null,"UBI":null,"COLONIA":null,"TRONCO":null,"CFE":null},"geometry":{"type":"Point","coordinates":[371096.973,2837930.18108]}},{"type":"Feature","properties":{"LONG":null,"LAT":null,"NOMCIEN":"Eucalyptus camaldulensis","NOMCOM":"Eucalipto australiano rojo","ORIGEN":"Introducida","ALTURA":13.8,"DAP":37.8,"OBJECTID":556,"FECHA LEV":2015,"SALUD":null,"PROYE":null,"ACCESO":null,"ACCESIBIL":null,"UBI":null,"COLONIA":null,"TRONCO":null,"CFE":null},"geometry":{"type":"Point","coordinates":[371093.165,2837939.16408]}},{"type":"Feature","properties":{"LONG":null,"LAT":null,"NOMCIEN":"Quercus shumardii","NOMCOM":"Encino rojo","ORIGEN":"Introducida","ALTURA":2.5,"DAP":6.2,"OBJECTID":557,"FECHA LEV":2015,"SALUD":null,"PROYE":null,"ACCESO":null,"ACCESIBIL":null,"UBI":null,"COLONIA":null,"TRONCO":null,"CFE":null},"geometry":{"type":"Point","coordinates":[371096.418,2837951.43208]}},{"type":"Feature","properties":{"LONG":null,"LAT":null,"NOMCIEN":"Fraxinus americana","NOMCOM":"Fresno blanco americano","ORIGEN":"Nativa","ALTURA":8.1,"DAP":18.2,"OBJECTID":558,"FECHA LEV":2015,"SALUD":null,"PROYE":null,"ACCESO":null,"ACCESIBIL":null,"UBI":null,"COLONIA":null,"TRONCO":null,"CFE":null},"geometry":{"type":"Point","coordinates":[370889.835,2838007.58308]}},{"type":"Feature","properties":{"LONG":null,"LAT":null,"NOMCIEN":"Eucalyptus camaldulensis","NOMCOM":"Eucalipto australiano rojo","ORIGEN":"Introducida","ALTURA":12.8,"DAP":58.0,"OBJECTID":559,"FECHA LEV":2015,"SALUD":null,"PROYE":null,"ACCESO":null,"ACCESIBIL":null,"UBI":null,"COLONIA":null,"TRONCO":null,"CFE":null},"geometry":{"type":"Point","coordinates":[371095.694,2837962.11308]}},{"type":"Feature","properties":{"LONG":null,"LAT":null,"NOMCIEN":"Fraxinus americana","NOMCOM":"Fresno blanco americano","ORIGEN":"Nativa","ALTURA":7.5,"DAP":41.8,"OBJECTID":560,"FECHA LEV":2015,"SALUD":null,"PROYE":null,"ACCESO":null,"ACCESIBIL":null,"UBI":null,"COLONIA":null,"TRONCO":null,"CFE":null},"geometry":{"type":"Point","coordinates":[371097.142,2837968.63008]}},{"type":"Feature","properties":{"LONG":null,"LAT":null,"NOMCIEN":"Fraxinus americana","NOMCOM":"Fresno blanco americano","ORIGEN":"Nativa","ALTURA":6.9,"DAP":31.6,"OBJECTID":561,"FECHA LEV":2015,"SALUD":null,"PROYE":null,"ACCESO":null,"ACCESIBIL":null,"UBI":null,"COLONIA":null,"TRONCO":null,"CFE":null},"geometry":{"type":"Point","coordinates":[371096.961,2837972.97508]}},{"type":"Feature","properties":{"LONG":null,"LAT":null,"NOMCIEN":"Eucalyptus camaldulensis","NOMCOM":"Eucalipto australiano rojo","ORIGEN":"Introducida","ALTURA":19.1,"DAP":51.1,"OBJECTID":562,"FECHA LEV":2015,"SALUD":null,"PROYE":null,"ACCESO":null,"ACCESIBIL":null,"UBI":null,"COLONIA":null,"TRONCO":null,"CFE":null},"geometry":{"type":"Point","coordinates":[371097.142,2837979.31108]}},{"type":"Feature","properties":{"LONG":null,"LAT":null,"NOMCIEN":"Fraxinus americana","NOMCOM":"Fresno blanco americano","ORIGEN":"Nativa","ALTURA":5.2,"DAP":58.3,"OBJECTID":563,"FECHA LEV":2015,"SALUD":null,"PROYE":null,"ACCESO":null,"ACCESIBIL":null,"UBI":null,"COLONIA":null,"TRONCO":null,"CFE":null},"geometry":{"type":"Point","coordinates":[371097.323,2838006.28508]}},{"type":"Feature","properties":{"LONG":null,"LAT":null,"NOMCIEN":"Fraxinus americana","NOMCOM":"Fresno blanco americano","ORIGEN":"Nativa","ALTURA":5.0,"DAP":23.5,"OBJECTID":564,"FECHA LEV":2015,"SALUD":null,"PROYE":null,"ACCESO":null,"ACCESIBIL":null,"UBI":null,"COLONIA":null,"TRONCO":null,"CFE":null},"geometry":{"type":"Point","coordinates":[371096.599,2838014.43108]}},{"type":"Feature","properties":{"LONG":null,"LAT":null,"NOMCIEN":"Eucalyptus camaldulensis","NOMCOM":"Eucalipto australiano rojo","ORIGEN":"Introducida","ALTURA":14.5,"DAP":48.7,"OBJECTID":565,"FECHA LEV":2015,"SALUD":null,"PROYE":null,"ACCESO":null,"ACCESIBIL":null,"UBI":null,"COLONIA":null,"TRONCO":null,"CFE":null},"geometry":{"type":"Point","coordinates":[371096.599,2838025.83608]}},{"type":"Feature","properties":{"LONG":null,"LAT":null,"NOMCIEN":"Eucalyptus camaldulensis","NOMCOM":"Eucalipto australiano rojo","ORIGEN":"Introducida","ALTURA":16.9,"DAP":66.7,"OBJECTID":566,"FECHA LEV":2015,"SALUD":null,"PROYE":null,"ACCESO":null,"ACCESIBIL":null,"UBI":null,"COLONIA":null,"TRONCO":null,"CFE":null},"geometry":{"type":"Point","coordinates":[371097.142,2838032.35308]}},{"type":"Feature","properties":{"LONG":null,"LAT":null,"NOMCIEN":"Fraxinus americana","NOMCOM":"Fresno blanco americano","ORIGEN":"Nativa","ALTURA":6.7,"DAP":31.6,"OBJECTID":567,"FECHA LEV":2015,"SALUD":null,"PROYE":null,"ACCESO":null,"ACCESIBIL":null,"UBI":null,"COLONIA":null,"TRONCO":null,"CFE":null},"geometry":{"type":"Point","coordinates":[371098.59,2838039.95608]}},{"type":"Feature","properties":{"LONG":null,"LAT":null,"NOMCIEN":"Fraxinus americana","NOMCOM":"Fresno blanco americano","ORIGEN":"Nativa","ALTURA":10.0,"DAP":25.8,"OBJECTID":568,"FECHA LEV":2015,"SALUD":null,"PROYE":null,"ACCESO":null,"ACCESIBIL":null,"UBI":null,"COLONIA":null,"TRONCO":null,"CFE":null},"geometry":{"type":"Point","coordinates":[370889.984,2838015.05408]}},{"type":"Feature","properties":{"LONG":null,"LAT":null,"NOMCIEN":"Eucalyptus camaldulensis","NOMCOM":"Eucalipto australiano rojo","ORIGEN":"Introducida","ALTURA":16.4,"DAP":51.3,"OBJECTID":569,"FECHA LEV":2015,"SALUD":null,"PROYE":null,"ACCESO":null,"ACCESIBIL":null,"UBI":null,"COLONIA":null,"TRONCO":null,"CFE":null},"geometry":{"type":"Point","coordinates":[371096.599,2838051.72308]}},{"type":"Feature","properties":{"LONG":null,"LAT":null,"NOMCIEN":"Azadirachta indica","NOMCOM":"Neem, nim, árbol de Nim","ORIGEN":"Introducida","ALTURA":10.2,"DAP":26.5,"OBJECTID":570,"FECHA LEV":2015,"SALUD":null,"PROYE":null,"ACCESO":null,"ACCESIBIL":null,"UBI":null,"COLONIA":null,"TRONCO":null,"CFE":null},"geometry":{"type":"Point","coordinates":[371018.213,2838046.47308]}},{"type":"Feature","properties":{"LONG":null,"LAT":null,"NOMCIEN":"Azadirachta indica","NOMCOM":"Neem, nim, árbol de Nim","ORIGEN":"Introducida","ALTURA":6.8,"DAP":33.6,"OBJECTID":571,"FECHA LEV":2015,"SALUD":null,"PROYE":null,"ACCESO":null,"ACCESIBIL":null,"UBI":null,"COLONIA":null,"TRONCO":null,"CFE":null},"geometry":{"type":"Point","coordinates":[370996.67,2838050.27508]}},{"type":"Feature","properties":{"LONG":null,"LAT":null,"NOMCIEN":"Azadirachta indica","NOMCOM":"Neem, nim, árbol de Nim","ORIGEN":"Introducida","ALTURA":7.0,"DAP":29.4,"OBJECTID":572,"FECHA LEV":2015,"SALUD":null,"PROYE":null,"ACCESO":null,"ACCESIBIL":null,"UBI":null,"COLONIA":null,"TRONCO":null,"CFE":null},"geometry":{"type":"Point","coordinates":[370984.903,2838067.29208]}},{"type":"Feature","properties":{"LONG":null,"LAT":null,"NOMCIEN":"Quercus polymorpha","NOMCOM":"Encino roble, roble","ORIGEN":"Nativa","ALTURA":6.7,"DAP":26.9,"OBJECTID":573,"FECHA LEV":2015,"SALUD":null,"PROYE":null,"ACCESO":null,"ACCESIBIL":null,"UBI":null,"COLONIA":null,"TRONCO":null,"CFE":null},"geometry":{"type":"Point","coordinates":[370992.581,2838064.77008]}},{"type":"Feature","properties":{"LONG":null,"LAT":null,"NOMCIEN":"Eucalyptus camaldulensis","NOMCOM":"Eucalipto australiano rojo","ORIGEN":"Introducida","ALTURA":8.1,"DAP":40.2,"OBJECTID":574,"FECHA LEV":2015,"SALUD":null,"PROYE":null,"ACCESO":null,"ACCESIBIL":null,"UBI":null,"COLONIA":null,"TRONCO":null,"CFE":null},"geometry":{"type":"Point","coordinates":[371049.722,2838136.00508]}},{"type":"Feature","properties":{"LONG":null,"LAT":null,"NOMCIEN":"Fraxinus americana","NOMCOM":"Fresno blanco americano","ORIGEN":"Nativa","ALTURA":9.2,"DAP":39.6,"OBJECTID":575,"FECHA LEV":2015,"SALUD":null,"PROYE":null,"ACCESO":null,"ACCESIBIL":null,"UBI":null,"COLONIA":null,"TRONCO":null,"CFE":null},"geometry":{"type":"Point","coordinates":[371077.565,2838131.02908]}},{"type":"Feature","properties":{"LONG":null,"LAT":null,"NOMCIEN":"Fraxinus americana","NOMCOM":"Fresno blanco americano","ORIGEN":"Nativa","ALTURA":10.2,"DAP":91.9,"OBJECTID":576,"FECHA LEV":2015,"SALUD":null,"PROYE":null,"ACCESO":null,"ACCESIBIL":null,"UBI":null,"COLONIA":null,"TRONCO":null,"CFE":null},"geometry":{"type":"Point","coordinates":[371092.492,2838136.57908]}},{"type":"Feature","properties":{"LONG":null,"LAT":null,"NOMCIEN":"Fraxinus americana","NOMCOM":"Fresno blanco americano","ORIGEN":"Nativa","ALTURA":8.3,"DAP":45.1,"OBJECTID":577,"FECHA LEV":2015,"SALUD":null,"PROYE":null,"ACCESO":null,"ACCESIBIL":null,"UBI":null,"COLONIA":null,"TRONCO":null,"CFE":null},"geometry":{"type":"Point","coordinates":[371093.883,2838105.67008]}},{"type":"Feature","properties":{"LONG":null,"LAT":null,"NOMCIEN":"Fraxinus americana","NOMCOM":"Fresno blanco americano","ORIGEN":"Nativa","ALTURA":8.8,"DAP":26.9,"OBJECTID":578,"FECHA LEV":2015,"SALUD":null,"PROYE":null,"ACCESO":null,"ACCESIBIL":null,"UBI":null,"COLONIA":null,"TRONCO":null,"CFE":null},"geometry":{"type":"Point","coordinates":[370878.329,2838036.12408]}},{"type":"Feature","properties":{"LONG":null,"LAT":null,"NOMCIEN":"Fraxinus americana","NOMCOM":"Fresno blanco americano","ORIGEN":"Nativa","ALTURA":7.6,"DAP":24.9,"OBJECTID":579,"FECHA LEV":2015,"SALUD":null,"PROYE":null,"ACCESO":null,"ACCESIBIL":null,"UBI":null,"COLONIA":null,"TRONCO":null,"CFE":null},"geometry":{"type":"Point","coordinates":[371099.857,2838090.64508]}},{"type":"Feature","properties":{"LONG":null,"LAT":null,"NOMCIEN":"Fraxinus americana","NOMCOM":"Fresno blanco americano","ORIGEN":"Nativa","ALTURA":5.0,"DAP":35.2,"OBJECTID":580,"FECHA LEV":2015,"SALUD":null,"PROYE":null,"ACCESO":null,"ACCESIBIL":null,"UBI":null,"COLONIA":null,"TRONCO":null,"CFE":null},"geometry":{"type":"Point","coordinates":[371100.624,2838115.05108]}},{"type":"Feature","properties":{"LONG":null,"LAT":null,"NOMCIEN":"Fraxinus americana","NOMCOM":"Fresno blanco americano","ORIGEN":"Nativa","ALTURA":10.0,"DAP":61.0,"OBJECTID":581,"FECHA LEV":2015,"SALUD":null,"PROYE":null,"ACCESO":null,"ACCESIBIL":null,"UBI":null,"COLONIA":null,"TRONCO":null,"CFE":null},"geometry":{"type":"Point","coordinates":[371102.06,2838126.15008]}},{"type":"Feature","properties":{"LONG":null,"LAT":null,"NOMCIEN":"Eucalyptus camaldulensis","NOMCOM":"Eucalipto australiano rojo","ORIGEN":"Introducida","ALTURA":17.7,"DAP":64.5,"OBJECTID":582,"FECHA LEV":2015,"SALUD":null,"PROYE":null,"ACCESO":null,"ACCESIBIL":null,"UBI":null,"COLONIA":null,"TRONCO":null,"CFE":null},"geometry":{"type":"Point","coordinates":[371027.046,2838135.43108]}},{"type":"Feature","properties":{"LONG":null,"LAT":null,"NOMCIEN":"Eucalyptus camaldulensis","NOMCOM":"Eucalipto australiano rojo","ORIGEN":"Introducida","ALTURA":14.3,"DAP":35.8,"OBJECTID":583,"FECHA LEV":2015,"SALUD":null,"PROYE":null,"ACCESO":null,"ACCESIBIL":null,"UBI":null,"COLONIA":null,"TRONCO":null,"CFE":null},"geometry":{"type":"Point","coordinates":[371020.731,2838135.33508]}},{"type":"Feature","properties":{"LONG":null,"LAT":null,"NOMCIEN":"Eucalyptus camaldulensis","NOMCOM":"Eucalipto australiano rojo","ORIGEN":"Introducida","ALTURA":10.0,"DAP":36.8,"OBJECTID":584,"FECHA LEV":2015,"SALUD":null,"PROYE":null,"ACCESO":null,"ACCESIBIL":null,"UBI":null,"COLONIA":null,"TRONCO":null,"CFE":null},"geometry":{"type":"Point","coordinates":[371014.703,2838135.43108]}},{"type":"Feature","properties":{"LONG":null,"LAT":null,"NOMCIEN":"Triadica sebifera","NOMCOM":"Chinese, árbol del sebo","ORIGEN":"Introducida","ALTURA":15.6,"DAP":41.1,"OBJECTID":585,"FECHA LEV":2015,"SALUD":null,"PROYE":null,"ACCESO":null,"ACCESIBIL":null,"UBI":null,"COLONIA":null,"TRONCO":null,"CFE":null},"geometry":{"type":"Point","coordinates":[370931.675,2838131.90808]}},{"type":"Feature","properties":{"LONG":null,"LAT":null,"NOMCIEN":"Fraxinus americana","NOMCOM":"Fresno blanco americano","ORIGEN":"Nativa","ALTURA":8.8,"DAP":50.0,"OBJECTID":586,"FECHA LEV":2015,"SALUD":null,"PROYE":null,"ACCESO":null,"ACCESIBIL":null,"UBI":null,"COLONIA":null,"TRONCO":null,"CFE":null},"geometry":{"type":"Point","coordinates":[370870.708,2838036.72108]}},{"type":"Feature","properties":{"LONG":null,"LAT":null,"NOMCIEN":"Eucalyptus camaldulensis","NOMCOM":"Eucalipto australiano rojo","ORIGEN":"Introducida","ALTURA":18.0,"DAP":61.5,"OBJECTID":587,"FECHA LEV":2015,"SALUD":null,"PROYE":null,"ACCESO":null,"ACCESIBIL":null,"UBI":null,"COLONIA":null,"TRONCO":null,"CFE":null},"geometry":{"type":"Point","coordinates":[370888.49,2838132.05708]}},{"type":"Feature","properties":{"LONG":null,"LAT":null,"NOMCIEN":"Triadica sebifera","NOMCOM":"Chinese, árbol del sebo","ORIGEN":"Introducida","ALTURA":8.2,"DAP":28.9,"OBJECTID":588,"FECHA LEV":2015,"SALUD":null,"PROYE":null,"ACCESO":null,"ACCESIBIL":null,"UBI":null,"COLONIA":null,"TRONCO":null,"CFE":null},"geometry":{"type":"Point","coordinates":[370841.121,2838082.44708]}},{"type":"Feature","properties":{"LONG":null,"LAT":null,"NOMCIEN":"Quercus fusiformis","NOMCOM":"Encino siempreverde, encino molino","ORIGEN":"Nativa","ALTURA":9.5,"DAP":14.8,"OBJECTID":589,"FECHA LEV":2015,"SALUD":null,"PROYE":null,"ACCESO":null,"ACCESIBIL":null,"UBI":null,"COLONIA":null,"TRONCO":null,"CFE":null},"geometry":{"type":"Point","coordinates":[370844.707,2838086.78008]}},{"type":"Feature","properties":{"LONG":null,"LAT":null,"NOMCIEN":"Triadica sebifera","NOMCOM":"Chinese, árbol del sebo","ORIGEN":"Introducida","ALTURA":7.9,"DAP":33.6,"OBJECTID":590,"FECHA LEV":2015,"SALUD":null,"PROYE":null,"ACCESO":null,"ACCESIBIL":null,"UBI":null,"COLONIA":null,"TRONCO":null,"CFE":null},"geometry":{"type":"Point","coordinates":[370849.339,2838091.41208]}},{"type":"Feature","properties":{"LONG":null,"LAT":null,"NOMCIEN":"Quercus fusiformis","NOMCOM":"Encino siempreverde, encino molino","ORIGEN":"Nativa","ALTURA":7.4,"DAP":21.9,"OBJECTID":591,"FECHA LEV":2015,"SALUD":null,"PROYE":null,"ACCESO":null,"ACCESIBIL":null,"UBI":null,"COLONIA":null,"TRONCO":null,"CFE":null},"geometry":{"type":"Point","coordinates":[370947.294,2838136.01108]}},{"type":"Feature","properties":{"LONG":null,"LAT":null,"NOMCIEN":"Quercus polymorpha","NOMCOM":"Encino roble, roble","ORIGEN":"Nativa","ALTURA":4.6,"DAP":7.7,"OBJECTID":592,"FECHA LEV":2015,"SALUD":null,"PROYE":null,"ACCESO":null,"ACCESIBIL":null,"UBI":null,"COLONIA":null,"TRONCO":null,"CFE":null},"geometry":{"type":"Point","coordinates":[370871.538,2838112.42208]}},{"type":"Feature","properties":{"LONG":null,"LAT":null,"NOMCIEN":"Eucalyptus camaldulensis","NOMCOM":"Eucalipto australiano rojo","ORIGEN":"Introducida","ALTURA":22.2,"DAP":86.0,"OBJECTID":593,"FECHA LEV":2015,"SALUD":null,"PROYE":null,"ACCESO":null,"ACCESIBIL":null,"UBI":null,"COLONIA":null,"TRONCO":null,"CFE":null},"geometry":{"type":"Point","coordinates":[370891.951,2837984.95108]}},{"type":"Feature","properties":{"LONG":null,"LAT":null,"NOMCIEN":"Vachellia farnesiana","NOMCOM":"Huizache","ORIGEN":"Nativa","ALTURA":10.0,"DAP":61.5,"OBJECTID":594,"FECHA LEV":2015,"SALUD":null,"PROYE":null,"ACCESO":null,"ACCESIBIL":null,"UBI":null,"COLONIA":null,"TRONCO":null,"CFE":null},"geometry":{"type":"Point","coordinates":[371008.535,2838013.07708]}},{"type":"Feature","properties":{"LONG":null,"LAT":null,"NOMCIEN":"Fraxinus americana","NOMCOM":"Fresno blanco americano","ORIGEN":"Nativa","ALTURA":6.4,"DAP":29.2,"OBJECTID":595,"FECHA LEV":2015,"SALUD":null,"PROYE":null,"ACCESO":null,"ACCESIBIL":null,"UBI":null,"COLONIA":null,"TRONCO":null,"CFE":null},"geometry":{"type":"Point","coordinates":[370863.236,2838038.21608]}},{"type":"Feature","properties":{"LONG":null,"LAT":null,"NOMCIEN":"Casuarina cunninghamiana","NOMCOM":"Casuarina","ORIGEN":"Introducida","ALTURA":10.1,"DAP":47.3,"OBJECTID":596,"FECHA LEV":2015,"SALUD":null,"PROYE":null,"ACCESO":null,"ACCESIBIL":null,"UBI":null,"COLONIA":null,"TRONCO":null,"CFE":null},"geometry":{"type":"Point","coordinates":[371067.507,2837915.54608]}},{"type":"Feature","properties":{"LONG":null,"LAT":null,"NOMCIEN":"Quercus polymorpha","NOMCOM":"Encino roble, roble","ORIGEN":"Nativa","ALTURA":8.1,"DAP":31.5,"OBJECTID":597,"FECHA LEV":2015,"SALUD":null,"PROYE":null,"ACCESO":null,"ACCESIBIL":null,"UBI":null,"COLONIA":null,"TRONCO":null,"CFE":null},"geometry":{"type":"Point","coordinates":[371010.617,2838049.78108]}},{"type":"Feature","properties":{"LONG":null,"LAT":null,"NOMCIEN":"Quercus fusiformis","NOMCOM":"Encino siempreverde, encino molino","ORIGEN":"Nativa","ALTURA":6.4,"DAP":18.2,"OBJECTID":598,"FECHA LEV":2015,"SALUD":null,"PROYE":null,"ACCESO":null,"ACCESIBIL":null,"UBI":null,"COLONIA":null,"TRONCO":null,"CFE":null},"geometry":{"type":"Point","coordinates":[371062.973,2838135.51308]}},{"type":"Feature","properties":{"LONG":null,"LAT":null,"NOMCIEN":"Pinus halepensis","NOMCOM":"Pino aleppo","ORIGEN":"Introducida","ALTURA":4.7,"DAP":29.4,"OBJECTID":599,"FECHA LEV":2015,"SALUD":null,"PROYE":null,"ACCESO":null,"ACCESIBIL":null,"UBI":null,"COLONIA":null,"TRONCO":null,"CFE":null},"geometry":{"type":"Point","coordinates":[371014.68,2837949.69008]}},{"type":"Feature","properties":{"LONG":null,"LAT":null,"NOMCIEN":"Pinus halepensis","NOMCOM":"Pino aleppo","ORIGEN":"Introducida","ALTURA":3.2,"DAP":18.1,"OBJECTID":600,"FECHA LEV":2015,"SALUD":null,"PROYE":null,"ACCESO":null,"ACCESIBIL":null,"UBI":null,"COLONIA":null,"TRONCO":null,"CFE":null},"geometry":{"type":"Point","coordinates":[371015.03,2837983.05008]}},{"type":"Feature","properties":{"LONG":null,"LAT":null,"NOMCIEN":"Pinus halepensis","NOMCOM":"Pino aleppo","ORIGEN":"Introducida","ALTURA":4.3,"DAP":32.8,"OBJECTID":601,"FECHA LEV":2015,"SALUD":null,"PROYE":null,"ACCESO":null,"ACCESIBIL":null,"UBI":null,"COLONIA":null,"TRONCO":null,"CFE":null},"geometry":{"type":"Point","coordinates":[371014.48,2837996.84008]}},{"type":"Feature","properties":{"LONG":null,"LAT":null,"NOMCIEN":"Fraxinus americana","NOMCOM":"Fresno blanco americano","ORIGEN":"Nativa","ALTURA":8.9,"DAP":29.5,"OBJECTID":602,"FECHA LEV":2015,"SALUD":null,"PROYE":null,"ACCESO":null,"ACCESIBIL":null,"UBI":null,"COLONIA":null,"TRONCO":null,"CFE":null},"geometry":{"type":"Point","coordinates":[371092.013,2838123.85308]}},{"type":"Feature","properties":{"LONG":null,"LAT":null,"NOMCIEN":"Quercus fusiformis","NOMCOM":"Encino siempreverde, encino molino","ORIGEN":"Nativa","ALTURA":4.3,"DAP":11.0,"OBJECTID":603,"FECHA LEV":2015,"SALUD":null,"PROYE":null,"ACCESO":null,"ACCESIBIL":null,"UBI":null,"COLONIA":null,"TRONCO":null,"CFE":null},"geometry":{"type":"Point","coordinates":[370834.31,2838076.36008]}},{"type":"Feature","properties":{"LONG":null,"LAT":null,"NOMCIEN":"Quercus fusiformis","NOMCOM":"Encino siempreverde, encino molino","ORIGEN":"Nativa","ALTURA":4.2,"DAP":8.1,"OBJECTID":604,"FECHA LEV":2015,"SALUD":null,"PROYE":null,"ACCESO":null,"ACCESIBIL":null,"UBI":null,"COLONIA":null,"TRONCO":null,"CFE":null},"geometry":{"type":"Point","coordinates":[370854.9,2838095.46008]}},{"type":"Feature","properties":{"LONG":null,"LAT":null,"NOMCIEN":"Fraxinus americana","NOMCOM":"Fresno blanco americano","ORIGEN":"Nativa","ALTURA":5.9,"DAP":44.5,"OBJECTID":605,"FECHA LEV":2015,"SALUD":null,"PROYE":null,"ACCESO":null,"ACCESIBIL":null,"UBI":null,"COLONIA":null,"TRONCO":null,"CFE":null},"geometry":{"type":"Point","coordinates":[370849.04,2838039.11208]}},{"type":"Feature","properties":{"LONG":null,"LAT":null,"NOMCIEN":"Quercus fusiformis","NOMCOM":"Encino siempreverde, encino molino","ORIGEN":"Nativa","ALTURA":6.5,"DAP":11.5,"OBJECTID":606,"FECHA LEV":2015,"SALUD":null,"PROYE":null,"ACCESO":null,"ACCESIBIL":null,"UBI":null,"COLONIA":null,"TRONCO":null,"CFE":null},"geometry":{"type":"Point","coordinates":[370860.41,2838106.20008]}},{"type":"Feature","properties":{"LONG":null,"LAT":null,"NOMCIEN":"Quercus polymorpha","NOMCOM":"Encino roble, roble","ORIGEN":"Nativa","ALTURA":5.5,"DAP":9.0,"OBJECTID":607,"FECHA LEV":2015,"SALUD":null,"PROYE":null,"ACCESO":null,"ACCESIBIL":null,"UBI":null,"COLONIA":null,"TRONCO":null,"CFE":null},"geometry":{"type":"Point","coordinates":[370869.11,2838124.89008]}},{"type":"Feature","properties":{"LONG":null,"LAT":null,"NOMCIEN":"Quercus polymorpha","NOMCOM":"Encino roble, roble","ORIGEN":"Nativa","ALTURA":5.9,"DAP":8.8,"OBJECTID":608,"FECHA LEV":2015,"SALUD":null,"PROYE":null,"ACCESO":null,"ACCESIBIL":null,"UBI":null,"COLONIA":null,"TRONCO":null,"CFE":null},"geometry":{"type":"Point","coordinates":[370873.46,2838131.41008]}},{"type":"Feature","properties":{"LONG":null,"LAT":null,"NOMCIEN":"Ficus retusa","NOMCOM":"Laurel de Malasia, laurel de la India, ficus","ORIGEN":"Introducida","ALTURA":5.8,"DAP":37.5,"OBJECTID":609,"FECHA LEV":2015,"SALUD":null,"PROYE":null,"ACCESO":null,"ACCESIBIL":null,"UBI":null,"COLONIA":null,"TRONCO":null,"CFE":null},"geometry":{"type":"Point","coordinates":[370879.98,2838131.41008]}},{"type":"Feature","properties":{"LONG":null,"LAT":null,"NOMCIEN":"Quercus fusiformis","NOMCOM":"Encino siempreverde, encino molino","ORIGEN":"Nativa","ALTURA":2.8,"DAP":3.2,"OBJECTID":610,"FECHA LEV":2015,"SALUD":null,"PROYE":null,"ACCESO":null,"ACCESIBIL":null,"UBI":null,"COLONIA":null,"TRONCO":null,"CFE":null},"geometry":{"type":"Point","coordinates":[371103.0,2837921.00008]}},{"type":"Feature","properties":{"LONG":null,"LAT":null,"NOMCIEN":"Quercus fusiformis","NOMCOM":"Encino siempreverde, encino molino","ORIGEN":"Nativa","ALTURA":3.2,"DAP":4.2,"OBJECTID":611,"FECHA LEV":2015,"SALUD":null,"PROYE":null,"ACCESO":null,"ACCESIBIL":null,"UBI":null,"COLONIA":null,"TRONCO":null,"CFE":null},"geometry":{"type":"Point","coordinates":[371103.0,2837933.00008]}},{"type":"Feature","properties":{"LONG":null,"LAT":null,"NOMCIEN":"Quercus fusiformis","NOMCOM":"Encino siempreverde, encino molino","ORIGEN":"Nativa","ALTURA":3.8,"DAP":4.3,"OBJECTID":612,"FECHA LEV":2015,"SALUD":null,"PROYE":null,"ACCESO":null,"ACCESIBIL":null,"UBI":null,"COLONIA":null,"TRONCO":null,"CFE":null},"geometry":{"type":"Point","coordinates":[371111.0,2837943.00008]}},{"type":"Feature","properties":{"LONG":null,"LAT":null,"NOMCIEN":"Quercus fusiformis","NOMCOM":"Encino siempreverde, encino molino","ORIGEN":"Nativa","ALTURA":3.1,"DAP":3.9,"OBJECTID":613,"FECHA LEV":2015,"SALUD":null,"PROYE":null,"ACCESO":null,"ACCESIBIL":null,"UBI":null,"COLONIA":null,"TRONCO":null,"CFE":null},"geometry":{"type":"Point","coordinates":[371107.0,2837951.00008]}},{"type":"Feature","properties":{"LONG":null,"LAT":null,"NOMCIEN":"Quercus fusiformis","NOMCOM":"Encino siempreverde, encino molino","ORIGEN":"Nativa","ALTURA":3.2,"DAP":3.8,"OBJECTID":614,"FECHA LEV":2015,"SALUD":null,"PROYE":null,"ACCESO":null,"ACCESIBIL":null,"UBI":null,"COLONIA":null,"TRONCO":null,"CFE":null},"geometry":{"type":"Point","coordinates":[371108.0,2837960.00008]}},{"type":"Feature","properties":{"LONG":null,"LAT":null,"NOMCIEN":"Quercus fusiformis","NOMCOM":"Encino siempreverde, encino molino","ORIGEN":"Nativa","ALTURA":2.9,"DAP":3.8,"OBJECTID":615,"FECHA LEV":2015,"SALUD":null,"PROYE":null,"ACCESO":null,"ACCESIBIL":null,"UBI":null,"COLONIA":null,"TRONCO":null,"CFE":null},"geometry":{"type":"Point","coordinates":[371108.0,2837970.00008]}},{"type":"Feature","properties":{"LONG":null,"LAT":null,"NOMCIEN":"Quercus polymorpha","NOMCOM":"Encino roble, roble","ORIGEN":"Nativa","ALTURA":9.3,"DAP":29.8,"OBJECTID":616,"FECHA LEV":2015,"SALUD":null,"PROYE":null,"ACCESO":null,"ACCESIBIL":null,"UBI":null,"COLONIA":null,"TRONCO":null,"CFE":null},"geometry":{"type":"Point","coordinates":[370636.353,2838298.90908]}},{"type":"Feature","properties":{"LONG":null,"LAT":null,"NOMCIEN":"Quercus polymorpha","NOMCOM":"Encino roble, roble","ORIGEN":"Nativa","ALTURA":10.7,"DAP":42.9,"OBJECTID":617,"FECHA LEV":2015,"SALUD":null,"PROYE":null,"ACCESO":null,"ACCESIBIL":null,"UBI":null,"COLONIA":null,"TRONCO":null,"CFE":null},"geometry":{"type":"Point","coordinates":[370596.385,2838280.33108]}},{"type":"Feature","properties":{"LONG":null,"LAT":null,"NOMCIEN":"Quercus polymorpha","NOMCOM":"Encino roble, roble","ORIGEN":"Nativa","ALTURA":12.2,"DAP":38.7,"OBJECTID":618,"FECHA LEV":2015,"SALUD":null,"PROYE":null,"ACCESO":null,"ACCESIBIL":null,"UBI":null,"COLONIA":null,"TRONCO":null,"CFE":null},"geometry":{"type":"Point","coordinates":[370589.834,2838271.27808]}},{"type":"Feature","properties":{"LONG":null,"LAT":null,"NOMCIEN":"Prosopis glandulosa","NOMCOM":"Mezquite","ORIGEN":"Nativa","ALTURA":10.7,"DAP":58.8,"OBJECTID":619,"FECHA LEV":2015,"SALUD":null,"PROYE":null,"ACCESO":null,"ACCESIBIL":null,"UBI":null,"COLONIA":null,"TRONCO":null,"CFE":null},"geometry":{"type":"Point","coordinates":[370590.724,2838228.72108]}},{"type":"Feature","properties":{"LONG":null,"LAT":null,"NOMCIEN":"Quercus polymorpha","NOMCOM":"Encino roble, roble","ORIGEN":"Nativa","ALTURA":12.5,"DAP":31.7,"OBJECTID":620,"FECHA LEV":2015,"SALUD":null,"PROYE":null,"ACCESO":null,"ACCESIBIL":null,"UBI":null,"COLONIA":null,"TRONCO":null,"CFE":null},"geometry":{"type":"Point","coordinates":[370605.183,2838290.81608]}},{"type":"Feature","properties":{"LONG":null,"LAT":null,"NOMCIEN":"Quercus polymorpha","NOMCOM":"Encino roble, roble","ORIGEN":"Nativa","ALTURA":14.9,"DAP":37.1,"OBJECTID":621,"FECHA LEV":2015,"SALUD":null,"PROYE":null,"ACCESO":null,"ACCESIBIL":null,"UBI":null,"COLONIA":null,"TRONCO":null,"CFE":null},"geometry":{"type":"Point","coordinates":[370583.314,2838263.69808]}},{"type":"Feature","properties":{"LONG":null,"LAT":null,"NOMCIEN":"Quercus polymorpha","NOMCOM":"Encino roble, roble","ORIGEN":"Nativa","ALTURA":8.4,"DAP":21.5,"OBJECTID":622,"FECHA LEV":2015,"SALUD":null,"PROYE":null,"ACCESO":null,"ACCESIBIL":null,"UBI":null,"COLONIA":null,"TRONCO":null,"CFE":null},"geometry":{"type":"Point","coordinates":[370589.729,2838235.99808]}},{"type":"Feature","properties":{"LONG":null,"LAT":null,"NOMCIEN":"Quercus polymorpha","NOMCOM":"Encino roble, roble","ORIGEN":"Nativa","ALTURA":10.3,"DAP":24.2,"OBJECTID":623,"FECHA LEV":2015,"SALUD":null,"PROYE":null,"ACCESO":null,"ACCESIBIL":null,"UBI":null,"COLONIA":null,"TRONCO":null,"CFE":null},"geometry":{"type":"Point","coordinates":[370602.267,2838223.46008]}},{"type":"Feature","properties":{"LONG":null,"LAT":null,"NOMCIEN":"Fraxinus americana","NOMCOM":"Fresno blanco americano","ORIGEN":"Nativa","ALTURA":5.3,"DAP":18.5,"OBJECTID":624,"FECHA LEV":2015,"SALUD":null,"PROYE":null,"ACCESO":null,"ACCESIBIL":null,"UBI":null,"COLONIA":null,"TRONCO":null,"CFE":null},"geometry":{"type":"Point","coordinates":[370637.549,2838190.51108]}},{"type":"Feature","properties":{"LONG":null,"LAT":null,"NOMCIEN":"Quercus vaseyana","NOMCOM":"Encino bravo, encino de Vasey","ORIGEN":"Introducida","ALTURA":8.5,"DAP":24.3,"OBJECTID":625,"FECHA LEV":2015,"SALUD":null,"PROYE":null,"ACCESO":null,"ACCESIBIL":null,"UBI":null,"COLONIA":null,"TRONCO":null,"CFE":null},"geometry":{"type":"Point","coordinates":[370645.13,2838183.51308]}},{"type":"Feature","properties":{"LONG":null,"LAT":null,"NOMCIEN":"Fraxinus americana","NOMCOM":"Fresno blanco americano","ORIGEN":"Nativa","ALTURA":9.7,"DAP":30.9,"OBJECTID":626,"FECHA LEV":2015,"SALUD":null,"PROYE":null,"ACCESO":null,"ACCESIBIL":null,"UBI":null,"COLONIA":null,"TRONCO":null,"CFE":null},"geometry":{"type":"Point","coordinates":[370643.627,2838292.01808]}},{"type":"Feature","properties":{"LONG":null,"LAT":null,"NOMCIEN":"Quercus fusiformis","NOMCOM":"Encino siempreverde, encino molino","ORIGEN":"Nativa","ALTURA":5.7,"DAP":18.9,"OBJECTID":627,"FECHA LEV":2015,"SALUD":null,"PROYE":null,"ACCESO":null,"ACCESIBIL":null,"UBI":null,"COLONIA":null,"TRONCO":null,"CFE":null},"geometry":{"type":"Point","coordinates":[370703.6,2838234.73008]}},{"type":"Feature","properties":{"LONG":null,"LAT":null,"NOMCIEN":"Celtis laevigata","NOMCOM":"Palo blanco","ORIGEN":"Nativa","ALTURA":6.9,"DAP":25.0,"OBJECTID":628,"FECHA LEV":2015,"SALUD":null,"PROYE":null,"ACCESO":null,"ACCESIBIL":null,"UBI":null,"COLONIA":null,"TRONCO":null,"CFE":null},"geometry":{"type":"Point","coordinates":[370687.52,2838136.73008]}},{"type":"Feature","properties":{"LONG":null,"LAT":null,"NOMCIEN":"Celtis laevigata","NOMCOM":"Palo blanco","ORIGEN":"Nativa","ALTURA":6.9,"DAP":16.9,"OBJECTID":629,"FECHA LEV":2015,"SALUD":null,"PROYE":null,"ACCESO":null,"ACCESIBIL":null,"UBI":null,"COLONIA":null,"TRONCO":null,"CFE":null},"geometry":{"type":"Point","coordinates":[370703.25,2838127.93008]}},{"type":"Feature","properties":{"LONG":null,"LAT":null,"NOMCIEN":"Fraxinus americana","NOMCOM":"Fresno blanco americano","ORIGEN":"Nativa","ALTURA":6.9,"DAP":25.7,"OBJECTID":630,"FECHA LEV":2015,"SALUD":null,"PROYE":null,"ACCESO":null,"ACCESIBIL":null,"UBI":null,"COLONIA":null,"TRONCO":null,"CFE":null},"geometry":{"type":"Point","coordinates":[370697.279,2838240.63908]}},{"type":"Feature","properties":{"LONG":null,"LAT":null,"NOMCIEN":"Quercus fusiformis","NOMCOM":"Encino siempreverde, encino molino","ORIGEN":"Nativa","ALTURA":6.7,"DAP":8.8,"OBJECTID":631,"FECHA LEV":2015,"SALUD":null,"PROYE":null,"ACCESO":null,"ACCESIBIL":null,"UBI":null,"COLONIA":null,"TRONCO":null,"CFE":null},"geometry":{"type":"Point","coordinates":[370627.0,2838317.00008]}},{"type":"Feature","properties":{"LONG":null,"LAT":null,"NOMCIEN":"Quercus fusiformis","NOMCOM":"Encino siempreverde, encino molino","ORIGEN":"Nativa","ALTURA":8.1,"DAP":11.7,"OBJECTID":632,"FECHA LEV":2015,"SALUD":null,"PROYE":null,"ACCESO":null,"ACCESIBIL":null,"UBI":null,"COLONIA":null,"TRONCO":null,"CFE":null},"geometry":{"type":"Point","coordinates":[370613.0,2838209.00008]}},{"type":"Feature","properties":{"LONG":null,"LAT":null,"NOMCIEN":"Quercus fusiformis","NOMCOM":"Encino siempreverde, encino molino","ORIGEN":"Nativa","ALTURA":6.3,"DAP":9.9,"OBJECTID":633,"FECHA LEV":2015,"SALUD":null,"PROYE":null,"ACCESO":null,"ACCESIBIL":null,"UBI":null,"COLONIA":null,"TRONCO":null,"CFE":null},"geometry":{"type":"Point","coordinates":[370624.0,2838210.00008]}},{"type":"Feature","properties":{"LONG":null,"LAT":null,"NOMCIEN":"Quercus fusiformis","NOMCOM":"Encino siempreverde, encino molino","ORIGEN":"Nativa","ALTURA":5.1,"DAP":9.2,"OBJECTID":634,"FECHA LEV":2015,"SALUD":null,"PROYE":null,"ACCESO":null,"ACCESIBIL":null,"UBI":null,"COLONIA":null,"TRONCO":null,"CFE":null},"geometry":{"type":"Point","coordinates":[370642.57,2838186.00008]}},{"type":"Feature","properties":{"LONG":null,"LAT":null,"NOMCIEN":"Quercus fusiformis","NOMCOM":"Encino siempreverde, encino molino","ORIGEN":"Nativa","ALTURA":8.0,"DAP":13.2,"OBJECTID":635,"FECHA LEV":2015,"SALUD":null,"PROYE":null,"ACCESO":null,"ACCESIBIL":null,"UBI":null,"COLONIA":null,"TRONCO":null,"CFE":null},"geometry":{"type":"Point","coordinates":[370643.0,2838182.00008]}},{"type":"Feature","properties":{"LONG":null,"LAT":null,"NOMCIEN":"Quercus fusiformis","NOMCOM":"Encino siempreverde, encino molino","ORIGEN":"Nativa","ALTURA":5.7,"DAP":8.1,"OBJECTID":636,"FECHA LEV":2015,"SALUD":null,"PROYE":null,"ACCESO":null,"ACCESIBIL":null,"UBI":null,"COLONIA":null,"TRONCO":null,"CFE":null},"geometry":{"type":"Point","coordinates":[370637.0,2838298.00008]}},{"type":"Feature","properties":{"LONG":null,"LAT":null,"NOMCIEN":"Fraxinus americana","NOMCOM":"Fresno blanco americano","ORIGEN":"Nativa","ALTURA":11.9,"DAP":39.1,"OBJECTID":637,"FECHA LEV":2015,"SALUD":null,"PROYE":null,"ACCESO":null,"ACCESIBIL":null,"UBI":null,"COLONIA":null,"TRONCO":null,"CFE":null},"geometry":{"type":"Point","coordinates":[370651.284,2838283.59508]}},{"type":"Feature","properties":{"LONG":null,"LAT":null,"NOMCIEN":"Fraxinus americana","NOMCOM":"Fresno blanco americano","ORIGEN":"Nativa","ALTURA":8.7,"DAP":32.8,"OBJECTID":638,"FECHA LEV":2015,"SALUD":null,"PROYE":null,"ACCESO":null,"ACCESIBIL":null,"UBI":null,"COLONIA":null,"TRONCO":null,"CFE":null},"geometry":{"type":"Point","coordinates":[370660.345,2838276.83208]}},{"type":"Feature","properties":{"LONG":null,"LAT":null,"NOMCIEN":"Fraxinus americana","NOMCOM":"Fresno blanco americano","ORIGEN":"Nativa","ALTURA":10.4,"DAP":36.6,"OBJECTID":639,"FECHA LEV":2015,"SALUD":null,"PROYE":null,"ACCESO":null,"ACCESIBIL":null,"UBI":null,"COLONIA":null,"TRONCO":null,"CFE":null},"geometry":{"type":"Point","coordinates":[370668.257,2838267.89908]}},{"type":"Feature","properties":{"LONG":null,"LAT":null,"NOMCIEN":"Fraxinus americana","NOMCOM":"Fresno blanco americano","ORIGEN":"Nativa","ALTURA":10.0,"DAP":44.8,"OBJECTID":640,"FECHA LEV":2015,"SALUD":null,"PROYE":null,"ACCESO":null,"ACCESIBIL":null,"UBI":null,"COLONIA":null,"TRONCO":null,"CFE":null},"geometry":{"type":"Point","coordinates":[370677.317,2838257.94508]}},{"type":"Feature","properties":{"LONG":null,"LAT":null,"NOMCIEN":"Fraxinus americana","NOMCOM":"Fresno blanco americano","ORIGEN":"Nativa","ALTURA":9.2,"DAP":34.0,"OBJECTID":641,"FECHA LEV":2015,"SALUD":null,"PROYE":null,"ACCESO":null,"ACCESIBIL":null,"UBI":null,"COLONIA":null,"TRONCO":null,"CFE":null},"geometry":{"type":"Point","coordinates":[370687.271,2838249.65008]}},{"type":"Feature","properties":{"LONG":null,"LAT":null,"NOMCIEN":"Fraxinus americana","NOMCOM":"Fresno blanco americano","ORIGEN":"Nativa","ALTURA":7.7,"DAP":28.8,"OBJECTID":642,"FECHA LEV":2015,"SALUD":null,"PROYE":null,"ACCESO":null,"ACCESIBIL":null,"UBI":null,"COLONIA":null,"TRONCO":null,"CFE":null},"geometry":{"type":"Point","coordinates":[370602.103,2838286.04808]}},{"type":"Feature","properties":{"LONG":null,"LAT":null,"NOMCIEN":"Quercus polymorpha","NOMCOM":"Encino roble, roble","ORIGEN":"Nativa","ALTURA":9.7,"DAP":27.0,"OBJECTID":643,"FECHA LEV":2015,"SALUD":null,"PROYE":null,"ACCESO":null,"ACCESIBIL":null,"UBI":null,"COLONIA":null,"TRONCO":null,"CFE":null},"geometry":{"type":"Point","coordinates":[370608.774,2838294.50608]}},{"type":"Feature","properties":{"LONG":null,"LAT":null,"NOMCIEN":"Fraxinus americana","NOMCOM":"Fresno blanco americano","ORIGEN":"Nativa","ALTURA":10.5,"DAP":54.2,"OBJECTID":644,"FECHA LEV":2015,"SALUD":null,"PROYE":null,"ACCESO":null,"ACCESIBIL":null,"UBI":null,"COLONIA":null,"TRONCO":null,"CFE":null},"geometry":{"type":"Point","coordinates":[370734.453,2838309.86108]}},{"type":"Feature","properties":{"LONG":null,"LAT":null,"NOMCIEN":"Quercus fusiformis","NOMCOM":"Encino siempreverde, encino molino","ORIGEN":"Nativa","ALTURA":8.2,"DAP":29.2,"OBJECTID":645,"FECHA LEV":2015,"SALUD":null,"PROYE":null,"ACCESO":null,"ACCESIBIL":null,"UBI":null,"COLONIA":null,"TRONCO":null,"CFE":null},"geometry":{"type":"Point","coordinates":[370641.998,2838329.17108]}},{"type":"Feature","properties":{"LONG":null,"LAT":null,"NOMCIEN":"Quercus polymorpha","NOMCOM":"Encino roble, roble","ORIGEN":"Nativa","ALTURA":9.7,"DAP":33.2,"OBJECTID":646,"FECHA LEV":2015,"SALUD":null,"PROYE":null,"ACCESO":null,"ACCESIBIL":null,"UBI":null,"COLONIA":null,"TRONCO":null,"CFE":null},"geometry":{"type":"Point","coordinates":[370662.643,2838349.10408]}},{"type":"Feature","properties":{"LONG":null,"LAT":null,"NOMCIEN":"Fraxinus americana","NOMCOM":"Fresno blanco americano","ORIGEN":"Nativa","ALTURA":9.1,"DAP":44.3,"OBJECTID":647,"FECHA LEV":2015,"SALUD":null,"PROYE":null,"ACCESO":null,"ACCESIBIL":null,"UBI":null,"COLONIA":null,"TRONCO":null,"CFE":null},"geometry":{"type":"Point","coordinates":[370669.762,2838359.07008]}},{"type":"Feature","properties":{"LONG":null,"LAT":null,"NOMCIEN":"Quercus fusiformis","NOMCOM":"Encino siempreverde, encino molino","ORIGEN":"Nativa","ALTURA":3.1,"DAP":8.8,"OBJECTID":648,"FECHA LEV":2015,"SALUD":null,"PROYE":null,"ACCESO":null,"ACCESIBIL":null,"UBI":null,"COLONIA":null,"TRONCO":null,"CFE":null},"geometry":{"type":"Point","coordinates":[370770.0,2838270.00008]}},{"type":"Feature","properties":{"LONG":null,"LAT":null,"NOMCIEN":"Quercus fusiformis","NOMCOM":"Encino siempreverde, encino molino","ORIGEN":"Nativa","ALTURA":2.8,"DAP":8.4,"OBJECTID":649,"FECHA LEV":2015,"SALUD":null,"PROYE":null,"ACCESO":null,"ACCESIBIL":null,"UBI":null,"COLONIA":null,"TRONCO":null,"CFE":null},"geometry":{"type":"Point","coordinates":[370765.0,2838276.00008]}},{"type":"Feature","properties":{"LONG":null,"LAT":null,"NOMCIEN":"Quercus fusiformis","NOMCOM":"Encino siempreverde, encino molino","ORIGEN":"Nativa","ALTURA":6.3,"DAP":9.0,"OBJECTID":650,"FECHA LEV":2015,"SALUD":null,"PROYE":null,"ACCESO":null,"ACCESIBIL":null,"UBI":null,"COLONIA":null,"TRONCO":null,"CFE":null},"geometry":{"type":"Point","coordinates":[370754.0,2838276.00008]}},{"type":"Feature","properties":{"LONG":null,"LAT":null,"NOMCIEN":"Quercus fusiformis","NOMCOM":"Encino siempreverde, encino molino","ORIGEN":"Nativa","ALTURA":4.1,"DAP":8.2,"OBJECTID":651,"FECHA LEV":2015,"SALUD":null,"PROYE":null,"ACCESO":null,"ACCESIBIL":null,"UBI":null,"COLONIA":null,"TRONCO":null,"CFE":null},"geometry":{"type":"Point","coordinates":[370742.0,2838297.00008]}},{"type":"Feature","properties":{"LONG":null,"LAT":null,"NOMCIEN":"Quercus fusiformis","NOMCOM":"Encino siempreverde, encino molino","ORIGEN":"Nativa","ALTURA":6.0,"DAP":7.8,"OBJECTID":652,"FECHA LEV":2015,"SALUD":null,"PROYE":null,"ACCESO":null,"ACCESIBIL":null,"UBI":null,"COLONIA":null,"TRONCO":null,"CFE":null},"geometry":{"type":"Point","coordinates":[370686.0,2838371.00008]}},{"type":"Feature","properties":{"LONG":null,"LAT":null,"NOMCIEN":"Fraxinus americana","NOMCOM":"Fresno blanco americano","ORIGEN":"Nativa","ALTURA":9.0,"DAP":28.3,"OBJECTID":653,"FECHA LEV":2015,"SALUD":null,"PROYE":null,"ACCESO":null,"ACCESIBIL":null,"UBI":null,"COLONIA":null,"TRONCO":null,"CFE":null},"geometry":{"type":"Point","coordinates":[370726.388,2838317.92508]}},{"type":"Feature","properties":{"LONG":null,"LAT":null,"NOMCIEN":"Fraxinus americana","NOMCOM":"Fresno blanco americano","ORIGEN":"Nativa","ALTURA":9.4,"DAP":29.0,"OBJECTID":654,"FECHA LEV":2015,"SALUD":null,"PROYE":null,"ACCESO":null,"ACCESIBIL":null,"UBI":null,"COLONIA":null,"TRONCO":null,"CFE":null},"geometry":{"type":"Point","coordinates":[370749.744,2838292.47508]}},{"type":"Feature","properties":{"LONG":null,"LAT":null,"NOMCIEN":"Fraxinus americana","NOMCOM":"Fresno blanco americano","ORIGEN":"Nativa","ALTURA":10.3,"DAP":38.5,"OBJECTID":655,"FECHA LEV":2015,"SALUD":null,"PROYE":null,"ACCESO":null,"ACCESIBIL":null,"UBI":null,"COLONIA":null,"TRONCO":null,"CFE":null},"geometry":{"type":"Point","coordinates":[370654.266,2838341.92908]}},{"type":"Feature","properties":{"LONG":null,"LAT":null,"NOMCIEN":"Fraxinus americana","NOMCOM":"Fresno blanco americano","ORIGEN":"Nativa","ALTURA":6.6,"DAP":35.9,"OBJECTID":656,"FECHA LEV":2015,"SALUD":null,"PROYE":null,"ACCESO":null,"ACCESIBIL":null,"UBI":null,"COLONIA":null,"TRONCO":null,"CFE":null},"geometry":{"type":"Point","coordinates":[370632.769,2838318.23408]}},{"type":"Feature","properties":{"LONG":null,"LAT":null,"NOMCIEN":"Fraxinus americana","NOMCOM":"Fresno blanco americano","ORIGEN":"Nativa","ALTURA":9.9,"DAP":39.8,"OBJECTID":657,"FECHA LEV":2015,"SALUD":null,"PROYE":null,"ACCESO":null,"ACCESIBIL":null,"UBI":null,"COLONIA":null,"TRONCO":null,"CFE":null},"geometry":{"type":"Point","coordinates":[370687.244,2838355.36508]}},{"type":"Feature","properties":{"LONG":null,"LAT":null,"NOMCIEN":"Fraxinus americana","NOMCOM":"Fresno blanco americano","ORIGEN":"Nativa","ALTURA":11.8,"DAP":34.8,"OBJECTID":658,"FECHA LEV":2015,"SALUD":null,"PROYE":null,"ACCESO":null,"ACCESIBIL":null,"UBI":null,"COLONIA":null,"TRONCO":null,"CFE":null},"geometry":{"type":"Point","coordinates":[370695.55,2838346.08208]}},{"type":"Feature","properties":{"LONG":null,"LAT":null,"NOMCIEN":"Fraxinus americana","NOMCOM":"Fresno blanco americano","ORIGEN":"Nativa","ALTURA":9.9,"DAP":38.2,"OBJECTID":659,"FECHA LEV":2015,"SALUD":null,"PROYE":null,"ACCESO":null,"ACCESIBIL":null,"UBI":null,"COLONIA":null,"TRONCO":null,"CFE":null},"geometry":{"type":"Point","coordinates":[370706.542,2838336.79908]}},{"type":"Feature","properties":{"LONG":null,"LAT":null,"NOMCIEN":"Fraxinus americana","NOMCOM":"Fresno blanco americano","ORIGEN":"Nativa","ALTURA":10.3,"DAP":49.8,"OBJECTID":660,"FECHA LEV":2015,"SALUD":null,"PROYE":null,"ACCESO":null,"ACCESIBIL":null,"UBI":null,"COLONIA":null,"TRONCO":null,"CFE":null},"geometry":{"type":"Point","coordinates":[370716.558,2838326.53908]}},{"type":"Feature","properties":{"LONG":null,"LAT":null,"NOMCIEN":"Fraxinus americana","NOMCOM":"Fresno blanco americano","ORIGEN":"Nativa","ALTURA":11.1,"DAP":37.4,"OBJECTID":661,"FECHA LEV":2015,"SALUD":null,"PROYE":null,"ACCESO":null,"ACCESIBIL":null,"UBI":null,"COLONIA":null,"TRONCO":null,"CFE":null},"geometry":{"type":"Point","coordinates":[370829.97,2838420.66808]}},{"type":"Feature","properties":{"LONG":null,"LAT":null,"NOMCIEN":"Casuarina cunninghamiana","NOMCOM":"Casuarina","ORIGEN":"Introducida","ALTURA":15.2,"DAP":38.4,"OBJECTID":662,"FECHA LEV":2015,"SALUD":null,"PROYE":null,"ACCESO":null,"ACCESIBIL":null,"UBI":null,"COLONIA":null,"TRONCO":null,"CFE":null},"geometry":{"type":"Point","coordinates":[370790.276,2838456.59208]}},{"type":"Feature","properties":{"LONG":null,"LAT":null,"NOMCIEN":"Fraxinus americana","NOMCOM":"Fresno blanco americano","ORIGEN":"Nativa","ALTURA":11.3,"DAP":81.0,"OBJECTID":663,"FECHA LEV":2015,"SALUD":null,"PROYE":null,"ACCESO":null,"ACCESIBIL":null,"UBI":null,"COLONIA":null,"TRONCO":null,"CFE":null},"geometry":{"type":"Point","coordinates":[370784.411,2838461.72408]}},{"type":"Feature","properties":{"LONG":null,"LAT":null,"NOMCIEN":"Casuarina cunninghamiana","NOMCOM":"Casuarina","ORIGEN":"Introducida","ALTURA":15.7,"DAP":45.5,"OBJECTID":664,"FECHA LEV":2015,"SALUD":null,"PROYE":null,"ACCESO":null,"ACCESIBIL":null,"UBI":null,"COLONIA":null,"TRONCO":null,"CFE":null},"geometry":{"type":"Point","coordinates":[370775.613,2838469.99808]}},{"type":"Feature","properties":{"LONG":null,"LAT":null,"NOMCIEN":"Casuarina cunninghamiana","NOMCOM":"Casuarina","ORIGEN":"Introducida","ALTURA":14.9,"DAP":67.6,"OBJECTID":665,"FECHA LEV":2015,"SALUD":null,"PROYE":null,"ACCESO":null,"ACCESIBIL":null,"UBI":null,"COLONIA":null,"TRONCO":null,"CFE":null},"geometry":{"type":"Point","coordinates":[370779.593,2838466.12308]}},{"type":"Feature","properties":{"LONG":null,"LAT":null,"NOMCIEN":"Fraxinus americana","NOMCOM":"Fresno blanco americano","ORIGEN":"Nativa","ALTURA":10.3,"DAP":55.7,"OBJECTID":666,"FECHA LEV":2015,"SALUD":null,"PROYE":null,"ACCESO":null,"ACCESIBIL":null,"UBI":null,"COLONIA":null,"TRONCO":null,"CFE":null},"geometry":{"type":"Point","coordinates":[370782.211,2838463.81908]}},{"type":"Feature","properties":{"LONG":null,"LAT":null,"NOMCIEN":"Eucalyptus camaldulensis","NOMCOM":"Eucalipto australiano rojo","ORIGEN":"Introducida","ALTURA":15.9,"DAP":50.8,"OBJECTID":667,"FECHA LEV":2015,"SALUD":null,"PROYE":null,"ACCESO":null,"ACCESIBIL":null,"UBI":null,"COLONIA":null,"TRONCO":null,"CFE":null},"geometry":{"type":"Point","coordinates":[370775.927,2838462.45708]}},{"type":"Feature","properties":{"LONG":null,"LAT":null,"NOMCIEN":"Eucalyptus camaldulensis","NOMCOM":"Eucalipto australiano rojo","ORIGEN":"Introducida","ALTURA":10.0,"DAP":35.3,"OBJECTID":668,"FECHA LEV":2015,"SALUD":null,"PROYE":null,"ACCESO":null,"ACCESIBIL":null,"UBI":null,"COLONIA":null,"TRONCO":null,"CFE":null},"geometry":{"type":"Point","coordinates":[370788.987,2838450.13908]}},{"type":"Feature","properties":{"LONG":null,"LAT":null,"NOMCIEN":"Eucalyptus camaldulensis","NOMCOM":"Eucalipto australiano rojo","ORIGEN":"Introducida","ALTURA":20.0,"DAP":58.0,"OBJECTID":669,"FECHA LEV":2015,"SALUD":null,"PROYE":null,"ACCESO":null,"ACCESIBIL":null,"UBI":null,"COLONIA":null,"TRONCO":null,"CFE":null},"geometry":{"type":"Point","coordinates":[370808.291,2838433.14008]}},{"type":"Feature","properties":{"LONG":null,"LAT":null,"NOMCIEN":"Pinus","NOMCOM":"Pino","ORIGEN":"Podría ser nativa","ALTURA":14.1,"DAP":72.5,"OBJECTID":670,"FECHA LEV":2015,"SALUD":null,"PROYE":null,"ACCESO":null,"ACCESIBIL":null,"UBI":null,"COLONIA":null,"TRONCO":null,"CFE":null},"geometry":{"type":"Point","coordinates":[370764.938,2838468.03808]}},{"type":"Feature","properties":{"LONG":null,"LAT":null,"NOMCIEN":"Fraxinus americana","NOMCOM":"Fresno blanco americano","ORIGEN":"Nativa","ALTURA":12.0,"DAP":36.0,"OBJECTID":671,"FECHA LEV":2015,"SALUD":null,"PROYE":null,"ACCESO":null,"ACCESIBIL":null,"UBI":null,"COLONIA":null,"TRONCO":null,"CFE":null},"geometry":{"type":"Point","coordinates":[370808.29,2838421.50608]}},{"type":"Feature","properties":{"LONG":null,"LAT":null,"NOMCIEN":"Casuarina cunninghamiana","NOMCOM":"Casuarina","ORIGEN":"Introducida","ALTURA":10.6,"DAP":29.2,"OBJECTID":672,"FECHA LEV":2015,"SALUD":null,"PROYE":null,"ACCESO":null,"ACCESIBIL":null,"UBI":null,"COLONIA":null,"TRONCO":null,"CFE":null},"geometry":{"type":"Point","coordinates":[370821.172,2838428.52308]}},{"type":"Feature","properties":{"LONG":null,"LAT":null,"NOMCIEN":"Fraxinus americana","NOMCOM":"Fresno blanco americano","ORIGEN":"Nativa","ALTURA":15.0,"DAP":45.0,"OBJECTID":673,"FECHA LEV":2015,"SALUD":null,"PROYE":null,"ACCESO":null,"ACCESIBIL":null,"UBI":null,"COLONIA":null,"TRONCO":null,"CFE":null},"geometry":{"type":"Point","coordinates":[370797.607,2838431.24708]}},{"type":"Feature","properties":{"LONG":null,"LAT":null,"NOMCIEN":"Fraxinus americana","NOMCOM":"Fresno blanco americano","ORIGEN":"Nativa","ALTURA":10.3,"DAP":36.0,"OBJECTID":674,"FECHA LEV":2015,"SALUD":null,"PROYE":null,"ACCESO":null,"ACCESIBIL":null,"UBI":null,"COLONIA":null,"TRONCO":null,"CFE":null},"geometry":{"type":"Point","coordinates":[370785.877,2838442.24308]}},{"type":"Feature","properties":{"LONG":null,"LAT":null,"NOMCIEN":"Fraxinus americana","NOMCOM":"Fresno blanco americano","ORIGEN":"Nativa","ALTURA":9.5,"DAP":28.2,"OBJECTID":675,"FECHA LEV":2015,"SALUD":null,"PROYE":null,"ACCESO":null,"ACCESIBIL":null,"UBI":null,"COLONIA":null,"TRONCO":null,"CFE":null},"geometry":{"type":"Point","coordinates":[370774.566,2838451.56508]}},{"type":"Feature","properties":{"LONG":null,"LAT":null,"NOMCIEN":"Fraxinus americana","NOMCOM":"Fresno blanco americano","ORIGEN":"Nativa","ALTURA":11.8,"DAP":41.8,"OBJECTID":676,"FECHA LEV":2015,"SALUD":null,"PROYE":null,"ACCESO":null,"ACCESIBIL":null,"UBI":null,"COLONIA":null,"TRONCO":null,"CFE":null},"geometry":{"type":"Point","coordinates":[370767.549,2838458.26808]}},{"type":"Feature","properties":{"LONG":null,"LAT":null,"NOMCIEN":"Fraxinus americana","NOMCOM":"Fresno blanco americano","ORIGEN":"Nativa","ALTURA":8.8,"DAP":47.3,"OBJECTID":677,"FECHA LEV":2015,"SALUD":null,"PROYE":null,"ACCESO":null,"ACCESIBIL":null,"UBI":null,"COLONIA":null,"TRONCO":null,"CFE":null},"geometry":{"type":"Point","coordinates":[370761.16,2838464.76108]}},{"type":"Feature","properties":{"LONG":null,"LAT":null,"NOMCIEN":"Fraxinus americana","NOMCOM":"Fresno blanco americano","ORIGEN":"Nativa","ALTURA":8.8,"DAP":37.2,"OBJECTID":678,"FECHA LEV":2015,"SALUD":null,"PROYE":null,"ACCESO":null,"ACCESIBIL":null,"UBI":null,"COLONIA":null,"TRONCO":null,"CFE":null},"geometry":{"type":"Point","coordinates":[370796.979,2838410.71908]}},{"type":"Feature","properties":{"LONG":null,"LAT":null,"NOMCIEN":"Fraxinus americana","NOMCOM":"Fresno blanco americano","ORIGEN":"Nativa","ALTURA":11.8,"DAP":49.2,"OBJECTID":679,"FECHA LEV":2015,"SALUD":null,"PROYE":null,"ACCESO":null,"ACCESIBIL":null,"UBI":null,"COLONIA":null,"TRONCO":null,"CFE":null},"geometry":{"type":"Point","coordinates":[370763.464,2838440.14908]}},{"type":"Feature","properties":{"LONG":null,"LAT":null,"NOMCIEN":"Fraxinus americana","NOMCOM":"Fresno blanco americano","ORIGEN":"Nativa","ALTURA":12.1,"DAP":48.9,"OBJECTID":680,"FECHA LEV":2015,"SALUD":null,"PROYE":null,"ACCESO":null,"ACCESIBIL":null,"UBI":null,"COLONIA":null,"TRONCO":null,"CFE":null},"geometry":{"type":"Point","coordinates":[370757.808,2838446.64208]}},{"type":"Feature","properties":{"LONG":null,"LAT":null,"NOMCIEN":"Fraxinus americana","NOMCOM":"Fresno blanco americano","ORIGEN":"Nativa","ALTURA":10.8,"DAP":38.9,"OBJECTID":681,"FECHA LEV":2015,"SALUD":null,"PROYE":null,"ACCESO":null,"ACCESIBIL":null,"UBI":null,"COLONIA":null,"TRONCO":null,"CFE":null},"geometry":{"type":"Point","coordinates":[370751.42,2838453.24008]}},{"type":"Feature","properties":{"LONG":null,"LAT":null,"NOMCIEN":"Fraxinus americana","NOMCOM":"Fresno blanco americano","ORIGEN":"Nativa","ALTURA":11.7,"DAP":64.2,"OBJECTID":682,"FECHA LEV":2015,"SALUD":null,"PROYE":null,"ACCESO":null,"ACCESIBIL":null,"UBI":null,"COLONIA":null,"TRONCO":null,"CFE":null},"geometry":{"type":"Point","coordinates":[370811.641,2838396.58008]}},{"type":"Feature","properties":{"LONG":null,"LAT":null,"NOMCIEN":"Casuarina cunninghamiana","NOMCOM":"Casuarina","ORIGEN":"Introducida","ALTURA":18.7,"DAP":75.6,"OBJECTID":683,"FECHA LEV":2015,"SALUD":null,"PROYE":null,"ACCESO":null,"ACCESIBIL":null,"UBI":null,"COLONIA":null,"TRONCO":null,"CFE":null},"geometry":{"type":"Point","coordinates":[370814.888,2838433.23608]}},{"type":"Feature","properties":{"LONG":null,"LAT":null,"NOMCIEN":"Fraxinus americana","NOMCOM":"Fresno blanco americano","ORIGEN":"Nativa","ALTURA":11.0,"DAP":47.4,"OBJECTID":684,"FECHA LEV":2015,"SALUD":null,"PROYE":null,"ACCESO":null,"ACCESIBIL":null,"UBI":null,"COLONIA":null,"TRONCO":null,"CFE":null},"geometry":{"type":"Point","coordinates":[370802.111,2838386.10708]}},{"type":"Feature","properties":{"LONG":null,"LAT":null,"NOMCIEN":"Fraxinus americana","NOMCOM":"Fresno blanco americano","ORIGEN":"Nativa","ALTURA":10.0,"DAP":47.4,"OBJECTID":685,"FECHA LEV":2015,"SALUD":null,"PROYE":null,"ACCESO":null,"ACCESIBIL":null,"UBI":null,"COLONIA":null,"TRONCO":null,"CFE":null},"geometry":{"type":"Point","coordinates":[370791.847,2838377.30908]}},{"type":"Feature","properties":{"LONG":null,"LAT":null,"NOMCIEN":"Fraxinus americana","NOMCOM":"Fresno blanco americano","ORIGEN":"Nativa","ALTURA":11.0,"DAP":52.8,"OBJECTID":686,"FECHA LEV":2015,"SALUD":null,"PROYE":null,"ACCESO":null,"ACCESIBIL":null,"UBI":null,"COLONIA":null,"TRONCO":null,"CFE":null},"geometry":{"type":"Point","coordinates":[370783.259,2838369.87308]}},{"type":"Feature","properties":{"LONG":null,"LAT":null,"NOMCIEN":"Fraxinus americana","NOMCOM":"Fresno blanco americano","ORIGEN":"Nativa","ALTURA":9.1,"DAP":38.3,"OBJECTID":687,"FECHA LEV":2015,"SALUD":null,"PROYE":null,"ACCESO":null,"ACCESIBIL":null,"UBI":null,"COLONIA":null,"TRONCO":null,"CFE":null},"geometry":{"type":"Point","coordinates":[370773.937,2838359.29508]}},{"type":"Feature","properties":{"LONG":null,"LAT":null,"NOMCIEN":"Fraxinus americana","NOMCOM":"Fresno blanco americano","ORIGEN":"Nativa","ALTURA":10.9,"DAP":44.4,"OBJECTID":688,"FECHA LEV":2015,"SALUD":null,"PROYE":null,"ACCESO":null,"ACCESIBIL":null,"UBI":null,"COLONIA":null,"TRONCO":null,"CFE":null},"geometry":{"type":"Point","coordinates":[370706.298,2838407.64108]}},{"type":"Feature","properties":{"LONG":null,"LAT":null,"NOMCIEN":"Fraxinus americana","NOMCOM":"Fresno blanco americano","ORIGEN":"Nativa","ALTURA":11.2,"DAP":48.5,"OBJECTID":689,"FECHA LEV":2015,"SALUD":null,"PROYE":null,"ACCESO":null,"ACCESIBIL":null,"UBI":null,"COLONIA":null,"TRONCO":null,"CFE":null},"geometry":{"type":"Point","coordinates":[370698.237,2838398.84708]}},{"type":"Feature","properties":{"LONG":null,"LAT":null,"NOMCIEN":"Fraxinus americana","NOMCOM":"Fresno blanco americano","ORIGEN":"Nativa","ALTURA":10.3,"DAP":62.9,"OBJECTID":690,"FECHA LEV":2015,"SALUD":null,"PROYE":null,"ACCESO":null,"ACCESIBIL":null,"UBI":null,"COLONIA":null,"TRONCO":null,"CFE":null},"geometry":{"type":"Point","coordinates":[370678.45,2838373.93008]}},{"type":"Feature","properties":{"LONG":null,"LAT":null,"NOMCIEN":"Casuarina cunninghamiana","NOMCOM":"Casuarina","ORIGEN":"Introducida","ALTURA":13.2,"DAP":28.0,"OBJECTID":691,"FECHA LEV":2015,"SALUD":null,"PROYE":null,"ACCESO":null,"ACCESIBIL":null,"UBI":null,"COLONIA":null,"TRONCO":null,"CFE":null},"geometry":{"type":"Point","coordinates":[370786.793,2838459.34808]}},{"type":"Feature","properties":{"LONG":null,"LAT":null,"NOMCIEN":"Casuarina cunninghamiana","NOMCOM":"Casuarina","ORIGEN":"Introducida","ALTURA":16.0,"DAP":44.4,"OBJECTID":692,"FECHA LEV":2015,"SALUD":null,"PROYE":null,"ACCESO":null,"ACCESIBIL":null,"UBI":null,"COLONIA":null,"TRONCO":null,"CFE":null},"geometry":{"type":"Point","coordinates":[370759.46,2838462.55408]}},{"type":"Feature","properties":{"LONG":null,"LAT":null,"NOMCIEN":"Casuarina cunninghamiana","NOMCOM":"Casuarina","ORIGEN":"Introducida","ALTURA":11.0,"DAP":26.4,"OBJECTID":693,"FECHA LEV":2015,"SALUD":null,"PROYE":null,"ACCESO":null,"ACCESIBIL":null,"UBI":null,"COLONIA":null,"TRONCO":null,"CFE":null},"geometry":{"type":"Point","coordinates":[370757.967,2838461.00108]}},{"type":"Feature","properties":{"LONG":null,"LAT":null,"NOMCIEN":"Casuarina cunninghamiana","NOMCOM":"Casuarina","ORIGEN":"Introducida","ALTURA":16.3,"DAP":30.3,"OBJECTID":694,"FECHA LEV":2015,"SALUD":null,"PROYE":null,"ACCESO":null,"ACCESIBIL":null,"UBI":null,"COLONIA":null,"TRONCO":null,"CFE":null},"geometry":{"type":"Point","coordinates":[370811.432,2838437.42608]}},{"type":"Feature","properties":{"LONG":null,"LAT":null,"NOMCIEN":"Casuarina cunninghamiana","NOMCOM":"Casuarina","ORIGEN":"Introducida","ALTURA":13.0,"DAP":36.1,"OBJECTID":695,"FECHA LEV":2015,"SALUD":null,"PROYE":null,"ACCESO":null,"ACCESIBIL":null,"UBI":null,"COLONIA":null,"TRONCO":null,"CFE":null},"geometry":{"type":"Point","coordinates":[370754.862,2838457.41808]}},{"type":"Feature","properties":{"LONG":null,"LAT":null,"NOMCIEN":"Quercus polymorpha","NOMCOM":"Encino roble, roble","ORIGEN":"Nativa","ALTURA":11.5,"DAP":27.8,"OBJECTID":696,"FECHA LEV":2015,"SALUD":null,"PROYE":null,"ACCESO":null,"ACCESIBIL":null,"UBI":null,"COLONIA":null,"TRONCO":null,"CFE":null},"geometry":{"type":"Point","coordinates":[370760.475,2838458.01508]}},{"type":"Feature","properties":{"LONG":null,"LAT":null,"NOMCIEN":"Quercus polymorpha","NOMCOM":"Encino roble, roble","ORIGEN":"Nativa","ALTURA":6.7,"DAP":22.8,"OBJECTID":697,"FECHA LEV":2015,"SALUD":null,"PROYE":null,"ACCESO":null,"ACCESIBIL":null,"UBI":null,"COLONIA":null,"TRONCO":null,"CFE":null},"geometry":{"type":"Point","coordinates":[370801.943,2838403.61808]}},{"type":"Feature","properties":{"LONG":null,"LAT":null,"NOMCIEN":"Quercus vaseyana","NOMCOM":"Encino bravo, encino de Vasey","ORIGEN":"Introducida","ALTURA":7.3,"DAP":21.4,"OBJECTID":698,"FECHA LEV":2015,"SALUD":null,"PROYE":null,"ACCESO":null,"ACCESIBIL":null,"UBI":null,"COLONIA":null,"TRONCO":null,"CFE":null},"geometry":{"type":"Point","coordinates":[370732.193,2838431.32508]}},{"type":"Feature","properties":{"LONG":null,"LAT":null,"NOMCIEN":"Quercus polymorpha","NOMCOM":"Encino roble, roble","ORIGEN":"Nativa","ALTURA":6.6,"DAP":11.3,"OBJECTID":699,"FECHA LEV":2015,"SALUD":null,"PROYE":null,"ACCESO":null,"ACCESIBIL":null,"UBI":null,"COLONIA":null,"TRONCO":null,"CFE":null},"geometry":{"type":"Point","coordinates":[370712.83,2838414.24008]}},{"type":"Feature","properties":{"LONG":null,"LAT":null,"NOMCIEN":"Quercus polymorpha","NOMCOM":"Encino roble, roble","ORIGEN":"Nativa","ALTURA":9.9,"DAP":25.6,"OBJECTID":700,"FECHA LEV":2015,"SALUD":null,"PROYE":null,"ACCESO":null,"ACCESIBIL":null,"UBI":null,"COLONIA":null,"TRONCO":null,"CFE":null},"geometry":{"type":"Point","coordinates":[370702.009,2838403.98908]}},{"type":"Feature","properties":{"LONG":null,"LAT":null,"NOMCIEN":"Fraxinus americana","NOMCOM":"Fresno blanco americano","ORIGEN":"Nativa","ALTURA":10.0,"DAP":29.0,"OBJECTID":701,"FECHA LEV":2015,"SALUD":null,"PROYE":null,"ACCESO":null,"ACCESIBIL":null,"UBI":null,"COLONIA":null,"TRONCO":null,"CFE":null},"geometry":{"type":"Point","coordinates":[370692.897,2838391.46008]}},{"type":"Feature","properties":{"LONG":null,"LAT":null,"NOMCIEN":"Quercus polymorpha","NOMCOM":"Encino roble, roble","ORIGEN":"Nativa","ALTURA":10.7,"DAP":27.5,"OBJECTID":702,"FECHA LEV":2015,"SALUD":null,"PROYE":null,"ACCESO":null,"ACCESIBIL":null,"UBI":null,"COLONIA":null,"TRONCO":null,"CFE":null},"geometry":{"type":"Point","coordinates":[370686.063,2838383.48708]}},{"type":"Feature","properties":{"LONG":null,"LAT":null,"NOMCIEN":"Quercus fusiformis","NOMCOM":"Encino siempreverde, encino molino","ORIGEN":"Nativa","ALTURA":2.8,"DAP":7.5,"OBJECTID":703,"FECHA LEV":2015,"SALUD":null,"PROYE":null,"ACCESO":null,"ACCESIBIL":null,"UBI":null,"COLONIA":null,"TRONCO":null,"CFE":null},"geometry":{"type":"Point","coordinates":[370814.0,2838426.00008]}},{"type":"Feature","properties":{"LONG":null,"LAT":null,"NOMCIEN":"Quercus fusiformis","NOMCOM":"Encino siempreverde, encino molino","ORIGEN":"Nativa","ALTURA":3.9,"DAP":8.5,"OBJECTID":704,"FECHA LEV":2015,"SALUD":null,"PROYE":null,"ACCESO":null,"ACCESIBIL":null,"UBI":null,"COLONIA":null,"TRONCO":null,"CFE":null},"geometry":{"type":"Point","coordinates":[370787.0,2838419.00008]}},{"type":"Feature","properties":{"LONG":null,"LAT":null,"NOMCIEN":"Fraxinus americana","NOMCOM":"Fresno blanco americano","ORIGEN":"Nativa","ALTURA":14.2,"DAP":50.4,"OBJECTID":705,"FECHA LEV":2015,"SALUD":null,"PROYE":null,"ACCESO":null,"ACCESIBIL":null,"UBI":null,"COLONIA":null,"TRONCO":null,"CFE":null},"geometry":{"type":"Point","coordinates":[370808.29,2838439.73008]}},{"type":"Feature","properties":{"LONG":null,"LAT":null,"NOMCIEN":"Quercus fusiformis","NOMCOM":"Encino siempreverde, encino molino","ORIGEN":"Nativa","ALTURA":3.0,"DAP":8.0,"OBJECTID":706,"FECHA LEV":2015,"SALUD":null,"PROYE":null,"ACCESO":null,"ACCESIBIL":null,"UBI":null,"COLONIA":null,"TRONCO":null,"CFE":null},"geometry":{"type":"Point","coordinates":[370775.0,2838430.00008]}},{"type":"Feature","properties":{"LONG":null,"LAT":null,"NOMCIEN":"Quercus fusiformis","NOMCOM":"Encino siempreverde, encino molino","ORIGEN":"Nativa","ALTURA":3.8,"DAP":8.8,"OBJECTID":707,"FECHA LEV":2015,"SALUD":null,"PROYE":null,"ACCESO":null,"ACCESIBIL":null,"UBI":null,"COLONIA":null,"TRONCO":null,"CFE":null},"geometry":{"type":"Point","coordinates":[370770.0,2838439.00008]}},{"type":"Feature","properties":{"LONG":null,"LAT":null,"NOMCIEN":"Fraxinus americana","NOMCOM":"Fresno blanco americano","ORIGEN":"Nativa","ALTURA":11.0,"DAP":38.1,"OBJECTID":708,"FECHA LEV":2015,"SALUD":null,"PROYE":null,"ACCESO":null,"ACCESIBIL":null,"UBI":null,"COLONIA":null,"TRONCO":null,"CFE":null},"geometry":null},{"type":"Feature","properties":{"LONG":null,"LAT":null,"NOMCIEN":"Quercus fusiformis","NOMCOM":"Encino siempreverde, encino molino","ORIGEN":"Nativa","ALTURA":3.7,"DAP":8.2,"OBJECTID":709,"FECHA LEV":2015,"SALUD":null,"PROYE":null,"ACCESO":null,"ACCESIBIL":null,"UBI":null,"COLONIA":null,"TRONCO":null,"CFE":null},"geometry":{"type":"Point","coordinates":[370745.0,2838330.00008]}},{"type":"Feature","properties":{"LONG":null,"LAT":null,"NOMCIEN":"Quercus fusiformis","NOMCOM":"Encino siempreverde, encino molino","ORIGEN":"Nativa","ALTURA":4.2,"DAP":7.8,"OBJECTID":710,"FECHA LEV":2015,"SALUD":null,"PROYE":null,"ACCESO":null,"ACCESIBIL":null,"UBI":null,"COLONIA":null,"TRONCO":null,"CFE":null},"geometry":{"type":"Point","coordinates":[370750.0,2838336.00008]}},{"type":"Feature","properties":{"LONG":null,"LAT":null,"NOMCIEN":"Quercus fusiformis","NOMCOM":"Encino siempreverde, encino molino","ORIGEN":"Nativa","ALTURA":4.9,"DAP":8.4,"OBJECTID":711,"FECHA LEV":2015,"SALUD":null,"PROYE":null,"ACCESO":null,"ACCESIBIL":null,"UBI":null,"COLONIA":null,"TRONCO":null,"CFE":null},"geometry":{"type":"Point","coordinates":[370764.0,2838350.00008]}},{"type":"Feature","properties":{"LONG":null,"LAT":null,"NOMCIEN":"Quercus fusiformis","NOMCOM":"Encino siempreverde, encino molino","ORIGEN":"Nativa","ALTURA":4.2,"DAP":8.8,"OBJECTID":712,"FECHA LEV":2015,"SALUD":null,"PROYE":null,"ACCESO":null,"ACCESIBIL":null,"UBI":null,"COLONIA":null,"TRONCO":null,"CFE":null},"geometry":{"type":"Point","coordinates":[370767.0,2838355.00008]}},{"type":"Feature","properties":{"LONG":null,"LAT":null,"NOMCIEN":"Quercus fusiformis","NOMCOM":"Encino siempreverde, encino molino","ORIGEN":"Nativa","ALTURA":5.9,"DAP":8.7,"OBJECTID":713,"FECHA LEV":2015,"SALUD":null,"PROYE":null,"ACCESO":null,"ACCESIBIL":null,"UBI":null,"COLONIA":null,"TRONCO":null,"CFE":null},"geometry":{"type":"Point","coordinates":[370723.0,2838434.00008]}},{"type":"Feature","properties":{"LONG":null,"LAT":null,"NOMCIEN":"Quercus fusiformis","NOMCOM":"Encino siempreverde, encino molino","ORIGEN":"Nativa","ALTURA":5.8,"DAP":10.0,"OBJECTID":714,"FECHA LEV":2015,"SALUD":null,"PROYE":null,"ACCESO":null,"ACCESIBIL":null,"UBI":null,"COLONIA":null,"TRONCO":null,"CFE":null},"geometry":{"type":"Point","coordinates":[370725.0,2838426.00008]}},{"type":"Feature","properties":{"LONG":null,"LAT":null,"NOMCIEN":"Quercus fusiformis","NOMCOM":"Encino siempreverde, encino molino","ORIGEN":"Nativa","ALTURA":6.1,"DAP":9.9,"OBJECTID":715,"FECHA LEV":2015,"SALUD":null,"PROYE":null,"ACCESO":null,"ACCESIBIL":null,"UBI":null,"COLONIA":null,"TRONCO":null,"CFE":null},"geometry":{"type":"Point","coordinates":[370720.0,2838421.00008]}},{"type":"Feature","properties":{"LONG":null,"LAT":null,"NOMCIEN":"Casuarina cunninghamiana","NOMCOM":"Casuarina","ORIGEN":"Introducida","ALTURA":16.0,"DAP":42.0,"OBJECTID":716,"FECHA LEV":2015,"SALUD":null,"PROYE":null,"ACCESO":null,"ACCESIBIL":null,"UBI":null,"COLONIA":null,"TRONCO":null,"CFE":null},"geometry":{"type":"Point","coordinates":[370801.901,2838445.07108]}},{"type":"Feature","properties":{"LONG":null,"LAT":null,"NOMCIEN":"Casuarina cunninghamiana","NOMCOM":"Casuarina","ORIGEN":"Introducida","ALTURA":15.3,"DAP":41.3,"OBJECTID":717,"FECHA LEV":2015,"SALUD":null,"PROYE":null,"ACCESO":null,"ACCESIBIL":null,"UBI":null,"COLONIA":null,"TRONCO":null,"CFE":null},"geometry":{"type":"Point","coordinates":[370798.759,2838447.89908]}},{"type":"Feature","properties":{"LONG":null,"LAT":null,"NOMCIEN":"Casuarina cunninghamiana","NOMCOM":"Casuarina","ORIGEN":"Introducida","ALTURA":18.7,"DAP":35.3,"OBJECTID":718,"FECHA LEV":2015,"SALUD":null,"PROYE":null,"ACCESO":null,"ACCESIBIL":null,"UBI":null,"COLONIA":null,"TRONCO":null,"CFE":null},"geometry":{"type":"Point","coordinates":[370796.036,2838450.72708]}},{"type":"Feature","properties":{"LONG":null,"LAT":null,"NOMCIEN":"Casuarina cunninghamiana","NOMCOM":"Casuarina","ORIGEN":"Introducida","ALTURA":15.1,"DAP":39.3,"OBJECTID":719,"FECHA LEV":2015,"SALUD":null,"PROYE":null,"ACCESO":null,"ACCESIBIL":null,"UBI":null,"COLONIA":null,"TRONCO":null,"CFE":null},"geometry":{"type":"Point","coordinates":[370793.208,2838453.34508]}},{"type":"Feature","properties":{"LONG":null,"LAT":null,"NOMCIEN":"Eucalyptus camaldulensis","NOMCOM":"Eucalipto australiano rojo","ORIGEN":"Introducida","ALTURA":17.2,"DAP":44.4,"OBJECTID":720,"FECHA LEV":2015,"SALUD":null,"PROYE":null,"ACCESO":null,"ACCESIBIL":null,"UBI":null,"COLONIA":null,"TRONCO":null,"CFE":null},"geometry":{"type":"Point","coordinates":[370861.77,2838285.63308]}},{"type":"Feature","properties":{"LONG":null,"LAT":null,"NOMCIEN":"Eucalyptus camaldulensis","NOMCOM":"Eucalipto australiano rojo","ORIGEN":"Introducida","ALTURA":22.9,"DAP":46.5,"OBJECTID":721,"FECHA LEV":2015,"SALUD":null,"PROYE":null,"ACCESO":null,"ACCESIBIL":null,"UBI":null,"COLONIA":null,"TRONCO":null,"CFE":null},"geometry":{"type":"Point","coordinates":[370899.196,2838346.17908]}},{"type":"Feature","properties":{"LONG":null,"LAT":null,"NOMCIEN":"Fraxinus americana","NOMCOM":"Fresno blanco americano","ORIGEN":"Nativa","ALTURA":11.9,"DAP":41.3,"OBJECTID":722,"FECHA LEV":2015,"SALUD":null,"PROYE":null,"ACCESO":null,"ACCESIBIL":null,"UBI":null,"COLONIA":null,"TRONCO":null,"CFE":null},"geometry":{"type":"Point","coordinates":[370894.59,2838358.56208]}},{"type":"Feature","properties":{"LONG":null,"LAT":null,"NOMCIEN":"Eucalyptus camaldulensis","NOMCOM":"Eucalipto australiano rojo","ORIGEN":"Introducida","ALTURA":22.0,"DAP":49.7,"OBJECTID":723,"FECHA LEV":2015,"SALUD":null,"PROYE":null,"ACCESO":null,"ACCESIBIL":null,"UBI":null,"COLONIA":null,"TRONCO":null,"CFE":null},"geometry":{"type":"Point","coordinates":[370885.164,2838358.66608]}},{"type":"Feature","properties":{"LONG":null,"LAT":null,"NOMCIEN":"Fraxinus americana","NOMCOM":"Fresno blanco americano","ORIGEN":"Nativa","ALTURA":16.3,"DAP":58.4,"OBJECTID":724,"FECHA LEV":2015,"SALUD":null,"PROYE":null,"ACCESO":null,"ACCESIBIL":null,"UBI":null,"COLONIA":null,"TRONCO":null,"CFE":null},"geometry":{"type":"Point","coordinates":[370883.802,2838370.60608]}},{"type":"Feature","properties":{"LONG":null,"LAT":null,"NOMCIEN":"Casuarina cunninghamiana","NOMCOM":"Casuarina","ORIGEN":"Introducida","ALTURA":17.9,"DAP":41.0,"OBJECTID":725,"FECHA LEV":2015,"SALUD":null,"PROYE":null,"ACCESO":null,"ACCESIBIL":null,"UBI":null,"COLONIA":null,"TRONCO":null,"CFE":null},"geometry":{"type":"Point","coordinates":[370880.137,2838374.37608]}},{"type":"Feature","properties":{"LONG":null,"LAT":null,"NOMCIEN":"Fraxinus americana","NOMCOM":"Fresno blanco americano","ORIGEN":"Nativa","ALTURA":14.1,"DAP":53.0,"OBJECTID":726,"FECHA LEV":2015,"SALUD":null,"PROYE":null,"ACCESO":null,"ACCESIBIL":null,"UBI":null,"COLONIA":null,"TRONCO":null,"CFE":null},"geometry":{"type":"Point","coordinates":[370872.386,2838378.46108]}},{"type":"Feature","properties":{"LONG":null,"LAT":null,"NOMCIEN":"Casuarina cunninghamiana","NOMCOM":"Casuarina","ORIGEN":"Introducida","ALTURA":15.2,"DAP":29.7,"OBJECTID":727,"FECHA LEV":2015,"SALUD":null,"PROYE":null,"ACCESO":null,"ACCESIBIL":null,"UBI":null,"COLONIA":null,"TRONCO":null,"CFE":null},"geometry":{"type":"Point","coordinates":[370868.302,2838382.86008]}},{"type":"Feature","properties":{"LONG":null,"LAT":null,"NOMCIEN":"Fraxinus americana","NOMCOM":"Fresno blanco americano","ORIGEN":"Nativa","ALTURA":14.0,"DAP":51.3,"OBJECTID":728,"FECHA LEV":2015,"SALUD":null,"PROYE":null,"ACCESO":null,"ACCESIBIL":null,"UBI":null,"COLONIA":null,"TRONCO":null,"CFE":null},"geometry":{"type":"Point","coordinates":[370860.028,2838388.83008]}},{"type":"Feature","properties":{"LONG":null,"LAT":null,"NOMCIEN":"Casuarina cunninghamiana","NOMCOM":"Casuarina","ORIGEN":"Introducida","ALTURA":11.6,"DAP":30.1,"OBJECTID":729,"FECHA LEV":2015,"SALUD":null,"PROYE":null,"ACCESO":null,"ACCESIBIL":null,"UBI":null,"COLONIA":null,"TRONCO":null,"CFE":null},"geometry":{"type":"Point","coordinates":[370852.487,2838398.46508]}},{"type":"Feature","properties":{"LONG":null,"LAT":null,"NOMCIEN":"Casuarina cunninghamiana","NOMCOM":"Casuarina","ORIGEN":"Introducida","ALTURA":15.2,"DAP":35.5,"OBJECTID":730,"FECHA LEV":2015,"SALUD":null,"PROYE":null,"ACCESO":null,"ACCESIBIL":null,"UBI":null,"COLONIA":null,"TRONCO":null,"CFE":null},"geometry":{"type":"Point","coordinates":[370850.183,2838400.66408]}},{"type":"Feature","properties":{"LONG":null,"LAT":null,"NOMCIEN":"Fraxinus americana","NOMCOM":"Fresno blanco americano","ORIGEN":"Nativa","ALTURA":10.5,"DAP":40.2,"OBJECTID":731,"FECHA LEV":2015,"SALUD":null,"PROYE":null,"ACCESO":null,"ACCESIBIL":null,"UBI":null,"COLONIA":null,"TRONCO":null,"CFE":null},"geometry":{"type":"Point","coordinates":[370900.208,2838322.19208]}},{"type":"Feature","properties":{"LONG":null,"LAT":null,"NOMCIEN":"Casuarina cunninghamiana","NOMCOM":"Casuarina","ORIGEN":"Introducida","ALTURA":12.7,"DAP":27.6,"OBJECTID":732,"FECHA LEV":2015,"SALUD":null,"PROYE":null,"ACCESO":null,"ACCESIBIL":null,"UBI":null,"COLONIA":null,"TRONCO":null,"CFE":null},"geometry":{"type":"Point","coordinates":[370848.926,2838402.44508]}},{"type":"Feature","properties":{"LONG":null,"LAT":null,"NOMCIEN":"Casuarina cunninghamiana","NOMCOM":"Casuarina","ORIGEN":"Introducida","ALTURA":11.7,"DAP":29.7,"OBJECTID":733,"FECHA LEV":2015,"SALUD":null,"PROYE":null,"ACCESO":null,"ACCESIBIL":null,"UBI":null,"COLONIA":null,"TRONCO":null,"CFE":null},"geometry":{"type":"Point","coordinates":[370847.355,2838404.33008]}},{"type":"Feature","properties":{"LONG":null,"LAT":null,"NOMCIEN":"Fraxinus americana","NOMCOM":"Fresno blanco americano","ORIGEN":"Nativa","ALTURA":12.8,"DAP":49.1,"OBJECTID":734,"FECHA LEV":2015,"SALUD":null,"PROYE":null,"ACCESO":null,"ACCESIBIL":null,"UBI":null,"COLONIA":null,"TRONCO":null,"CFE":null},"geometry":{"type":"Point","coordinates":[370842.433,2838409.88108]}},{"type":"Feature","properties":{"LONG":null,"LAT":null,"NOMCIEN":"Casuarina cunninghamiana","NOMCOM":"Casuarina","ORIGEN":"Introducida","ALTURA":6.9,"DAP":15.2,"OBJECTID":735,"FECHA LEV":2015,"SALUD":null,"PROYE":null,"ACCESO":null,"ACCESIBIL":null,"UBI":null,"COLONIA":null,"TRONCO":null,"CFE":null},"geometry":{"type":"Point","coordinates":[370837.72,2838413.23208]}},{"type":"Feature","properties":{"LONG":null,"LAT":null,"NOMCIEN":"Fraxinus americana","NOMCOM":"Fresno blanco americano","ORIGEN":"Nativa","ALTURA":7.1,"DAP":44.3,"OBJECTID":736,"FECHA LEV":2015,"SALUD":null,"PROYE":null,"ACCESO":null,"ACCESIBIL":null,"UBI":null,"COLONIA":null,"TRONCO":null,"CFE":null},"geometry":{"type":"Point","coordinates":[370738.014,2838323.05708]}},{"type":"Feature","properties":{"LONG":null,"LAT":null,"NOMCIEN":"Fraxinus americana","NOMCOM":"Fresno blanco americano","ORIGEN":"Nativa","ALTURA":7.3,"DAP":34.2,"OBJECTID":737,"FECHA LEV":2015,"SALUD":null,"PROYE":null,"ACCESO":null,"ACCESIBIL":null,"UBI":null,"COLONIA":null,"TRONCO":null,"CFE":null},"geometry":{"type":"Point","coordinates":[370797.712,2838347.67008]}},{"type":"Feature","properties":{"LONG":null,"LAT":null,"NOMCIEN":"Fraxinus americana","NOMCOM":"Fresno blanco americano","ORIGEN":"Nativa","ALTURA":10.7,"DAP":52.3,"OBJECTID":738,"FECHA LEV":2015,"SALUD":null,"PROYE":null,"ACCESO":null,"ACCESIBIL":null,"UBI":null,"COLONIA":null,"TRONCO":null,"CFE":null},"geometry":{"type":"Point","coordinates":[370855.524,2838290.06608]}},{"type":"Feature","properties":{"LONG":null,"LAT":null,"NOMCIEN":"Fraxinus americana","NOMCOM":"Fresno blanco americano","ORIGEN":"Nativa","ALTURA":11.2,"DAP":42.6,"OBJECTID":739,"FECHA LEV":2015,"SALUD":null,"PROYE":null,"ACCESO":null,"ACCESIBIL":null,"UBI":null,"COLONIA":null,"TRONCO":null,"CFE":null},"geometry":{"type":"Point","coordinates":[370847.774,2838297.39808]}},{"type":"Feature","properties":{"LONG":null,"LAT":null,"NOMCIEN":"Fraxinus americana","NOMCOM":"Fresno blanco americano","ORIGEN":"Nativa","ALTURA":8.3,"DAP":26.7,"OBJECTID":740,"FECHA LEV":2015,"SALUD":null,"PROYE":null,"ACCESO":null,"ACCESIBIL":null,"UBI":null,"COLONIA":null,"TRONCO":null,"CFE":null},"geometry":{"type":"Point","coordinates":[370851.649,2838294.04608]}},{"type":"Feature","properties":{"LONG":null,"LAT":null,"NOMCIEN":"Casuarina cunninghamiana","NOMCOM":"Casuarina","ORIGEN":"Introducida","ALTURA":12.6,"DAP":25.3,"OBJECTID":741,"FECHA LEV":2015,"SALUD":null,"PROYE":null,"ACCESO":null,"ACCESIBIL":null,"UBI":null,"COLONIA":null,"TRONCO":null,"CFE":null},"geometry":{"type":"Point","coordinates":[370743.15,2838449.76008]}},{"type":"Feature","properties":{"LONG":null,"LAT":null,"NOMCIEN":"Prosopis glandulosa","NOMCOM":"Mezquite","ORIGEN":"Nativa","ALTURA":7.2,"DAP":49.0,"OBJECTID":742,"FECHA LEV":2015,"SALUD":null,"PROYE":null,"ACCESO":null,"ACCESIBIL":null,"UBI":null,"COLONIA":null,"TRONCO":null,"CFE":null},"geometry":{"type":"Point","coordinates":[370905.669,2838323.27308]}},{"type":"Feature","properties":{"LONG":null,"LAT":null,"NOMCIEN":"Vachellia farnesiana","NOMCOM":"Huizache","ORIGEN":"Nativa","ALTURA":7.3,"DAP":47.1,"OBJECTID":743,"FECHA LEV":2015,"SALUD":null,"PROYE":null,"ACCESO":null,"ACCESIBIL":null,"UBI":null,"COLONIA":null,"TRONCO":null,"CFE":null},"geometry":{"type":"Point","coordinates":[370896.904,2838309.70608]}},{"type":"Feature","properties":{"LONG":null,"LAT":null,"NOMCIEN":"Quercus fusiformis","NOMCOM":"Encino siempreverde, encino molino","ORIGEN":"Nativa","ALTURA":2.6,"DAP":10.7,"OBJECTID":744,"FECHA LEV":2015,"SALUD":null,"PROYE":null,"ACCESO":null,"ACCESIBIL":null,"UBI":null,"COLONIA":null,"TRONCO":null,"CFE":null},"geometry":{"type":"Point","coordinates":[370879.0,2838293.00008]}},{"type":"Feature","properties":{"LONG":null,"LAT":null,"NOMCIEN":"Quercus fusiformis","NOMCOM":"Encino siempreverde, encino molino","ORIGEN":"Nativa","ALTURA":3.7,"DAP":12.1,"OBJECTID":745,"FECHA LEV":2015,"SALUD":null,"PROYE":null,"ACCESO":null,"ACCESIBIL":null,"UBI":null,"COLONIA":null,"TRONCO":null,"CFE":null},"geometry":{"type":"Point","coordinates":[370879.0,2838300.00008]}},{"type":"Feature","properties":{"LONG":null,"LAT":null,"NOMCIEN":"Quercus fusiformis","NOMCOM":"Encino siempreverde, encino molino","ORIGEN":"Nativa","ALTURA":4.1,"DAP":8.6,"OBJECTID":746,"FECHA LEV":2015,"SALUD":null,"PROYE":null,"ACCESO":null,"ACCESIBIL":null,"UBI":null,"COLONIA":null,"TRONCO":null,"CFE":null},"geometry":{"type":"Point","coordinates":[370896.0,2838324.00008]}},{"type":"Feature","properties":{"LONG":null,"LAT":null,"NOMCIEN":"Quercus fusiformis","NOMCOM":"Encino siempreverde, encino molino","ORIGEN":"Nativa","ALTURA":3.3,"DAP":8.1,"OBJECTID":747,"FECHA LEV":2015,"SALUD":null,"PROYE":null,"ACCESO":null,"ACCESIBIL":null,"UBI":null,"COLONIA":null,"TRONCO":null,"CFE":null},"geometry":{"type":"Point","coordinates":[370909.0,2838326.00008]}},{"type":"Feature","properties":{"LONG":null,"LAT":null,"NOMCIEN":"Quercus fusiformis","NOMCOM":"Encino siempreverde, encino molino","ORIGEN":"Nativa","ALTURA":4.3,"DAP":6.7,"OBJECTID":748,"FECHA LEV":2015,"SALUD":null,"PROYE":null,"ACCESO":null,"ACCESIBIL":null,"UBI":null,"COLONIA":null,"TRONCO":null,"CFE":null},"geometry":{"type":"Point","coordinates":[370901.0,2838356.00008]}},{"type":"Feature","properties":{"LONG":null,"LAT":null,"NOMCIEN":"Quercus fusiformis","NOMCOM":"Encino siempreverde, encino molino","ORIGEN":"Nativa","ALTURA":4.0,"DAP":4.2,"OBJECTID":749,"FECHA LEV":2015,"SALUD":null,"PROYE":null,"ACCESO":null,"ACCESIBIL":null,"UBI":null,"COLONIA":null,"TRONCO":null,"CFE":null},"geometry":{"type":"Point","coordinates":[370893.0,2838356.00008]}},{"type":"Feature","properties":{"LONG":null,"LAT":null,"NOMCIEN":"Quercus fusiformis","NOMCOM":"Encino siempreverde, encino molino","ORIGEN":"Nativa","ALTURA":4.1,"DAP":8.1,"OBJECTID":750,"FECHA LEV":2015,"SALUD":null,"PROYE":null,"ACCESO":null,"ACCESIBIL":null,"UBI":null,"COLONIA":null,"TRONCO":null,"CFE":null},"geometry":{"type":"Point","coordinates":[370830.914,2838313.31808]}},{"type":"Feature","properties":{"LONG":null,"LAT":null,"NOMCIEN":"Quercus fusiformis","NOMCOM":"Encino siempreverde, encino molino","ORIGEN":"Nativa","ALTURA":4.0,"DAP":8.4,"OBJECTID":751,"FECHA LEV":2015,"SALUD":null,"PROYE":null,"ACCESO":null,"ACCESIBIL":null,"UBI":null,"COLONIA":null,"TRONCO":null,"CFE":null},"geometry":{"type":"Point","coordinates":[370839.274,2838305.41408]}},{"type":"Feature","properties":{"LONG":null,"LAT":null,"NOMCIEN":"Gleditsia triacanthos var. inermis","NOMCOM":"Acacia sin espinas","ORIGEN":"Nativa","ALTURA":null,"DAP":null,"OBJECTID":752,"FECHA LEV":2015,"SALUD":null,"PROYE":null,"ACCESO":null,"ACCESIBIL":null,"UBI":null,"COLONIA":null,"TRONCO":null,"CFE":null},"geometry":{"type":"Point","coordinates":[370912.481,2838333.93408]}},{"type":"Feature","properties":{"LONG":null,"LAT":null,"NOMCIEN":"Parkinsonia aculeata","NOMCOM":"Retama, palo verde","ORIGEN":"Nativa","ALTURA":7.2,"DAP":48.0,"OBJECTID":753,"FECHA LEV":2015,"SALUD":null,"PROYE":null,"ACCESO":null,"ACCESIBIL":null,"UBI":null,"COLONIA":null,"TRONCO":null,"CFE":null},"geometry":{"type":"Point","coordinates":[370917.981,2838336.93108]}},{"type":"Feature","properties":{"LONG":null,"LAT":null,"NOMCIEN":"Casuarina cunninghamiana","NOMCOM":"Casuarina","ORIGEN":"Introducida","ALTURA":12.4,"DAP":33.5,"OBJECTID":754,"FECHA LEV":2015,"SALUD":null,"PROYE":null,"ACCESO":null,"ACCESIBIL":null,"UBI":null,"COLONIA":null,"TRONCO":null,"CFE":null},"geometry":{"type":"Point","coordinates":[370915.236,2838339.24308]}},{"type":"Feature","properties":{"LONG":null,"LAT":null,"NOMCIEN":"Casuarina cunninghamiana","NOMCOM":"Casuarina","ORIGEN":"Introducida","ALTURA":14.6,"DAP":37.3,"OBJECTID":755,"FECHA LEV":2015,"SALUD":null,"PROYE":null,"ACCESO":null,"ACCESIBIL":null,"UBI":null,"COLONIA":null,"TRONCO":null,"CFE":null},"geometry":{"type":"Point","coordinates":[370913.213,2838341.69908]}},{"type":"Feature","properties":{"LONG":null,"LAT":null,"NOMCIEN":"Casuarina cunninghamiana","NOMCOM":"Casuarina","ORIGEN":"Introducida","ALTURA":15.5,"DAP":40.3,"OBJECTID":756,"FECHA LEV":2015,"SALUD":null,"PROYE":null,"ACCESO":null,"ACCESIBIL":null,"UBI":null,"COLONIA":null,"TRONCO":null,"CFE":null},"geometry":{"type":"Point","coordinates":[370911.19,2838344.15608]}},{"type":"Feature","properties":{"LONG":null,"LAT":null,"NOMCIEN":"Casuarina cunninghamiana","NOMCOM":"Casuarina","ORIGEN":"Introducida","ALTURA":16.4,"DAP":37.6,"OBJECTID":757,"FECHA LEV":2015,"SALUD":null,"PROYE":null,"ACCESO":null,"ACCESIBIL":null,"UBI":null,"COLONIA":null,"TRONCO":null,"CFE":null},"geometry":{"type":"Point","coordinates":[370909.022,2838346.61208]}},{"type":"Feature","properties":{"LONG":null,"LAT":null,"NOMCIEN":"Quercus vaseyana","NOMCOM":"Encino bravo, encino de Vasey","ORIGEN":"Introducida","ALTURA":4.9,"DAP":13.8,"OBJECTID":758,"FECHA LEV":2015,"SALUD":null,"PROYE":null,"ACCESO":null,"ACCESIBIL":null,"UBI":null,"COLONIA":null,"TRONCO":null,"CFE":null},"geometry":{"type":"Point","coordinates":[370727.192,2838099.01108]}},{"type":"Feature","properties":{"LONG":null,"LAT":null,"NOMCIEN":"Fraxinus americana","NOMCOM":"Fresno blanco americano","ORIGEN":"Nativa","ALTURA":7.0,"DAP":28.9,"OBJECTID":759,"FECHA LEV":2015,"SALUD":null,"PROYE":null,"ACCESO":null,"ACCESIBIL":null,"UBI":null,"COLONIA":null,"TRONCO":null,"CFE":null},"geometry":{"type":"Point","coordinates":[370906.132,2838176.10108]}},{"type":"Feature","properties":{"LONG":null,"LAT":null,"NOMCIEN":"Quercus polymorpha","NOMCOM":"Encino roble, roble","ORIGEN":"Nativa","ALTURA":7.7,"DAP":20.2,"OBJECTID":760,"FECHA LEV":2015,"SALUD":null,"PROYE":null,"ACCESO":null,"ACCESIBIL":null,"UBI":null,"COLONIA":null,"TRONCO":null,"CFE":null},"geometry":{"type":"Point","coordinates":[370818.709,2838238.23708]}},{"type":"Feature","properties":{"LONG":null,"LAT":null,"NOMCIEN":"Quercus polymorpha","NOMCOM":"Encino roble, roble","ORIGEN":"Nativa","ALTURA":8.7,"DAP":31.0,"OBJECTID":761,"FECHA LEV":2015,"SALUD":null,"PROYE":null,"ACCESO":null,"ACCESIBIL":null,"UBI":null,"COLONIA":null,"TRONCO":null,"CFE":null},"geometry":{"type":"Point","coordinates":[370826.946,2838247.48508]}},{"type":"Feature","properties":{"LONG":null,"LAT":null,"NOMCIEN":"Fraxinus americana","NOMCOM":"Fresno blanco americano","ORIGEN":"Nativa","ALTURA":4.0,"DAP":31.2,"OBJECTID":762,"FECHA LEV":2015,"SALUD":null,"PROYE":null,"ACCESO":null,"ACCESIBIL":null,"UBI":null,"COLONIA":null,"TRONCO":null,"CFE":null},"geometry":{"type":"Point","coordinates":[370910.323,2838173.35608]}},{"type":"Feature","properties":{"LONG":null,"LAT":null,"NOMCIEN":"Celtis laevigata","NOMCOM":"Palo blanco","ORIGEN":"Nativa","ALTURA":9.5,"DAP":39.1,"OBJECTID":763,"FECHA LEV":2015,"SALUD":null,"PROYE":null,"ACCESO":null,"ACCESIBIL":null,"UBI":null,"COLONIA":null,"TRONCO":null,"CFE":null},"geometry":{"type":"Point","coordinates":[370794.581,2838228.60308]}},{"type":"Feature","properties":{"LONG":null,"LAT":null,"NOMCIEN":"Quercus fusiformis","NOMCOM":"Encino siempreverde, encino molino","ORIGEN":"Nativa","ALTURA":6.2,"DAP":9.8,"OBJECTID":764,"FECHA LEV":2015,"SALUD":null,"PROYE":null,"ACCESO":null,"ACCESIBIL":null,"UBI":null,"COLONIA":null,"TRONCO":null,"CFE":null},"geometry":{"type":"Point","coordinates":[370785.466,2838219.36608]}},{"type":"Feature","properties":{"LONG":null,"LAT":null,"NOMCIEN":"Quercus fusiformis","NOMCOM":"Encino siempreverde, encino molino","ORIGEN":"Nativa","ALTURA":4.3,"DAP":8.3,"OBJECTID":765,"FECHA LEV":2015,"SALUD":null,"PROYE":null,"ACCESO":null,"ACCESIBIL":null,"UBI":null,"COLONIA":null,"TRONCO":null,"CFE":null},"geometry":{"type":"Point","coordinates":[370778.091,2838210.51608]}},{"type":"Feature","properties":{"LONG":null,"LAT":null,"NOMCIEN":"Fraxinus americana","NOMCOM":"Fresno blanco americano","ORIGEN":"Nativa","ALTURA":9.3,"DAP":49.4,"OBJECTID":766,"FECHA LEV":2015,"SALUD":null,"PROYE":null,"ACCESO":null,"ACCESIBIL":null,"UBI":null,"COLONIA":null,"TRONCO":null,"CFE":null},"geometry":{"type":"Point","coordinates":[370878.31,2838147.22208]}},{"type":"Feature","properties":{"LONG":null,"LAT":null,"NOMCIEN":"Prosopis glandulosa","NOMCOM":"Mezquite","ORIGEN":"Nativa","ALTURA":8.2,"DAP":47.1,"OBJECTID":767,"FECHA LEV":2015,"SALUD":null,"PROYE":null,"ACCESO":null,"ACCESIBIL":null,"UBI":null,"COLONIA":null,"TRONCO":null,"CFE":null},"geometry":{"type":"Point","coordinates":[370867.124,2838132.24308]}},{"type":"Feature","properties":{"LONG":null,"LAT":null,"NOMCIEN":"Prosopis glandulosa","NOMCOM":"Mezquite","ORIGEN":"Nativa","ALTURA":8.0,"DAP":63.5,"OBJECTID":768,"FECHA LEV":2015,"SALUD":null,"PROYE":null,"ACCESO":null,"ACCESIBIL":null,"UBI":null,"COLONIA":null,"TRONCO":null,"CFE":null},"geometry":{"type":"Point","coordinates":[370863.039,2838125.47808]}},{"type":"Feature","properties":{"LONG":null,"LAT":null,"NOMCIEN":"Quercus polymorpha","NOMCOM":"Encino roble, roble","ORIGEN":"Nativa","ALTURA":6.9,"DAP":20.0,"OBJECTID":769,"FECHA LEV":2015,"SALUD":null,"PROYE":null,"ACCESO":null,"ACCESIBIL":null,"UBI":null,"COLONIA":null,"TRONCO":null,"CFE":null},"geometry":{"type":"Point","coordinates":[370786.272,2838204.37308]}},{"type":"Feature","properties":{"LONG":null,"LAT":null,"NOMCIEN":"Quercus polymorpha","NOMCOM":"Encino roble, roble","ORIGEN":"Nativa","ALTURA":7.6,"DAP":20.7,"OBJECTID":770,"FECHA LEV":2015,"SALUD":null,"PROYE":null,"ACCESO":null,"ACCESIBIL":null,"UBI":null,"COLONIA":null,"TRONCO":null,"CFE":null},"geometry":{"type":"Point","coordinates":[370793.635,2838212.61308]}},{"type":"Feature","properties":{"LONG":null,"LAT":null,"NOMCIEN":"Quercus shumardii","NOMCOM":"Encino rojo","ORIGEN":"Introducida","ALTURA":10.5,"DAP":36.0,"OBJECTID":771,"FECHA LEV":2015,"SALUD":null,"PROYE":null,"ACCESO":null,"ACCESIBIL":null,"UBI":null,"COLONIA":null,"TRONCO":null,"CFE":null},"geometry":{"type":"Point","coordinates":[370802.225,2838221.37808]}},{"type":"Feature","properties":{"LONG":null,"LAT":null,"NOMCIEN":"Quercus polymorpha","NOMCOM":"Encino roble, roble","ORIGEN":"Nativa","ALTURA":8.5,"DAP":24.0,"OBJECTID":772,"FECHA LEV":2015,"SALUD":null,"PROYE":null,"ACCESO":null,"ACCESIBIL":null,"UBI":null,"COLONIA":null,"TRONCO":null,"CFE":null},"geometry":{"type":"Point","coordinates":[370810.64,2838230.49408]}},{"type":"Feature","properties":{"LONG":null,"LAT":null,"NOMCIEN":"Fraxinus americana","NOMCOM":"Fresno blanco americano","ORIGEN":"Nativa","ALTURA":10.0,"DAP":39.4,"OBJECTID":773,"FECHA LEV":2015,"SALUD":null,"PROYE":null,"ACCESO":null,"ACCESIBIL":null,"UBI":null,"COLONIA":null,"TRONCO":null,"CFE":null},"geometry":{"type":"Point","coordinates":[370814.519,2838238.52608]}},{"type":"Feature","properties":{"LONG":null,"LAT":null,"NOMCIEN":"Quercus polymorpha","NOMCOM":"Encino roble, roble","ORIGEN":"Nativa","ALTURA":8.3,"DAP":32.6,"OBJECTID":774,"FECHA LEV":2015,"SALUD":null,"PROYE":null,"ACCESO":null,"ACCESIBIL":null,"UBI":null,"COLONIA":null,"TRONCO":null,"CFE":null},"geometry":{"type":"Point","coordinates":[370901.487,2838145.74708]}},{"type":"Feature","properties":{"LONG":null,"LAT":null,"NOMCIEN":"Quercus polymorpha","NOMCOM":"Encino roble, roble","ORIGEN":"Nativa","ALTURA":9.5,"DAP":36.6,"OBJECTID":775,"FECHA LEV":2015,"SALUD":null,"PROYE":null,"ACCESO":null,"ACCESIBIL":null,"UBI":null,"COLONIA":null,"TRONCO":null,"CFE":null},"geometry":{"type":"Point","coordinates":[370984.468,2838151.31408]}},{"type":"Feature","properties":{"LONG":null,"LAT":null,"NOMCIEN":"Quercus polymorpha","NOMCOM":"Encino roble, roble","ORIGEN":"Nativa","ALTURA":11.4,"DAP":27.2,"OBJECTID":776,"FECHA LEV":2015,"SALUD":null,"PROYE":null,"ACCESO":null,"ACCESIBIL":null,"UBI":null,"COLONIA":null,"TRONCO":null,"CFE":null},"geometry":{"type":"Point","coordinates":[370991.931,2838154.95008]}},{"type":"Feature","properties":{"LONG":null,"LAT":null,"NOMCIEN":"Quercus polymorpha","NOMCOM":"Encino roble, roble","ORIGEN":"Nativa","ALTURA":11.0,"DAP":23.0,"OBJECTID":777,"FECHA LEV":2015,"SALUD":null,"PROYE":null,"ACCESO":null,"ACCESIBIL":null,"UBI":null,"COLONIA":null,"TRONCO":null,"CFE":null},"geometry":{"type":"Point","coordinates":[370994.801,2838154.85408]}},{"type":"Feature","properties":{"LONG":null,"LAT":null,"NOMCIEN":"Quercus polymorpha","NOMCOM":"Encino roble, roble","ORIGEN":"Nativa","ALTURA":11.5,"DAP":26.4,"OBJECTID":778,"FECHA LEV":2015,"SALUD":null,"PROYE":null,"ACCESO":null,"ACCESIBIL":null,"UBI":null,"COLONIA":null,"TRONCO":null,"CFE":null},"geometry":{"type":"Point","coordinates":[370999.011,2838154.37608]}},{"type":"Feature","properties":{"LONG":null,"LAT":null,"NOMCIEN":"Triadica sebifera","NOMCOM":"Chinese, árbol del sebo","ORIGEN":"Introducida","ALTURA":11.3,"DAP":51.5,"OBJECTID":779,"FECHA LEV":2015,"SALUD":null,"PROYE":null,"ACCESO":null,"ACCESIBIL":null,"UBI":null,"COLONIA":null,"TRONCO":null,"CFE":null},"geometry":{"type":"Point","coordinates":[371027.142,2838146.53008]}},{"type":"Feature","properties":{"LONG":null,"LAT":null,"NOMCIEN":"Ligustrum japonicum","NOMCOM":"Trueno de Texas, trueno japonés","ORIGEN":"Introducida","ALTURA":14.4,"DAP":43.0,"OBJECTID":780,"FECHA LEV":2015,"SALUD":null,"PROYE":null,"ACCESO":null,"ACCESIBIL":null,"UBI":null,"COLONIA":null,"TRONCO":null,"CFE":null},"geometry":{"type":"Point","coordinates":[371029.055,2838160.02108]}},{"type":"Feature","properties":{"LONG":null,"LAT":null,"NOMCIEN":"Quercus polymorpha","NOMCOM":"Encino roble, roble","ORIGEN":"Nativa","ALTURA":11.5,"DAP":28.8,"OBJECTID":781,"FECHA LEV":2015,"SALUD":null,"PROYE":null,"ACCESO":null,"ACCESIBIL":null,"UBI":null,"COLONIA":null,"TRONCO":null,"CFE":null},"geometry":{"type":"Point","coordinates":[371034.892,2838146.62508]}},{"type":"Feature","properties":{"LONG":null,"LAT":null,"NOMCIEN":"Quercus polymorpha","NOMCOM":"Encino roble, roble","ORIGEN":"Nativa","ALTURA":14.4,"DAP":36.7,"OBJECTID":782,"FECHA LEV":2015,"SALUD":null,"PROYE":null,"ACCESO":null,"ACCESIBIL":null,"UBI":null,"COLONIA":null,"TRONCO":null,"CFE":null},"geometry":{"type":"Point","coordinates":[371041.494,2838146.91308]}},{"type":"Feature","properties":{"LONG":null,"LAT":null,"NOMCIEN":"Quercus polymorpha","NOMCOM":"Encino roble, roble","ORIGEN":"Nativa","ALTURA":11.3,"DAP":29.9,"OBJECTID":783,"FECHA LEV":2015,"SALUD":null,"PROYE":null,"ACCESO":null,"ACCESIBIL":null,"UBI":null,"COLONIA":null,"TRONCO":null,"CFE":null},"geometry":{"type":"Point","coordinates":[371055.846,2838147.39108]}},{"type":"Feature","properties":{"LONG":null,"LAT":null,"NOMCIEN":"Quercus polymorpha","NOMCOM":"Encino roble, roble","ORIGEN":"Nativa","ALTURA":10.5,"DAP":30.0,"OBJECTID":784,"FECHA LEV":2015,"SALUD":null,"PROYE":null,"ACCESO":null,"ACCESIBIL":null,"UBI":null,"COLONIA":null,"TRONCO":null,"CFE":null},"geometry":{"type":"Point","coordinates":[371061.395,2838147.00808]}},{"type":"Feature","properties":{"LONG":null,"LAT":null,"NOMCIEN":"Quercus shumardii","NOMCOM":"Encino rojo","ORIGEN":"Introducida","ALTURA":14.4,"DAP":49.0,"OBJECTID":785,"FECHA LEV":2015,"SALUD":null,"PROYE":null,"ACCESO":null,"ACCESIBIL":null,"UBI":null,"COLONIA":null,"TRONCO":null,"CFE":null},"geometry":{"type":"Point","coordinates":[371101.868,2838148.53908]}},{"type":"Feature","properties":{"LONG":null,"LAT":null,"NOMCIEN":"Quercus shumardii","NOMCOM":"Encino rojo","ORIGEN":"Introducida","ALTURA":14.4,"DAP":18.6,"OBJECTID":786,"FECHA LEV":2015,"SALUD":null,"PROYE":null,"ACCESO":null,"ACCESIBIL":null,"UBI":null,"COLONIA":null,"TRONCO":null,"CFE":null},"geometry":{"type":"Point","coordinates":[371102.538,2838153.03608]}},{"type":"Feature","properties":{"LONG":null,"LAT":null,"NOMCIEN":"Fraxinus americana","NOMCOM":"Fresno blanco americano","ORIGEN":"Nativa","ALTURA":9.7,"DAP":33.7,"OBJECTID":787,"FECHA LEV":2015,"SALUD":null,"PROYE":null,"ACCESO":null,"ACCESIBIL":null,"UBI":null,"COLONIA":null,"TRONCO":null,"CFE":null},"geometry":{"type":"Point","coordinates":[371102.155,2838166.33608]}},{"type":"Feature","properties":{"LONG":null,"LAT":null,"NOMCIEN":"Fraxinus americana","NOMCOM":"Fresno blanco americano","ORIGEN":"Nativa","ALTURA":11.6,"DAP":34.8,"OBJECTID":788,"FECHA LEV":2015,"SALUD":null,"PROYE":null,"ACCESO":null,"ACCESIBIL":null,"UBI":null,"COLONIA":null,"TRONCO":null,"CFE":null},"geometry":{"type":"Point","coordinates":[371099.094,2838180.78408]}},{"type":"Feature","properties":{"LONG":null,"LAT":null,"NOMCIEN":"Quercus shumardii","NOMCOM":"Encino rojo","ORIGEN":"Introducida","ALTURA":10.5,"DAP":38.1,"OBJECTID":789,"FECHA LEV":2015,"SALUD":null,"PROYE":null,"ACCESO":null,"ACCESIBIL":null,"UBI":null,"COLONIA":null,"TRONCO":null,"CFE":null},"geometry":{"type":"Point","coordinates":[371102.442,2838182.79308]}},{"type":"Feature","properties":{"LONG":null,"LAT":null,"NOMCIEN":"Fraxinus americana","NOMCOM":"Fresno blanco americano","ORIGEN":"Nativa","ALTURA":10.0,"DAP":30.0,"OBJECTID":790,"FECHA LEV":2015,"SALUD":null,"PROYE":null,"ACCESO":null,"ACCESIBIL":null,"UBI":null,"COLONIA":null,"TRONCO":null,"CFE":null},"geometry":{"type":"Point","coordinates":[371102.442,2838193.98708]}},{"type":"Feature","properties":{"LONG":null,"LAT":null,"NOMCIEN":"Fraxinus americana","NOMCOM":"Fresno blanco americano","ORIGEN":"Nativa","ALTURA":9.1,"DAP":30.9,"OBJECTID":791,"FECHA LEV":2015,"SALUD":null,"PROYE":null,"ACCESO":null,"ACCESIBIL":null,"UBI":null,"COLONIA":null,"TRONCO":null,"CFE":null},"geometry":{"type":"Point","coordinates":[371103.782,2838208.81808]}},{"type":"Feature","properties":{"LONG":null,"LAT":null,"NOMCIEN":"Fraxinus americana","NOMCOM":"Fresno blanco americano","ORIGEN":"Nativa","ALTURA":8.5,"DAP":29.2,"OBJECTID":792,"FECHA LEV":2015,"SALUD":null,"PROYE":null,"ACCESO":null,"ACCESIBIL":null,"UBI":null,"COLONIA":null,"TRONCO":null,"CFE":null},"geometry":{"type":"Point","coordinates":[371104.069,2838213.31508]}},{"type":"Feature","properties":{"LONG":null,"LAT":null,"NOMCIEN":"Fraxinus americana","NOMCOM":"Fresno blanco americano","ORIGEN":"Nativa","ALTURA":8.0,"DAP":26.2,"OBJECTID":793,"FECHA LEV":2015,"SALUD":null,"PROYE":null,"ACCESO":null,"ACCESIBIL":null,"UBI":null,"COLONIA":null,"TRONCO":null,"CFE":null},"geometry":{"type":"Point","coordinates":[371103.878,2838219.34308]}},{"type":"Feature","properties":{"LONG":null,"LAT":null,"NOMCIEN":"Fraxinus americana","NOMCOM":"Fresno blanco americano","ORIGEN":"Nativa","ALTURA":7.0,"DAP":27.1,"OBJECTID":794,"FECHA LEV":2015,"SALUD":null,"PROYE":null,"ACCESO":null,"ACCESIBIL":null,"UBI":null,"COLONIA":null,"TRONCO":null,"CFE":null},"geometry":{"type":"Point","coordinates":[371103.495,2838225.75408]}},{"type":"Feature","properties":{"LONG":null,"LAT":null,"NOMCIEN":"Quercus shumardii","NOMCOM":"Encino rojo","ORIGEN":"Introducida","ALTURA":13.2,"DAP":33.8,"OBJECTID":795,"FECHA LEV":2015,"SALUD":null,"PROYE":null,"ACCESO":null,"ACCESIBIL":null,"UBI":null,"COLONIA":null,"TRONCO":null,"CFE":null},"geometry":{"type":"Point","coordinates":[370913.013,2838155.93608]}},{"type":"Feature","properties":{"LONG":null,"LAT":null,"NOMCIEN":"Fraxinus americana","NOMCOM":"Fresno blanco americano","ORIGEN":"Nativa","ALTURA":8.3,"DAP":28.0,"OBJECTID":796,"FECHA LEV":2015,"SALUD":null,"PROYE":null,"ACCESO":null,"ACCESIBIL":null,"UBI":null,"COLONIA":null,"TRONCO":null,"CFE":null},"geometry":{"type":"Point","coordinates":[371103.591,2838230.82508]}},{"type":"Feature","properties":{"LONG":null,"LAT":null,"NOMCIEN":"Fraxinus americana","NOMCOM":"Fresno blanco americano","ORIGEN":"Nativa","ALTURA":8.1,"DAP":29.3,"OBJECTID":797,"FECHA LEV":2015,"SALUD":null,"PROYE":null,"ACCESO":null,"ACCESIBIL":null,"UBI":null,"COLONIA":null,"TRONCO":null,"CFE":null},"geometry":{"type":"Point","coordinates":[371103.591,2838238.57508]}},{"type":"Feature","properties":{"LONG":null,"LAT":null,"NOMCIEN":"Quercus fusiformis","NOMCOM":"Encino siempreverde, encino molino","ORIGEN":"Nativa","ALTURA":7.6,"DAP":31.3,"OBJECTID":798,"FECHA LEV":2015,"SALUD":null,"PROYE":null,"ACCESO":null,"ACCESIBIL":null,"UBI":null,"COLONIA":null,"TRONCO":null,"CFE":null},"geometry":{"type":"Point","coordinates":[371095.085,2838171.97208]}},{"type":"Feature","properties":{"LONG":null,"LAT":null,"NOMCIEN":"Quercus fusiformis","NOMCOM":"Encino siempreverde, encino molino","ORIGEN":"Nativa","ALTURA":10.0,"DAP":41.4,"OBJECTID":799,"FECHA LEV":2015,"SALUD":null,"PROYE":null,"ACCESO":null,"ACCESIBIL":null,"UBI":null,"COLONIA":null,"TRONCO":null,"CFE":null},"geometry":{"type":"Point","coordinates":[371089.072,2838167.12808]}},{"type":"Feature","properties":{"LONG":null,"LAT":null,"NOMCIEN":"Quercus fusiformis","NOMCOM":"Encino siempreverde, encino molino","ORIGEN":"Nativa","ALTURA":11.7,"DAP":35.5,"OBJECTID":800,"FECHA LEV":2015,"SALUD":null,"PROYE":null,"ACCESO":null,"ACCESIBIL":null,"UBI":null,"COLONIA":null,"TRONCO":null,"CFE":null},"geometry":{"type":"Point","coordinates":[371083.226,2838167.12808]}},{"type":"Feature","properties":{"LONG":null,"LAT":null,"NOMCIEN":"Quercus fusiformis","NOMCOM":"Encino siempreverde, encino molino","ORIGEN":"Nativa","ALTURA":12.5,"DAP":36.8,"OBJECTID":801,"FECHA LEV":2015,"SALUD":null,"PROYE":null,"ACCESO":null,"ACCESIBIL":null,"UBI":null,"COLONIA":null,"TRONCO":null,"CFE":null},"geometry":{"type":"Point","coordinates":[371079.384,2838167.12808]}},{"type":"Feature","properties":{"LONG":null,"LAT":null,"NOMCIEN":"Quercus fusiformis","NOMCOM":"Encino siempreverde, encino molino","ORIGEN":"Nativa","ALTURA":7.1,"DAP":25.4,"OBJECTID":802,"FECHA LEV":2015,"SALUD":null,"PROYE":null,"ACCESO":null,"ACCESIBIL":null,"UBI":null,"COLONIA":null,"TRONCO":null,"CFE":null},"geometry":{"type":"Point","coordinates":[371075.208,2838167.46208]}},{"type":"Feature","properties":{"LONG":null,"LAT":null,"NOMCIEN":"Quercus fusiformis","NOMCOM":"Encino siempreverde, encino molino","ORIGEN":"Nativa","ALTURA":11.4,"DAP":37.0,"OBJECTID":803,"FECHA LEV":2015,"SALUD":null,"PROYE":null,"ACCESO":null,"ACCESIBIL":null,"UBI":null,"COLONIA":null,"TRONCO":null,"CFE":null},"geometry":{"type":"Point","coordinates":[371086.399,2838182.99608]}},{"type":"Feature","properties":{"LONG":null,"LAT":null,"NOMCIEN":"Quercus fusiformis","NOMCOM":"Encino siempreverde, encino molino","ORIGEN":"Nativa","ALTURA":11.1,"DAP":27.6,"OBJECTID":804,"FECHA LEV":2015,"SALUD":null,"PROYE":null,"ACCESO":null,"ACCESIBIL":null,"UBI":null,"COLONIA":null,"TRONCO":null,"CFE":null},"geometry":{"type":"Point","coordinates":[371082.391,2838183.16308]}},{"type":"Feature","properties":{"LONG":null,"LAT":null,"NOMCIEN":"Quercus fusiformis","NOMCOM":"Encino siempreverde, encino molino","ORIGEN":"Nativa","ALTURA":9.5,"DAP":20.1,"OBJECTID":805,"FECHA LEV":2015,"SALUD":null,"PROYE":null,"ACCESO":null,"ACCESIBIL":null,"UBI":null,"COLONIA":null,"TRONCO":null,"CFE":null},"geometry":{"type":"Point","coordinates":[371078.382,2838183.33108]}},{"type":"Feature","properties":{"LONG":null,"LAT":null,"NOMCIEN":"Quercus shumardii","NOMCOM":"Encino rojo","ORIGEN":"Introducida","ALTURA":13.2,"DAP":49.3,"OBJECTID":806,"FECHA LEV":2015,"SALUD":null,"PROYE":null,"ACCESO":null,"ACCESIBIL":null,"UBI":null,"COLONIA":null,"TRONCO":null,"CFE":null},"geometry":{"type":"Point","coordinates":[370919.361,2838162.78508]}},{"type":"Feature","properties":{"LONG":null,"LAT":null,"NOMCIEN":"Quercus fusiformis","NOMCOM":"Encino siempreverde, encino molino","ORIGEN":"Nativa","ALTURA":10.9,"DAP":26.7,"OBJECTID":807,"FECHA LEV":2015,"SALUD":null,"PROYE":null,"ACCESO":null,"ACCESIBIL":null,"UBI":null,"COLONIA":null,"TRONCO":null,"CFE":null},"geometry":{"type":"Point","coordinates":[371074.039,2838183.33108]}},{"type":"Feature","properties":{"LONG":null,"LAT":null,"NOMCIEN":"Quercus fusiformis","NOMCOM":"Encino siempreverde, encino molino","ORIGEN":"Nativa","ALTURA":7.8,"DAP":22.3,"OBJECTID":808,"FECHA LEV":2015,"SALUD":null,"PROYE":null,"ACCESO":null,"ACCESIBIL":null,"UBI":null,"COLONIA":null,"TRONCO":null,"CFE":null},"geometry":{"type":"Point","coordinates":[371070.03,2838183.33108]}},{"type":"Feature","properties":{"LONG":null,"LAT":null,"NOMCIEN":"Quercus fusiformis","NOMCOM":"Encino siempreverde, encino molino","ORIGEN":"Nativa","ALTURA":10.7,"DAP":22.7,"OBJECTID":809,"FECHA LEV":2015,"SALUD":null,"PROYE":null,"ACCESO":null,"ACCESIBIL":null,"UBI":null,"COLONIA":null,"TRONCO":null,"CFE":null},"geometry":{"type":"Point","coordinates":[371066.522,2838183.33108]}},{"type":"Feature","properties":{"LONG":null,"LAT":null,"NOMCIEN":"Quercus fusiformis","NOMCOM":"Encino siempreverde, encino molino","ORIGEN":"Nativa","ALTURA":9.4,"DAP":37.4,"OBJECTID":810,"FECHA LEV":2015,"SALUD":null,"PROYE":null,"ACCESO":null,"ACCESIBIL":null,"UBI":null,"COLONIA":null,"TRONCO":null,"CFE":null},"geometry":{"type":"Point","coordinates":[371052.658,2838183.16308]}},{"type":"Feature","properties":{"LONG":null,"LAT":null,"NOMCIEN":"Quercus fusiformis","NOMCOM":"Encino siempreverde, encino molino","ORIGEN":"Nativa","ALTURA":9.4,"DAP":28.7,"OBJECTID":811,"FECHA LEV":2015,"SALUD":null,"PROYE":null,"ACCESO":null,"ACCESIBIL":null,"UBI":null,"COLONIA":null,"TRONCO":null,"CFE":null},"geometry":{"type":"Point","coordinates":[371048.649,2838183.49808]}},{"type":"Feature","properties":{"LONG":null,"LAT":null,"NOMCIEN":"Quercus fusiformis","NOMCOM":"Encino siempreverde, encino molino","ORIGEN":"Nativa","ALTURA":6.8,"DAP":23.6,"OBJECTID":812,"FECHA LEV":2015,"SALUD":null,"PROYE":null,"ACCESO":null,"ACCESIBIL":null,"UBI":null,"COLONIA":null,"TRONCO":null,"CFE":null},"geometry":{"type":"Point","coordinates":[371061.845,2838167.62908]}},{"type":"Feature","properties":{"LONG":null,"LAT":null,"NOMCIEN":"Quercus fusiformis","NOMCOM":"Encino siempreverde, encino molino","ORIGEN":"Nativa","ALTURA":7.9,"DAP":21.9,"OBJECTID":813,"FECHA LEV":2015,"SALUD":null,"PROYE":null,"ACCESO":null,"ACCESIBIL":null,"UBI":null,"COLONIA":null,"TRONCO":null,"CFE":null},"geometry":{"type":"Point","coordinates":[371056.165,2838167.96308]}},{"type":"Feature","properties":{"LONG":null,"LAT":null,"NOMCIEN":"Quercus fusiformis","NOMCOM":"Encino siempreverde, encino molino","ORIGEN":"Nativa","ALTURA":8.3,"DAP":21.4,"OBJECTID":814,"FECHA LEV":2015,"SALUD":null,"PROYE":null,"ACCESO":null,"ACCESIBIL":null,"UBI":null,"COLONIA":null,"TRONCO":null,"CFE":null},"geometry":{"type":"Point","coordinates":[371051.488,2838167.96308]}},{"type":"Feature","properties":{"LONG":null,"LAT":null,"NOMCIEN":"Quercus fusiformis","NOMCOM":"Encino siempreverde, encino molino","ORIGEN":"Nativa","ALTURA":9.1,"DAP":27.9,"OBJECTID":815,"FECHA LEV":2015,"SALUD":null,"PROYE":null,"ACCESO":null,"ACCESIBIL":null,"UBI":null,"COLONIA":null,"TRONCO":null,"CFE":null},"geometry":{"type":"Point","coordinates":[371046.978,2838167.62908]}},{"type":"Feature","properties":{"LONG":null,"LAT":null,"NOMCIEN":"Quercus fusiformis","NOMCOM":"Encino siempreverde, encino molino","ORIGEN":"Nativa","ALTURA":9.5,"DAP":20.6,"OBJECTID":816,"FECHA LEV":2015,"SALUD":null,"PROYE":null,"ACCESO":null,"ACCESIBIL":null,"UBI":null,"COLONIA":null,"TRONCO":null,"CFE":null},"geometry":{"type":"Point","coordinates":[371042.301,2838167.79608]}},{"type":"Feature","properties":{"LONG":null,"LAT":null,"NOMCIEN":"Washingtonia robusta","NOMCOM":"Palma Washington, palmera abanico, palma blanca","ORIGEN":"Nativa","ALTURA":12.8,"DAP":37.4,"OBJECTID":817,"FECHA LEV":2015,"SALUD":null,"PROYE":null,"ACCESO":null,"ACCESIBIL":null,"UBI":null,"COLONIA":null,"TRONCO":null,"CFE":null},"geometry":{"type":"Point","coordinates":[370928.548,2838160.27908]}},{"type":"Feature","properties":{"LONG":null,"LAT":null,"NOMCIEN":"Quercus fusiformis","NOMCOM":"Encino siempreverde, encino molino","ORIGEN":"Nativa","ALTURA":10.0,"DAP":22.2,"OBJECTID":818,"FECHA LEV":2015,"SALUD":null,"PROYE":null,"ACCESO":null,"ACCESIBIL":null,"UBI":null,"COLONIA":null,"TRONCO":null,"CFE":null},"geometry":{"type":"Point","coordinates":[371037.457,2838167.12808]}},{"type":"Feature","properties":{"LONG":null,"LAT":null,"NOMCIEN":"Quercus fusiformis","NOMCOM":"Encino siempreverde, encino molino","ORIGEN":"Nativa","ALTURA":9.2,"DAP":47.2,"OBJECTID":819,"FECHA LEV":2015,"SALUD":null,"PROYE":null,"ACCESO":null,"ACCESIBIL":null,"UBI":null,"COLONIA":null,"TRONCO":null,"CFE":null},"geometry":{"type":"Point","coordinates":[371031.444,2838168.79808]}},{"type":"Feature","properties":{"LONG":null,"LAT":null,"NOMCIEN":"Quercus polymorpha","NOMCOM":"Encino roble, roble","ORIGEN":"Nativa","ALTURA":10.0,"DAP":15.2,"OBJECTID":820,"FECHA LEV":2015,"SALUD":null,"PROYE":null,"ACCESO":null,"ACCESIBIL":null,"UBI":null,"COLONIA":null,"TRONCO":null,"CFE":null},"geometry":{"type":"Point","coordinates":[371020.92,2838177.15008]}},{"type":"Feature","properties":{"LONG":null,"LAT":null,"NOMCIEN":"Quercus polymorpha","NOMCOM":"Encino roble, roble","ORIGEN":"Nativa","ALTURA":10.5,"DAP":20.2,"OBJECTID":821,"FECHA LEV":2015,"SALUD":null,"PROYE":null,"ACCESO":null,"ACCESIBIL":null,"UBI":null,"COLONIA":null,"TRONCO":null,"CFE":null},"geometry":{"type":"Point","coordinates":[371015.742,2838181.32608]}},{"type":"Feature","properties":{"LONG":null,"LAT":null,"NOMCIEN":"Quercus polymorpha","NOMCOM":"Encino roble, roble","ORIGEN":"Nativa","ALTURA":12.6,"DAP":32.9,"OBJECTID":822,"FECHA LEV":2015,"SALUD":null,"PROYE":null,"ACCESO":null,"ACCESIBIL":null,"UBI":null,"COLONIA":null,"TRONCO":null,"CFE":null},"geometry":{"type":"Point","coordinates":[371015.575,2838172.47308]}},{"type":"Feature","properties":{"LONG":null,"LAT":null,"NOMCIEN":"Quercus polymorpha","NOMCOM":"Encino roble, roble","ORIGEN":"Nativa","ALTURA":11.7,"DAP":24.5,"OBJECTID":823,"FECHA LEV":2015,"SALUD":null,"PROYE":null,"ACCESO":null,"ACCESIBIL":null,"UBI":null,"COLONIA":null,"TRONCO":null,"CFE":null},"geometry":{"type":"Point","coordinates":[371008.559,2838176.48208]}},{"type":"Feature","properties":{"LONG":null,"LAT":null,"NOMCIEN":"Quercus polymorpha","NOMCOM":"Encino roble, roble","ORIGEN":"Nativa","ALTURA":11.7,"DAP":28.7,"OBJECTID":824,"FECHA LEV":2015,"SALUD":null,"PROYE":null,"ACCESO":null,"ACCESIBIL":null,"UBI":null,"COLONIA":null,"TRONCO":null,"CFE":null},"geometry":{"type":"Point","coordinates":[371005.219,2838176.81608]}},{"type":"Feature","properties":{"LONG":null,"LAT":null,"NOMCIEN":"Quercus polymorpha","NOMCOM":"Encino roble, roble","ORIGEN":"Nativa","ALTURA":13.7,"DAP":37.9,"OBJECTID":825,"FECHA LEV":2015,"SALUD":null,"PROYE":null,"ACCESO":null,"ACCESIBIL":null,"UBI":null,"COLONIA":null,"TRONCO":null,"CFE":null},"geometry":{"type":"Point","coordinates":[371003.047,2838176.64908]}},{"type":"Feature","properties":{"LONG":null,"LAT":null,"NOMCIEN":"Triadica sebifera","NOMCOM":"Chinese, árbol del sebo","ORIGEN":"Introducida","ALTURA":12.5,"DAP":48.4,"OBJECTID":826,"FECHA LEV":2015,"SALUD":null,"PROYE":null,"ACCESO":null,"ACCESIBIL":null,"UBI":null,"COLONIA":null,"TRONCO":null,"CFE":null},"geometry":{"type":"Point","coordinates":[371008.225,2838183.33108]}},{"type":"Feature","properties":{"LONG":null,"LAT":null,"NOMCIEN":"Quercus polymorpha","NOMCOM":"Encino roble, roble","ORIGEN":"Nativa","ALTURA":17.7,"DAP":31.8,"OBJECTID":827,"FECHA LEV":2015,"SALUD":null,"PROYE":null,"ACCESO":null,"ACCESIBIL":null,"UBI":null,"COLONIA":null,"TRONCO":null,"CFE":null},"geometry":{"type":"Point","coordinates":[371002.212,2838183.99908]}},{"type":"Feature","properties":{"LONG":null,"LAT":null,"NOMCIEN":"Washingtonia robusta","NOMCOM":"Palma Washington, palmera abanico, palma blanca","ORIGEN":"Nativa","ALTURA":12.8,"DAP":52.0,"OBJECTID":828,"FECHA LEV":2015,"SALUD":null,"PROYE":null,"ACCESO":null,"ACCESIBIL":null,"UBI":null,"COLONIA":null,"TRONCO":null,"CFE":null},"geometry":{"type":"Point","coordinates":[370928.548,2838156.43708]}},{"type":"Feature","properties":{"LONG":null,"LAT":null,"NOMCIEN":"Quercus polymorpha","NOMCOM":"Encino roble, roble","ORIGEN":"Nativa","ALTURA":14.4,"DAP":31.7,"OBJECTID":829,"FECHA LEV":2015,"SALUD":null,"PROYE":null,"ACCESO":null,"ACCESIBIL":null,"UBI":null,"COLONIA":null,"TRONCO":null,"CFE":null},"geometry":{"type":"Point","coordinates":[370996.031,2838186.00308]}},{"type":"Feature","properties":{"LONG":null,"LAT":null,"NOMCIEN":"Rhaphiolepis loquata","NOMCOM":"Níspero del Japón","ORIGEN":"Introducida","ALTURA":6.3,"DAP":28.1,"OBJECTID":830,"FECHA LEV":2015,"SALUD":null,"PROYE":null,"ACCESO":null,"ACCESIBIL":null,"UBI":null,"COLONIA":null,"TRONCO":null,"CFE":null},"geometry":{"type":"Point","coordinates":[370989.016,2838173.47508]}},{"type":"Feature","properties":{"LONG":null,"LAT":null,"NOMCIEN":"Washingtonia robusta","NOMCOM":"Palma Washington, palmera abanico, palma blanca","ORIGEN":"Nativa","ALTURA":17.6,"DAP":34.6,"OBJECTID":831,"FECHA LEV":2015,"SALUD":null,"PROYE":null,"ACCESO":null,"ACCESIBIL":null,"UBI":null,"COLONIA":null,"TRONCO":null,"CFE":null},"geometry":{"type":"Point","coordinates":[370988.849,2838170.63608]}},{"type":"Feature","properties":{"LONG":null,"LAT":null,"NOMCIEN":"Washingtonia robusta","NOMCOM":"Palma Washington, palmera abanico, palma blanca","ORIGEN":"Nativa","ALTURA":16.2,"DAP":33.4,"OBJECTID":832,"FECHA LEV":2015,"SALUD":null,"PROYE":null,"ACCESO":null,"ACCESIBIL":null,"UBI":null,"COLONIA":null,"TRONCO":null,"CFE":null},"geometry":{"type":"Point","coordinates":[370988.849,2838167.62908]}},{"type":"Feature","properties":{"LONG":null,"LAT":null,"NOMCIEN":"Washingtonia robusta","NOMCOM":"Palma Washington, palmera abanico, palma blanca","ORIGEN":"Nativa","ALTURA":7.5,"DAP":41.2,"OBJECTID":833,"FECHA LEV":2015,"SALUD":null,"PROYE":null,"ACCESO":null,"ACCESIBIL":null,"UBI":null,"COLONIA":null,"TRONCO":null,"CFE":null},"geometry":{"type":"Point","coordinates":[370999.873,2838178.15208]}},{"type":"Feature","properties":{"LONG":null,"LAT":null,"NOMCIEN":"Triadica sebifera","NOMCOM":"Chinese, árbol del sebo","ORIGEN":"Introducida","ALTURA":14.1,"DAP":45.6,"OBJECTID":834,"FECHA LEV":2015,"SALUD":null,"PROYE":null,"ACCESO":null,"ACCESIBIL":null,"UBI":null,"COLONIA":null,"TRONCO":null,"CFE":null},"geometry":{"type":"Point","coordinates":[370986.009,2838180.15708]}},{"type":"Feature","properties":{"LONG":null,"LAT":null,"NOMCIEN":"Triadica sebifera","NOMCOM":"Chinese, árbol del sebo","ORIGEN":"Introducida","ALTURA":12.5,"DAP":51.3,"OBJECTID":835,"FECHA LEV":2015,"SALUD":null,"PROYE":null,"ACCESO":null,"ACCESIBIL":null,"UBI":null,"COLONIA":null,"TRONCO":null,"CFE":null},"geometry":{"type":"Point","coordinates":[370985.842,2838186.83808]}},{"type":"Feature","properties":{"LONG":null,"LAT":null,"NOMCIEN":"Populus tremuloides","NOMCOM":"Alamillo, álamo temblón","ORIGEN":"Nativa","ALTURA":15.0,"DAP":54.4,"OBJECTID":836,"FECHA LEV":2015,"SALUD":null,"PROYE":null,"ACCESO":null,"ACCESIBIL":null,"UBI":null,"COLONIA":null,"TRONCO":null,"CFE":null},"geometry":{"type":"Point","coordinates":[370986.343,2838194.68908]}},{"type":"Feature","properties":{"LONG":null,"LAT":null,"NOMCIEN":"Fraxinus americana","NOMCOM":"Fresno blanco americano","ORIGEN":"Nativa","ALTURA":9.3,"DAP":71.0,"OBJECTID":837,"FECHA LEV":2015,"SALUD":null,"PROYE":null,"ACCESO":null,"ACCESIBIL":null,"UBI":null,"COLONIA":null,"TRONCO":null,"CFE":null},"geometry":{"type":"Point","coordinates":[370986.677,2838202.87408]}},{"type":"Feature","properties":{"LONG":null,"LAT":null,"NOMCIEN":"Washingtonia robusta","NOMCOM":"Palma Washington, palmera abanico, palma blanca","ORIGEN":"Nativa","ALTURA":18.5,"DAP":36.3,"OBJECTID":838,"FECHA LEV":2015,"SALUD":null,"PROYE":null,"ACCESO":null,"ACCESIBIL":null,"UBI":null,"COLONIA":null,"TRONCO":null,"CFE":null},"geometry":{"type":"Point","coordinates":[370991.855,2838195.35708]}},{"type":"Feature","properties":{"LONG":null,"LAT":null,"NOMCIEN":"Washingtonia robusta","NOMCOM":"Palma Washington, palmera abanico, palma blanca","ORIGEN":"Nativa","ALTURA":11.2,"DAP":38.0,"OBJECTID":839,"FECHA LEV":2015,"SALUD":null,"PROYE":null,"ACCESO":null,"ACCESIBIL":null,"UBI":null,"COLONIA":null,"TRONCO":null,"CFE":null},"geometry":{"type":"Point","coordinates":[370928.548,2838152.26108]}},{"type":"Feature","properties":{"LONG":null,"LAT":null,"NOMCIEN":"Fraxinus americana","NOMCOM":"Fresno blanco americano","ORIGEN":"Nativa","ALTURA":16.6,"DAP":75.0,"OBJECTID":840,"FECHA LEV":2015,"SALUD":null,"PROYE":null,"ACCESO":null,"ACCESIBIL":null,"UBI":null,"COLONIA":null,"TRONCO":null,"CFE":null},"geometry":{"type":"Point","coordinates":[370995.196,2838203.37508]}},{"type":"Feature","properties":{"LONG":null,"LAT":null,"NOMCIEN":"Fraxinus americana","NOMCOM":"Fresno blanco americano","ORIGEN":"Nativa","ALTURA":17.5,"DAP":55.9,"OBJECTID":841,"FECHA LEV":2015,"SALUD":null,"PROYE":null,"ACCESO":null,"ACCESIBIL":null,"UBI":null,"COLONIA":null,"TRONCO":null,"CFE":null},"geometry":{"type":"Point","coordinates":[370997.368,2838199.86708]}},{"type":"Feature","properties":{"LONG":null,"LAT":null,"NOMCIEN":"Fraxinus americana","NOMCOM":"Fresno blanco americano","ORIGEN":"Nativa","ALTURA":13.9,"DAP":23.5,"OBJECTID":842,"FECHA LEV":2015,"SALUD":null,"PROYE":null,"ACCESO":null,"ACCESIBIL":null,"UBI":null,"COLONIA":null,"TRONCO":null,"CFE":null},"geometry":{"type":"Point","coordinates":[370999.539,2838196.52708]}},{"type":"Feature","properties":{"LONG":null,"LAT":null,"NOMCIEN":"Fraxinus americana","NOMCOM":"Fresno blanco americano","ORIGEN":"Nativa","ALTURA":12.9,"DAP":43.0,"OBJECTID":843,"FECHA LEV":2015,"SALUD":null,"PROYE":null,"ACCESO":null,"ACCESIBIL":null,"UBI":null,"COLONIA":null,"TRONCO":null,"CFE":null},"geometry":{"type":"Point","coordinates":[371004.216,2838201.87208]}},{"type":"Feature","properties":{"LONG":null,"LAT":null,"NOMCIEN":"Fraxinus americana","NOMCOM":"Fresno blanco americano","ORIGEN":"Nativa","ALTURA":14.9,"DAP":58.4,"OBJECTID":844,"FECHA LEV":2015,"SALUD":null,"PROYE":null,"ACCESO":null,"ACCESIBIL":null,"UBI":null,"COLONIA":null,"TRONCO":null,"CFE":null},"geometry":{"type":"Point","coordinates":[371005.887,2838198.53108]}},{"type":"Feature","properties":{"LONG":null,"LAT":null,"NOMCIEN":"Fraxinus americana","NOMCOM":"Fresno blanco americano","ORIGEN":"Nativa","ALTURA":17.0,"DAP":76.3,"OBJECTID":845,"FECHA LEV":2015,"SALUD":null,"PROYE":null,"ACCESO":null,"ACCESIBIL":null,"UBI":null,"COLONIA":null,"TRONCO":null,"CFE":null},"geometry":{"type":"Point","coordinates":[371010.063,2838194.35508]}},{"type":"Feature","properties":{"LONG":null,"LAT":null,"NOMCIEN":"Washingtonia robusta","NOMCOM":"Palma Washington, palmera abanico, palma blanca","ORIGEN":"Nativa","ALTURA":17.6,"DAP":35.7,"OBJECTID":846,"FECHA LEV":2015,"SALUD":null,"PROYE":null,"ACCESO":null,"ACCESIBIL":null,"UBI":null,"COLONIA":null,"TRONCO":null,"CFE":null},"geometry":{"type":"Point","coordinates":[370982.501,2838174.97908]}},{"type":"Feature","properties":{"LONG":null,"LAT":null,"NOMCIEN":"Washingtonia robusta","NOMCOM":"Palma Washington, palmera abanico, palma blanca","ORIGEN":"Nativa","ALTURA":13.6,"DAP":34.9,"OBJECTID":847,"FECHA LEV":2015,"SALUD":null,"PROYE":null,"ACCESO":null,"ACCESIBIL":null,"UBI":null,"COLONIA":null,"TRONCO":null,"CFE":null},"geometry":{"type":"Point","coordinates":[370972.145,2838174.47708]}},{"type":"Feature","properties":{"LONG":null,"LAT":null,"NOMCIEN":"Washingtonia robusta","NOMCOM":"Palma Washington, palmera abanico, palma blanca","ORIGEN":"Nativa","ALTURA":16.2,"DAP":37.0,"OBJECTID":848,"FECHA LEV":2015,"SALUD":null,"PROYE":null,"ACCESO":null,"ACCESIBIL":null,"UBI":null,"COLONIA":null,"TRONCO":null,"CFE":null},"geometry":{"type":"Point","coordinates":[370964.628,2838175.48008]}},{"type":"Feature","properties":{"LONG":null,"LAT":null,"NOMCIEN":"Washingtonia robusta","NOMCOM":"Palma Washington, palmera abanico, palma blanca","ORIGEN":"Nativa","ALTURA":17.0,"DAP":34.2,"OBJECTID":849,"FECHA LEV":2015,"SALUD":null,"PROYE":null,"ACCESO":null,"ACCESIBIL":null,"UBI":null,"COLONIA":null,"TRONCO":null,"CFE":null},"geometry":{"type":"Point","coordinates":[370957.613,2838174.64408]}},{"type":"Feature","properties":{"LONG":null,"LAT":null,"NOMCIEN":"Washingtonia robusta","NOMCOM":"Palma Washington, palmera abanico, palma blanca","ORIGEN":"Nativa","ALTURA":16.2,"DAP":32.3,"OBJECTID":850,"FECHA LEV":2015,"SALUD":null,"PROYE":null,"ACCESO":null,"ACCESIBIL":null,"UBI":null,"COLONIA":null,"TRONCO":null,"CFE":null},"geometry":{"type":"Point","coordinates":[370928.381,2838149.08808]}},{"type":"Feature","properties":{"LONG":null,"LAT":null,"NOMCIEN":"Washingtonia robusta","NOMCOM":"Palma Washington, palmera abanico, palma blanca","ORIGEN":"Nativa","ALTURA":15.4,"DAP":34.1,"OBJECTID":851,"FECHA LEV":2015,"SALUD":null,"PROYE":null,"ACCESO":null,"ACCESIBIL":null,"UBI":null,"COLONIA":null,"TRONCO":null,"CFE":null},"geometry":{"type":"Point","coordinates":[370950.764,2838175.31308]}},{"type":"Feature","properties":{"LONG":null,"LAT":null,"NOMCIEN":"Washingtonia robusta","NOMCOM":"Palma Washington, palmera abanico, palma blanca","ORIGEN":"Nativa","ALTURA":14.2,"DAP":43.4,"OBJECTID":852,"FECHA LEV":2015,"SALUD":null,"PROYE":null,"ACCESO":null,"ACCESIBIL":null,"UBI":null,"COLONIA":null,"TRONCO":null,"CFE":null},"geometry":{"type":"Point","coordinates":[370977.323,2838180.32408]}},{"type":"Feature","properties":{"LONG":null,"LAT":null,"NOMCIEN":"Washingtonia robusta","NOMCOM":"Palma Washington, palmera abanico, palma blanca","ORIGEN":"Nativa","ALTURA":14.5,"DAP":31.6,"OBJECTID":853,"FECHA LEV":2015,"SALUD":null,"PROYE":null,"ACCESO":null,"ACCESIBIL":null,"UBI":null,"COLONIA":null,"TRONCO":null,"CFE":null},"geometry":{"type":"Point","coordinates":[370975.319,2838179.15508]}},{"type":"Feature","properties":{"LONG":null,"LAT":null,"NOMCIEN":"Washingtonia robusta","NOMCOM":"Palma Washington, palmera abanico, palma blanca","ORIGEN":"Nativa","ALTURA":15.5,"DAP":45.55,"OBJECTID":854,"FECHA LEV":2015,"SALUD":null,"PROYE":null,"ACCESO":null,"ACCESIBIL":null,"UBI":null,"COLONIA":null,"TRONCO":null,"CFE":null},"geometry":{"type":"Point","coordinates":[370975.987,2838182.82908]}},{"type":"Feature","properties":{"LONG":null,"LAT":null,"NOMCIEN":"Fraxinus americana","NOMCOM":"Fresno blanco americano","ORIGEN":"Nativa","ALTURA":13.7,"DAP":65.1,"OBJECTID":855,"FECHA LEV":2015,"SALUD":null,"PROYE":null,"ACCESO":null,"ACCESIBIL":null,"UBI":null,"COLONIA":null,"TRONCO":null,"CFE":null},"geometry":{"type":"Point","coordinates":[370940.909,2838180.49108]}},{"type":"Feature","properties":{"LONG":null,"LAT":null,"NOMCIEN":"Quercus fusiformis","NOMCOM":"Encino siempreverde, encino molino","ORIGEN":"Nativa","ALTURA":8.5,"DAP":35.9,"OBJECTID":856,"FECHA LEV":2015,"SALUD":null,"PROYE":null,"ACCESO":null,"ACCESIBIL":null,"UBI":null,"COLONIA":null,"TRONCO":null,"CFE":null},"geometry":{"type":"Point","coordinates":[370962.457,2838190.17908]}},{"type":"Feature","properties":{"LONG":null,"LAT":null,"NOMCIEN":"Fraxinus americana","NOMCOM":"Fresno blanco americano","ORIGEN":"Nativa","ALTURA":12.1,"DAP":66.3,"OBJECTID":857,"FECHA LEV":2015,"SALUD":null,"PROYE":null,"ACCESO":null,"ACCESIBIL":null,"UBI":null,"COLONIA":null,"TRONCO":null,"CFE":null},"geometry":{"type":"Point","coordinates":[370925.374,2838172.13908]}},{"type":"Feature","properties":{"LONG":null,"LAT":null,"NOMCIEN":"Celtis laevigata","NOMCOM":"Palo blanco","ORIGEN":"Nativa","ALTURA":6.5,"DAP":13.7,"OBJECTID":858,"FECHA LEV":2015,"SALUD":null,"PROYE":null,"ACCESO":null,"ACCESIBIL":null,"UBI":null,"COLONIA":null,"TRONCO":null,"CFE":null},"geometry":{"type":"Point","coordinates":[371098.0,2838162.00008]}},{"type":"Feature","properties":{"LONG":null,"LAT":null,"NOMCIEN":"Washingtonia robusta","NOMCOM":"Palma Washington, palmera abanico, palma blanca","ORIGEN":"Nativa","ALTURA":12.1,"DAP":39.4,"OBJECTID":859,"FECHA LEV":2015,"SALUD":null,"PROYE":null,"ACCESO":null,"ACCESIBIL":null,"UBI":null,"COLONIA":null,"TRONCO":null,"CFE":null},"geometry":{"type":"Point","coordinates":[370928.214,2838146.24808]}},{"type":"Feature","properties":{"LONG":null,"LAT":null,"NOMCIEN":"Thuja occidentalis","NOMCOM":"Pagoda japonesa, tuja","ORIGEN":"Introducida","ALTURA":5.2,"DAP":20.9,"OBJECTID":860,"FECHA LEV":2015,"SALUD":null,"PROYE":null,"ACCESO":null,"ACCESIBIL":null,"UBI":null,"COLONIA":null,"TRONCO":null,"CFE":null},"geometry":{"type":"Point","coordinates":[370913.16,2838296.76008]}},{"type":"Feature","properties":{"LONG":null,"LAT":null,"NOMCIEN":"Azadirachta indica","NOMCOM":"Neem, nim, árbol de Nim","ORIGEN":"Introducida","ALTURA":5.4,"DAP":31.2,"OBJECTID":861,"FECHA LEV":2015,"SALUD":null,"PROYE":null,"ACCESO":null,"ACCESIBIL":null,"UBI":null,"COLONIA":null,"TRONCO":null,"CFE":null},"geometry":{"type":"Point","coordinates":[370907.58,2838303.75008]}},{"type":"Feature","properties":{"LONG":null,"LAT":null,"NOMCIEN":"Persea americana","NOMCOM":"Aguacate","ORIGEN":"Nativa","ALTURA":7.5,"DAP":15.5,"OBJECTID":862,"FECHA LEV":2015,"SALUD":null,"PROYE":null,"ACCESO":null,"ACCESIBIL":null,"UBI":null,"COLONIA":null,"TRONCO":null,"CFE":null},"geometry":{"type":"Point","coordinates":[370915.25,2838325.74008]}},{"type":"Feature","properties":{"LONG":null,"LAT":null,"NOMCIEN":"Thuja occidentalis","NOMCOM":"Pagoda japonesa, tuja","ORIGEN":"Introducida","ALTURA":5.4,"DAP":33.5,"OBJECTID":863,"FECHA LEV":2015,"SALUD":null,"PROYE":null,"ACCESO":null,"ACCESIBIL":null,"UBI":null,"COLONIA":null,"TRONCO":null,"CFE":null},"geometry":{"type":"Point","coordinates":[370917.39,2838324.26008]}},{"type":"Feature","properties":{"LONG":null,"LAT":null,"NOMCIEN":"Thuja occidentalis","NOMCOM":"Pagoda japonesa, tuja","ORIGEN":"Introducida","ALTURA":5.4,"DAP":30.7,"OBJECTID":864,"FECHA LEV":2015,"SALUD":null,"PROYE":null,"ACCESO":null,"ACCESIBIL":null,"UBI":null,"COLONIA":null,"TRONCO":null,"CFE":null},"geometry":{"type":"Point","coordinates":[370929.22,2838317.95008]}},{"type":"Feature","properties":{"LONG":null,"LAT":null,"NOMCIEN":"Thuja occidentalis","NOMCOM":"Pagoda japonesa, tuja","ORIGEN":"Introducida","ALTURA":4.4,"DAP":25.5,"OBJECTID":865,"FECHA LEV":2015,"SALUD":null,"PROYE":null,"ACCESO":null,"ACCESIBIL":null,"UBI":null,"COLONIA":null,"TRONCO":null,"CFE":null},"geometry":{"type":"Point","coordinates":[370925.82,2838313.48008]}},{"type":"Feature","properties":{"LONG":null,"LAT":null,"NOMCIEN":"Triadica sebifera","NOMCOM":"Chinese, árbol del sebo","ORIGEN":"Introducida","ALTURA":14.4,"DAP":37.3,"OBJECTID":866,"FECHA LEV":2015,"SALUD":null,"PROYE":null,"ACCESO":null,"ACCESIBIL":null,"UBI":null,"COLONIA":null,"TRONCO":null,"CFE":null},"geometry":{"type":"Point","coordinates":[370845.481,2837586.41408]}},{"type":"Feature","properties":{"LONG":null,"LAT":null,"NOMCIEN":"Fraxinus americana","NOMCOM":"Fresno blanco americano","ORIGEN":"Nativa","ALTURA":14.4,"DAP":60.1,"OBJECTID":867,"FECHA LEV":2015,"SALUD":null,"PROYE":null,"ACCESO":null,"ACCESIBIL":null,"UBI":null,"COLONIA":null,"TRONCO":null,"CFE":null},"geometry":{"type":"Point","coordinates":[370848.405,2837548.00608]}},{"type":"Feature","properties":{"LONG":null,"LAT":null,"NOMCIEN":"Fraxinus americana","NOMCOM":"Fresno blanco americano","ORIGEN":"Nativa","ALTURA":15.7,"DAP":64.0,"OBJECTID":868,"FECHA LEV":2015,"SALUD":null,"PROYE":null,"ACCESO":null,"ACCESIBIL":null,"UBI":null,"COLONIA":null,"TRONCO":null,"CFE":null},"geometry":{"type":"Point","coordinates":[370867.32,2837598.35608]}},{"type":"Feature","properties":{"LONG":null,"LAT":null,"NOMCIEN":"Fraxinus americana","NOMCOM":"Fresno blanco americano","ORIGEN":"Nativa","ALTURA":8.3,"DAP":34.2,"OBJECTID":869,"FECHA LEV":2015,"SALUD":null,"PROYE":null,"ACCESO":null,"ACCESIBIL":null,"UBI":null,"COLONIA":null,"TRONCO":null,"CFE":null},"geometry":{"type":"Point","coordinates":[370834.476,2837581.02908]}},{"type":"Feature","properties":{"LONG":null,"LAT":null,"NOMCIEN":"Fraxinus americana","NOMCOM":"Fresno blanco americano","ORIGEN":"Nativa","ALTURA":11.2,"DAP":23.7,"OBJECTID":870,"FECHA LEV":2015,"SALUD":null,"PROYE":null,"ACCESO":null,"ACCESIBIL":null,"UBI":null,"COLONIA":null,"TRONCO":null,"CFE":null},"geometry":{"type":"Point","coordinates":[371017.3,2837547.72708]}},{"type":"Feature","properties":{"LONG":null,"LAT":null,"NOMCIEN":"Fraxinus americana","NOMCOM":"Fresno blanco americano","ORIGEN":"Nativa","ALTURA":11.4,"DAP":14.4,"OBJECTID":871,"FECHA LEV":2015,"SALUD":null,"PROYE":null,"ACCESO":null,"ACCESIBIL":null,"UBI":null,"COLONIA":null,"TRONCO":null,"CFE":null},"geometry":{"type":"Point","coordinates":[371017.181,2837548.91608]}},{"type":"Feature","properties":{"LONG":null,"LAT":null,"NOMCIEN":"Fraxinus americana","NOMCOM":"Fresno blanco americano","ORIGEN":"Nativa","ALTURA":10.5,"DAP":17.6,"OBJECTID":872,"FECHA LEV":2015,"SALUD":null,"PROYE":null,"ACCESO":null,"ACCESIBIL":null,"UBI":null,"COLONIA":null,"TRONCO":null,"CFE":null},"geometry":{"type":"Point","coordinates":[371017.062,2837549.86808]}},{"type":"Feature","properties":{"LONG":null,"LAT":null,"NOMCIEN":"Azadirachta indica","NOMCOM":"Neem, nim, árbol de Nim","ORIGEN":"Introducida","ALTURA":9.2,"DAP":18.0,"OBJECTID":873,"FECHA LEV":2015,"SALUD":null,"PROYE":null,"ACCESO":null,"ACCESIBIL":null,"UBI":null,"COLONIA":null,"TRONCO":null,"CFE":null},"geometry":{"type":"Point","coordinates":[371001.28,2837456.99408]}},{"type":"Feature","properties":{"LONG":null,"LAT":null,"NOMCIEN":"Azadirachta indica","NOMCOM":"Neem, nim, árbol de Nim","ORIGEN":"Introducida","ALTURA":8.2,"DAP":17.4,"OBJECTID":874,"FECHA LEV":2015,"SALUD":null,"PROYE":null,"ACCESO":null,"ACCESIBIL":null,"UBI":null,"COLONIA":null,"TRONCO":null,"CFE":null},"geometry":{"type":"Point","coordinates":[371001.161,2837453.06908]}},{"type":"Feature","properties":{"LONG":null,"LAT":null,"NOMCIEN":"Fraxinus americana","NOMCOM":"Fresno blanco americano","ORIGEN":"Nativa","ALTURA":6.8,"DAP":9.3,"OBJECTID":875,"FECHA LEV":2015,"SALUD":null,"PROYE":null,"ACCESO":null,"ACCESIBIL":null,"UBI":null,"COLONIA":null,"TRONCO":null,"CFE":null},"geometry":{"type":"Point","coordinates":[370899.954,2837488.03708]}},{"type":"Feature","properties":{"LONG":null,"LAT":null,"NOMCIEN":"Quercus polymorpha","NOMCOM":"Encino roble, roble","ORIGEN":"Nativa","ALTURA":6.3,"DAP":13.6,"OBJECTID":876,"FECHA LEV":2015,"SALUD":null,"PROYE":null,"ACCESO":null,"ACCESIBIL":null,"UBI":null,"COLONIA":null,"TRONCO":null,"CFE":null},"geometry":{"type":"Point","coordinates":[370937.696,2837477.87608]}},{"type":"Feature","properties":{"LONG":null,"LAT":null,"NOMCIEN":"Fraxinus americana","NOMCOM":"Fresno blanco americano","ORIGEN":"Nativa","ALTURA":9.3,"DAP":22.9,"OBJECTID":877,"FECHA LEV":2015,"SALUD":null,"PROYE":null,"ACCESO":null,"ACCESIBIL":null,"UBI":null,"COLONIA":null,"TRONCO":null,"CFE":null},"geometry":{"type":"Point","coordinates":[370886.527,2837507.99708]}},{"type":"Feature","properties":{"LONG":null,"LAT":null,"NOMCIEN":"Fraxinus americana","NOMCOM":"Fresno blanco americano","ORIGEN":"Nativa","ALTURA":14.1,"DAP":72.2,"OBJECTID":878,"FECHA LEV":2015,"SALUD":null,"PROYE":null,"ACCESO":null,"ACCESIBIL":null,"UBI":null,"COLONIA":null,"TRONCO":null,"CFE":null},"geometry":{"type":"Point","coordinates":[370855.23,2837537.96508]}},{"type":"Feature","properties":{"LONG":null,"LAT":null,"NOMCIEN":"Fraxinus americana","NOMCOM":"Fresno blanco americano","ORIGEN":"Nativa","ALTURA":15.7,"DAP":38.3,"OBJECTID":879,"FECHA LEV":2015,"SALUD":null,"PROYE":null,"ACCESO":null,"ACCESIBIL":null,"UBI":null,"COLONIA":null,"TRONCO":null,"CFE":null},"geometry":{"type":"Point","coordinates":[370890.265,2837511.49608]}},{"type":"Feature","properties":{"LONG":null,"LAT":null,"NOMCIEN":"Fraxinus americana","NOMCOM":"Fresno blanco americano","ORIGEN":"Nativa","ALTURA":4.0,"DAP":13.3,"OBJECTID":880,"FECHA LEV":2015,"SALUD":null,"PROYE":null,"ACCESO":null,"ACCESIBIL":null,"UBI":null,"COLONIA":null,"TRONCO":null,"CFE":null},"geometry":{"type":"Point","coordinates":[370863.787,2837530.07608]}},{"type":"Feature","properties":{"LONG":null,"LAT":null,"NOMCIEN":"Triadica sebifera","NOMCOM":"Chinese, árbol del sebo","ORIGEN":"Introducida","ALTURA":11.9,"DAP":40.0,"OBJECTID":881,"FECHA LEV":2015,"SALUD":null,"PROYE":null,"ACCESO":null,"ACCESIBIL":null,"UBI":null,"COLONIA":null,"TRONCO":null,"CFE":null},"geometry":{"type":"Point","coordinates":[370870.935,2837544.61108]}},{"type":"Feature","properties":{"LONG":null,"LAT":null,"NOMCIEN":"Fraxinus americana","NOMCOM":"Fresno blanco americano","ORIGEN":"Nativa","ALTURA":13.0,"DAP":27.2,"OBJECTID":882,"FECHA LEV":2015,"SALUD":null,"PROYE":null,"ACCESO":null,"ACCESIBIL":null,"UBI":null,"COLONIA":null,"TRONCO":null,"CFE":null},"geometry":{"type":"Point","coordinates":[370973.516,2837575.20308]}},{"type":"Feature","properties":{"LONG":null,"LAT":null,"NOMCIEN":"Fraxinus americana","NOMCOM":"Fresno blanco americano","ORIGEN":"Nativa","ALTURA":10.9,"DAP":25.1,"OBJECTID":883,"FECHA LEV":2015,"SALUD":null,"PROYE":null,"ACCESO":null,"ACCESIBIL":null,"UBI":null,"COLONIA":null,"TRONCO":null,"CFE":null},"geometry":{"type":"Point","coordinates":[370870.923,2837593.90308]}},{"type":"Feature","properties":{"LONG":null,"LAT":null,"NOMCIEN":"Quercus fusiformis","NOMCOM":"Encino siempreverde, encino molino","ORIGEN":"Nativa","ALTURA":8.5,"DAP":12.8,"OBJECTID":884,"FECHA LEV":2015,"SALUD":null,"PROYE":null,"ACCESO":null,"ACCESIBIL":null,"UBI":null,"COLONIA":null,"TRONCO":null,"CFE":null},"geometry":{"type":"Point","coordinates":[370863.675,2837555.82408]}},{"type":"Feature","properties":{"LONG":null,"LAT":null,"NOMCIEN":"Quercus fusiformis","NOMCOM":"Encino siempreverde, encino molino","ORIGEN":"Nativa","ALTURA":7.8,"DAP":8.4,"OBJECTID":885,"FECHA LEV":2015,"SALUD":null,"PROYE":null,"ACCESO":null,"ACCESIBIL":null,"UBI":null,"COLONIA":null,"TRONCO":null,"CFE":null},"geometry":{"type":"Point","coordinates":[370904.377,2837481.35508]}},{"type":"Feature","properties":{"LONG":null,"LAT":null,"NOMCIEN":"Quercus fusiformis","NOMCOM":"Encino siempreverde, encino molino","ORIGEN":"Nativa","ALTURA":6.6,"DAP":8.6,"OBJECTID":886,"FECHA LEV":2015,"SALUD":null,"PROYE":null,"ACCESO":null,"ACCESIBIL":null,"UBI":null,"COLONIA":null,"TRONCO":null,"CFE":null},"geometry":{"type":"Point","coordinates":[370923.0,2837470.00008]}},{"type":"Feature","properties":{"LONG":null,"LAT":null,"NOMCIEN":"Quercus fusiformis","NOMCOM":"Encino siempreverde, encino molino","ORIGEN":"Nativa","ALTURA":5.4,"DAP":9.3,"OBJECTID":887,"FECHA LEV":2015,"SALUD":null,"PROYE":null,"ACCESO":null,"ACCESIBIL":null,"UBI":null,"COLONIA":null,"TRONCO":null,"CFE":null},"geometry":{"type":"Point","coordinates":[370982.0,2837422.00008]}},{"type":"Feature","properties":{"LONG":null,"LAT":null,"NOMCIEN":"Quercus fusiformis","NOMCOM":"Encino siempreverde, encino molino","ORIGEN":"Nativa","ALTURA":6.1,"DAP":11.2,"OBJECTID":888,"FECHA LEV":2015,"SALUD":null,"PROYE":null,"ACCESO":null,"ACCESIBIL":null,"UBI":null,"COLONIA":null,"TRONCO":null,"CFE":null},"geometry":{"type":"Point","coordinates":[371002.678,2837467.51108]}},{"type":"Feature","properties":{"LONG":null,"LAT":null,"NOMCIEN":"Triadica sebifera","NOMCOM":"Chinese, árbol del sebo","ORIGEN":"Introducida","ALTURA":11.2,"DAP":21.0,"OBJECTID":889,"FECHA LEV":2015,"SALUD":null,"PROYE":null,"ACCESO":null,"ACCESIBIL":null,"UBI":null,"COLONIA":null,"TRONCO":null,"CFE":null},"geometry":{"type":"Point","coordinates":[370859.83,2837548.58208]}},{"type":"Feature","properties":{"LONG":null,"LAT":null,"NOMCIEN":"Quercus fusiformis","NOMCOM":"Encino siempreverde, encino molino","ORIGEN":"Nativa","ALTURA":5.4,"DAP":9.4,"OBJECTID":890,"FECHA LEV":2015,"SALUD":null,"PROYE":null,"ACCESO":null,"ACCESIBIL":null,"UBI":null,"COLONIA":null,"TRONCO":null,"CFE":null},"geometry":{"type":"Point","coordinates":[371003.583,2837476.89508]}},{"type":"Feature","properties":{"LONG":null,"LAT":null,"NOMCIEN":"Triadica sebifera","NOMCOM":"Chinese, árbol del sebo","ORIGEN":"Introducida","ALTURA":11.2,"DAP":39.0,"OBJECTID":891,"FECHA LEV":2015,"SALUD":null,"PROYE":null,"ACCESO":null,"ACCESIBIL":null,"UBI":null,"COLONIA":null,"TRONCO":null,"CFE":null},"geometry":{"type":"Point","coordinates":[370854.208,2837567.73208]}},{"type":"Feature","properties":{"LONG":null,"LAT":null,"NOMCIEN":"Fraxinus americana","NOMCOM":"Fresno blanco americano","ORIGEN":"Nativa","ALTURA":11.4,"DAP":36.8,"OBJECTID":892,"FECHA LEV":2015,"SALUD":null,"PROYE":null,"ACCESO":null,"ACCESIBIL":null,"UBI":null,"COLONIA":null,"TRONCO":null,"CFE":null},"geometry":{"type":"Point","coordinates":[370872.953,2837533.12008]}},{"type":"Feature","properties":{"LONG":null,"LAT":null,"NOMCIEN":"Fraxinus americana","NOMCOM":"Fresno blanco americano","ORIGEN":"Nativa","ALTURA":11.9,"DAP":34.1,"OBJECTID":893,"FECHA LEV":2015,"SALUD":null,"PROYE":null,"ACCESO":null,"ACCESIBIL":null,"UBI":null,"COLONIA":null,"TRONCO":null,"CFE":null},"geometry":{"type":"Point","coordinates":[370879.64,2837524.08808]}},{"type":"Feature","properties":{"LONG":null,"LAT":null,"NOMCIEN":"Triadica sebifera","NOMCOM":"Chinese, árbol del sebo","ORIGEN":"Introducida","ALTURA":10.0,"DAP":44.7,"OBJECTID":894,"FECHA LEV":2015,"SALUD":null,"PROYE":null,"ACCESO":null,"ACCESIBIL":null,"UBI":null,"COLONIA":null,"TRONCO":null,"CFE":null},"geometry":{"type":"Point","coordinates":[370887.448,2837525.28508]}},{"type":"Feature","properties":{"LONG":null,"LAT":null,"NOMCIEN":"Triadica sebifera","NOMCOM":"Chinese, árbol del sebo","ORIGEN":"Introducida","ALTURA":11.5,"DAP":42.1,"OBJECTID":895,"FECHA LEV":2015,"SALUD":null,"PROYE":null,"ACCESO":null,"ACCESIBIL":null,"UBI":null,"COLONIA":null,"TRONCO":null,"CFE":null},"geometry":{"type":"Point","coordinates":[370886.787,2837519.33108]}},{"type":"Feature","properties":{"LONG":null,"LAT":null,"NOMCIEN":"Quercus macrocarpa","NOMCOM":"Encino bura","ORIGEN":"Introducida","ALTURA":6.1,"DAP":8.6,"OBJECTID":896,"FECHA LEV":2015,"SALUD":null,"PROYE":null,"ACCESO":null,"ACCESIBIL":null,"UBI":null,"COLONIA":null,"TRONCO":null,"CFE":null},"geometry":{"type":"Point","coordinates":[370893.127,2837509.55108]}},{"type":"Feature","properties":{"LONG":null,"LAT":null,"NOMCIEN":"Fraxinus americana","NOMCOM":"Fresno blanco americano","ORIGEN":"Nativa","ALTURA":9.9,"DAP":37.6,"OBJECTID":897,"FECHA LEV":2015,"SALUD":null,"PROYE":null,"ACCESO":null,"ACCESIBIL":null,"UBI":null,"COLONIA":null,"TRONCO":null,"CFE":null},"geometry":{"type":"Point","coordinates":[370870.516,2837520.42608]}},{"type":"Feature","properties":{"LONG":null,"LAT":null,"NOMCIEN":"Triadica sebifera","NOMCOM":"Chinese, árbol del sebo","ORIGEN":"Introducida","ALTURA":10.6,"DAP":33.2,"OBJECTID":898,"FECHA LEV":2015,"SALUD":null,"PROYE":null,"ACCESO":null,"ACCESIBIL":null,"UBI":null,"COLONIA":null,"TRONCO":null,"CFE":null},"geometry":{"type":"Point","coordinates":[370853.434,2837586.23808]}},{"type":"Feature","properties":{"LONG":null,"LAT":null,"NOMCIEN":"Fraxinus americana","NOMCOM":"Fresno blanco americano","ORIGEN":"Nativa","ALTURA":9.4,"DAP":50.3,"OBJECTID":899,"FECHA LEV":2015,"SALUD":null,"PROYE":null,"ACCESO":null,"ACCESIBIL":null,"UBI":null,"COLONIA":null,"TRONCO":null,"CFE":null},"geometry":{"type":"Point","coordinates":[370878.47,2837509.55308]}},{"type":"Feature","properties":{"LONG":null,"LAT":null,"NOMCIEN":"Fraxinus americana","NOMCOM":"Fresno blanco americano","ORIGEN":"Nativa","ALTURA":10.6,"DAP":42.4,"OBJECTID":900,"FECHA LEV":2015,"SALUD":null,"PROYE":null,"ACCESO":null,"ACCESIBIL":null,"UBI":null,"COLONIA":null,"TRONCO":null,"CFE":null},"geometry":{"type":"Point","coordinates":[370887.258,2837497.95008]}},{"type":"Feature","properties":{"LONG":null,"LAT":null,"NOMCIEN":"Triadica sebifera","NOMCOM":"Chinese, árbol del sebo","ORIGEN":"Introducida","ALTURA":9.3,"DAP":29.5,"OBJECTID":901,"FECHA LEV":2015,"SALUD":null,"PROYE":null,"ACCESO":null,"ACCESIBIL":null,"UBI":null,"COLONIA":null,"TRONCO":null,"CFE":null},"geometry":{"type":"Point","coordinates":[370894.366,2837503.77708]}},{"type":"Feature","properties":{"LONG":null,"LAT":null,"NOMCIEN":"Triadica sebifera","NOMCOM":"Chinese, árbol del sebo","ORIGEN":"Introducida","ALTURA":10.1,"DAP":29.5,"OBJECTID":902,"FECHA LEV":2015,"SALUD":null,"PROYE":null,"ACCESO":null,"ACCESIBIL":null,"UBI":null,"COLONIA":null,"TRONCO":null,"CFE":null},"geometry":{"type":"Point","coordinates":[370896.883,2837498.00308]}},{"type":"Feature","properties":{"LONG":null,"LAT":null,"NOMCIEN":"Koelreuteria","NOMCOM":"Koelreuteria, flama china","ORIGEN":"Introducida","ALTURA":6.6,"DAP":22.1,"OBJECTID":903,"FECHA LEV":2015,"SALUD":null,"PROYE":null,"ACCESO":null,"ACCESIBIL":null,"UBI":null,"COLONIA":null,"TRONCO":null,"CFE":null},"geometry":{"type":"Point","coordinates":[370912.009,2837491.32908]}},{"type":"Feature","properties":{"LONG":null,"LAT":null,"NOMCIEN":"Fraxinus americana","NOMCOM":"Fresno blanco americano","ORIGEN":"Nativa","ALTURA":7.7,"DAP":48.5,"OBJECTID":904,"FECHA LEV":2015,"SALUD":null,"PROYE":null,"ACCESO":null,"ACCESIBIL":null,"UBI":null,"COLONIA":null,"TRONCO":null,"CFE":null},"geometry":{"type":"Point","coordinates":[370920.608,2837490.56208]}},{"type":"Feature","properties":{"LONG":null,"LAT":null,"NOMCIEN":"Koelreuteria","NOMCOM":"Koelreuteria, flama china","ORIGEN":"Introducida","ALTURA":6.1,"DAP":20.7,"OBJECTID":905,"FECHA LEV":2015,"SALUD":null,"PROYE":null,"ACCESO":null,"ACCESIBIL":null,"UBI":null,"COLONIA":null,"TRONCO":null,"CFE":null},"geometry":{"type":"Point","coordinates":[370928.604,2837490.20908]}},{"type":"Feature","properties":{"LONG":null,"LAT":null,"NOMCIEN":"Fraxinus americana","NOMCOM":"Fresno blanco americano","ORIGEN":"Nativa","ALTURA":8.4,"DAP":31.2,"OBJECTID":906,"FECHA LEV":2015,"SALUD":null,"PROYE":null,"ACCESO":null,"ACCESIBIL":null,"UBI":null,"COLONIA":null,"TRONCO":null,"CFE":null},"geometry":{"type":"Point","coordinates":[371030.549,2837669.66408]}},{"type":"Feature","properties":{"LONG":null,"LAT":null,"NOMCIEN":"Fraxinus americana","NOMCOM":"Fresno blanco americano","ORIGEN":"Nativa","ALTURA":8.1,"DAP":34.3,"OBJECTID":907,"FECHA LEV":2015,"SALUD":null,"PROYE":null,"ACCESO":null,"ACCESIBIL":null,"UBI":null,"COLONIA":null,"TRONCO":null,"CFE":null},"geometry":{"type":"Point","coordinates":[370936.678,2837490.02108]}},{"type":"Feature","properties":{"LONG":null,"LAT":null,"NOMCIEN":"Koelreuteria","NOMCOM":"Koelreuteria, flama china","ORIGEN":"Introducida","ALTURA":2.3,"DAP":6.9,"OBJECTID":908,"FECHA LEV":2015,"SALUD":null,"PROYE":null,"ACCESO":null,"ACCESIBIL":null,"UBI":null,"COLONIA":null,"TRONCO":null,"CFE":null},"geometry":{"type":"Point","coordinates":[370954.957,2837487.26208]}},{"type":"Feature","properties":{"LONG":null,"LAT":null,"NOMCIEN":"Triadica sebifera","NOMCOM":"Chinese, árbol del sebo","ORIGEN":"Introducida","ALTURA":16.7,"DAP":35.5,"OBJECTID":909,"FECHA LEV":2015,"SALUD":null,"PROYE":null,"ACCESO":null,"ACCESIBIL":null,"UBI":null,"COLONIA":null,"TRONCO":null,"CFE":null},"geometry":{"type":"Point","coordinates":[370853.246,2837582.23008]}},{"type":"Feature","properties":{"LONG":null,"LAT":null,"NOMCIEN":"Fraxinus americana","NOMCOM":"Fresno blanco americano","ORIGEN":"Nativa","ALTURA":10.8,"DAP":42.3,"OBJECTID":910,"FECHA LEV":2015,"SALUD":null,"PROYE":null,"ACCESO":null,"ACCESIBIL":null,"UBI":null,"COLONIA":null,"TRONCO":null,"CFE":null},"geometry":{"type":"Point","coordinates":[370947.788,2837475.34508]}},{"type":"Feature","properties":{"LONG":null,"LAT":null,"NOMCIEN":"Fraxinus americana","NOMCOM":"Fresno blanco americano","ORIGEN":"Nativa","ALTURA":8.8,"DAP":26.5,"OBJECTID":911,"FECHA LEV":2015,"SALUD":null,"PROYE":null,"ACCESO":null,"ACCESIBIL":null,"UBI":null,"COLONIA":null,"TRONCO":null,"CFE":null},"geometry":{"type":"Point","coordinates":[370947.812,2837465.63508]}},{"type":"Feature","properties":{"LONG":null,"LAT":null,"NOMCIEN":"Fraxinus americana","NOMCOM":"Fresno blanco americano","ORIGEN":"Nativa","ALTURA":12.4,"DAP":44.6,"OBJECTID":912,"FECHA LEV":2015,"SALUD":null,"PROYE":null,"ACCESO":null,"ACCESIBIL":null,"UBI":null,"COLONIA":null,"TRONCO":null,"CFE":null},"geometry":{"type":"Point","coordinates":[370893.924,2837489.86008]}},{"type":"Feature","properties":{"LONG":null,"LAT":null,"NOMCIEN":"Fraxinus americana","NOMCOM":"Fresno blanco americano","ORIGEN":"Nativa","ALTURA":8.6,"DAP":18.0,"OBJECTID":913,"FECHA LEV":2015,"SALUD":null,"PROYE":null,"ACCESO":null,"ACCESIBIL":null,"UBI":null,"COLONIA":null,"TRONCO":null,"CFE":null},"geometry":{"type":"Point","coordinates":[370898.71,2837482.23308]}},{"type":"Feature","properties":{"LONG":null,"LAT":null,"NOMCIEN":"Fraxinus americana","NOMCOM":"Fresno blanco americano","ORIGEN":"Nativa","ALTURA":8.2,"DAP":21.8,"OBJECTID":914,"FECHA LEV":2015,"SALUD":null,"PROYE":null,"ACCESO":null,"ACCESIBIL":null,"UBI":null,"COLONIA":null,"TRONCO":null,"CFE":null},"geometry":{"type":"Point","coordinates":[370909.437,2837469.13308]}},{"type":"Feature","properties":{"LONG":null,"LAT":null,"NOMCIEN":"Fraxinus americana","NOMCOM":"Fresno blanco americano","ORIGEN":"Nativa","ALTURA":8.7,"DAP":20.8,"OBJECTID":915,"FECHA LEV":2015,"SALUD":null,"PROYE":null,"ACCESO":null,"ACCESIBIL":null,"UBI":null,"COLONIA":null,"TRONCO":null,"CFE":null},"geometry":{"type":"Point","coordinates":[370915.01,2837467.29208]}},{"type":"Feature","properties":{"LONG":null,"LAT":null,"NOMCIEN":"Fraxinus americana","NOMCOM":"Fresno blanco americano","ORIGEN":"Nativa","ALTURA":6.7,"DAP":35.7,"OBJECTID":916,"FECHA LEV":2015,"SALUD":null,"PROYE":null,"ACCESO":null,"ACCESIBIL":null,"UBI":null,"COLONIA":null,"TRONCO":null,"CFE":null},"geometry":{"type":"Point","coordinates":[370914.807,2837461.98808]}},{"type":"Feature","properties":{"LONG":null,"LAT":null,"NOMCIEN":"Fraxinus americana","NOMCOM":"Fresno blanco americano","ORIGEN":"Nativa","ALTURA":6.7,"DAP":39.8,"OBJECTID":917,"FECHA LEV":2015,"SALUD":null,"PROYE":null,"ACCESO":null,"ACCESIBIL":null,"UBI":null,"COLONIA":null,"TRONCO":null,"CFE":null},"geometry":{"type":"Point","coordinates":[370925.992,2837447.21008]}},{"type":"Feature","properties":{"LONG":null,"LAT":null,"NOMCIEN":"Fraxinus americana","NOMCOM":"Fresno blanco americano","ORIGEN":"Nativa","ALTURA":7.9,"DAP":17.8,"OBJECTID":918,"FECHA LEV":2015,"SALUD":null,"PROYE":null,"ACCESO":null,"ACCESIBIL":null,"UBI":null,"COLONIA":null,"TRONCO":null,"CFE":null},"geometry":{"type":"Point","coordinates":[370932.6,2837448.00308]}},{"type":"Feature","properties":{"LONG":null,"LAT":null,"NOMCIEN":"Fraxinus americana","NOMCOM":"Fresno blanco americano","ORIGEN":"Nativa","ALTURA":6.7,"DAP":25.6,"OBJECTID":919,"FECHA LEV":2015,"SALUD":null,"PROYE":null,"ACCESO":null,"ACCESIBIL":null,"UBI":null,"COLONIA":null,"TRONCO":null,"CFE":null},"geometry":{"type":"Point","coordinates":[370931.484,2837440.76008]}},{"type":"Feature","properties":{"LONG":null,"LAT":null,"NOMCIEN":"Triadica sebifera","NOMCOM":"Chinese, árbol del sebo","ORIGEN":"Introducida","ALTURA":14.2,"DAP":21.1,"OBJECTID":920,"FECHA LEV":2015,"SALUD":null,"PROYE":null,"ACCESO":null,"ACCESIBIL":null,"UBI":null,"COLONIA":null,"TRONCO":null,"CFE":null},"geometry":{"type":"Point","coordinates":[370849.591,2837578.27108]}},{"type":"Feature","properties":{"LONG":null,"LAT":null,"NOMCIEN":"Fraxinus americana","NOMCOM":"Fresno blanco americano","ORIGEN":"Nativa","ALTURA":8.5,"DAP":20.5,"OBJECTID":921,"FECHA LEV":2015,"SALUD":null,"PROYE":null,"ACCESO":null,"ACCESIBIL":null,"UBI":null,"COLONIA":null,"TRONCO":null,"CFE":null},"geometry":{"type":"Point","coordinates":[370936.891,2837433.28308]}},{"type":"Feature","properties":{"LONG":null,"LAT":null,"NOMCIEN":"Fraxinus americana","NOMCOM":"Fresno blanco americano","ORIGEN":"Nativa","ALTURA":7.4,"DAP":33.5,"OBJECTID":922,"FECHA LEV":2015,"SALUD":null,"PROYE":null,"ACCESO":null,"ACCESIBIL":null,"UBI":null,"COLONIA":null,"TRONCO":null,"CFE":null},"geometry":{"type":"Point","coordinates":[370940.536,2837428.82908]}},{"type":"Feature","properties":{"LONG":null,"LAT":null,"NOMCIEN":"Fraxinus americana","NOMCOM":"Fresno blanco americano","ORIGEN":"Nativa","ALTURA":6.7,"DAP":22.1,"OBJECTID":923,"FECHA LEV":2015,"SALUD":null,"PROYE":null,"ACCESO":null,"ACCESIBIL":null,"UBI":null,"COLONIA":null,"TRONCO":null,"CFE":null},"geometry":{"type":"Point","coordinates":[370945.478,2837431.89508]}},{"type":"Feature","properties":{"LONG":null,"LAT":null,"NOMCIEN":"Quercus fusiformis","NOMCOM":"Encino siempreverde, encino molino","ORIGEN":"Nativa","ALTURA":4.6,"DAP":14.1,"OBJECTID":924,"FECHA LEV":2015,"SALUD":null,"PROYE":null,"ACCESO":null,"ACCESIBIL":null,"UBI":null,"COLONIA":null,"TRONCO":null,"CFE":null},"geometry":{"type":"Point","coordinates":[370985.519,2837421.04008]}},{"type":"Feature","properties":{"LONG":null,"LAT":null,"NOMCIEN":"Triadica sebifera","NOMCOM":"Chinese, árbol del sebo","ORIGEN":"Introducida","ALTURA":10.8,"DAP":34.2,"OBJECTID":925,"FECHA LEV":2015,"SALUD":null,"PROYE":null,"ACCESO":null,"ACCESIBIL":null,"UBI":null,"COLONIA":null,"TRONCO":null,"CFE":null},"geometry":{"type":"Point","coordinates":[371001.552,2837461.97308]}},{"type":"Feature","properties":{"LONG":null,"LAT":null,"NOMCIEN":"Triadica sebifera","NOMCOM":"Chinese, árbol del sebo","ORIGEN":"Introducida","ALTURA":12.2,"DAP":35.1,"OBJECTID":926,"FECHA LEV":2015,"SALUD":null,"PROYE":null,"ACCESO":null,"ACCESIBIL":null,"UBI":null,"COLONIA":null,"TRONCO":null,"CFE":null},"geometry":{"type":"Point","coordinates":[371005.129,2837482.56508]}},{"type":"Feature","properties":{"LONG":null,"LAT":null,"NOMCIEN":"Cupressus sempervirens","NOMCOM":"Ciprés mediterráneo, ciprés italiano, ciprés pincel","ORIGEN":"Introducida","ALTURA":9.1,"DAP":18.0,"OBJECTID":927,"FECHA LEV":2015,"SALUD":null,"PROYE":null,"ACCESO":null,"ACCESIBIL":null,"UBI":null,"COLONIA":null,"TRONCO":null,"CFE":null},"geometry":{"type":"Point","coordinates":[371002.882,2837421.75408]}},{"type":"Feature","properties":{"LONG":null,"LAT":null,"NOMCIEN":"Cupressus sempervirens","NOMCOM":"Ciprés mediterráneo, ciprés italiano, ciprés pincel","ORIGEN":"Introducida","ALTURA":10.1,"DAP":16.2,"OBJECTID":928,"FECHA LEV":2015,"SALUD":null,"PROYE":null,"ACCESO":null,"ACCESIBIL":null,"UBI":null,"COLONIA":null,"TRONCO":null,"CFE":null},"geometry":{"type":"Point","coordinates":[371005.913,2837426.55108]}},{"type":"Feature","properties":{"LONG":null,"LAT":null,"NOMCIEN":"Cupressus sempervirens","NOMCOM":"Ciprés mediterráneo, ciprés italiano, ciprés pincel","ORIGEN":"Introducida","ALTURA":9.9,"DAP":16.0,"OBJECTID":929,"FECHA LEV":2015,"SALUD":null,"PROYE":null,"ACCESO":null,"ACCESIBIL":null,"UBI":null,"COLONIA":null,"TRONCO":null,"CFE":null},"geometry":{"type":"Point","coordinates":[371006.14,2837431.81408]}},{"type":"Feature","properties":{"LONG":null,"LAT":null,"NOMCIEN":"Cupressus sempervirens","NOMCOM":"Ciprés mediterráneo, ciprés italiano, ciprés pincel","ORIGEN":"Introducida","ALTURA":11.2,"DAP":14.8,"OBJECTID":930,"FECHA LEV":2015,"SALUD":null,"PROYE":null,"ACCESO":null,"ACCESIBIL":null,"UBI":null,"COLONIA":null,"TRONCO":null,"CFE":null},"geometry":{"type":"Point","coordinates":[371005.966,2837434.81808]}},{"type":"Feature","properties":{"LONG":null,"LAT":null,"NOMCIEN":"Fraxinus americana","NOMCOM":"Fresno blanco americano","ORIGEN":"Nativa","ALTURA":15.5,"DAP":42.1,"OBJECTID":931,"FECHA LEV":2015,"SALUD":null,"PROYE":null,"ACCESO":null,"ACCESIBIL":null,"UBI":null,"COLONIA":null,"TRONCO":null,"CFE":null},"geometry":{"type":"Point","coordinates":[370844.949,2837572.60908]}},{"type":"Feature","properties":{"LONG":null,"LAT":null,"NOMCIEN":"Cupressus sempervirens","NOMCOM":"Ciprés mediterráneo, ciprés italiano, ciprés pincel","ORIGEN":"Introducida","ALTURA":8.0,"DAP":8.2,"OBJECTID":932,"FECHA LEV":2015,"SALUD":null,"PROYE":null,"ACCESO":null,"ACCESIBIL":null,"UBI":null,"COLONIA":null,"TRONCO":null,"CFE":null},"geometry":{"type":"Point","coordinates":[371006.061,2837437.88808]}},{"type":"Feature","properties":{"LONG":null,"LAT":null,"NOMCIEN":"Cupressus sempervirens","NOMCOM":"Ciprés mediterráneo, ciprés italiano, ciprés pincel","ORIGEN":"Introducida","ALTURA":6.1,"DAP":7.0,"OBJECTID":933,"FECHA LEV":2015,"SALUD":null,"PROYE":null,"ACCESO":null,"ACCESIBIL":null,"UBI":null,"COLONIA":null,"TRONCO":null,"CFE":null},"geometry":{"type":"Point","coordinates":[371007.718,2837459.33408]}},{"type":"Feature","properties":{"LONG":null,"LAT":null,"NOMCIEN":"Cupressus sempervirens","NOMCOM":"Ciprés mediterráneo, ciprés italiano, ciprés pincel","ORIGEN":"Introducida","ALTURA":12.0,"DAP":16.9,"OBJECTID":934,"FECHA LEV":2015,"SALUD":null,"PROYE":null,"ACCESO":null,"ACCESIBIL":null,"UBI":null,"COLONIA":null,"TRONCO":null,"CFE":null},"geometry":{"type":"Point","coordinates":[371008.108,2837462.57708]}},{"type":"Feature","properties":{"LONG":null,"LAT":null,"NOMCIEN":"Cupressus sempervirens","NOMCOM":"Ciprés mediterráneo, ciprés italiano, ciprés pincel","ORIGEN":"Introducida","ALTURA":10.3,"DAP":12.2,"OBJECTID":935,"FECHA LEV":2015,"SALUD":null,"PROYE":null,"ACCESO":null,"ACCESIBIL":null,"UBI":null,"COLONIA":null,"TRONCO":null,"CFE":null},"geometry":{"type":"Point","coordinates":[371009.655,2837472.21208]}},{"type":"Feature","properties":{"LONG":null,"LAT":null,"NOMCIEN":"Cupressus sempervirens","NOMCOM":"Ciprés mediterráneo, ciprés italiano, ciprés pincel","ORIGEN":"Introducida","ALTURA":11.0,"DAP":13.7,"OBJECTID":936,"FECHA LEV":2015,"SALUD":null,"PROYE":null,"ACCESO":null,"ACCESIBIL":null,"UBI":null,"COLONIA":null,"TRONCO":null,"CFE":null},"geometry":{"type":"Point","coordinates":[371011.618,2837482.91208]}},{"type":"Feature","properties":{"LONG":null,"LAT":null,"NOMCIEN":"Cupressus sempervirens","NOMCOM":"Ciprés mediterráneo, ciprés italiano, ciprés pincel","ORIGEN":"Introducida","ALTURA":11.2,"DAP":11.0,"OBJECTID":937,"FECHA LEV":2015,"SALUD":null,"PROYE":null,"ACCESO":null,"ACCESIBIL":null,"UBI":null,"COLONIA":null,"TRONCO":null,"CFE":null},"geometry":{"type":"Point","coordinates":[371011.874,2837486.02308]}},{"type":"Feature","properties":{"LONG":null,"LAT":null,"NOMCIEN":"Cupressus sempervirens","NOMCOM":"Ciprés mediterráneo, ciprés italiano, ciprés pincel","ORIGEN":"Introducida","ALTURA":4.4,"DAP":5.5,"OBJECTID":938,"FECHA LEV":2015,"SALUD":null,"PROYE":null,"ACCESO":null,"ACCESIBIL":null,"UBI":null,"COLONIA":null,"TRONCO":null,"CFE":null},"geometry":{"type":"Point","coordinates":[371012.547,2837495.16008]}},{"type":"Feature","properties":{"LONG":null,"LAT":null,"NOMCIEN":"Cupressus sempervirens","NOMCOM":"Ciprés mediterráneo, ciprés italiano, ciprés pincel","ORIGEN":"Introducida","ALTURA":11.3,"DAP":17.0,"OBJECTID":939,"FECHA LEV":2015,"SALUD":null,"PROYE":null,"ACCESO":null,"ACCESIBIL":null,"UBI":null,"COLONIA":null,"TRONCO":null,"CFE":null},"geometry":{"type":"Point","coordinates":[371012.669,2837497.13908]}},{"type":"Feature","properties":{"LONG":null,"LAT":null,"NOMCIEN":"Cupressus sempervirens","NOMCOM":"Ciprés mediterráneo, ciprés italiano, ciprés pincel","ORIGEN":"Introducida","ALTURA":9.8,"DAP":9.2,"OBJECTID":940,"FECHA LEV":2015,"SALUD":null,"PROYE":null,"ACCESO":null,"ACCESIBIL":null,"UBI":null,"COLONIA":null,"TRONCO":null,"CFE":null},"geometry":{"type":"Point","coordinates":[371012.79,2837499.71108]}},{"type":"Feature","properties":{"LONG":null,"LAT":null,"NOMCIEN":"Cupressus sempervirens","NOMCOM":"Ciprés mediterráneo, ciprés italiano, ciprés pincel","ORIGEN":"Introducida","ALTURA":8.7,"DAP":10.7,"OBJECTID":941,"FECHA LEV":2015,"SALUD":null,"PROYE":null,"ACCESO":null,"ACCESIBIL":null,"UBI":null,"COLONIA":null,"TRONCO":null,"CFE":null},"geometry":{"type":"Point","coordinates":[371013.275,2837506.93908]}},{"type":"Feature","properties":{"LONG":null,"LAT":null,"NOMCIEN":"Triadica sebifera","NOMCOM":"Chinese, árbol del sebo","ORIGEN":"Introducida","ALTURA":8.6,"DAP":22.1,"OBJECTID":942,"FECHA LEV":2015,"SALUD":null,"PROYE":null,"ACCESO":null,"ACCESIBIL":null,"UBI":null,"COLONIA":null,"TRONCO":null,"CFE":null},"geometry":{"type":"Point","coordinates":[370839.776,2837566.22608]}},{"type":"Feature","properties":{"LONG":null,"LAT":null,"NOMCIEN":"Cupressus sempervirens","NOMCOM":"Ciprés mediterráneo, ciprés italiano, ciprés pincel","ORIGEN":"Introducida","ALTURA":8.7,"DAP":14.7,"OBJECTID":943,"FECHA LEV":2015,"SALUD":null,"PROYE":null,"ACCESO":null,"ACCESIBIL":null,"UBI":null,"COLONIA":null,"TRONCO":null,"CFE":null},"geometry":{"type":"Point","coordinates":[371013.141,2837508.36708]}},{"type":"Feature","properties":{"LONG":null,"LAT":null,"NOMCIEN":"Cupressus sempervirens","NOMCOM":"Ciprés mediterráneo, ciprés italiano, ciprés pincel","ORIGEN":"Introducida","ALTURA":9.9,"DAP":14.7,"OBJECTID":944,"FECHA LEV":2015,"SALUD":null,"PROYE":null,"ACCESO":null,"ACCESIBIL":null,"UBI":null,"COLONIA":null,"TRONCO":null,"CFE":null},"geometry":{"type":"Point","coordinates":[371013.222,2837509.71308]}},{"type":"Feature","properties":{"LONG":null,"LAT":null,"NOMCIEN":"Cupressus sempervirens","NOMCOM":"Ciprés mediterráneo, ciprés italiano, ciprés pincel","ORIGEN":"Introducida","ALTURA":7.3,"DAP":8.5,"OBJECTID":945,"FECHA LEV":2015,"SALUD":null,"PROYE":null,"ACCESO":null,"ACCESIBIL":null,"UBI":null,"COLONIA":null,"TRONCO":null,"CFE":null},"geometry":{"type":"Point","coordinates":[371013.196,2837511.14108]}},{"type":"Feature","properties":{"LONG":null,"LAT":null,"NOMCIEN":"Cupressus sempervirens","NOMCOM":"Ciprés mediterráneo, ciprés italiano, ciprés pincel","ORIGEN":"Introducida","ALTURA":9.3,"DAP":13.5,"OBJECTID":946,"FECHA LEV":2015,"SALUD":null,"PROYE":null,"ACCESO":null,"ACCESIBIL":null,"UBI":null,"COLONIA":null,"TRONCO":null,"CFE":null},"geometry":{"type":"Point","coordinates":[371014.096,2837519.10708]}},{"type":"Feature","properties":{"LONG":null,"LAT":null,"NOMCIEN":"Cupressus sempervirens","NOMCOM":"Ciprés mediterráneo, ciprés italiano, ciprés pincel","ORIGEN":"Introducida","ALTURA":8.7,"DAP":10.0,"OBJECTID":947,"FECHA LEV":2015,"SALUD":null,"PROYE":null,"ACCESO":null,"ACCESIBIL":null,"UBI":null,"COLONIA":null,"TRONCO":null,"CFE":null},"geometry":{"type":"Point","coordinates":[371015.725,2837535.97308]}},{"type":"Feature","properties":{"LONG":null,"LAT":null,"NOMCIEN":"Cupressus sempervirens","NOMCOM":"Ciprés mediterráneo, ciprés italiano, ciprés pincel","ORIGEN":"Introducida","ALTURA":4.5,"DAP":5.0,"OBJECTID":948,"FECHA LEV":2015,"SALUD":null,"PROYE":null,"ACCESO":null,"ACCESIBIL":null,"UBI":null,"COLONIA":null,"TRONCO":null,"CFE":null},"geometry":{"type":"Point","coordinates":[371017.341,2837542.67408]}},{"type":"Feature","properties":{"LONG":null,"LAT":null,"NOMCIEN":"Cupressus sempervirens","NOMCOM":"Ciprés mediterráneo, ciprés italiano, ciprés pincel","ORIGEN":"Introducida","ALTURA":10.9,"DAP":11.1,"OBJECTID":949,"FECHA LEV":2015,"SALUD":null,"PROYE":null,"ACCESO":null,"ACCESIBIL":null,"UBI":null,"COLONIA":null,"TRONCO":null,"CFE":null},"geometry":{"type":"Point","coordinates":[371017.597,2837546.45608]}},{"type":"Feature","properties":{"LONG":null,"LAT":null,"NOMCIEN":"Fraxinus americana","NOMCOM":"Fresno blanco americano","ORIGEN":"Nativa","ALTURA":9.8,"DAP":61.8,"OBJECTID":950,"FECHA LEV":2015,"SALUD":null,"PROYE":null,"ACCESO":null,"ACCESIBIL":null,"UBI":null,"COLONIA":null,"TRONCO":null,"CFE":null},"geometry":{"type":"Point","coordinates":[371006.41,2837441.01108]}},{"type":"Feature","properties":{"LONG":null,"LAT":null,"NOMCIEN":"Fraxinus americana","NOMCOM":"Fresno blanco americano","ORIGEN":"Nativa","ALTURA":9.5,"DAP":43.5,"OBJECTID":951,"FECHA LEV":2015,"SALUD":null,"PROYE":null,"ACCESO":null,"ACCESIBIL":null,"UBI":null,"COLONIA":null,"TRONCO":null,"CFE":null},"geometry":{"type":"Point","coordinates":[371007.529,2837455.89008]}},{"type":"Feature","properties":{"LONG":null,"LAT":null,"NOMCIEN":"Fraxinus americana","NOMCOM":"Fresno blanco americano","ORIGEN":"Nativa","ALTURA":14.9,"DAP":52.0,"OBJECTID":952,"FECHA LEV":2015,"SALUD":null,"PROYE":null,"ACCESO":null,"ACCESIBIL":null,"UBI":null,"COLONIA":null,"TRONCO":null,"CFE":null},"geometry":{"type":"Point","coordinates":[371010.341,2837476.49108]}},{"type":"Feature","properties":{"LONG":null,"LAT":null,"NOMCIEN":"Fraxinus americana","NOMCOM":"Fresno blanco americano","ORIGEN":"Nativa","ALTURA":15.7,"DAP":35.6,"OBJECTID":953,"FECHA LEV":2015,"SALUD":null,"PROYE":null,"ACCESO":null,"ACCESIBIL":null,"UBI":null,"COLONIA":null,"TRONCO":null,"CFE":null},"geometry":{"type":"Point","coordinates":[370846.577,2837567.74808]}},{"type":"Feature","properties":{"LONG":null,"LAT":null,"NOMCIEN":"Fraxinus americana","NOMCOM":"Fresno blanco americano","ORIGEN":"Nativa","ALTURA":10.5,"DAP":55.6,"OBJECTID":954,"FECHA LEV":2015,"SALUD":null,"PROYE":null,"ACCESO":null,"ACCESIBIL":null,"UBI":null,"COLONIA":null,"TRONCO":null,"CFE":null},"geometry":{"type":"Point","coordinates":[371011.31,2837491.40408]}},{"type":"Feature","properties":{"LONG":null,"LAT":null,"NOMCIEN":"Fraxinus americana","NOMCOM":"Fresno blanco americano","ORIGEN":"Nativa","ALTURA":10.2,"DAP":55.7,"OBJECTID":955,"FECHA LEV":2015,"SALUD":null,"PROYE":null,"ACCESO":null,"ACCESIBIL":null,"UBI":null,"COLONIA":null,"TRONCO":null,"CFE":null},"geometry":{"type":"Point","coordinates":[371012.196,2837503.34508]}},{"type":"Feature","properties":{"LONG":null,"LAT":null,"NOMCIEN":"Fraxinus americana","NOMCOM":"Fresno blanco americano","ORIGEN":"Nativa","ALTURA":7.0,"DAP":35.7,"OBJECTID":956,"FECHA LEV":2015,"SALUD":null,"PROYE":null,"ACCESO":null,"ACCESIBIL":null,"UBI":null,"COLONIA":null,"TRONCO":null,"CFE":null},"geometry":{"type":"Point","coordinates":[371013.841,2837514.15508]}},{"type":"Feature","properties":{"LONG":null,"LAT":null,"NOMCIEN":"Fraxinus americana","NOMCOM":"Fresno blanco americano","ORIGEN":"Nativa","ALTURA":9.8,"DAP":79.9,"OBJECTID":957,"FECHA LEV":2015,"SALUD":null,"PROYE":null,"ACCESO":null,"ACCESIBIL":null,"UBI":null,"COLONIA":null,"TRONCO":null,"CFE":null},"geometry":{"type":"Point","coordinates":[371015.563,2837526.56508]}},{"type":"Feature","properties":{"LONG":null,"LAT":null,"NOMCIEN":"Fraxinus americana","NOMCOM":"Fresno blanco americano","ORIGEN":"Nativa","ALTURA":9.2,"DAP":69.4,"OBJECTID":958,"FECHA LEV":2015,"SALUD":null,"PROYE":null,"ACCESO":null,"ACCESIBIL":null,"UBI":null,"COLONIA":null,"TRONCO":null,"CFE":null},"geometry":{"type":"Point","coordinates":[371015.956,2837539.41708]}},{"type":"Feature","properties":{"LONG":null,"LAT":null,"NOMCIEN":"Fraxinus americana","NOMCOM":"Fresno blanco americano","ORIGEN":"Nativa","ALTURA":10.0,"DAP":65.0,"OBJECTID":959,"FECHA LEV":2015,"SALUD":null,"PROYE":null,"ACCESO":null,"ACCESIBIL":null,"UBI":null,"COLONIA":null,"TRONCO":null,"CFE":null},"geometry":{"type":"Point","coordinates":[371017.059,2837551.09908]}},{"type":"Feature","properties":{"LONG":null,"LAT":null,"NOMCIEN":"Fraxinus americana","NOMCOM":"Fresno blanco americano","ORIGEN":"Nativa","ALTURA":10.2,"DAP":77.0,"OBJECTID":960,"FECHA LEV":2015,"SALUD":null,"PROYE":null,"ACCESO":null,"ACCESIBIL":null,"UBI":null,"COLONIA":null,"TRONCO":null,"CFE":null},"geometry":{"type":"Point","coordinates":[371017.99,2837563.87208]}},{"type":"Feature","properties":{"LONG":null,"LAT":null,"NOMCIEN":"Fraxinus americana","NOMCOM":"Fresno blanco americano","ORIGEN":"Nativa","ALTURA":12.0,"DAP":73.3,"OBJECTID":961,"FECHA LEV":2015,"SALUD":null,"PROYE":null,"ACCESO":null,"ACCESIBIL":null,"UBI":null,"COLONIA":null,"TRONCO":null,"CFE":null},"geometry":{"type":"Point","coordinates":[371018.688,2837576.25508]}},{"type":"Feature","properties":{"LONG":null,"LAT":null,"NOMCIEN":"Fraxinus americana","NOMCOM":"Fresno blanco americano","ORIGEN":"Nativa","ALTURA":9.7,"DAP":41.7,"OBJECTID":962,"FECHA LEV":2015,"SALUD":null,"PROYE":null,"ACCESO":null,"ACCESIBIL":null,"UBI":null,"COLONIA":null,"TRONCO":null,"CFE":null},"geometry":{"type":"Point","coordinates":[371011.529,2837581.42308]}},{"type":"Feature","properties":{"LONG":null,"LAT":null,"NOMCIEN":"Fraxinus americana","NOMCOM":"Fresno blanco americano","ORIGEN":"Nativa","ALTURA":10.8,"DAP":40.6,"OBJECTID":963,"FECHA LEV":2015,"SALUD":null,"PROYE":null,"ACCESO":null,"ACCESIBIL":null,"UBI":null,"COLONIA":null,"TRONCO":null,"CFE":null},"geometry":{"type":"Point","coordinates":[371000.802,2837585.95708]}},{"type":"Feature","properties":{"LONG":null,"LAT":null,"NOMCIEN":"Fraxinus americana","NOMCOM":"Fresno blanco americano","ORIGEN":"Nativa","ALTURA":13.3,"DAP":42.8,"OBJECTID":964,"FECHA LEV":2015,"SALUD":null,"PROYE":null,"ACCESO":null,"ACCESIBIL":null,"UBI":null,"COLONIA":null,"TRONCO":null,"CFE":null},"geometry":{"type":"Point","coordinates":[370828.727,2837574.42408]}},{"type":"Feature","properties":{"LONG":null,"LAT":null,"NOMCIEN":"Fraxinus americana","NOMCOM":"Fresno blanco americano","ORIGEN":"Nativa","ALTURA":11.0,"DAP":45.7,"OBJECTID":965,"FECHA LEV":2015,"SALUD":null,"PROYE":null,"ACCESO":null,"ACCESIBIL":null,"UBI":null,"COLONIA":null,"TRONCO":null,"CFE":null},"geometry":{"type":"Point","coordinates":[370966.145,2837576.74308]}},{"type":"Feature","properties":{"LONG":null,"LAT":null,"NOMCIEN":"Morus alba","NOMCOM":"Morera","ORIGEN":"Introducida","ALTURA":13.1,"DAP":43.5,"OBJECTID":966,"FECHA LEV":2015,"SALUD":null,"PROYE":null,"ACCESO":null,"ACCESIBIL":null,"UBI":null,"COLONIA":null,"TRONCO":null,"CFE":null},"geometry":{"type":"Point","coordinates":[370952.654,2837577.53308]}},{"type":"Feature","properties":{"LONG":null,"LAT":null,"NOMCIEN":"Ficus benjamina","NOMCOM":"Laurel de la India, amate, ficus","ORIGEN":"Introducida","ALTURA":15.2,"DAP":54.2,"OBJECTID":967,"FECHA LEV":2015,"SALUD":null,"PROYE":null,"ACCESO":null,"ACCESIBIL":null,"UBI":null,"COLONIA":null,"TRONCO":null,"CFE":null},"geometry":{"type":"Point","coordinates":[370947.434,2837578.57208]}},{"type":"Feature","properties":{"LONG":null,"LAT":null,"NOMCIEN":"Triadica sebifera","NOMCOM":"Chinese, árbol del sebo","ORIGEN":"Introducida","ALTURA":11.0,"DAP":33.9,"OBJECTID":968,"FECHA LEV":2015,"SALUD":null,"PROYE":null,"ACCESO":null,"ACCESIBIL":null,"UBI":null,"COLONIA":null,"TRONCO":null,"CFE":null},"geometry":{"type":"Point","coordinates":[370930.497,2837582.76708]}},{"type":"Feature","properties":{"LONG":null,"LAT":null,"NOMCIEN":"Triadica sebifera","NOMCOM":"Chinese, árbol del sebo","ORIGEN":"Introducida","ALTURA":6.4,"DAP":19.9,"OBJECTID":969,"FECHA LEV":2015,"SALUD":null,"PROYE":null,"ACCESO":null,"ACCESIBIL":null,"UBI":null,"COLONIA":null,"TRONCO":null,"CFE":null},"geometry":{"type":"Point","coordinates":[370925.752,2837582.83608]}},{"type":"Feature","properties":{"LONG":null,"LAT":null,"NOMCIEN":"Fraxinus americana","NOMCOM":"Fresno blanco americano","ORIGEN":"Nativa","ALTURA":12.9,"DAP":58.6,"OBJECTID":970,"FECHA LEV":2015,"SALUD":null,"PROYE":null,"ACCESO":null,"ACCESIBIL":null,"UBI":null,"COLONIA":null,"TRONCO":null,"CFE":null},"geometry":{"type":"Point","coordinates":[370959.925,2837576.54008]}},{"type":"Feature","properties":{"LONG":null,"LAT":null,"NOMCIEN":"Fraxinus americana","NOMCOM":"Fresno blanco americano","ORIGEN":"Nativa","ALTURA":10.2,"DAP":120.0,"OBJECTID":971,"FECHA LEV":2015,"SALUD":null,"PROYE":null,"ACCESO":null,"ACCESIBIL":null,"UBI":null,"COLONIA":null,"TRONCO":null,"CFE":null},"geometry":{"type":"Point","coordinates":[370922.766,2837591.07208]}},{"type":"Feature","properties":{"LONG":null,"LAT":null,"NOMCIEN":"Triadica sebifera","NOMCOM":"Chinese, árbol del sebo","ORIGEN":"Introducida","ALTURA":13.2,"DAP":39.8,"OBJECTID":972,"FECHA LEV":2015,"SALUD":null,"PROYE":null,"ACCESO":null,"ACCESIBIL":null,"UBI":null,"COLONIA":null,"TRONCO":null,"CFE":null},"geometry":{"type":"Point","coordinates":[370916.115,2837586.12008]}},{"type":"Feature","properties":{"LONG":null,"LAT":null,"NOMCIEN":"Triadica sebifera","NOMCOM":"Chinese, árbol del sebo","ORIGEN":"Introducida","ALTURA":11.7,"DAP":35.5,"OBJECTID":973,"FECHA LEV":2015,"SALUD":null,"PROYE":null,"ACCESO":null,"ACCESIBIL":null,"UBI":null,"COLONIA":null,"TRONCO":null,"CFE":null},"geometry":{"type":"Point","coordinates":[370910.583,2837587.14508]}},{"type":"Feature","properties":{"LONG":null,"LAT":null,"NOMCIEN":"Fraxinus americana","NOMCOM":"Fresno blanco americano","ORIGEN":"Nativa","ALTURA":9.8,"DAP":29.8,"OBJECTID":974,"FECHA LEV":2015,"SALUD":null,"PROYE":null,"ACCESO":null,"ACCESIBIL":null,"UBI":null,"COLONIA":null,"TRONCO":null,"CFE":null},"geometry":{"type":"Point","coordinates":[370894.787,2837596.97608]}},{"type":"Feature","properties":{"LONG":null,"LAT":null,"NOMCIEN":"Fraxinus americana","NOMCOM":"Fresno blanco americano","ORIGEN":"Nativa","ALTURA":12.4,"DAP":46.1,"OBJECTID":975,"FECHA LEV":2015,"SALUD":null,"PROYE":null,"ACCESO":null,"ACCESIBIL":null,"UBI":null,"COLONIA":null,"TRONCO":null,"CFE":null},"geometry":{"type":"Point","coordinates":[370840.488,2837557.86808]}},{"type":"Feature","properties":{"LONG":null,"LAT":null,"NOMCIEN":"Triadica sebifera","NOMCOM":"Chinese, árbol del sebo","ORIGEN":"Introducida","ALTURA":6.4,"DAP":36.6,"OBJECTID":976,"FECHA LEV":2015,"SALUD":null,"PROYE":null,"ACCESO":null,"ACCESIBIL":null,"UBI":null,"COLONIA":null,"TRONCO":null,"CFE":null},"geometry":{"type":"Point","coordinates":[370894.245,2837590.76708]}},{"type":"Feature","properties":{"LONG":null,"LAT":null,"NOMCIEN":"Triadica sebifera","NOMCOM":"Chinese, árbol del sebo","ORIGEN":"Introducida","ALTURA":12.3,"DAP":36.4,"OBJECTID":977,"FECHA LEV":2015,"SALUD":null,"PROYE":null,"ACCESO":null,"ACCESIBIL":null,"UBI":null,"COLONIA":null,"TRONCO":null,"CFE":null},"geometry":{"type":"Point","coordinates":[370883.733,2837590.95608]}},{"type":"Feature","properties":{"LONG":null,"LAT":null,"NOMCIEN":"Triadica sebifera","NOMCOM":"Chinese, árbol del sebo","ORIGEN":"Introducida","ALTURA":14.0,"DAP":30.3,"OBJECTID":978,"FECHA LEV":2015,"SALUD":null,"PROYE":null,"ACCESO":null,"ACCESIBIL":null,"UBI":null,"COLONIA":null,"TRONCO":null,"CFE":null},"geometry":{"type":"Point","coordinates":[370877.342,2837591.77608]}},{"type":"Feature","properties":{"LONG":null,"LAT":null,"NOMCIEN":"Triadica sebifera","NOMCOM":"Chinese, árbol del sebo","ORIGEN":"Introducida","ALTURA":9.8,"DAP":36.5,"OBJECTID":979,"FECHA LEV":2015,"SALUD":null,"PROYE":null,"ACCESO":null,"ACCESIBIL":null,"UBI":null,"COLONIA":null,"TRONCO":null,"CFE":null},"geometry":{"type":"Point","coordinates":[370861.096,2837599.00808]}},{"type":"Feature","properties":{"LONG":null,"LAT":null,"NOMCIEN":"Cupressus sempervirens","NOMCOM":"Ciprés mediterráneo, ciprés italiano, ciprés pincel","ORIGEN":"Introducida","ALTURA":19.6,"DAP":23.8,"OBJECTID":980,"FECHA LEV":2015,"SALUD":null,"PROYE":null,"ACCESO":null,"ACCESIBIL":null,"UBI":null,"COLONIA":null,"TRONCO":null,"CFE":null},"geometry":{"type":"Point","coordinates":[370865.628,2837575.85208]}},{"type":"Feature","properties":{"LONG":null,"LAT":null,"NOMCIEN":"Cupressus sempervirens","NOMCOM":"Ciprés mediterráneo, ciprés italiano, ciprés pincel","ORIGEN":"Introducida","ALTURA":19.6,"DAP":23.7,"OBJECTID":981,"FECHA LEV":2015,"SALUD":null,"PROYE":null,"ACCESO":null,"ACCESIBIL":null,"UBI":null,"COLONIA":null,"TRONCO":null,"CFE":null},"geometry":{"type":"Point","coordinates":[370865.762,2837573.59108]}},{"type":"Feature","properties":{"LONG":null,"LAT":null,"NOMCIEN":"Cupressus sempervirens","NOMCOM":"Ciprés mediterráneo, ciprés italiano, ciprés pincel","ORIGEN":"Introducida","ALTURA":18.0,"DAP":35.1,"OBJECTID":982,"FECHA LEV":2015,"SALUD":null,"PROYE":null,"ACCESO":null,"ACCESIBIL":null,"UBI":null,"COLONIA":null,"TRONCO":null,"CFE":null},"geometry":{"type":"Point","coordinates":[370865.896,2837570.25408]}},{"type":"Feature","properties":{"LONG":null,"LAT":null,"NOMCIEN":"Cupressus sempervirens","NOMCOM":"Ciprés mediterráneo, ciprés italiano, ciprés pincel","ORIGEN":"Introducida","ALTURA":17.6,"DAP":23.7,"OBJECTID":983,"FECHA LEV":2015,"SALUD":null,"PROYE":null,"ACCESO":null,"ACCESIBIL":null,"UBI":null,"COLONIA":null,"TRONCO":null,"CFE":null},"geometry":{"type":"Point","coordinates":[370865.332,2837567.62808]}},{"type":"Feature","properties":{"LONG":null,"LAT":null,"NOMCIEN":"Cupressus sempervirens","NOMCOM":"Ciprés mediterráneo, ciprés italiano, ciprés pincel","ORIGEN":"Introducida","ALTURA":16.4,"DAP":23.7,"OBJECTID":984,"FECHA LEV":2015,"SALUD":null,"PROYE":null,"ACCESO":null,"ACCESIBIL":null,"UBI":null,"COLONIA":null,"TRONCO":null,"CFE":null},"geometry":{"type":"Point","coordinates":[370865.049,2837564.49108]}},{"type":"Feature","properties":{"LONG":null,"LAT":null,"NOMCIEN":"Fraxinus americana","NOMCOM":"Fresno blanco americano","ORIGEN":"Nativa","ALTURA":13.0,"DAP":68.4,"OBJECTID":985,"FECHA LEV":2015,"SALUD":null,"PROYE":null,"ACCESO":null,"ACCESIBIL":null,"UBI":null,"COLONIA":null,"TRONCO":null,"CFE":null},"geometry":{"type":"Point","coordinates":[370852.375,2837593.52108]}},{"type":"Feature","properties":{"LONG":null,"LAT":null,"NOMCIEN":"Fraxinus americana","NOMCOM":"Fresno blanco americano","ORIGEN":"Nativa","ALTURA":7.6,"DAP":32.0,"OBJECTID":986,"FECHA LEV":2015,"SALUD":null,"PROYE":null,"ACCESO":null,"ACCESIBIL":null,"UBI":null,"COLONIA":null,"TRONCO":null,"CFE":null},"geometry":{"type":"Point","coordinates":[370641.273,2837862.68308]}},{"type":"Feature","properties":{"LONG":null,"LAT":null,"NOMCIEN":"Fraxinus americana","NOMCOM":"Fresno blanco americano","ORIGEN":"Nativa","ALTURA":7.6,"DAP":26.6,"OBJECTID":987,"FECHA LEV":2015,"SALUD":null,"PROYE":null,"ACCESO":null,"ACCESIBIL":null,"UBI":null,"COLONIA":null,"TRONCO":null,"CFE":null},"geometry":{"type":"Point","coordinates":[370731.804,2837773.80008]}},{"type":"Feature","properties":{"LONG":null,"LAT":null,"NOMCIEN":"Fraxinus americana","NOMCOM":"Fresno blanco americano","ORIGEN":"Nativa","ALTURA":5.6,"DAP":15.6,"OBJECTID":988,"FECHA LEV":2015,"SALUD":null,"PROYE":null,"ACCESO":null,"ACCESIBIL":null,"UBI":null,"COLONIA":null,"TRONCO":null,"CFE":null},"geometry":{"type":"Point","coordinates":[370738.36,2837767.31108]}},{"type":"Feature","properties":{"LONG":null,"LAT":null,"NOMCIEN":"Fraxinus americana","NOMCOM":"Fresno blanco americano","ORIGEN":"Nativa","ALTURA":4.7,"DAP":14.7,"OBJECTID":989,"FECHA LEV":2015,"SALUD":null,"PROYE":null,"ACCESO":null,"ACCESIBIL":null,"UBI":null,"COLONIA":null,"TRONCO":null,"CFE":null},"geometry":{"type":"Point","coordinates":[370746.19,2837759.92608]}},{"type":"Feature","properties":{"LONG":null,"LAT":null,"NOMCIEN":"Fraxinus americana","NOMCOM":"Fresno blanco americano","ORIGEN":"Nativa","ALTURA":5.8,"DAP":18.9,"OBJECTID":990,"FECHA LEV":2015,"SALUD":null,"PROYE":null,"ACCESO":null,"ACCESIBIL":null,"UBI":null,"COLONIA":null,"TRONCO":null,"CFE":null},"geometry":{"type":"Point","coordinates":[370750.873,2837754.24908]}},{"type":"Feature","properties":{"LONG":null,"LAT":null,"NOMCIEN":"Fraxinus americana","NOMCOM":"Fresno blanco americano","ORIGEN":"Nativa","ALTURA":7.5,"DAP":26.2,"OBJECTID":991,"FECHA LEV":2015,"SALUD":null,"PROYE":null,"ACCESO":null,"ACCESIBIL":null,"UBI":null,"COLONIA":null,"TRONCO":null,"CFE":null},"geometry":{"type":"Point","coordinates":[370776.675,2837727.25208]}},{"type":"Feature","properties":{"LONG":null,"LAT":null,"NOMCIEN":"Fraxinus americana","NOMCOM":"Fresno blanco americano","ORIGEN":"Nativa","ALTURA":8.5,"DAP":25.9,"OBJECTID":992,"FECHA LEV":2015,"SALUD":null,"PROYE":null,"ACCESO":null,"ACCESIBIL":null,"UBI":null,"COLONIA":null,"TRONCO":null,"CFE":null},"geometry":{"type":"Point","coordinates":[370784.933,2837721.61608]}},{"type":"Feature","properties":{"LONG":null,"LAT":null,"NOMCIEN":"Fraxinus americana","NOMCOM":"Fresno blanco americano","ORIGEN":"Nativa","ALTURA":8.1,"DAP":25.0,"OBJECTID":993,"FECHA LEV":2015,"SALUD":null,"PROYE":null,"ACCESO":null,"ACCESIBIL":null,"UBI":null,"COLONIA":null,"TRONCO":null,"CFE":null},"geometry":{"type":"Point","coordinates":[370790.398,2837714.34408]}},{"type":"Feature","properties":{"LONG":null,"LAT":null,"NOMCIEN":"Fraxinus americana","NOMCOM":"Fresno blanco americano","ORIGEN":"Nativa","ALTURA":6.3,"DAP":31.9,"OBJECTID":994,"FECHA LEV":2015,"SALUD":null,"PROYE":null,"ACCESO":null,"ACCESIBIL":null,"UBI":null,"COLONIA":null,"TRONCO":null,"CFE":null},"geometry":{"type":"Point","coordinates":[370796.704,2837709.72908]}},{"type":"Feature","properties":{"LONG":null,"LAT":null,"NOMCIEN":"Fraxinus americana","NOMCOM":"Fresno blanco americano","ORIGEN":"Nativa","ALTURA":7.8,"DAP":34.0,"OBJECTID":995,"FECHA LEV":2015,"SALUD":null,"PROYE":null,"ACCESO":null,"ACCESIBIL":null,"UBI":null,"COLONIA":null,"TRONCO":null,"CFE":null},"geometry":{"type":"Point","coordinates":[370867.151,2837643.22008]}},{"type":"Feature","properties":{"LONG":null,"LAT":null,"NOMCIEN":"Fraxinus americana","NOMCOM":"Fresno blanco americano","ORIGEN":"Nativa","ALTURA":6.5,"DAP":30.3,"OBJECTID":996,"FECHA LEV":2015,"SALUD":null,"PROYE":null,"ACCESO":null,"ACCESIBIL":null,"UBI":null,"COLONIA":null,"TRONCO":null,"CFE":null},"geometry":{"type":"Point","coordinates":[370885.983,2837643.35108]}},{"type":"Feature","properties":{"LONG":null,"LAT":null,"NOMCIEN":"Fraxinus americana","NOMCOM":"Fresno blanco americano","ORIGEN":"Nativa","ALTURA":8.2,"DAP":24.8,"OBJECTID":997,"FECHA LEV":2015,"SALUD":null,"PROYE":null,"ACCESO":null,"ACCESIBIL":null,"UBI":null,"COLONIA":null,"TRONCO":null,"CFE":null},"geometry":{"type":"Point","coordinates":[370665.104,2837841.63608]}},{"type":"Feature","properties":{"LONG":null,"LAT":null,"NOMCIEN":"Fraxinus americana","NOMCOM":"Fresno blanco americano","ORIGEN":"Nativa","ALTURA":8.1,"DAP":37.2,"OBJECTID":998,"FECHA LEV":2015,"SALUD":null,"PROYE":null,"ACCESO":null,"ACCESIBIL":null,"UBI":null,"COLONIA":null,"TRONCO":null,"CFE":null},"geometry":{"type":"Point","coordinates":[370902.126,2837656.42208]}},{"type":"Feature","properties":{"LONG":null,"LAT":null,"NOMCIEN":"Fraxinus americana","NOMCOM":"Fresno blanco americano","ORIGEN":"Nativa","ALTURA":9.2,"DAP":32.3,"OBJECTID":999,"FECHA LEV":2015,"SALUD":null,"PROYE":null,"ACCESO":null,"ACCESIBIL":null,"UBI":null,"COLONIA":null,"TRONCO":null,"CFE":null},"geometry":{"type":"Point","coordinates":[370940.389,2837686.11908]}},{"type":"Feature","properties":{"LONG":null,"LAT":null,"NOMCIEN":"Fraxinus americana","NOMCOM":"Fresno blanco americano","ORIGEN":"Nativa","ALTURA":6.7,"DAP":26.9,"OBJECTID":1000,"FECHA LEV":2015,"SALUD":null,"PROYE":null,"ACCESO":null,"ACCESIBIL":null,"UBI":null,"COLONIA":null,"TRONCO":null,"CFE":null},"geometry":{"type":"Point","coordinates":[370948.264,2837693.84408]}},{"type":"Feature","properties":{"LONG":null,"LAT":null,"NOMCIEN":"Fraxinus americana","NOMCOM":"Fresno blanco americano","ORIGEN":"Nativa","ALTURA":7.2,"DAP":24.0,"OBJECTID":1001,"FECHA LEV":2015,"SALUD":null,"PROYE":null,"ACCESO":null,"ACCESIBIL":null,"UBI":null,"COLONIA":null,"TRONCO":null,"CFE":null},"geometry":{"type":"Point","coordinates":[370955.995,2837698.93808]}},{"type":"Feature","properties":{"LONG":null,"LAT":null,"NOMCIEN":"Fraxinus americana","NOMCOM":"Fresno blanco americano","ORIGEN":"Nativa","ALTURA":11.0,"DAP":46.7,"OBJECTID":1002,"FECHA LEV":2015,"SALUD":null,"PROYE":null,"ACCESO":null,"ACCESIBIL":null,"UBI":null,"COLONIA":null,"TRONCO":null,"CFE":null},"geometry":{"type":"Point","coordinates":[370961.692,2837703.21008]}},{"type":"Feature","properties":{"LONG":null,"LAT":null,"NOMCIEN":"Fraxinus americana","NOMCOM":"Fresno blanco americano","ORIGEN":"Nativa","ALTURA":8.1,"DAP":27.2,"OBJECTID":1003,"FECHA LEV":2015,"SALUD":null,"PROYE":null,"ACCESO":null,"ACCESIBIL":null,"UBI":null,"COLONIA":null,"TRONCO":null,"CFE":null},"geometry":{"type":"Point","coordinates":[370967.702,2837708.15208]}},{"type":"Feature","properties":{"LONG":null,"LAT":null,"NOMCIEN":"Fraxinus americana","NOMCOM":"Fresno blanco americano","ORIGEN":"Nativa","ALTURA":6.3,"DAP":30.8,"OBJECTID":1004,"FECHA LEV":2015,"SALUD":null,"PROYE":null,"ACCESO":null,"ACCESIBIL":null,"UBI":null,"COLONIA":null,"TRONCO":null,"CFE":null},"geometry":{"type":"Point","coordinates":[370982.383,2837719.17308]}},{"type":"Feature","properties":{"LONG":null,"LAT":null,"NOMCIEN":"Fraxinus americana","NOMCOM":"Fresno blanco americano","ORIGEN":"Nativa","ALTURA":5.4,"DAP":28.9,"OBJECTID":1005,"FECHA LEV":2015,"SALUD":null,"PROYE":null,"ACCESO":null,"ACCESIBIL":null,"UBI":null,"COLONIA":null,"TRONCO":null,"CFE":null},"geometry":{"type":"Point","coordinates":[370989.151,2837724.76508]}},{"type":"Feature","properties":{"LONG":null,"LAT":null,"NOMCIEN":"Fraxinus americana","NOMCOM":"Fresno blanco americano","ORIGEN":"Nativa","ALTURA":6.2,"DAP":27.8,"OBJECTID":1006,"FECHA LEV":2015,"SALUD":null,"PROYE":null,"ACCESO":null,"ACCESIBIL":null,"UBI":null,"COLONIA":null,"TRONCO":null,"CFE":null},"geometry":{"type":"Point","coordinates":[370995.971,2837730.47208]}},{"type":"Feature","properties":{"LONG":null,"LAT":null,"NOMCIEN":"Fraxinus americana","NOMCOM":"Fresno blanco americano","ORIGEN":"Nativa","ALTURA":5.5,"DAP":27.7,"OBJECTID":1007,"FECHA LEV":2015,"SALUD":null,"PROYE":null,"ACCESO":null,"ACCESIBIL":null,"UBI":null,"COLONIA":null,"TRONCO":null,"CFE":null},"geometry":{"type":"Point","coordinates":[371003.944,2837737.11908]}},{"type":"Feature","properties":{"LONG":null,"LAT":null,"NOMCIEN":"Fraxinus americana","NOMCOM":"Fresno blanco americano","ORIGEN":"Nativa","ALTURA":5.1,"DAP":20.7,"OBJECTID":1008,"FECHA LEV":2015,"SALUD":null,"PROYE":null,"ACCESO":null,"ACCESIBIL":null,"UBI":null,"COLONIA":null,"TRONCO":null,"CFE":null},"geometry":{"type":"Point","coordinates":[370671.553,2837835.47108]}},{"type":"Feature","properties":{"LONG":null,"LAT":null,"NOMCIEN":"Fraxinus americana","NOMCOM":"Fresno blanco americano","ORIGEN":"Nativa","ALTURA":6.2,"DAP":27.0,"OBJECTID":1009,"FECHA LEV":2015,"SALUD":null,"PROYE":null,"ACCESO":null,"ACCESIBIL":null,"UBI":null,"COLONIA":null,"TRONCO":null,"CFE":null},"geometry":{"type":"Point","coordinates":[371011.481,2837743.38308]}},{"type":"Feature","properties":{"LONG":null,"LAT":null,"NOMCIEN":"Fraxinus americana","NOMCOM":"Fresno blanco americano","ORIGEN":"Nativa","ALTURA":8.2,"DAP":36.8,"OBJECTID":1010,"FECHA LEV":2015,"SALUD":null,"PROYE":null,"ACCESO":null,"ACCESIBIL":null,"UBI":null,"COLONIA":null,"TRONCO":null,"CFE":null},"geometry":{"type":"Point","coordinates":[371019.228,2837748.63508]}},{"type":"Feature","properties":{"LONG":null,"LAT":null,"NOMCIEN":"Fraxinus americana","NOMCOM":"Fresno blanco americano","ORIGEN":"Nativa","ALTURA":8.0,"DAP":25.9,"OBJECTID":1011,"FECHA LEV":2015,"SALUD":null,"PROYE":null,"ACCESO":null,"ACCESIBIL":null,"UBI":null,"COLONIA":null,"TRONCO":null,"CFE":null},"geometry":{"type":"Point","coordinates":[371027.696,2837755.60908]}},{"type":"Feature","properties":{"LONG":null,"LAT":null,"NOMCIEN":"Fraxinus americana","NOMCOM":"Fresno blanco americano","ORIGEN":"Nativa","ALTURA":6.4,"DAP":17.9,"OBJECTID":1012,"FECHA LEV":2015,"SALUD":null,"PROYE":null,"ACCESO":null,"ACCESIBIL":null,"UBI":null,"COLONIA":null,"TRONCO":null,"CFE":null},"geometry":{"type":"Point","coordinates":[371042.266,2837770.52208]}},{"type":"Feature","properties":{"LONG":null,"LAT":null,"NOMCIEN":"Fraxinus americana","NOMCOM":"Fresno blanco americano","ORIGEN":"Nativa","ALTURA":6.7,"DAP":23.8,"OBJECTID":1013,"FECHA LEV":2015,"SALUD":null,"PROYE":null,"ACCESO":null,"ACCESIBIL":null,"UBI":null,"COLONIA":null,"TRONCO":null,"CFE":null},"geometry":{"type":"Point","coordinates":[371049.043,2837780.63008]}},{"type":"Feature","properties":{"LONG":null,"LAT":null,"NOMCIEN":"Fraxinus americana","NOMCOM":"Fresno blanco americano","ORIGEN":"Nativa","ALTURA":6.2,"DAP":15.2,"OBJECTID":1014,"FECHA LEV":2015,"SALUD":null,"PROYE":null,"ACCESO":null,"ACCESIBIL":null,"UBI":null,"COLONIA":null,"TRONCO":null,"CFE":null},"geometry":{"type":"Point","coordinates":[371054.776,2837788.70908]}},{"type":"Feature","properties":{"LONG":null,"LAT":null,"NOMCIEN":"Fraxinus americana","NOMCOM":"Fresno blanco americano","ORIGEN":"Nativa","ALTURA":5.4,"DAP":21.2,"OBJECTID":1015,"FECHA LEV":2015,"SALUD":null,"PROYE":null,"ACCESO":null,"ACCESIBIL":null,"UBI":null,"COLONIA":null,"TRONCO":null,"CFE":null},"geometry":{"type":"Point","coordinates":[371059.728,2837798.12308]}},{"type":"Feature","properties":{"LONG":null,"LAT":null,"NOMCIEN":"Fraxinus americana","NOMCOM":"Fresno blanco americano","ORIGEN":"Nativa","ALTURA":6.1,"DAP":19.4,"OBJECTID":1016,"FECHA LEV":2015,"SALUD":null,"PROYE":null,"ACCESO":null,"ACCESIBIL":null,"UBI":null,"COLONIA":null,"TRONCO":null,"CFE":null},"geometry":{"type":"Point","coordinates":[371064.483,2837806.19608]}},{"type":"Feature","properties":{"LONG":null,"LAT":null,"NOMCIEN":"Fraxinus americana","NOMCOM":"Fresno blanco americano","ORIGEN":"Nativa","ALTURA":5.0,"DAP":15.3,"OBJECTID":1017,"FECHA LEV":2015,"SALUD":null,"PROYE":null,"ACCESO":null,"ACCESIBIL":null,"UBI":null,"COLONIA":null,"TRONCO":null,"CFE":null},"geometry":{"type":"Point","coordinates":[371068.329,2837814.53908]}},{"type":"Feature","properties":{"LONG":null,"LAT":null,"NOMCIEN":"Fraxinus americana","NOMCOM":"Fresno blanco americano","ORIGEN":"Nativa","ALTURA":6.9,"DAP":41.8,"OBJECTID":1018,"FECHA LEV":2015,"SALUD":null,"PROYE":null,"ACCESO":null,"ACCESIBIL":null,"UBI":null,"COLONIA":null,"TRONCO":null,"CFE":null},"geometry":{"type":"Point","coordinates":[371073.253,2837825.39408]}},{"type":"Feature","properties":{"LONG":null,"LAT":null,"NOMCIEN":"Fraxinus americana","NOMCOM":"Fresno blanco americano","ORIGEN":"Nativa","ALTURA":6.4,"DAP":31.1,"OBJECTID":1019,"FECHA LEV":2015,"SALUD":null,"PROYE":null,"ACCESO":null,"ACCESIBIL":null,"UBI":null,"COLONIA":null,"TRONCO":null,"CFE":null},"geometry":{"type":"Point","coordinates":[370677.65,2837826.81708]}},{"type":"Feature","properties":{"LONG":null,"LAT":null,"NOMCIEN":"Fraxinus americana","NOMCOM":"Fresno blanco americano","ORIGEN":"Nativa","ALTURA":5.5,"DAP":23.2,"OBJECTID":1020,"FECHA LEV":2015,"SALUD":null,"PROYE":null,"ACCESO":null,"ACCESIBIL":null,"UBI":null,"COLONIA":null,"TRONCO":null,"CFE":null},"geometry":{"type":"Point","coordinates":[371081.681,2837846.04408]}},{"type":"Feature","properties":{"LONG":null,"LAT":null,"NOMCIEN":"Fraxinus americana","NOMCOM":"Fresno blanco americano","ORIGEN":"Nativa","ALTURA":5.7,"DAP":34.3,"OBJECTID":1021,"FECHA LEV":2015,"SALUD":null,"PROYE":null,"ACCESO":null,"ACCESIBIL":null,"UBI":null,"COLONIA":null,"TRONCO":null,"CFE":null},"geometry":{"type":"Point","coordinates":[371084.46,2837852.85108]}},{"type":"Feature","properties":{"LONG":null,"LAT":null,"NOMCIEN":"Cupressus sempervirens","NOMCOM":"Ciprés mediterráneo, ciprés italiano, ciprés pincel","ORIGEN":"Introducida","ALTURA":7.7,"DAP":13.7,"OBJECTID":1022,"FECHA LEV":2015,"SALUD":null,"PROYE":null,"ACCESO":null,"ACCESIBIL":null,"UBI":null,"COLONIA":null,"TRONCO":null,"CFE":null},"geometry":{"type":"Point","coordinates":[371076.876,2837878.71308]}},{"type":"Feature","properties":{"LONG":null,"LAT":null,"NOMCIEN":"Cupressus sempervirens","NOMCOM":"Ciprés mediterráneo, ciprés italiano, ciprés pincel","ORIGEN":"Introducida","ALTURA":11.2,"DAP":20.3,"OBJECTID":1023,"FECHA LEV":2015,"SALUD":null,"PROYE":null,"ACCESO":null,"ACCESIBIL":null,"UBI":null,"COLONIA":null,"TRONCO":null,"CFE":null},"geometry":{"type":"Point","coordinates":[371068.292,2837882.45408]}},{"type":"Feature","properties":{"LONG":null,"LAT":null,"NOMCIEN":"Cupressus sempervirens","NOMCOM":"Ciprés mediterráneo, ciprés italiano, ciprés pincel","ORIGEN":"Introducida","ALTURA":10.4,"DAP":18.7,"OBJECTID":1024,"FECHA LEV":2015,"SALUD":null,"PROYE":null,"ACCESO":null,"ACCESIBIL":null,"UBI":null,"COLONIA":null,"TRONCO":null,"CFE":null},"geometry":{"type":"Point","coordinates":[371060.301,2837886.23108]}},{"type":"Feature","properties":{"LONG":null,"LAT":null,"NOMCIEN":"Cupressus sempervirens","NOMCOM":"Ciprés mediterráneo, ciprés italiano, ciprés pincel","ORIGEN":"Introducida","ALTURA":9.2,"DAP":17.8,"OBJECTID":1025,"FECHA LEV":2015,"SALUD":null,"PROYE":null,"ACCESO":null,"ACCESIBIL":null,"UBI":null,"COLONIA":null,"TRONCO":null,"CFE":null},"geometry":{"type":"Point","coordinates":[371051.448,2837890.23708]}},{"type":"Feature","properties":{"LONG":null,"LAT":null,"NOMCIEN":"Cupressus sempervirens","NOMCOM":"Ciprés mediterráneo, ciprés italiano, ciprés pincel","ORIGEN":"Introducida","ALTURA":11.0,"DAP":21.2,"OBJECTID":1026,"FECHA LEV":2015,"SALUD":null,"PROYE":null,"ACCESO":null,"ACCESIBIL":null,"UBI":null,"COLONIA":null,"TRONCO":null,"CFE":null},"geometry":{"type":"Point","coordinates":[371040.004,2837895.77408]}},{"type":"Feature","properties":{"LONG":null,"LAT":null,"NOMCIEN":"Cupressus sempervirens","NOMCOM":"Ciprés mediterráneo, ciprés italiano, ciprés pincel","ORIGEN":"Introducida","ALTURA":8.2,"DAP":18.5,"OBJECTID":1027,"FECHA LEV":2015,"SALUD":null,"PROYE":null,"ACCESO":null,"ACCESIBIL":null,"UBI":null,"COLONIA":null,"TRONCO":null,"CFE":null},"geometry":{"type":"Point","coordinates":[371031.363,2837899.55108]}},{"type":"Feature","properties":{"LONG":null,"LAT":null,"NOMCIEN":"Cupressus sempervirens","NOMCOM":"Ciprés mediterráneo, ciprés italiano, ciprés pincel","ORIGEN":"Introducida","ALTURA":9.8,"DAP":21.3,"OBJECTID":1028,"FECHA LEV":2015,"SALUD":null,"PROYE":null,"ACCESO":null,"ACCESIBIL":null,"UBI":null,"COLONIA":null,"TRONCO":null,"CFE":null},"geometry":{"type":"Point","coordinates":[371022.723,2837904.30208]}},{"type":"Feature","properties":{"LONG":null,"LAT":null,"NOMCIEN":"Cupressus sempervirens","NOMCOM":"Ciprés mediterráneo, ciprés italiano, ciprés pincel","ORIGEN":"Introducida","ALTURA":9.5,"DAP":20.8,"OBJECTID":1029,"FECHA LEV":2015,"SALUD":null,"PROYE":null,"ACCESO":null,"ACCESIBIL":null,"UBI":null,"COLONIA":null,"TRONCO":null,"CFE":null},"geometry":{"type":"Point","coordinates":[371013.429,2837907.70708]}},{"type":"Feature","properties":{"LONG":null,"LAT":null,"NOMCIEN":"Fraxinus americana","NOMCOM":"Fresno blanco americano","ORIGEN":"Nativa","ALTURA":7.0,"DAP":30.4,"OBJECTID":1030,"FECHA LEV":2015,"SALUD":null,"PROYE":null,"ACCESO":null,"ACCESIBIL":null,"UBI":null,"COLONIA":null,"TRONCO":null,"CFE":null},"geometry":{"type":"Point","coordinates":[370687.645,2837816.93108]}},{"type":"Feature","properties":{"LONG":null,"LAT":null,"NOMCIEN":"Cupressus sempervirens","NOMCOM":"Ciprés mediterráneo, ciprés italiano, ciprés pincel","ORIGEN":"Introducida","ALTURA":9.1,"DAP":20.0,"OBJECTID":1031,"FECHA LEV":2015,"SALUD":null,"PROYE":null,"ACCESO":null,"ACCESIBIL":null,"UBI":null,"COLONIA":null,"TRONCO":null,"CFE":null},"geometry":{"type":"Point","coordinates":[371005.184,2837911.29608]}},{"type":"Feature","properties":{"LONG":null,"LAT":null,"NOMCIEN":"Cupressus sempervirens","NOMCOM":"Ciprés mediterráneo, ciprés italiano, ciprés pincel","ORIGEN":"Introducida","ALTURA":10.7,"DAP":20.0,"OBJECTID":1032,"FECHA LEV":2015,"SALUD":null,"PROYE":null,"ACCESO":null,"ACCESIBIL":null,"UBI":null,"COLONIA":null,"TRONCO":null,"CFE":null},"geometry":{"type":"Point","coordinates":[370990.818,2837918.40908]}},{"type":"Feature","properties":{"LONG":null,"LAT":null,"NOMCIEN":"Cupressus sempervirens","NOMCOM":"Ciprés mediterráneo, ciprés italiano, ciprés pincel","ORIGEN":"Introducida","ALTURA":11.2,"DAP":22.9,"OBJECTID":1033,"FECHA LEV":2015,"SALUD":null,"PROYE":null,"ACCESO":null,"ACCESIBIL":null,"UBI":null,"COLONIA":null,"TRONCO":null,"CFE":null},"geometry":{"type":"Point","coordinates":[370982.038,2837922.02208]}},{"type":"Feature","properties":{"LONG":null,"LAT":null,"NOMCIEN":"Cupressus sempervirens","NOMCOM":"Ciprés mediterráneo, ciprés italiano, ciprés pincel","ORIGEN":"Introducida","ALTURA":11.1,"DAP":22.0,"OBJECTID":1034,"FECHA LEV":2015,"SALUD":null,"PROYE":null,"ACCESO":null,"ACCESIBIL":null,"UBI":null,"COLONIA":null,"TRONCO":null,"CFE":null},"geometry":{"type":"Point","coordinates":[370973.721,2837926.28708]}},{"type":"Feature","properties":{"LONG":null,"LAT":null,"NOMCIEN":"Cupressus sempervirens","NOMCOM":"Ciprés mediterráneo, ciprés italiano, ciprés pincel","ORIGEN":"Introducida","ALTURA":10.1,"DAP":22.9,"OBJECTID":1035,"FECHA LEV":2015,"SALUD":null,"PROYE":null,"ACCESO":null,"ACCESIBIL":null,"UBI":null,"COLONIA":null,"TRONCO":null,"CFE":null},"geometry":{"type":"Point","coordinates":[370965.334,2837930.06408]}},{"type":"Feature","properties":{"LONG":null,"LAT":null,"NOMCIEN":"Cupressus sempervirens","NOMCOM":"Ciprés mediterráneo, ciprés italiano, ciprés pincel","ORIGEN":"Introducida","ALTURA":8.2,"DAP":19.0,"OBJECTID":1036,"FECHA LEV":2015,"SALUD":null,"PROYE":null,"ACCESO":null,"ACCESIBIL":null,"UBI":null,"COLONIA":null,"TRONCO":null,"CFE":null},"geometry":{"type":"Point","coordinates":[370956.717,2837933.86208]}},{"type":"Feature","properties":{"LONG":null,"LAT":null,"NOMCIEN":"Cupressus sempervirens","NOMCOM":"Ciprés mediterráneo, ciprés italiano, ciprés pincel","ORIGEN":"Introducida","ALTURA":9.7,"DAP":21.5,"OBJECTID":1037,"FECHA LEV":2015,"SALUD":null,"PROYE":null,"ACCESO":null,"ACCESIBIL":null,"UBI":null,"COLONIA":null,"TRONCO":null,"CFE":null},"geometry":{"type":"Point","coordinates":[370948.305,2837937.56708]}},{"type":"Feature","properties":{"LONG":null,"LAT":null,"NOMCIEN":"Cupressus sempervirens","NOMCOM":"Ciprés mediterráneo, ciprés italiano, ciprés pincel","ORIGEN":"Introducida","ALTURA":9.7,"DAP":28.9,"OBJECTID":1038,"FECHA LEV":2015,"SALUD":null,"PROYE":null,"ACCESO":null,"ACCESIBIL":null,"UBI":null,"COLONIA":null,"TRONCO":null,"CFE":null},"geometry":{"type":"Point","coordinates":[370939.614,2837941.56308]}},{"type":"Feature","properties":{"LONG":null,"LAT":null,"NOMCIEN":"Cupressus sempervirens","NOMCOM":"Ciprés mediterráneo, ciprés italiano, ciprés pincel","ORIGEN":"Introducida","ALTURA":8.3,"DAP":27.2,"OBJECTID":1039,"FECHA LEV":2015,"SALUD":null,"PROYE":null,"ACCESO":null,"ACCESIBIL":null,"UBI":null,"COLONIA":null,"TRONCO":null,"CFE":null},"geometry":{"type":"Point","coordinates":[370931.3,2837945.25908]}},{"type":"Feature","properties":{"LONG":null,"LAT":null,"NOMCIEN":"Cupressus sempervirens","NOMCOM":"Ciprés mediterráneo, ciprés italiano, ciprés pincel","ORIGEN":"Introducida","ALTURA":11.4,"DAP":23.5,"OBJECTID":1040,"FECHA LEV":2015,"SALUD":null,"PROYE":null,"ACCESO":null,"ACCESIBIL":null,"UBI":null,"COLONIA":null,"TRONCO":null,"CFE":null},"geometry":{"type":"Point","coordinates":[370922.448,2837948.72308]}},{"type":"Feature","properties":{"LONG":null,"LAT":null,"NOMCIEN":"Fraxinus americana","NOMCOM":"Fresno blanco americano","ORIGEN":"Nativa","ALTURA":6.0,"DAP":24.2,"OBJECTID":1041,"FECHA LEV":2015,"SALUD":null,"PROYE":null,"ACCESO":null,"ACCESIBIL":null,"UBI":null,"COLONIA":null,"TRONCO":null,"CFE":null},"geometry":{"type":"Point","coordinates":[370695.031,2837808.69608]}},{"type":"Feature","properties":{"LONG":null,"LAT":null,"NOMCIEN":"Cupressus sempervirens","NOMCOM":"Ciprés mediterráneo, ciprés italiano, ciprés pincel","ORIGEN":"Introducida","ALTURA":11.9,"DAP":24.8,"OBJECTID":1042,"FECHA LEV":2015,"SALUD":null,"PROYE":null,"ACCESO":null,"ACCESIBIL":null,"UBI":null,"COLONIA":null,"TRONCO":null,"CFE":null},"geometry":{"type":"Point","coordinates":[370913.763,2837951.49708]}},{"type":"Feature","properties":{"LONG":null,"LAT":null,"NOMCIEN":"Cupressus sempervirens","NOMCOM":"Ciprés mediterráneo, ciprés italiano, ciprés pincel","ORIGEN":"Introducida","ALTURA":12.8,"DAP":23.1,"OBJECTID":1043,"FECHA LEV":2015,"SALUD":null,"PROYE":null,"ACCESO":null,"ACCESIBIL":null,"UBI":null,"COLONIA":null,"TRONCO":null,"CFE":null},"geometry":{"type":"Point","coordinates":[370904.729,2837953.92208]}},{"type":"Feature","properties":{"LONG":null,"LAT":null,"NOMCIEN":"Cupressus sempervirens","NOMCOM":"Ciprés mediterráneo, ciprés italiano, ciprés pincel","ORIGEN":"Introducida","ALTURA":11.9,"DAP":26.2,"OBJECTID":1044,"FECHA LEV":2015,"SALUD":null,"PROYE":null,"ACCESO":null,"ACCESIBIL":null,"UBI":null,"COLONIA":null,"TRONCO":null,"CFE":null},"geometry":{"type":"Point","coordinates":[370895.18,2837956.53608]}},{"type":"Feature","properties":{"LONG":null,"LAT":null,"NOMCIEN":"Cupressus sempervirens","NOMCOM":"Ciprés mediterráneo, ciprés italiano, ciprés pincel","ORIGEN":"Introducida","ALTURA":11.1,"DAP":24.6,"OBJECTID":1045,"FECHA LEV":2015,"SALUD":null,"PROYE":null,"ACCESO":null,"ACCESIBIL":null,"UBI":null,"COLONIA":null,"TRONCO":null,"CFE":null},"geometry":{"type":"Point","coordinates":[370886.843,2837958.47508]}},{"type":"Feature","properties":{"LONG":null,"LAT":null,"NOMCIEN":"Cupressus sempervirens","NOMCOM":"Ciprés mediterráneo, ciprés italiano, ciprés pincel","ORIGEN":"Introducida","ALTURA":12.0,"DAP":27.8,"OBJECTID":1046,"FECHA LEV":2015,"SALUD":null,"PROYE":null,"ACCESO":null,"ACCESIBIL":null,"UBI":null,"COLONIA":null,"TRONCO":null,"CFE":null},"geometry":{"type":"Point","coordinates":[370869.034,2837962.32108]}},{"type":"Feature","properties":{"LONG":null,"LAT":null,"NOMCIEN":"Cupressus sempervirens","NOMCOM":"Ciprés mediterráneo, ciprés italiano, ciprés pincel","ORIGEN":"Introducida","ALTURA":12.9,"DAP":24.5,"OBJECTID":1047,"FECHA LEV":2015,"SALUD":null,"PROYE":null,"ACCESO":null,"ACCESIBIL":null,"UBI":null,"COLONIA":null,"TRONCO":null,"CFE":null},"geometry":{"type":"Point","coordinates":[370860.162,2837964.10008]}},{"type":"Feature","properties":{"LONG":null,"LAT":null,"NOMCIEN":"Cupressus sempervirens","NOMCOM":"Ciprés mediterráneo, ciprés italiano, ciprés pincel","ORIGEN":"Introducida","ALTURA":11.7,"DAP":22.3,"OBJECTID":1048,"FECHA LEV":2015,"SALUD":null,"PROYE":null,"ACCESO":null,"ACCESIBIL":null,"UBI":null,"COLONIA":null,"TRONCO":null,"CFE":null},"geometry":{"type":"Point","coordinates":[370849.558,2837964.95208]}},{"type":"Feature","properties":{"LONG":null,"LAT":null,"NOMCIEN":"Cupressus sempervirens","NOMCOM":"Ciprés mediterráneo, ciprés italiano, ciprés pincel","ORIGEN":"Introducida","ALTURA":12.2,"DAP":22.7,"OBJECTID":1049,"FECHA LEV":2015,"SALUD":null,"PROYE":null,"ACCESO":null,"ACCESIBIL":null,"UBI":null,"COLONIA":null,"TRONCO":null,"CFE":null},"geometry":{"type":"Point","coordinates":[370841.33,2837966.09208]}},{"type":"Feature","properties":{"LONG":null,"LAT":null,"NOMCIEN":"Fraxinus americana","NOMCOM":"Fresno blanco americano","ORIGEN":"Nativa","ALTURA":7.8,"DAP":37.6,"OBJECTID":1050,"FECHA LEV":2015,"SALUD":null,"PROYE":null,"ACCESO":null,"ACCESIBIL":null,"UBI":null,"COLONIA":null,"TRONCO":null,"CFE":null},"geometry":{"type":"Point","coordinates":[370708.139,2837797.34908]}},{"type":"Feature","properties":{"LONG":null,"LAT":null,"NOMCIEN":"Fraxinus americana","NOMCOM":"Fresno blanco americano","ORIGEN":"Nativa","ALTURA":7.5,"DAP":41.0,"OBJECTID":1051,"FECHA LEV":2015,"SALUD":null,"PROYE":null,"ACCESO":null,"ACCESIBIL":null,"UBI":null,"COLONIA":null,"TRONCO":null,"CFE":null},"geometry":{"type":"Point","coordinates":[370716.39,2837790.27708]}},{"type":"Feature","properties":{"LONG":null,"LAT":null,"NOMCIEN":"Fraxinus americana","NOMCOM":"Fresno blanco americano","ORIGEN":"Nativa","ALTURA":9.9,"DAP":23.3,"OBJECTID":1052,"FECHA LEV":2015,"SALUD":null,"PROYE":null,"ACCESO":null,"ACCESIBIL":null,"UBI":null,"COLONIA":null,"TRONCO":null,"CFE":null},"geometry":{"type":"Point","coordinates":[370725.331,2837780.39208]}},{"type":"Feature","properties":{"LONG":null,"LAT":null,"NOMCIEN":"Fraxinus americana","NOMCOM":"Fresno blanco americano","ORIGEN":"Nativa","ALTURA":13.3,"DAP":56.4,"OBJECTID":1053,"FECHA LEV":2015,"SALUD":null,"PROYE":null,"ACCESO":null,"ACCESIBIL":null,"UBI":null,"COLONIA":null,"TRONCO":null,"CFE":null},"geometry":{"type":"Point","coordinates":[370935.294,2837588.87608]}},{"type":"Feature","properties":{"LONG":null,"LAT":null,"NOMCIEN":"Quercus fusiformis","NOMCOM":"Encino siempreverde, encino molino","ORIGEN":"Nativa","ALTURA":8.4,"DAP":34.8,"OBJECTID":1054,"FECHA LEV":2015,"SALUD":null,"PROYE":null,"ACCESO":null,"ACCESIBIL":null,"UBI":null,"COLONIA":null,"TRONCO":null,"CFE":null},"geometry":{"type":"Point","coordinates":[370904.681,2837614.18008]}},{"type":"Feature","properties":{"LONG":null,"LAT":null,"NOMCIEN":"Quercus fusiformis","NOMCOM":"Encino siempreverde, encino molino","ORIGEN":"Nativa","ALTURA":8.8,"DAP":24.0,"OBJECTID":1055,"FECHA LEV":2015,"SALUD":null,"PROYE":null,"ACCESO":null,"ACCESIBIL":null,"UBI":null,"COLONIA":null,"TRONCO":null,"CFE":null},"geometry":{"type":"Point","coordinates":[370911.128,2837611.98208]}},{"type":"Feature","properties":{"LONG":null,"LAT":null,"NOMCIEN":"Quercus fusiformis","NOMCOM":"Encino siempreverde, encino molino","ORIGEN":"Nativa","ALTURA":7.6,"DAP":25.7,"OBJECTID":1056,"FECHA LEV":2015,"SALUD":null,"PROYE":null,"ACCESO":null,"ACCESIBIL":null,"UBI":null,"COLONIA":null,"TRONCO":null,"CFE":null},"geometry":{"type":"Point","coordinates":[370917.721,2837613.44708]}},{"type":"Feature","properties":{"LONG":null,"LAT":null,"NOMCIEN":"Quercus fusiformis","NOMCOM":"Encino siempreverde, encino molino","ORIGEN":"Nativa","ALTURA":7.4,"DAP":28.1,"OBJECTID":1057,"FECHA LEV":2015,"SALUD":null,"PROYE":null,"ACCESO":null,"ACCESIBIL":null,"UBI":null,"COLONIA":null,"TRONCO":null,"CFE":null},"geometry":{"type":"Point","coordinates":[370905.414,2837632.34808]}},{"type":"Feature","properties":{"LONG":null,"LAT":null,"NOMCIEN":"Quercus fusiformis","NOMCOM":"Encino siempreverde, encino molino","ORIGEN":"Nativa","ALTURA":9.3,"DAP":26.1,"OBJECTID":1058,"FECHA LEV":2015,"SALUD":null,"PROYE":null,"ACCESO":null,"ACCESIBIL":null,"UBI":null,"COLONIA":null,"TRONCO":null,"CFE":null},"geometry":{"type":"Point","coordinates":[370912.3,2837633.81308]}},{"type":"Feature","properties":{"LONG":null,"LAT":null,"NOMCIEN":"Quercus fusiformis","NOMCOM":"Encino siempreverde, encino molino","ORIGEN":"Nativa","ALTURA":9.2,"DAP":31.3,"OBJECTID":1059,"FECHA LEV":2015,"SALUD":null,"PROYE":null,"ACCESO":null,"ACCESIBIL":null,"UBI":null,"COLONIA":null,"TRONCO":null,"CFE":null},"geometry":{"type":"Point","coordinates":[370918.6,2837631.46908]}},{"type":"Feature","properties":{"LONG":null,"LAT":null,"NOMCIEN":"Fraxinus americana","NOMCOM":"Fresno blanco americano","ORIGEN":"Nativa","ALTURA":12.2,"DAP":85.0,"OBJECTID":1060,"FECHA LEV":2015,"SALUD":null,"PROYE":null,"ACCESO":null,"ACCESIBIL":null,"UBI":null,"COLONIA":null,"TRONCO":null,"CFE":null},"geometry":{"type":"Point","coordinates":[370910.835,2837639.38108]}},{"type":"Feature","properties":{"LONG":null,"LAT":null,"NOMCIEN":"Fraxinus americana","NOMCOM":"Fresno blanco americano","ORIGEN":"Nativa","ALTURA":10.0,"DAP":49.4,"OBJECTID":1061,"FECHA LEV":2015,"SALUD":null,"PROYE":null,"ACCESO":null,"ACCESIBIL":null,"UBI":null,"COLONIA":null,"TRONCO":null,"CFE":null},"geometry":{"type":"Point","coordinates":[370915.523,2837641.72508]}},{"type":"Feature","properties":{"LONG":null,"LAT":null,"NOMCIEN":"Fraxinus americana","NOMCOM":"Fresno blanco americano","ORIGEN":"Nativa","ALTURA":5.2,"DAP":29.8,"OBJECTID":1062,"FECHA LEV":2015,"SALUD":null,"PROYE":null,"ACCESO":null,"ACCESIBIL":null,"UBI":null,"COLONIA":null,"TRONCO":null,"CFE":null},"geometry":{"type":"Point","coordinates":[370929.149,2837660.33208]}},{"type":"Feature","properties":{"LONG":null,"LAT":null,"NOMCIEN":"Fraxinus americana","NOMCOM":"Fresno blanco americano","ORIGEN":"Nativa","ALTURA":12.4,"DAP":54.7,"OBJECTID":1063,"FECHA LEV":2015,"SALUD":null,"PROYE":null,"ACCESO":null,"ACCESIBIL":null,"UBI":null,"COLONIA":null,"TRONCO":null,"CFE":null},"geometry":{"type":"Point","coordinates":[370921.97,2837646.12008]}},{"type":"Feature","properties":{"LONG":null,"LAT":null,"NOMCIEN":"Fraxinus americana","NOMCOM":"Fresno blanco americano","ORIGEN":"Nativa","ALTURA":15.4,"DAP":37.4,"OBJECTID":1064,"FECHA LEV":2015,"SALUD":null,"PROYE":null,"ACCESO":null,"ACCESIBIL":null,"UBI":null,"COLONIA":null,"TRONCO":null,"CFE":null},"geometry":{"type":"Point","coordinates":[370884.901,2837599.67508]}},{"type":"Feature","properties":{"LONG":null,"LAT":null,"NOMCIEN":"Fraxinus americana","NOMCOM":"Fresno blanco americano","ORIGEN":"Nativa","ALTURA":14.2,"DAP":79.9,"OBJECTID":1065,"FECHA LEV":2015,"SALUD":null,"PROYE":null,"ACCESO":null,"ACCESIBIL":null,"UBI":null,"COLONIA":null,"TRONCO":null,"CFE":null},"geometry":{"type":"Point","coordinates":[370934.277,2837643.92308]}},{"type":"Feature","properties":{"LONG":null,"LAT":null,"NOMCIEN":"Fraxinus americana","NOMCOM":"Fresno blanco americano","ORIGEN":"Nativa","ALTURA":11.2,"DAP":49.3,"OBJECTID":1066,"FECHA LEV":2015,"SALUD":null,"PROYE":null,"ACCESO":null,"ACCESIBIL":null,"UBI":null,"COLONIA":null,"TRONCO":null,"CFE":null},"geometry":{"type":"Point","coordinates":[370927.098,2837650.51608]}},{"type":"Feature","properties":{"LONG":null,"LAT":null,"NOMCIEN":"Ligustrum japonicum","NOMCOM":"Trueno de Texas, trueno japonés","ORIGEN":"Introducida","ALTURA":8.2,"DAP":32.7,"OBJECTID":1067,"FECHA LEV":2015,"SALUD":null,"PROYE":null,"ACCESO":null,"ACCESIBIL":null,"UBI":null,"COLONIA":null,"TRONCO":null,"CFE":null},"geometry":{"type":"Point","coordinates":[370943.8,2837659.16008]}},{"type":"Feature","properties":{"LONG":null,"LAT":null,"NOMCIEN":"Fraxinus americana","NOMCOM":"Fresno blanco americano","ORIGEN":"Nativa","ALTURA":11.6,"DAP":39.7,"OBJECTID":1068,"FECHA LEV":2015,"SALUD":null,"PROYE":null,"ACCESO":null,"ACCESIBIL":null,"UBI":null,"COLONIA":null,"TRONCO":null,"CFE":null},"geometry":{"type":"Point","coordinates":[370944.387,2837666.19308]}},{"type":"Feature","properties":{"LONG":null,"LAT":null,"NOMCIEN":"Ligustrum japonicum","NOMCOM":"Trueno de Texas, trueno japonés","ORIGEN":"Introducida","ALTURA":6.6,"DAP":21.8,"OBJECTID":1069,"FECHA LEV":2015,"SALUD":null,"PROYE":null,"ACCESO":null,"ACCESIBIL":null,"UBI":null,"COLONIA":null,"TRONCO":null,"CFE":null},"geometry":{"type":"Point","coordinates":[370951.859,2837670.29508]}},{"type":"Feature","properties":{"LONG":null,"LAT":null,"NOMCIEN":"Fraxinus americana","NOMCOM":"Fresno blanco americano","ORIGEN":"Nativa","ALTURA":6.8,"DAP":30.0,"OBJECTID":1070,"FECHA LEV":2015,"SALUD":null,"PROYE":null,"ACCESO":null,"ACCESIBIL":null,"UBI":null,"COLONIA":null,"TRONCO":null,"CFE":null},"geometry":{"type":"Point","coordinates":[370957.133,2837667.65808]}},{"type":"Feature","properties":{"LONG":null,"LAT":null,"NOMCIEN":"Juglans nigra","NOMCOM":"Nogal americano","ORIGEN":"Introducida","ALTURA":14.0,"DAP":55.4,"OBJECTID":1071,"FECHA LEV":2015,"SALUD":null,"PROYE":null,"ACCESO":null,"ACCESIBIL":null,"UBI":null,"COLONIA":null,"TRONCO":null,"CFE":null},"geometry":{"type":"Point","coordinates":[370960.064,2837656.08308]}},{"type":"Feature","properties":{"LONG":null,"LAT":null,"NOMCIEN":"Fraxinus americana","NOMCOM":"Fresno blanco americano","ORIGEN":"Nativa","ALTURA":9.4,"DAP":43.1,"OBJECTID":1072,"FECHA LEV":2015,"SALUD":null,"PROYE":null,"ACCESO":null,"ACCESIBIL":null,"UBI":null,"COLONIA":null,"TRONCO":null,"CFE":null},"geometry":{"type":"Point","coordinates":[370963.287,2837663.40908]}},{"type":"Feature","properties":{"LONG":null,"LAT":null,"NOMCIEN":"Fraxinus americana","NOMCOM":"Fresno blanco americano","ORIGEN":"Nativa","ALTURA":12.0,"DAP":33.7,"OBJECTID":1073,"FECHA LEV":2015,"SALUD":null,"PROYE":null,"ACCESO":null,"ACCESIBIL":null,"UBI":null,"COLONIA":null,"TRONCO":null,"CFE":null},"geometry":{"type":"Point","coordinates":[370966.657,2837651.54108]}},{"type":"Feature","properties":{"LONG":null,"LAT":null,"NOMCIEN":"Morus alba","NOMCOM":"Morera","ORIGEN":"Introducida","ALTURA":14.0,"DAP":92.6,"OBJECTID":1074,"FECHA LEV":2015,"SALUD":null,"PROYE":null,"ACCESO":null,"ACCESIBIL":null,"UBI":null,"COLONIA":null,"TRONCO":null,"CFE":null},"geometry":{"type":"Point","coordinates":[370979.404,2837648.90408]}},{"type":"Feature","properties":{"LONG":null,"LAT":null,"NOMCIEN":"Fraxinus americana","NOMCOM":"Fresno blanco americano","ORIGEN":"Nativa","ALTURA":10.5,"DAP":25.9,"OBJECTID":1075,"FECHA LEV":2015,"SALUD":null,"PROYE":null,"ACCESO":null,"ACCESIBIL":null,"UBI":null,"COLONIA":null,"TRONCO":null,"CFE":null},"geometry":{"type":"Point","coordinates":[370889.15,2837604.21708]}},{"type":"Feature","properties":{"LONG":null,"LAT":null,"NOMCIEN":"Fraxinus americana","NOMCOM":"Fresno blanco americano","ORIGEN":"Nativa","ALTURA":12.0,"DAP":36.5,"OBJECTID":1076,"FECHA LEV":2015,"SALUD":null,"PROYE":null,"ACCESO":null,"ACCESIBIL":null,"UBI":null,"COLONIA":null,"TRONCO":null,"CFE":null},"geometry":{"type":"Point","coordinates":[370992.004,2837668.53708]}},{"type":"Feature","properties":{"LONG":null,"LAT":null,"NOMCIEN":"Fraxinus americana","NOMCOM":"Fresno blanco americano","ORIGEN":"Nativa","ALTURA":9.9,"DAP":69.5,"OBJECTID":1077,"FECHA LEV":2015,"SALUD":null,"PROYE":null,"ACCESO":null,"ACCESIBIL":null,"UBI":null,"COLONIA":null,"TRONCO":null,"CFE":null},"geometry":{"type":"Point","coordinates":[371026.728,2837650.51608]}},{"type":"Feature","properties":{"LONG":null,"LAT":null,"NOMCIEN":"Fraxinus americana","NOMCOM":"Fresno blanco americano","ORIGEN":"Nativa","ALTURA":7.3,"DAP":33.9,"OBJECTID":1078,"FECHA LEV":2015,"SALUD":null,"PROYE":null,"ACCESO":null,"ACCESIBIL":null,"UBI":null,"COLONIA":null,"TRONCO":null,"CFE":null},"geometry":{"type":"Point","coordinates":[371024.97,2837632.49408]}},{"type":"Feature","properties":{"LONG":null,"LAT":null,"NOMCIEN":"Fraxinus americana","NOMCOM":"Fresno blanco americano","ORIGEN":"Nativa","ALTURA":8.4,"DAP":29.4,"OBJECTID":1079,"FECHA LEV":2015,"SALUD":null,"PROYE":null,"ACCESO":null,"ACCESIBIL":null,"UBI":null,"COLONIA":null,"TRONCO":null,"CFE":null},"geometry":{"type":"Point","coordinates":[371023.505,2837620.62708]}},{"type":"Feature","properties":{"LONG":null,"LAT":null,"NOMCIEN":"Triadica sebifera","NOMCOM":"Chinese, árbol del sebo","ORIGEN":"Introducida","ALTURA":10.0,"DAP":33.2,"OBJECTID":1080,"FECHA LEV":2015,"SALUD":null,"PROYE":null,"ACCESO":null,"ACCESIBIL":null,"UBI":null,"COLONIA":null,"TRONCO":null,"CFE":null},"geometry":{"type":"Point","coordinates":[370975.155,2837596.59808]}},{"type":"Feature","properties":{"LONG":null,"LAT":null,"NOMCIEN":"Triadica sebifera","NOMCOM":"Chinese, árbol del sebo","ORIGEN":"Introducida","ALTURA":10.2,"DAP":39.2,"OBJECTID":1081,"FECHA LEV":2015,"SALUD":null,"PROYE":null,"ACCESO":null,"ACCESIBIL":null,"UBI":null,"COLONIA":null,"TRONCO":null,"CFE":null},"geometry":{"type":"Point","coordinates":[370981.748,2837593.66808]}},{"type":"Feature","properties":{"LONG":null,"LAT":null,"NOMCIEN":"Triadica sebifera","NOMCOM":"Chinese, árbol del sebo","ORIGEN":"Introducida","ALTURA":10.0,"DAP":38.5,"OBJECTID":1082,"FECHA LEV":2015,"SALUD":null,"PROYE":null,"ACCESO":null,"ACCESIBIL":null,"UBI":null,"COLONIA":null,"TRONCO":null,"CFE":null},"geometry":{"type":"Point","coordinates":[370973.543,2837595.42608]}},{"type":"Feature","properties":{"LONG":null,"LAT":null,"NOMCIEN":"Fraxinus americana","NOMCOM":"Fresno blanco americano","ORIGEN":"Nativa","ALTURA":14.4,"DAP":83.7,"OBJECTID":1083,"FECHA LEV":2015,"SALUD":null,"PROYE":null,"ACCESO":null,"ACCESIBIL":null,"UBI":null,"COLONIA":null,"TRONCO":null,"CFE":null},"geometry":{"type":"Point","coordinates":[370978.085,2837589.41908]}},{"type":"Feature","properties":{"LONG":null,"LAT":null,"NOMCIEN":"Fraxinus americana","NOMCOM":"Fresno blanco americano","ORIGEN":"Nativa","ALTURA":11.6,"DAP":61.6,"OBJECTID":1084,"FECHA LEV":2015,"SALUD":null,"PROYE":null,"ACCESO":null,"ACCESIBIL":null,"UBI":null,"COLONIA":null,"TRONCO":null,"CFE":null},"geometry":{"type":"Point","coordinates":[370971.345,2837589.41908]}},{"type":"Feature","properties":{"LONG":null,"LAT":null,"NOMCIEN":"Fraxinus americana","NOMCOM":"Fresno blanco americano","ORIGEN":"Nativa","ALTURA":5.4,"DAP":46.2,"OBJECTID":1085,"FECHA LEV":2015,"SALUD":null,"PROYE":null,"ACCESO":null,"ACCESIBIL":null,"UBI":null,"COLONIA":null,"TRONCO":null,"CFE":null},"geometry":{"type":"Point","coordinates":[370936.768,2837665.90008]}},{"type":"Feature","properties":{"LONG":null,"LAT":null,"NOMCIEN":"Fraxinus americana","NOMCOM":"Fresno blanco americano","ORIGEN":"Nativa","ALTURA":11.2,"DAP":34.9,"OBJECTID":1086,"FECHA LEV":2015,"SALUD":null,"PROYE":null,"ACCESO":null,"ACCESIBIL":null,"UBI":null,"COLONIA":null,"TRONCO":null,"CFE":null},"geometry":{"type":"Point","coordinates":[370897.795,2837603.63108]}},{"type":"Feature","properties":{"LONG":null,"LAT":null,"NOMCIEN":"Fraxinus americana","NOMCOM":"Fresno blanco americano","ORIGEN":"Nativa","ALTURA":5.8,"DAP":30.5,"OBJECTID":1087,"FECHA LEV":2015,"SALUD":null,"PROYE":null,"ACCESO":null,"ACCESIBIL":null,"UBI":null,"COLONIA":null,"TRONCO":null,"CFE":null},"geometry":{"type":"Point","coordinates":[370947.024,2837674.25108]}},{"type":"Feature","properties":{"LONG":null,"LAT":null,"NOMCIEN":"Quercus polymorpha","NOMCOM":"Encino roble, roble","ORIGEN":"Nativa","ALTURA":6.7,"DAP":17.2,"OBJECTID":1088,"FECHA LEV":2015,"SALUD":null,"PROYE":null,"ACCESO":null,"ACCESIBIL":null,"UBI":null,"COLONIA":null,"TRONCO":null,"CFE":null},"geometry":{"type":"Point","coordinates":[370964.752,2837682.89608]}},{"type":"Feature","properties":{"LONG":null,"LAT":null,"NOMCIEN":"Fraxinus americana","NOMCOM":"Fresno blanco americano","ORIGEN":"Nativa","ALTURA":8.1,"DAP":26.0,"OBJECTID":1089,"FECHA LEV":2015,"SALUD":null,"PROYE":null,"ACCESO":null,"ACCESIBIL":null,"UBI":null,"COLONIA":null,"TRONCO":null,"CFE":null},"geometry":{"type":"Point","coordinates":[370973.25,2837691.68708]}},{"type":"Feature","properties":{"LONG":null,"LAT":null,"NOMCIEN":"Fraxinus americana","NOMCOM":"Fresno blanco americano","ORIGEN":"Nativa","ALTURA":6.5,"DAP":18.7,"OBJECTID":1090,"FECHA LEV":2015,"SALUD":null,"PROYE":null,"ACCESO":null,"ACCESIBIL":null,"UBI":null,"COLONIA":null,"TRONCO":null,"CFE":null},"geometry":{"type":"Point","coordinates":[370981.308,2837698.57308]}},{"type":"Feature","properties":{"LONG":null,"LAT":null,"NOMCIEN":"Fraxinus americana","NOMCOM":"Fresno blanco americano","ORIGEN":"Nativa","ALTURA":5.5,"DAP":21.5,"OBJECTID":1091,"FECHA LEV":2015,"SALUD":null,"PROYE":null,"ACCESO":null,"ACCESIBIL":null,"UBI":null,"COLONIA":null,"TRONCO":null,"CFE":null},"geometry":{"type":"Point","coordinates":[370987.462,2837703.99408]}},{"type":"Feature","properties":{"LONG":null,"LAT":null,"NOMCIEN":"Fraxinus americana","NOMCOM":"Fresno blanco americano","ORIGEN":"Nativa","ALTURA":7.1,"DAP":28.5,"OBJECTID":1092,"FECHA LEV":2015,"SALUD":null,"PROYE":null,"ACCESO":null,"ACCESIBIL":null,"UBI":null,"COLONIA":null,"TRONCO":null,"CFE":null},"geometry":{"type":"Point","coordinates":[370994.202,2837708.97508]}},{"type":"Feature","properties":{"LONG":null,"LAT":null,"NOMCIEN":"Fraxinus americana","NOMCOM":"Fresno blanco americano","ORIGEN":"Nativa","ALTURA":6.0,"DAP":24.8,"OBJECTID":1093,"FECHA LEV":2015,"SALUD":null,"PROYE":null,"ACCESO":null,"ACCESIBIL":null,"UBI":null,"COLONIA":null,"TRONCO":null,"CFE":null},"geometry":{"type":"Point","coordinates":[371000.648,2837713.81008]}},{"type":"Feature","properties":{"LONG":null,"LAT":null,"NOMCIEN":"Fraxinus americana","NOMCOM":"Fresno blanco americano","ORIGEN":"Nativa","ALTURA":7.2,"DAP":52.2,"OBJECTID":1094,"FECHA LEV":2015,"SALUD":null,"PROYE":null,"ACCESO":null,"ACCESIBIL":null,"UBI":null,"COLONIA":null,"TRONCO":null,"CFE":null},"geometry":{"type":"Point","coordinates":[371007.388,2837714.98208]}},{"type":"Feature","properties":{"LONG":null,"LAT":null,"NOMCIEN":"Fraxinus americana","NOMCOM":"Fresno blanco americano","ORIGEN":"Nativa","ALTURA":9.2,"DAP":23.3,"OBJECTID":1095,"FECHA LEV":2015,"SALUD":null,"PROYE":null,"ACCESO":null,"ACCESIBIL":null,"UBI":null,"COLONIA":null,"TRONCO":null,"CFE":null},"geometry":{"type":"Point","coordinates":[371009.146,2837720.84308]}},{"type":"Feature","properties":{"LONG":null,"LAT":null,"NOMCIEN":"Fraxinus americana","NOMCOM":"Fresno blanco americano","ORIGEN":"Nativa","ALTURA":8.4,"DAP":35.9,"OBJECTID":1096,"FECHA LEV":2015,"SALUD":null,"PROYE":null,"ACCESO":null,"ACCESIBIL":null,"UBI":null,"COLONIA":null,"TRONCO":null,"CFE":null},"geometry":{"type":"Point","coordinates":[371016.912,2837727.58308]}},{"type":"Feature","properties":{"LONG":null,"LAT":null,"NOMCIEN":"Fraxinus americana","NOMCOM":"Fresno blanco americano","ORIGEN":"Nativa","ALTURA":15.4,"DAP":37.4,"OBJECTID":1097,"FECHA LEV":2015,"SALUD":null,"PROYE":null,"ACCESO":null,"ACCESIBIL":null,"UBI":null,"COLONIA":null,"TRONCO":null,"CFE":null},"geometry":{"type":"Point","coordinates":[370893.253,2837600.40808]}},{"type":"Feature","properties":{"LONG":null,"LAT":null,"NOMCIEN":"Fraxinus americana","NOMCOM":"Fresno blanco americano","ORIGEN":"Nativa","ALTURA":7.2,"DAP":64.0,"OBJECTID":1098,"FECHA LEV":2015,"SALUD":null,"PROYE":null,"ACCESO":null,"ACCESIBIL":null,"UBI":null,"COLONIA":null,"TRONCO":null,"CFE":null},"geometry":{"type":"Point","coordinates":[371025.556,2837733.88308]}},{"type":"Feature","properties":{"LONG":null,"LAT":null,"NOMCIEN":"Fraxinus americana","NOMCOM":"Fresno blanco americano","ORIGEN":"Nativa","ALTURA":7.5,"DAP":62.2,"OBJECTID":1099,"FECHA LEV":2015,"SALUD":null,"PROYE":null,"ACCESO":null,"ACCESIBIL":null,"UBI":null,"COLONIA":null,"TRONCO":null,"CFE":null},"geometry":{"type":"Point","coordinates":[371035.226,2837738.57108]}},{"type":"Feature","properties":{"LONG":null,"LAT":null,"NOMCIEN":"Fraxinus americana","NOMCOM":"Fresno blanco americano","ORIGEN":"Nativa","ALTURA":7.1,"DAP":19.6,"OBJECTID":1100,"FECHA LEV":2015,"SALUD":null,"PROYE":null,"ACCESO":null,"ACCESIBIL":null,"UBI":null,"COLONIA":null,"TRONCO":null,"CFE":null},"geometry":{"type":"Point","coordinates":[371038.596,2837744.13908]}},{"type":"Feature","properties":{"LONG":null,"LAT":null,"NOMCIEN":"Fraxinus americana","NOMCOM":"Fresno blanco americano","ORIGEN":"Nativa","ALTURA":8.4,"DAP":28.9,"OBJECTID":1101,"FECHA LEV":2015,"SALUD":null,"PROYE":null,"ACCESO":null,"ACCESIBIL":null,"UBI":null,"COLONIA":null,"TRONCO":null,"CFE":null},"geometry":{"type":"Point","coordinates":[371046.215,2837742.67408]}},{"type":"Feature","properties":{"LONG":null,"LAT":null,"NOMCIEN":"Fraxinus americana","NOMCOM":"Fresno blanco americano","ORIGEN":"Nativa","ALTURA":6.5,"DAP":60.4,"OBJECTID":1102,"FECHA LEV":2015,"SALUD":null,"PROYE":null,"ACCESO":null,"ACCESIBIL":null,"UBI":null,"COLONIA":null,"TRONCO":null,"CFE":null},"geometry":{"type":"Point","coordinates":[371047.533,2837748.68108]}},{"type":"Feature","properties":{"LONG":null,"LAT":null,"NOMCIEN":"Fraxinus americana","NOMCOM":"Fresno blanco americano","ORIGEN":"Nativa","ALTURA":6.0,"DAP":33.4,"OBJECTID":1103,"FECHA LEV":2015,"SALUD":null,"PROYE":null,"ACCESO":null,"ACCESIBIL":null,"UBI":null,"COLONIA":null,"TRONCO":null,"CFE":null},"geometry":{"type":"Point","coordinates":[371050.317,2837754.39508]}},{"type":"Feature","properties":{"LONG":null,"LAT":null,"NOMCIEN":"Quercus polymorpha","NOMCOM":"Encino roble, roble","ORIGEN":"Nativa","ALTURA":4.1,"DAP":14.2,"OBJECTID":1104,"FECHA LEV":2015,"SALUD":null,"PROYE":null,"ACCESO":null,"ACCESIBIL":null,"UBI":null,"COLONIA":null,"TRONCO":null,"CFE":null},"geometry":{"type":"Point","coordinates":[371030.83,2837722.01508]}},{"type":"Feature","properties":{"LONG":null,"LAT":null,"NOMCIEN":"Quercus polymorpha","NOMCOM":"Encino roble, roble","ORIGEN":"Nativa","ALTURA":5.6,"DAP":12.6,"OBJECTID":1105,"FECHA LEV":2015,"SALUD":null,"PROYE":null,"ACCESO":null,"ACCESIBIL":null,"UBI":null,"COLONIA":null,"TRONCO":null,"CFE":null},"geometry":{"type":"Point","coordinates":[371014.567,2837709.12208]}},{"type":"Feature","properties":{"LONG":null,"LAT":null,"NOMCIEN":"Quercus polymorpha","NOMCOM":"Encino roble, roble","ORIGEN":"Nativa","ALTURA":5.2,"DAP":11.7,"OBJECTID":1106,"FECHA LEV":2015,"SALUD":null,"PROYE":null,"ACCESO":null,"ACCESIBIL":null,"UBI":null,"COLONIA":null,"TRONCO":null,"CFE":null},"geometry":{"type":"Point","coordinates":[371006.509,2837702.67508]}},{"type":"Feature","properties":{"LONG":null,"LAT":null,"NOMCIEN":"Fraxinus americana","NOMCOM":"Fresno blanco americano","ORIGEN":"Nativa","ALTURA":5.2,"DAP":31.3,"OBJECTID":1107,"FECHA LEV":2015,"SALUD":null,"PROYE":null,"ACCESO":null,"ACCESIBIL":null,"UBI":null,"COLONIA":null,"TRONCO":null,"CFE":null},"geometry":{"type":"Point","coordinates":[370998.158,2837696.08208]}},{"type":"Feature","properties":{"LONG":null,"LAT":null,"NOMCIEN":"Fraxinus americana","NOMCOM":"Fresno blanco americano","ORIGEN":"Nativa","ALTURA":16.6,"DAP":47.7,"OBJECTID":1108,"FECHA LEV":2015,"SALUD":null,"PROYE":null,"ACCESO":null,"ACCESIBIL":null,"UBI":null,"COLONIA":null,"TRONCO":null,"CFE":null},"geometry":{"type":"Point","coordinates":[370902.19,2837597.03808]}},{"type":"Feature","properties":{"LONG":null,"LAT":null,"NOMCIEN":"Fraxinus americana","NOMCOM":"Fresno blanco americano","ORIGEN":"Nativa","ALTURA":8.2,"DAP":33.8,"OBJECTID":1109,"FECHA LEV":2015,"SALUD":null,"PROYE":null,"ACCESO":null,"ACCESIBIL":null,"UBI":null,"COLONIA":null,"TRONCO":null,"CFE":null},"geometry":{"type":"Point","coordinates":[370990.246,2837689.19608]}},{"type":"Feature","properties":{"LONG":null,"LAT":null,"NOMCIEN":"Fraxinus americana","NOMCOM":"Fresno blanco americano","ORIGEN":"Nativa","ALTURA":8.2,"DAP":26.6,"OBJECTID":1110,"FECHA LEV":2015,"SALUD":null,"PROYE":null,"ACCESO":null,"ACCESIBIL":null,"UBI":null,"COLONIA":null,"TRONCO":null,"CFE":null},"geometry":{"type":"Point","coordinates":[370981.894,2837680.11208]}},{"type":"Feature","properties":{"LONG":null,"LAT":null,"NOMCIEN":"Quercus polymorpha","NOMCOM":"Encino roble, roble","ORIGEN":"Nativa","ALTURA":8.6,"DAP":20.0,"OBJECTID":1111,"FECHA LEV":2015,"SALUD":null,"PROYE":null,"ACCESO":null,"ACCESIBIL":null,"UBI":null,"COLONIA":null,"TRONCO":null,"CFE":null},"geometry":{"type":"Point","coordinates":[370982.187,2837672.34708]}},{"type":"Feature","properties":{"LONG":null,"LAT":null,"NOMCIEN":"Fraxinus americana","NOMCOM":"Fresno blanco americano","ORIGEN":"Nativa","ALTURA":4.9,"DAP":17.7,"OBJECTID":1112,"FECHA LEV":2015,"SALUD":null,"PROYE":null,"ACCESO":null,"ACCESIBIL":null,"UBI":null,"COLONIA":null,"TRONCO":null,"CFE":null},"geometry":{"type":"Point","coordinates":[371005.044,2837684.21408]}},{"type":"Feature","properties":{"LONG":null,"LAT":null,"NOMCIEN":"Quercus fusiformis","NOMCOM":"Encino siempreverde, encino molino","ORIGEN":"Nativa","ALTURA":5.3,"DAP":18.9,"OBJECTID":1113,"FECHA LEV":2015,"SALUD":null,"PROYE":null,"ACCESO":null,"ACCESIBIL":null,"UBI":null,"COLONIA":null,"TRONCO":null,"CFE":null},"geometry":{"type":"Point","coordinates":[371013.688,2837690.22108]}},{"type":"Feature","properties":{"LONG":null,"LAT":null,"NOMCIEN":"Quercus polymorpha","NOMCOM":"Encino roble, roble","ORIGEN":"Nativa","ALTURA":4.9,"DAP":14.2,"OBJECTID":1114,"FECHA LEV":2015,"SALUD":null,"PROYE":null,"ACCESO":null,"ACCESIBIL":null,"UBI":null,"COLONIA":null,"TRONCO":null,"CFE":null},"geometry":{"type":"Point","coordinates":[371021.6,2837696.96108]}},{"type":"Feature","properties":{"LONG":null,"LAT":null,"NOMCIEN":"Quercus polymorpha","NOMCOM":"Encino roble, roble","ORIGEN":"Nativa","ALTURA":6.4,"DAP":15.1,"OBJECTID":1115,"FECHA LEV":2015,"SALUD":null,"PROYE":null,"ACCESO":null,"ACCESIBIL":null,"UBI":null,"COLONIA":null,"TRONCO":null,"CFE":null},"geometry":{"type":"Point","coordinates":[371031.563,2837701.21008]}},{"type":"Feature","properties":{"LONG":null,"LAT":null,"NOMCIEN":"Quercus fusiformis","NOMCOM":"Encino siempreverde, encino molino","ORIGEN":"Nativa","ALTURA":10.4,"DAP":33.6,"OBJECTID":1116,"FECHA LEV":2015,"SALUD":null,"PROYE":null,"ACCESO":null,"ACCESIBIL":null,"UBI":null,"COLONIA":null,"TRONCO":null,"CFE":null},"geometry":{"type":"Point","coordinates":[371030.244,2837694.91008]}},{"type":"Feature","properties":{"LONG":null,"LAT":null,"NOMCIEN":"Quercus vaseyana","NOMCOM":"Encino bravo, encino de Vasey","ORIGEN":"Introducida","ALTURA":9.2,"DAP":25.8,"OBJECTID":1117,"FECHA LEV":2015,"SALUD":null,"PROYE":null,"ACCESO":null,"ACCESIBIL":null,"UBI":null,"COLONIA":null,"TRONCO":null,"CFE":null},"geometry":{"type":"Point","coordinates":[371029.512,2837689.92808]}},{"type":"Feature","properties":{"LONG":null,"LAT":null,"NOMCIEN":"Quercus polymorpha","NOMCOM":"Encino roble, roble","ORIGEN":"Nativa","ALTURA":9.2,"DAP":20.8,"OBJECTID":1118,"FECHA LEV":2015,"SALUD":null,"PROYE":null,"ACCESO":null,"ACCESIBIL":null,"UBI":null,"COLONIA":null,"TRONCO":null,"CFE":null},"geometry":{"type":"Point","coordinates":[371029.658,2837678.64708]}},{"type":"Feature","properties":{"LONG":null,"LAT":null,"NOMCIEN":"Fraxinus americana","NOMCOM":"Fresno blanco americano","ORIGEN":"Nativa","ALTURA":10.4,"DAP":60.2,"OBJECTID":1119,"FECHA LEV":2015,"SALUD":null,"PROYE":null,"ACCESO":null,"ACCESIBIL":null,"UBI":null,"COLONIA":null,"TRONCO":null,"CFE":null},"geometry":{"type":"Point","coordinates":[370914.497,2837598.06308]}},{"type":"Feature","properties":{"LONG":null,"LAT":null,"NOMCIEN":"Fraxinus americana","NOMCOM":"Fresno blanco americano","ORIGEN":"Nativa","ALTURA":4.4,"DAP":32.5,"OBJECTID":1120,"FECHA LEV":2015,"SALUD":null,"PROYE":null,"ACCESO":null,"ACCESIBIL":null,"UBI":null,"COLONIA":null,"TRONCO":null,"CFE":null},"geometry":{"type":"Point","coordinates":[370977.059,2837699.30508]}},{"type":"Feature","properties":{"LONG":null,"LAT":null,"NOMCIEN":"Fraxinus americana","NOMCOM":"Fresno blanco americano","ORIGEN":"Nativa","ALTURA":4.4,"DAP":35.1,"OBJECTID":1121,"FECHA LEV":2015,"SALUD":null,"PROYE":null,"ACCESO":null,"ACCESIBIL":null,"UBI":null,"COLONIA":null,"TRONCO":null,"CFE":null},"geometry":{"type":"Point","coordinates":[371017.937,2837733.00408]}},{"type":"Feature","properties":{"LONG":null,"LAT":null,"NOMCIEN":"Fraxinus americana","NOMCOM":"Fresno blanco americano","ORIGEN":"Nativa","ALTURA":6.8,"DAP":36.7,"OBJECTID":1122,"FECHA LEV":2015,"SALUD":null,"PROYE":null,"ACCESO":null,"ACCESIBIL":null,"UBI":null,"COLONIA":null,"TRONCO":null,"CFE":null},"geometry":{"type":"Point","coordinates":[371036.691,2837748.68108]}},{"type":"Feature","properties":{"LONG":null,"LAT":null,"NOMCIEN":"Quercus polymorpha","NOMCOM":"Encino roble, roble","ORIGEN":"Nativa","ALTURA":4.7,"DAP":9.2,"OBJECTID":1123,"FECHA LEV":2015,"SALUD":null,"PROYE":null,"ACCESO":null,"ACCESIBIL":null,"UBI":null,"COLONIA":null,"TRONCO":null,"CFE":null},"geometry":{"type":"Point","coordinates":[371022.417,2837715.69708]}},{"type":"Feature","properties":{"LONG":null,"LAT":null,"NOMCIEN":"Quercus polymorpha","NOMCOM":"Encino roble, roble","ORIGEN":"Nativa","ALTURA":6.0,"DAP":9.9,"OBJECTID":1124,"FECHA LEV":2015,"SALUD":null,"PROYE":null,"ACCESO":null,"ACCESIBIL":null,"UBI":null,"COLONIA":null,"TRONCO":null,"CFE":null},"geometry":{"type":"Point","coordinates":[371040.769,2837724.71008]}},{"type":"Feature","properties":{"LONG":null,"LAT":null,"NOMCIEN":"Fraxinus americana","NOMCOM":"Fresno blanco americano","ORIGEN":"Nativa","ALTURA":12.2,"DAP":54.7,"OBJECTID":1125,"FECHA LEV":2015,"SALUD":null,"PROYE":null,"ACCESO":null,"ACCESIBIL":null,"UBI":null,"COLONIA":null,"TRONCO":null,"CFE":null},"geometry":{"type":"Point","coordinates":[370933.544,2837592.05608]}},{"type":"Feature","properties":{"LONG":null,"LAT":null,"NOMCIEN":"Fraxinus americana","NOMCOM":"Fresno blanco americano","ORIGEN":"Nativa","ALTURA":12.2,"DAP":89.1,"OBJECTID":1126,"FECHA LEV":2015,"SALUD":null,"PROYE":null,"ACCESO":null,"ACCESIBIL":null,"UBI":null,"COLONIA":null,"TRONCO":null,"CFE":null},"geometry":{"type":"Point","coordinates":[370936.182,2837595.13308]}},{"type":"Feature","properties":{"LONG":null,"LAT":null,"NOMCIEN":"Fraxinus americana","NOMCOM":"Fresno blanco americano","ORIGEN":"Nativa","ALTURA":12.8,"DAP":45.0,"OBJECTID":1127,"FECHA LEV":2015,"SALUD":null,"PROYE":null,"ACCESO":null,"ACCESIBIL":null,"UBI":null,"COLONIA":null,"TRONCO":null,"CFE":null},"geometry":{"type":"Point","coordinates":[370805.197,2837701.70408]}},{"type":"Feature","properties":{"LONG":null,"LAT":null,"NOMCIEN":"Cupressus sempervirens","NOMCOM":"Ciprés mediterráneo, ciprés italiano, ciprés pincel","ORIGEN":"Introducida","ALTURA":11.3,"DAP":20.0,"OBJECTID":1128,"FECHA LEV":2015,"SALUD":null,"PROYE":null,"ACCESO":null,"ACCESIBIL":null,"UBI":null,"COLONIA":null,"TRONCO":null,"CFE":null},"geometry":{"type":"Point","coordinates":[370829.113,2837967.33908]}},{"type":"Feature","properties":{"LONG":null,"LAT":null,"NOMCIEN":"Fraxinus americana","NOMCOM":"Fresno blanco americano","ORIGEN":"Nativa","ALTURA":7.5,"DAP":28.2,"OBJECTID":1129,"FECHA LEV":2015,"SALUD":null,"PROYE":null,"ACCESO":null,"ACCESIBIL":null,"UBI":null,"COLONIA":null,"TRONCO":null,"CFE":null},"geometry":{"type":"Point","coordinates":[370801.368,2837706.18708]}},{"type":"Feature","properties":{"LONG":null,"LAT":null,"NOMCIEN":"Fraxinus americana","NOMCOM":"Fresno blanco americano","ORIGEN":"Nativa","ALTURA":7.5,"DAP":50.2,"OBJECTID":1130,"FECHA LEV":2015,"SALUD":null,"PROYE":null,"ACCESO":null,"ACCESIBIL":null,"UBI":null,"COLONIA":null,"TRONCO":null,"CFE":null},"geometry":{"type":"Point","coordinates":[370894.271,2837650.66308]}},{"type":"Feature","properties":{"LONG":null,"LAT":null,"NOMCIEN":"Eucalyptus camaldulensis","NOMCOM":"Eucalipto australiano rojo","ORIGEN":"Introducida","ALTURA":13.0,"DAP":35.8,"OBJECTID":1131,"FECHA LEV":2015,"SALUD":null,"PROYE":null,"ACCESO":null,"ACCESIBIL":null,"UBI":null,"COLONIA":null,"TRONCO":null,"CFE":null},"geometry":{"type":"Point","coordinates":[370689.613,2837916.88308]}},{"type":"Feature","properties":{"LONG":null,"LAT":null,"NOMCIEN":"Fraxinus americana","NOMCOM":"Fresno blanco americano","ORIGEN":"Nativa","ALTURA":5.0,"DAP":87.7,"OBJECTID":1132,"FECHA LEV":2015,"SALUD":null,"PROYE":null,"ACCESO":null,"ACCESIBIL":null,"UBI":null,"COLONIA":null,"TRONCO":null,"CFE":null},"geometry":{"type":"Point","coordinates":[370595.296,2837943.18608]}},{"type":"Feature","properties":{"LONG":null,"LAT":null,"NOMCIEN":"Quercus fusiformis","NOMCOM":"Encino siempreverde, encino molino","ORIGEN":"Nativa","ALTURA":12.5,"DAP":23.1,"OBJECTID":1133,"FECHA LEV":2015,"SALUD":null,"PROYE":null,"ACCESO":null,"ACCESIBIL":null,"UBI":null,"COLONIA":null,"TRONCO":null,"CFE":null},"geometry":{"type":"Point","coordinates":[370583.625,2837943.16408]}},{"type":"Feature","properties":{"LONG":null,"LAT":null,"NOMCIEN":"Fraxinus americana","NOMCOM":"Fresno blanco americano","ORIGEN":"Nativa","ALTURA":10.3,"DAP":32.3,"OBJECTID":1134,"FECHA LEV":2015,"SALUD":null,"PROYE":null,"ACCESO":null,"ACCESIBIL":null,"UBI":null,"COLONIA":null,"TRONCO":null,"CFE":null},"geometry":{"type":"Point","coordinates":[370599.314,2837924.68808]}},{"type":"Feature","properties":{"LONG":null,"LAT":null,"NOMCIEN":"Quercus fusiformis","NOMCOM":"Encino siempreverde, encino molino","ORIGEN":"Nativa","ALTURA":9.0,"DAP":22.8,"OBJECTID":1135,"FECHA LEV":2015,"SALUD":null,"PROYE":null,"ACCESO":null,"ACCESIBIL":null,"UBI":null,"COLONIA":null,"TRONCO":null,"CFE":null},"geometry":{"type":"Point","coordinates":[370597.017,2837917.27908]}},{"type":"Feature","properties":{"LONG":null,"LAT":null,"NOMCIEN":"Quercus fusiformis","NOMCOM":"Encino siempreverde, encino molino","ORIGEN":"Nativa","ALTURA":12.1,"DAP":39.7,"OBJECTID":1136,"FECHA LEV":2015,"SALUD":null,"PROYE":null,"ACCESO":null,"ACCESIBIL":null,"UBI":null,"COLONIA":null,"TRONCO":null,"CFE":null},"geometry":{"type":"Point","coordinates":[370600.681,2837913.76908]}},{"type":"Feature","properties":{"LONG":null,"LAT":null,"NOMCIEN":"Fraxinus americana","NOMCOM":"Fresno blanco americano","ORIGEN":"Nativa","ALTURA":10.2,"DAP":42.7,"OBJECTID":1137,"FECHA LEV":2015,"SALUD":null,"PROYE":null,"ACCESO":null,"ACCESIBIL":null,"UBI":null,"COLONIA":null,"TRONCO":null,"CFE":null},"geometry":{"type":"Point","coordinates":[370648.456,2837905.11708]}},{"type":"Feature","properties":{"LONG":null,"LAT":null,"NOMCIEN":"Quercus fusiformis","NOMCOM":"Encino siempreverde, encino molino","ORIGEN":"Nativa","ALTURA":6.2,"DAP":29.4,"OBJECTID":1138,"FECHA LEV":2015,"SALUD":null,"PROYE":null,"ACCESO":null,"ACCESIBIL":null,"UBI":null,"COLONIA":null,"TRONCO":null,"CFE":null},"geometry":{"type":"Point","coordinates":[370573.667,2837927.73708]}},{"type":"Feature","properties":{"LONG":null,"LAT":null,"NOMCIEN":"Quercus fusiformis","NOMCOM":"Encino siempreverde, encino molino","ORIGEN":"Nativa","ALTURA":5.9,"DAP":26.3,"OBJECTID":1139,"FECHA LEV":2015,"SALUD":null,"PROYE":null,"ACCESO":null,"ACCESIBIL":null,"UBI":null,"COLONIA":null,"TRONCO":null,"CFE":null},"geometry":{"type":"Point","coordinates":[370581.948,2837920.90308]}},{"type":"Feature","properties":{"LONG":null,"LAT":null,"NOMCIEN":"Quercus polymorpha","NOMCOM":"Encino roble, roble","ORIGEN":"Nativa","ALTURA":4.5,"DAP":7.2,"OBJECTID":1140,"FECHA LEV":2015,"SALUD":null,"PROYE":null,"ACCESO":null,"ACCESIBIL":null,"UBI":null,"COLONIA":null,"TRONCO":null,"CFE":null},"geometry":{"type":"Point","coordinates":[370592.457,2837911.21708]}},{"type":"Feature","properties":{"LONG":null,"LAT":null,"NOMCIEN":"Quercus fusiformis","NOMCOM":"Encino siempreverde, encino molino","ORIGEN":"Nativa","ALTURA":6.4,"DAP":15.4,"OBJECTID":1141,"FECHA LEV":2015,"SALUD":null,"PROYE":null,"ACCESO":null,"ACCESIBIL":null,"UBI":null,"COLONIA":null,"TRONCO":null,"CFE":null},"geometry":{"type":"Point","coordinates":[370601.407,2837900.70408]}},{"type":"Feature","properties":{"LONG":null,"LAT":null,"NOMCIEN":"Persea americana","NOMCOM":"Aguacate","ORIGEN":"Nativa","ALTURA":11.6,"DAP":38.5,"OBJECTID":1142,"FECHA LEV":2015,"SALUD":null,"PROYE":null,"ACCESO":null,"ACCESIBIL":null,"UBI":null,"COLONIA":null,"TRONCO":null,"CFE":null},"geometry":{"type":"Point","coordinates":[370686.487,2837930.97808]}},{"type":"Feature","properties":{"LONG":null,"LAT":null,"NOMCIEN":"Fraxinus americana","NOMCOM":"Fresno blanco americano","ORIGEN":"Nativa","ALTURA":7.8,"DAP":31.1,"OBJECTID":1143,"FECHA LEV":2015,"SALUD":null,"PROYE":null,"ACCESO":null,"ACCESIBIL":null,"UBI":null,"COLONIA":null,"TRONCO":null,"CFE":null},"geometry":{"type":"Point","coordinates":[370606.467,2837894.58408]}},{"type":"Feature","properties":{"LONG":null,"LAT":null,"NOMCIEN":"Quercus polymorpha","NOMCOM":"Encino roble, roble","ORIGEN":"Nativa","ALTURA":9.1,"DAP":19.7,"OBJECTID":1144,"FECHA LEV":2015,"SALUD":null,"PROYE":null,"ACCESO":null,"ACCESIBIL":null,"UBI":null,"COLONIA":null,"TRONCO":null,"CFE":null},"geometry":{"type":"Point","coordinates":[370613.779,2837887.63708]}},{"type":"Feature","properties":{"LONG":null,"LAT":null,"NOMCIEN":"Quercus fusiformis","NOMCOM":"Encino siempreverde, encino molino","ORIGEN":"Nativa","ALTURA":5.6,"DAP":19.7,"OBJECTID":1145,"FECHA LEV":2015,"SALUD":null,"PROYE":null,"ACCESO":null,"ACCESIBIL":null,"UBI":null,"COLONIA":null,"TRONCO":null,"CFE":null},"geometry":{"type":"Point","coordinates":[370598.504,2837903.60708]}},{"type":"Feature","properties":{"LONG":null,"LAT":null,"NOMCIEN":"Quercus shumardii","NOMCOM":"Encino rojo","ORIGEN":"Introducida","ALTURA":8.3,"DAP":22.0,"OBJECTID":1146,"FECHA LEV":2015,"SALUD":null,"PROYE":null,"ACCESO":null,"ACCESIBIL":null,"UBI":null,"COLONIA":null,"TRONCO":null,"CFE":null},"geometry":{"type":"Point","coordinates":[370619.915,2837903.24408]}},{"type":"Feature","properties":{"LONG":null,"LAT":null,"NOMCIEN":"Quercus polymorpha","NOMCOM":"Encino roble, roble","ORIGEN":"Nativa","ALTURA":11.3,"DAP":29.0,"OBJECTID":1147,"FECHA LEV":2015,"SALUD":null,"PROYE":null,"ACCESO":null,"ACCESIBIL":null,"UBI":null,"COLONIA":null,"TRONCO":null,"CFE":null},"geometry":{"type":"Point","coordinates":[370632.254,2837904.69608]}},{"type":"Feature","properties":{"LONG":null,"LAT":null,"NOMCIEN":"Quercus fusiformis","NOMCOM":"Encino siempreverde, encino molino","ORIGEN":"Nativa","ALTURA":12.3,"DAP":28.7,"OBJECTID":1148,"FECHA LEV":2015,"SALUD":null,"PROYE":null,"ACCESO":null,"ACCESIBIL":null,"UBI":null,"COLONIA":null,"TRONCO":null,"CFE":null},"geometry":{"type":"Point","coordinates":[370604.31,2837932.27708]}},{"type":"Feature","properties":{"LONG":null,"LAT":null,"NOMCIEN":"Citrus","NOMCOM":"Cítrico","ORIGEN":"Introducida","ALTURA":5.6,"DAP":14.8,"OBJECTID":1149,"FECHA LEV":2015,"SALUD":null,"PROYE":null,"ACCESO":null,"ACCESIBIL":null,"UBI":null,"COLONIA":null,"TRONCO":null,"CFE":null},"geometry":{"type":"Point","coordinates":[370674.08,2837912.93008]}},{"type":"Feature","properties":{"LONG":null,"LAT":null,"NOMCIEN":"Citrus","NOMCOM":"Cítrico","ORIGEN":"Introducida","ALTURA":5.0,"DAP":15.9,"OBJECTID":1150,"FECHA LEV":2015,"SALUD":null,"PROYE":null,"ACCESO":null,"ACCESIBIL":null,"UBI":null,"COLONIA":null,"TRONCO":null,"CFE":null},"geometry":{"type":"Point","coordinates":[370672.27,2837911.67008]}},{"type":"Feature","properties":{"LONG":null,"LAT":null,"NOMCIEN":"Citrus","NOMCOM":"Cítrico","ORIGEN":"Introducida","ALTURA":3.5,"DAP":11.3,"OBJECTID":1151,"FECHA LEV":2015,"SALUD":null,"PROYE":null,"ACCESO":null,"ACCESIBIL":null,"UBI":null,"COLONIA":null,"TRONCO":null,"CFE":null},"geometry":{"type":"Point","coordinates":[370669.18,2837910.68008]}},{"type":"Feature","properties":{"LONG":null,"LAT":null,"NOMCIEN":"Citrus","NOMCOM":"Cítrico","ORIGEN":"Introducida","ALTURA":5.6,"DAP":12.9,"OBJECTID":1152,"FECHA LEV":2015,"SALUD":null,"PROYE":null,"ACCESO":null,"ACCESIBIL":null,"UBI":null,"COLONIA":null,"TRONCO":null,"CFE":null},"geometry":{"type":"Point","coordinates":[370661.31,2837910.34008]}},{"type":"Feature","properties":{"LONG":null,"LAT":null,"NOMCIEN":"Persea americana","NOMCOM":"Aguacate","ORIGEN":"Nativa","ALTURA":8.4,"DAP":32.6,"OBJECTID":1153,"FECHA LEV":2015,"SALUD":null,"PROYE":null,"ACCESO":null,"ACCESIBIL":null,"UBI":null,"COLONIA":null,"TRONCO":null,"CFE":null},"geometry":{"type":"Point","coordinates":[370685.964,2837938.08308]}},{"type":"Feature","properties":{"LONG":null,"LAT":null,"NOMCIEN":"Quercus fusiformis","NOMCOM":"Encino siempreverde, encino molino","ORIGEN":"Nativa","ALTURA":11.1,"DAP":19.8,"OBJECTID":1154,"FECHA LEV":2015,"SALUD":null,"PROYE":null,"ACCESO":null,"ACCESIBIL":null,"UBI":null,"COLONIA":null,"TRONCO":null,"CFE":null},"geometry":{"type":"Point","coordinates":[370644.0,2837908.00008]}},{"type":"Feature","properties":{"LONG":null,"LAT":null,"NOMCIEN":"Quercus fusiformis","NOMCOM":"Encino siempreverde, encino molino","ORIGEN":"Nativa","ALTURA":12.6,"DAP":29.3,"OBJECTID":1155,"FECHA LEV":2015,"SALUD":null,"PROYE":null,"ACCESO":null,"ACCESIBIL":null,"UBI":null,"COLONIA":null,"TRONCO":null,"CFE":null},"geometry":{"type":"Point","coordinates":[370639.0,2837899.00008]}},{"type":"Feature","properties":{"LONG":null,"LAT":null,"NOMCIEN":"Quercus fusiformis","NOMCOM":"Encino siempreverde, encino molino","ORIGEN":"Nativa","ALTURA":10.4,"DAP":29.2,"OBJECTID":1156,"FECHA LEV":2015,"SALUD":null,"PROYE":null,"ACCESO":null,"ACCESIBIL":null,"UBI":null,"COLONIA":null,"TRONCO":null,"CFE":null},"geometry":{"type":"Point","coordinates":[370652.0,2837899.00008]}},{"type":"Feature","properties":{"LONG":null,"LAT":null,"NOMCIEN":"Quercus fusiformis","NOMCOM":"Encino siempreverde, encino molino","ORIGEN":"Nativa","ALTURA":10.6,"DAP":32.8,"OBJECTID":1157,"FECHA LEV":2015,"SALUD":null,"PROYE":null,"ACCESO":null,"ACCESIBIL":null,"UBI":null,"COLONIA":null,"TRONCO":null,"CFE":null},"geometry":{"type":"Point","coordinates":[370658.0,2837905.00008]}},{"type":"Feature","properties":{"LONG":null,"LAT":null,"NOMCIEN":"Quercus fusiformis","NOMCOM":"Encino siempreverde, encino molino","ORIGEN":"Nativa","ALTURA":9.8,"DAP":32.1,"OBJECTID":1158,"FECHA LEV":2015,"SALUD":null,"PROYE":null,"ACCESO":null,"ACCESIBIL":null,"UBI":null,"COLONIA":null,"TRONCO":null,"CFE":null},"geometry":{"type":"Point","coordinates":[370676.0,2837909.00008]}},{"type":"Feature","properties":{"LONG":null,"LAT":null,"NOMCIEN":"Quercus fusiformis","NOMCOM":"Encino siempreverde, encino molino","ORIGEN":"Nativa","ALTURA":9.7,"DAP":23.7,"OBJECTID":1159,"FECHA LEV":2015,"SALUD":null,"PROYE":null,"ACCESO":null,"ACCESIBIL":null,"UBI":null,"COLONIA":null,"TRONCO":null,"CFE":null},"geometry":{"type":"Point","coordinates":[370660.0,2837897.00008]}},{"type":"Feature","properties":{"LONG":null,"LAT":null,"NOMCIEN":"Quercus fusiformis","NOMCOM":"Encino siempreverde, encino molino","ORIGEN":"Nativa","ALTURA":11.5,"DAP":21.2,"OBJECTID":1160,"FECHA LEV":2015,"SALUD":null,"PROYE":null,"ACCESO":null,"ACCESIBIL":null,"UBI":null,"COLONIA":null,"TRONCO":null,"CFE":null},"geometry":{"type":"Point","coordinates":[370638.0,2837896.00008]}},{"type":"Feature","properties":{"LONG":null,"LAT":null,"NOMCIEN":"Quercus fusiformis","NOMCOM":"Encino siempreverde, encino molino","ORIGEN":"Nativa","ALTURA":10.1,"DAP":33.2,"OBJECTID":1161,"FECHA LEV":2015,"SALUD":null,"PROYE":null,"ACCESO":null,"ACCESIBIL":null,"UBI":null,"COLONIA":null,"TRONCO":null,"CFE":null},"geometry":{"type":"Point","coordinates":[370633.0,2837888.00008]}},{"type":"Feature","properties":{"LONG":null,"LAT":null,"NOMCIEN":"Quercus fusiformis","NOMCOM":"Encino siempreverde, encino molino","ORIGEN":"Nativa","ALTURA":11.8,"DAP":22.3,"OBJECTID":1162,"FECHA LEV":2015,"SALUD":null,"PROYE":null,"ACCESO":null,"ACCESIBIL":null,"UBI":null,"COLONIA":null,"TRONCO":null,"CFE":null},"geometry":{"type":"Point","coordinates":[370626.0,2837902.00008]}},{"type":"Feature","properties":{"LONG":null,"LAT":null,"NOMCIEN":"Persea americana","NOMCOM":"Aguacate","ORIGEN":"Nativa","ALTURA":9.4,"DAP":21.6,"OBJECTID":1163,"FECHA LEV":2015,"SALUD":null,"PROYE":null,"ACCESO":null,"ACCESIBIL":null,"UBI":null,"COLONIA":null,"TRONCO":null,"CFE":null},"geometry":{"type":"Point","coordinates":[370689.23,2837923.56708]}},{"type":"Feature","properties":{"LONG":null,"LAT":null,"NOMCIEN":"Fraxinus americana","NOMCOM":"Fresno blanco americano","ORIGEN":"Nativa","ALTURA":10.2,"DAP":30.4,"OBJECTID":1164,"FECHA LEV":2015,"SALUD":null,"PROYE":null,"ACCESO":null,"ACCESIBIL":null,"UBI":null,"COLONIA":null,"TRONCO":null,"CFE":null},"geometry":{"type":"Point","coordinates":[370686.327,2837952.59908]}},{"type":"Feature","properties":{"LONG":null,"LAT":null,"NOMCIEN":"Persea americana","NOMCOM":"Aguacate","ORIGEN":"Nativa","ALTURA":8.8,"DAP":27.0,"OBJECTID":1165,"FECHA LEV":2015,"SALUD":null,"PROYE":null,"ACCESO":null,"ACCESIBIL":null,"UBI":null,"COLONIA":null,"TRONCO":null,"CFE":null},"geometry":{"type":"Point","coordinates":[370681.343,2837949.58708]}},{"type":"Feature","properties":{"LONG":null,"LAT":null,"NOMCIEN":"Fraxinus americana","NOMCOM":"Fresno blanco americano","ORIGEN":"Nativa","ALTURA":8.3,"DAP":36.2,"OBJECTID":1166,"FECHA LEV":2015,"SALUD":null,"PROYE":null,"ACCESO":null,"ACCESIBIL":null,"UBI":null,"COLONIA":null,"TRONCO":null,"CFE":null},"geometry":{"type":"Point","coordinates":[370664.74,2837952.45608]}},{"type":"Feature","properties":{"LONG":null,"LAT":null,"NOMCIEN":"Fraxinus americana","NOMCOM":"Fresno blanco americano","ORIGEN":"Nativa","ALTURA":7.6,"DAP":37.0,"OBJECTID":1167,"FECHA LEV":2015,"SALUD":null,"PROYE":null,"ACCESO":null,"ACCESIBIL":null,"UBI":null,"COLONIA":null,"TRONCO":null,"CFE":null},"geometry":{"type":"Point","coordinates":[370646.741,2837950.64008]}},{"type":"Feature","properties":{"LONG":null,"LAT":null,"NOMCIEN":"Fraxinus americana","NOMCOM":"Fresno blanco americano","ORIGEN":"Nativa","ALTURA":9.8,"DAP":41.5,"OBJECTID":1168,"FECHA LEV":2015,"SALUD":null,"PROYE":null,"ACCESO":null,"ACCESIBIL":null,"UBI":null,"COLONIA":null,"TRONCO":null,"CFE":null},"geometry":{"type":"Point","coordinates":[370609.506,2837945.58108]}},{"type":"Feature","properties":{"LONG":null,"LAT":null,"NOMCIEN":"Quercus polymorpha","NOMCOM":"Encino roble, roble","ORIGEN":"Nativa","ALTURA":4.1,"DAP":10.5,"OBJECTID":1169,"FECHA LEV":2015,"SALUD":null,"PROYE":null,"ACCESO":null,"ACCESIBIL":null,"UBI":null,"COLONIA":null,"TRONCO":null,"CFE":null},"geometry":{"type":"Point","coordinates":[370770.884,2837735.58208]}},{"type":"Feature","properties":{"LONG":null,"LAT":null,"NOMCIEN":"Ligustrum japonicum","NOMCOM":"Trueno de Texas, trueno japonés","ORIGEN":"Introducida","ALTURA":10.1,"DAP":40.2,"OBJECTID":1170,"FECHA LEV":2015,"SALUD":null,"PROYE":null,"ACCESO":null,"ACCESIBIL":null,"UBI":null,"COLONIA":null,"TRONCO":null,"CFE":null},"geometry":{"type":"Point","coordinates":[370930.028,2837705.89908]}},{"type":"Feature","properties":{"LONG":null,"LAT":null,"NOMCIEN":"Ligustrum japonicum","NOMCOM":"Trueno de Texas, trueno japonés","ORIGEN":"Introducida","ALTURA":7.0,"DAP":48.6,"OBJECTID":1171,"FECHA LEV":2015,"SALUD":null,"PROYE":null,"ACCESO":null,"ACCESIBIL":null,"UBI":null,"COLONIA":null,"TRONCO":null,"CFE":null},"geometry":{"type":"Point","coordinates":[370849.018,2837697.11408]}},{"type":"Feature","properties":{"LONG":null,"LAT":null,"NOMCIEN":"Ligustrum japonicum","NOMCOM":"Trueno de Texas, trueno japonés","ORIGEN":"Introducida","ALTURA":5.8,"DAP":29.4,"OBJECTID":1172,"FECHA LEV":2015,"SALUD":null,"PROYE":null,"ACCESO":null,"ACCESIBIL":null,"UBI":null,"COLONIA":null,"TRONCO":null,"CFE":null},"geometry":{"type":"Point","coordinates":[370844.945,2837698.41908]}},{"type":"Feature","properties":{"LONG":null,"LAT":null,"NOMCIEN":"Ligustrum japonicum","NOMCOM":"Trueno de Texas, trueno japonés","ORIGEN":"Introducida","ALTURA":6.4,"DAP":45.2,"OBJECTID":1173,"FECHA LEV":2015,"SALUD":null,"PROYE":null,"ACCESO":null,"ACCESIBIL":null,"UBI":null,"COLONIA":null,"TRONCO":null,"CFE":null},"geometry":{"type":"Point","coordinates":[370841.786,2837700.15708]}},{"type":"Feature","properties":{"LONG":null,"LAT":null,"NOMCIEN":"Ligustrum japonicum","NOMCOM":"Trueno de Texas, trueno japonés","ORIGEN":"Introducida","ALTURA":7.1,"DAP":24.4,"OBJECTID":1174,"FECHA LEV":2015,"SALUD":null,"PROYE":null,"ACCESO":null,"ACCESIBIL":null,"UBI":null,"COLONIA":null,"TRONCO":null,"CFE":null},"geometry":{"type":"Point","coordinates":[370836.834,2837702.82208]}},{"type":"Feature","properties":{"LONG":null,"LAT":null,"NOMCIEN":"Ligustrum japonicum","NOMCOM":"Trueno de Texas, trueno japonés","ORIGEN":"Introducida","ALTURA":7.0,"DAP":33.2,"OBJECTID":1175,"FECHA LEV":2015,"SALUD":null,"PROYE":null,"ACCESO":null,"ACCESIBIL":null,"UBI":null,"COLONIA":null,"TRONCO":null,"CFE":null},"geometry":{"type":"Point","coordinates":[370832.181,2837705.42008]}},{"type":"Feature","properties":{"LONG":null,"LAT":null,"NOMCIEN":"Ligustrum japonicum","NOMCOM":"Trueno de Texas, trueno japonés","ORIGEN":"Introducida","ALTURA":6.4,"DAP":29.0,"OBJECTID":1176,"FECHA LEV":2015,"SALUD":null,"PROYE":null,"ACCESO":null,"ACCESIBIL":null,"UBI":null,"COLONIA":null,"TRONCO":null,"CFE":null},"geometry":{"type":"Point","coordinates":[370829.669,2837709.53008]}},{"type":"Feature","properties":{"LONG":null,"LAT":null,"NOMCIEN":"Ligustrum japonicum","NOMCOM":"Trueno de Texas, trueno japonés","ORIGEN":"Introducida","ALTURA":7.0,"DAP":33.8,"OBJECTID":1177,"FECHA LEV":2015,"SALUD":null,"PROYE":null,"ACCESO":null,"ACCESIBIL":null,"UBI":null,"COLONIA":null,"TRONCO":null,"CFE":null},"geometry":{"type":"Point","coordinates":[370825.479,2837712.52408]}},{"type":"Feature","properties":{"LONG":null,"LAT":null,"NOMCIEN":"Fraxinus americana","NOMCOM":"Fresno blanco americano","ORIGEN":"Nativa","ALTURA":12.7,"DAP":45.6,"OBJECTID":1178,"FECHA LEV":2015,"SALUD":null,"PROYE":null,"ACCESO":null,"ACCESIBIL":null,"UBI":null,"COLONIA":null,"TRONCO":null,"CFE":null},"geometry":{"type":"Point","coordinates":[370826.153,2837736.22208]}},{"type":"Feature","properties":{"LONG":null,"LAT":null,"NOMCIEN":"Fraxinus americana","NOMCOM":"Fresno blanco americano","ORIGEN":"Nativa","ALTURA":11.4,"DAP":58.0,"OBJECTID":1179,"FECHA LEV":2015,"SALUD":null,"PROYE":null,"ACCESO":null,"ACCESIBIL":null,"UBI":null,"COLONIA":null,"TRONCO":null,"CFE":null},"geometry":{"type":"Point","coordinates":[370815.253,2837726.14508]}},{"type":"Feature","properties":{"LONG":null,"LAT":null,"NOMCIEN":"Fraxinus americana","NOMCOM":"Fresno blanco americano","ORIGEN":"Nativa","ALTURA":12.0,"DAP":66.3,"OBJECTID":1180,"FECHA LEV":2015,"SALUD":null,"PROYE":null,"ACCESO":null,"ACCESIBIL":null,"UBI":null,"COLONIA":null,"TRONCO":null,"CFE":null},"geometry":{"type":"Point","coordinates":[370930.028,2837720.84308]}},{"type":"Feature","properties":{"LONG":null,"LAT":null,"NOMCIEN":"Ficus benjamina","NOMCOM":"Laurel de la India, amate, ficus","ORIGEN":"Introducida","ALTURA":13.0,"DAP":46.0,"OBJECTID":1181,"FECHA LEV":2015,"SALUD":null,"PROYE":null,"ACCESO":null,"ACCESIBIL":null,"UBI":null,"COLONIA":null,"TRONCO":null,"CFE":null},"geometry":{"type":"Point","coordinates":[370775.601,2837843.00208]}},{"type":"Feature","properties":{"LONG":null,"LAT":null,"NOMCIEN":"Fraxinus americana","NOMCOM":"Fresno blanco americano","ORIGEN":"Nativa","ALTURA":10.7,"DAP":36.5,"OBJECTID":1182,"FECHA LEV":2015,"SALUD":null,"PROYE":null,"ACCESO":null,"ACCESIBIL":null,"UBI":null,"COLONIA":null,"TRONCO":null,"CFE":null},"geometry":{"type":"Point","coordinates":[370785.763,2837840.46208]}},{"type":"Feature","properties":{"LONG":null,"LAT":null,"NOMCIEN":"Fraxinus americana","NOMCOM":"Fresno blanco americano","ORIGEN":"Nativa","ALTURA":11.8,"DAP":16.4,"OBJECTID":1183,"FECHA LEV":2015,"SALUD":null,"PROYE":null,"ACCESO":null,"ACCESIBIL":null,"UBI":null,"COLONIA":null,"TRONCO":null,"CFE":null},"geometry":{"type":"Point","coordinates":[370783.948,2837831.38908]}},{"type":"Feature","properties":{"LONG":null,"LAT":null,"NOMCIEN":"Fraxinus americana","NOMCOM":"Fresno blanco americano","ORIGEN":"Nativa","ALTURA":10.4,"DAP":44.5,"OBJECTID":1184,"FECHA LEV":2015,"SALUD":null,"PROYE":null,"ACCESO":null,"ACCESIBIL":null,"UBI":null,"COLONIA":null,"TRONCO":null,"CFE":null},"geometry":{"type":"Point","coordinates":[370776.327,2837831.02608]}},{"type":"Feature","properties":{"LONG":null,"LAT":null,"NOMCIEN":"Fraxinus americana","NOMCOM":"Fresno blanco americano","ORIGEN":"Nativa","ALTURA":9.0,"DAP":48.1,"OBJECTID":1185,"FECHA LEV":2015,"SALUD":null,"PROYE":null,"ACCESO":null,"ACCESIBIL":null,"UBI":null,"COLONIA":null,"TRONCO":null,"CFE":null},"geometry":{"type":"Point","coordinates":[370775.964,2837774.77608]}},{"type":"Feature","properties":{"LONG":null,"LAT":null,"NOMCIEN":"Ficus benjamina","NOMCOM":"Laurel de la India, amate, ficus","ORIGEN":"Introducida","ALTURA":12.2,"DAP":35.8,"OBJECTID":1186,"FECHA LEV":2015,"SALUD":null,"PROYE":null,"ACCESO":null,"ACCESIBIL":null,"UBI":null,"COLONIA":null,"TRONCO":null,"CFE":null},"geometry":{"type":"Point","coordinates":[370781.771,2837770.78408]}},{"type":"Feature","properties":{"LONG":null,"LAT":null,"NOMCIEN":"Fraxinus americana","NOMCOM":"Fresno blanco americano","ORIGEN":"Nativa","ALTURA":9.8,"DAP":48.6,"OBJECTID":1187,"FECHA LEV":2015,"SALUD":null,"PROYE":null,"ACCESO":null,"ACCESIBIL":null,"UBI":null,"COLONIA":null,"TRONCO":null,"CFE":null},"geometry":{"type":"Point","coordinates":[370933.544,2837718.05908]}},{"type":"Feature","properties":{"LONG":null,"LAT":null,"NOMCIEN":"Fraxinus americana","NOMCOM":"Fresno blanco americano","ORIGEN":"Nativa","ALTURA":7.8,"DAP":50.8,"OBJECTID":1188,"FECHA LEV":2015,"SALUD":null,"PROYE":null,"ACCESO":null,"ACCESIBIL":null,"UBI":null,"COLONIA":null,"TRONCO":null,"CFE":null},"geometry":{"type":"Point","coordinates":[370935.889,2837712.78508]}},{"type":"Feature","properties":{"LONG":null,"LAT":null,"NOMCIEN":"Fraxinus americana","NOMCOM":"Fresno blanco americano","ORIGEN":"Nativa","ALTURA":11.2,"DAP":77.6,"OBJECTID":1189,"FECHA LEV":2015,"SALUD":null,"PROYE":null,"ACCESO":null,"ACCESIBIL":null,"UBI":null,"COLONIA":null,"TRONCO":null,"CFE":null},"geometry":{"type":"Point","coordinates":[370923.728,2837716.59408]}},{"type":"Feature","properties":{"LONG":null,"LAT":null,"NOMCIEN":"Fraxinus americana","NOMCOM":"Fresno blanco americano","ORIGEN":"Nativa","ALTURA":8.5,"DAP":76.7,"OBJECTID":1190,"FECHA LEV":2015,"SALUD":null,"PROYE":null,"ACCESO":null,"ACCESIBIL":null,"UBI":null,"COLONIA":null,"TRONCO":null,"CFE":null},"geometry":{"type":"Point","coordinates":[370926.658,2837711.61308]}},{"type":"Feature","properties":{"LONG":null,"LAT":null,"NOMCIEN":"Fraxinus americana","NOMCOM":"Fresno blanco americano","ORIGEN":"Nativa","ALTURA":15.0,"DAP":42.8,"OBJECTID":1191,"FECHA LEV":2015,"SALUD":null,"PROYE":null,"ACCESO":null,"ACCESIBIL":null,"UBI":null,"COLONIA":null,"TRONCO":null,"CFE":null},"geometry":{"type":"Point","coordinates":[370917.135,2837706.48508]}},{"type":"Feature","properties":{"LONG":null,"LAT":null,"NOMCIEN":"Fraxinus americana","NOMCOM":"Fresno blanco americano","ORIGEN":"Nativa","ALTURA":13.2,"DAP":55.2,"OBJECTID":1192,"FECHA LEV":2015,"SALUD":null,"PROYE":null,"ACCESO":null,"ACCESIBIL":null,"UBI":null,"COLONIA":null,"TRONCO":null,"CFE":null},"geometry":{"type":"Point","coordinates":[370911.421,2837703.26108]}},{"type":"Feature","properties":{"LONG":null,"LAT":null,"NOMCIEN":"Juglans nigra","NOMCOM":"Nogal americano","ORIGEN":"Introducida","ALTURA":19.7,"DAP":65.4,"OBJECTID":1193,"FECHA LEV":2015,"SALUD":null,"PROYE":null,"ACCESO":null,"ACCESIBIL":null,"UBI":null,"COLONIA":null,"TRONCO":null,"CFE":null},"geometry":{"type":"Point","coordinates":[370574.792,2837768.07308]}},{"type":"Feature","properties":{"LONG":null,"LAT":null,"NOMCIEN":"Quercus polymorpha","NOMCOM":"Encino roble, roble","ORIGEN":"Nativa","ALTURA":16.0,"DAP":42.9,"OBJECTID":1194,"FECHA LEV":2015,"SALUD":null,"PROYE":null,"ACCESO":null,"ACCESIBIL":null,"UBI":null,"COLONIA":null,"TRONCO":null,"CFE":null},"geometry":{"type":"Point","coordinates":[370522.923,2837759.18008]}},{"type":"Feature","properties":{"LONG":null,"LAT":null,"NOMCIEN":"Quercus polymorpha","NOMCOM":"Encino roble, roble","ORIGEN":"Nativa","ALTURA":16.8,"DAP":36.8,"OBJECTID":1195,"FECHA LEV":2015,"SALUD":null,"PROYE":null,"ACCESO":null,"ACCESIBIL":null,"UBI":null,"COLONIA":null,"TRONCO":null,"CFE":null},"geometry":{"type":"Point","coordinates":[370511.81,2837758.38608]}},{"type":"Feature","properties":{"LONG":null,"LAT":null,"NOMCIEN":"Quercus polymorpha","NOMCOM":"Encino roble, roble","ORIGEN":"Nativa","ALTURA":14.5,"DAP":33.4,"OBJECTID":1196,"FECHA LEV":2015,"SALUD":null,"PROYE":null,"ACCESO":null,"ACCESIBIL":null,"UBI":null,"COLONIA":null,"TRONCO":null,"CFE":null},"geometry":{"type":"Point","coordinates":[370469.636,2837760.15908]}},{"type":"Feature","properties":{"LONG":null,"LAT":null,"NOMCIEN":"Quercus polymorpha","NOMCOM":"Encino roble, roble","ORIGEN":"Nativa","ALTURA":14.6,"DAP":36.0,"OBJECTID":1197,"FECHA LEV":2015,"SALUD":null,"PROYE":null,"ACCESO":null,"ACCESIBIL":null,"UBI":null,"COLONIA":null,"TRONCO":null,"CFE":null},"geometry":{"type":"Point","coordinates":[370461.592,2837760.15908]}},{"type":"Feature","properties":{"LONG":null,"LAT":null,"NOMCIEN":"Quercus polymorpha","NOMCOM":"Encino roble, roble","ORIGEN":"Nativa","ALTURA":16.5,"DAP":40.1,"OBJECTID":1198,"FECHA LEV":2015,"SALUD":null,"PROYE":null,"ACCESO":null,"ACCESIBIL":null,"UBI":null,"COLONIA":null,"TRONCO":null,"CFE":null},"geometry":{"type":"Point","coordinates":[370475.123,2837760.28608]}},{"type":"Feature","properties":{"LONG":null,"LAT":null,"NOMCIEN":"Quercus polymorpha","NOMCOM":"Encino roble, roble","ORIGEN":"Nativa","ALTURA":16.5,"DAP":34.7,"OBJECTID":1199,"FECHA LEV":2015,"SALUD":null,"PROYE":null,"ACCESO":null,"ACCESIBIL":null,"UBI":null,"COLONIA":null,"TRONCO":null,"CFE":null},"geometry":{"type":"Point","coordinates":[370480.232,2837759.96708]}},{"type":"Feature","properties":{"LONG":null,"LAT":null,"NOMCIEN":"Quercus polymorpha","NOMCOM":"Encino roble, roble","ORIGEN":"Nativa","ALTURA":15.0,"DAP":30.7,"OBJECTID":1200,"FECHA LEV":2015,"SALUD":null,"PROYE":null,"ACCESO":null,"ACCESIBIL":null,"UBI":null,"COLONIA":null,"TRONCO":null,"CFE":null},"geometry":{"type":"Point","coordinates":[370486.299,2837759.96708]}},{"type":"Feature","properties":{"LONG":null,"LAT":null,"NOMCIEN":"Quercus polymorpha","NOMCOM":"Encino roble, roble","ORIGEN":"Nativa","ALTURA":11.9,"DAP":27.4,"OBJECTID":1201,"FECHA LEV":2015,"SALUD":null,"PROYE":null,"ACCESO":null,"ACCESIBIL":null,"UBI":null,"COLONIA":null,"TRONCO":null,"CFE":null},"geometry":{"type":"Point","coordinates":[370571.55,2837760.92508]}},{"type":"Feature","properties":{"LONG":null,"LAT":null,"NOMCIEN":"Quercus polymorpha","NOMCOM":"Encino roble, roble","ORIGEN":"Nativa","ALTURA":13.5,"DAP":23.3,"OBJECTID":1202,"FECHA LEV":2015,"SALUD":null,"PROYE":null,"ACCESO":null,"ACCESIBIL":null,"UBI":null,"COLONIA":null,"TRONCO":null,"CFE":null},"geometry":{"type":"Point","coordinates":[370570.593,2837769.22708]}},{"type":"Feature","properties":{"LONG":null,"LAT":null,"NOMCIEN":"Quercus polymorpha","NOMCOM":"Encino roble, roble","ORIGEN":"Nativa","ALTURA":15.8,"DAP":41.7,"OBJECTID":1203,"FECHA LEV":2015,"SALUD":null,"PROYE":null,"ACCESO":null,"ACCESIBIL":null,"UBI":null,"COLONIA":null,"TRONCO":null,"CFE":null},"geometry":{"type":"Point","coordinates":[370565.48,2837759.14908]}},{"type":"Feature","properties":{"LONG":null,"LAT":null,"NOMCIEN":"Quercus polymorpha","NOMCOM":"Encino roble, roble","ORIGEN":"Nativa","ALTURA":13.0,"DAP":34.6,"OBJECTID":1204,"FECHA LEV":2015,"SALUD":null,"PROYE":null,"ACCESO":null,"ACCESIBIL":null,"UBI":null,"COLONIA":null,"TRONCO":null,"CFE":null},"geometry":{"type":"Point","coordinates":[370553.177,2837759.14908]}},{"type":"Feature","properties":{"LONG":null,"LAT":null,"NOMCIEN":"Quercus polymorpha","NOMCOM":"Encino roble, roble","ORIGEN":"Nativa","ALTURA":16.2,"DAP":32.4,"OBJECTID":1205,"FECHA LEV":2015,"SALUD":null,"PROYE":null,"ACCESO":null,"ACCESIBIL":null,"UBI":null,"COLONIA":null,"TRONCO":null,"CFE":null},"geometry":{"type":"Point","coordinates":[370538.957,2837758.38608]}},{"type":"Feature","properties":{"LONG":null,"LAT":null,"NOMCIEN":"Quercus polymorpha","NOMCOM":"Encino roble, roble","ORIGEN":"Nativa","ALTURA":17.8,"DAP":42.4,"OBJECTID":1206,"FECHA LEV":2015,"SALUD":null,"PROYE":null,"ACCESO":null,"ACCESIBIL":null,"UBI":null,"COLONIA":null,"TRONCO":null,"CFE":null},"geometry":{"type":"Point","coordinates":[370435.425,2837671.56008]}},{"type":"Feature","properties":{"LONG":null,"LAT":null,"NOMCIEN":"Fraxinus americana","NOMCOM":"Fresno blanco americano","ORIGEN":"Nativa","ALTURA":17.4,"DAP":60.2,"OBJECTID":1207,"FECHA LEV":2015,"SALUD":null,"PROYE":null,"ACCESO":null,"ACCESIBIL":null,"UBI":null,"COLONIA":null,"TRONCO":null,"CFE":null},"geometry":{"type":"Point","coordinates":[370568.149,2837670.49708]}},{"type":"Feature","properties":{"LONG":null,"LAT":null,"NOMCIEN":"Quercus fusiformis","NOMCOM":"Encino siempreverde, encino molino","ORIGEN":"Nativa","ALTURA":11.1,"DAP":21.1,"OBJECTID":1208,"FECHA LEV":2015,"SALUD":null,"PROYE":null,"ACCESO":null,"ACCESIBIL":null,"UBI":null,"COLONIA":null,"TRONCO":null,"CFE":null},"geometry":{"type":"Point","coordinates":[370565.952,2837642.02308]}},{"type":"Feature","properties":{"LONG":null,"LAT":null,"NOMCIEN":"Fraxinus americana","NOMCOM":"Fresno blanco americano","ORIGEN":"Nativa","ALTURA":15.6,"DAP":34.4,"OBJECTID":1209,"FECHA LEV":2015,"SALUD":null,"PROYE":null,"ACCESO":null,"ACCESIBIL":null,"UBI":null,"COLONIA":null,"TRONCO":null,"CFE":null},"geometry":{"type":"Point","coordinates":[370553.631,2837641.12408]}},{"type":"Feature","properties":{"LONG":null,"LAT":null,"NOMCIEN":"Fraxinus americana","NOMCOM":"Fresno blanco americano","ORIGEN":"Nativa","ALTURA":18.7,"DAP":56.1,"OBJECTID":1210,"FECHA LEV":2015,"SALUD":null,"PROYE":null,"ACCESO":null,"ACCESIBIL":null,"UBI":null,"COLONIA":null,"TRONCO":null,"CFE":null},"geometry":{"type":"Point","coordinates":[370541.046,2837641.38308]}},{"type":"Feature","properties":{"LONG":null,"LAT":null,"NOMCIEN":"Fraxinus americana","NOMCOM":"Fresno blanco americano","ORIGEN":"Nativa","ALTURA":15.8,"DAP":46.5,"OBJECTID":1211,"FECHA LEV":2015,"SALUD":null,"PROYE":null,"ACCESO":null,"ACCESIBIL":null,"UBI":null,"COLONIA":null,"TRONCO":null,"CFE":null},"geometry":{"type":"Point","coordinates":[370528.149,2837641.77008]}},{"type":"Feature","properties":{"LONG":null,"LAT":null,"NOMCIEN":"Fraxinus americana","NOMCOM":"Fresno blanco americano","ORIGEN":"Nativa","ALTURA":13.3,"DAP":76.7,"OBJECTID":1212,"FECHA LEV":2015,"SALUD":null,"PROYE":null,"ACCESO":null,"ACCESIBIL":null,"UBI":null,"COLONIA":null,"TRONCO":null,"CFE":null},"geometry":{"type":"Point","coordinates":[370502.469,2837641.53408]}},{"type":"Feature","properties":{"LONG":null,"LAT":null,"NOMCIEN":"Fraxinus americana","NOMCOM":"Fresno blanco americano","ORIGEN":"Nativa","ALTURA":11.8,"DAP":38.9,"OBJECTID":1213,"FECHA LEV":2015,"SALUD":null,"PROYE":null,"ACCESO":null,"ACCESIBIL":null,"UBI":null,"COLONIA":null,"TRONCO":null,"CFE":null},"geometry":{"type":"Point","coordinates":[370513.686,2837641.73208]}},{"type":"Feature","properties":{"LONG":null,"LAT":null,"NOMCIEN":"Fraxinus americana","NOMCOM":"Fresno blanco americano","ORIGEN":"Nativa","ALTURA":14.0,"DAP":48.9,"OBJECTID":1214,"FECHA LEV":2015,"SALUD":null,"PROYE":null,"ACCESO":null,"ACCESIBIL":null,"UBI":null,"COLONIA":null,"TRONCO":null,"CFE":null},"geometry":{"type":"Point","coordinates":[370481.949,2837642.15708]}},{"type":"Feature","properties":{"LONG":null,"LAT":null,"NOMCIEN":"Fraxinus americana","NOMCOM":"Fresno blanco americano","ORIGEN":"Nativa","ALTURA":13.9,"DAP":70.7,"OBJECTID":1215,"FECHA LEV":2015,"SALUD":null,"PROYE":null,"ACCESO":null,"ACCESIBIL":null,"UBI":null,"COLONIA":null,"TRONCO":null,"CFE":null},"geometry":{"type":"Point","coordinates":[370466.901,2837642.35508]}},{"type":"Feature","properties":{"LONG":null,"LAT":null,"NOMCIEN":"Fraxinus americana","NOMCOM":"Fresno blanco americano","ORIGEN":"Nativa","ALTURA":14.5,"DAP":111.4,"OBJECTID":1216,"FECHA LEV":2015,"SALUD":null,"PROYE":null,"ACCESO":null,"ACCESIBIL":null,"UBI":null,"COLONIA":null,"TRONCO":null,"CFE":null},"geometry":{"type":"Point","coordinates":[370441.655,2837642.59108]}},{"type":"Feature","properties":{"LONG":null,"LAT":null,"NOMCIEN":"Quercus polymorpha","NOMCOM":"Encino roble, roble","ORIGEN":"Nativa","ALTURA":17.0,"DAP":32.5,"OBJECTID":1217,"FECHA LEV":2015,"SALUD":null,"PROYE":null,"ACCESO":null,"ACCESIBIL":null,"UBI":null,"COLONIA":null,"TRONCO":null,"CFE":null},"geometry":{"type":"Point","coordinates":[370459.669,2837673.31508]}},{"type":"Feature","properties":{"LONG":null,"LAT":null,"NOMCIEN":"Fraxinus americana","NOMCOM":"Fresno blanco americano","ORIGEN":"Nativa","ALTURA":18.7,"DAP":78.4,"OBJECTID":1218,"FECHA LEV":2015,"SALUD":null,"PROYE":null,"ACCESO":null,"ACCESIBIL":null,"UBI":null,"COLONIA":null,"TRONCO":null,"CFE":null},"geometry":{"type":"Point","coordinates":[370448.466,2837643.06208]}},{"type":"Feature","properties":{"LONG":null,"LAT":null,"NOMCIEN":"Quercus fusiformis","NOMCOM":"Encino siempreverde, encino molino","ORIGEN":"Nativa","ALTURA":12.6,"DAP":32.6,"OBJECTID":1219,"FECHA LEV":2015,"SALUD":null,"PROYE":null,"ACCESO":null,"ACCESIBIL":null,"UBI":null,"COLONIA":null,"TRONCO":null,"CFE":null},"geometry":{"type":"Point","coordinates":[370593.303,2837668.72408]}},{"type":"Feature","properties":{"LONG":null,"LAT":null,"NOMCIEN":"Quercus fusiformis","NOMCOM":"Encino siempreverde, encino molino","ORIGEN":"Nativa","ALTURA":14.6,"DAP":33.8,"OBJECTID":1220,"FECHA LEV":2015,"SALUD":null,"PROYE":null,"ACCESO":null,"ACCESIBIL":null,"UBI":null,"COLONIA":null,"TRONCO":null,"CFE":null},"geometry":{"type":"Point","coordinates":[370425.041,2837657.50608]}},{"type":"Feature","properties":{"LONG":null,"LAT":null,"NOMCIEN":"Juglans nigra","NOMCOM":"Nogal americano","ORIGEN":"Introducida","ALTURA":21.9,"DAP":59.2,"OBJECTID":1221,"FECHA LEV":2015,"SALUD":null,"PROYE":null,"ACCESO":null,"ACCESIBIL":null,"UBI":null,"COLONIA":null,"TRONCO":null,"CFE":null},"geometry":{"type":"Point","coordinates":[370425.314,2837665.98808]}},{"type":"Feature","properties":{"LONG":null,"LAT":null,"NOMCIEN":"Quercus polymorpha","NOMCOM":"Encino roble, roble","ORIGEN":"Nativa","ALTURA":14.0,"DAP":26.1,"OBJECTID":1222,"FECHA LEV":2015,"SALUD":null,"PROYE":null,"ACCESO":null,"ACCESIBIL":null,"UBI":null,"COLONIA":null,"TRONCO":null,"CFE":null},"geometry":{"type":"Point","coordinates":[370521.621,2837673.10108]}},{"type":"Feature","properties":{"LONG":null,"LAT":null,"NOMCIEN":"Quercus polymorpha","NOMCOM":"Encino roble, roble","ORIGEN":"Nativa","ALTURA":18.5,"DAP":43.1,"OBJECTID":1223,"FECHA LEV":2015,"SALUD":null,"PROYE":null,"ACCESO":null,"ACCESIBIL":null,"UBI":null,"COLONIA":null,"TRONCO":null,"CFE":null},"geometry":{"type":"Point","coordinates":[370416.286,2837656.95908]}},{"type":"Feature","properties":{"LONG":null,"LAT":null,"NOMCIEN":"Quercus fusiformis","NOMCOM":"Encino siempreverde, encino molino","ORIGEN":"Nativa","ALTURA":11.9,"DAP":48.8,"OBJECTID":1224,"FECHA LEV":2015,"SALUD":null,"PROYE":null,"ACCESO":null,"ACCESIBIL":null,"UBI":null,"COLONIA":null,"TRONCO":null,"CFE":null},"geometry":{"type":"Point","coordinates":[370417.65,2837669.60608]}},{"type":"Feature","properties":{"LONG":null,"LAT":null,"NOMCIEN":"Ligustrum japonicum","NOMCOM":"Trueno de Texas, trueno japonés","ORIGEN":"Introducida","ALTURA":20.4,"DAP":64.2,"OBJECTID":1225,"FECHA LEV":2015,"SALUD":null,"PROYE":null,"ACCESO":null,"ACCESIBIL":null,"UBI":null,"COLONIA":null,"TRONCO":null,"CFE":null},"geometry":{"type":"Point","coordinates":[370565.952,2837663.40108]}},{"type":"Feature","properties":{"LONG":null,"LAT":null,"NOMCIEN":"Ligustrum japonicum","NOMCOM":"Trueno de Texas, trueno japonés","ORIGEN":"Introducida","ALTURA":19.4,"DAP":49.9,"OBJECTID":1226,"FECHA LEV":2015,"SALUD":null,"PROYE":null,"ACCESO":null,"ACCESIBIL":null,"UBI":null,"COLONIA":null,"TRONCO":null,"CFE":null},"geometry":{"type":"Point","coordinates":[370572.095,2837656.27508]}},{"type":"Feature","properties":{"LONG":null,"LAT":null,"NOMCIEN":"Ligustrum japonicum","NOMCOM":"Trueno de Texas, trueno japonés","ORIGEN":"Introducida","ALTURA":20.3,"DAP":80.4,"OBJECTID":1227,"FECHA LEV":2015,"SALUD":null,"PROYE":null,"ACCESO":null,"ACCESIBIL":null,"UBI":null,"COLONIA":null,"TRONCO":null,"CFE":null},"geometry":{"type":"Point","coordinates":[370571.358,2837650.86908]}},{"type":"Feature","properties":{"LONG":null,"LAT":null,"NOMCIEN":"Quercus polymorpha","NOMCOM":"Encino roble, roble","ORIGEN":"Nativa","ALTURA":16.9,"DAP":28.7,"OBJECTID":1228,"FECHA LEV":2015,"SALUD":null,"PROYE":null,"ACCESO":null,"ACCESIBIL":null,"UBI":null,"COLONIA":null,"TRONCO":null,"CFE":null},"geometry":{"type":"Point","coordinates":[370467.166,2837672.83708]}},{"type":"Feature","properties":{"LONG":null,"LAT":null,"NOMCIEN":"Quercus fusiformis","NOMCOM":"Encino siempreverde, encino molino","ORIGEN":"Nativa","ALTURA":4.5,"DAP":10.5,"OBJECTID":1229,"FECHA LEV":2015,"SALUD":null,"PROYE":null,"ACCESO":null,"ACCESIBIL":null,"UBI":null,"COLONIA":null,"TRONCO":null,"CFE":null},"geometry":{"type":"Point","coordinates":[370593.889,2837660.69108]}},{"type":"Feature","properties":{"LONG":null,"LAT":null,"NOMCIEN":"Quercus fusiformis","NOMCOM":"Encino siempreverde, encino molino","ORIGEN":"Nativa","ALTURA":9.5,"DAP":20.2,"OBJECTID":1230,"FECHA LEV":2015,"SALUD":null,"PROYE":null,"ACCESO":null,"ACCESIBIL":null,"UBI":null,"COLONIA":null,"TRONCO":null,"CFE":null},"geometry":{"type":"Point","coordinates":[370582.507,2837669.62108]}},{"type":"Feature","properties":{"LONG":null,"LAT":null,"NOMCIEN":"Ebenopsis ebano","NOMCOM":"Ébano","ORIGEN":"Nativa","ALTURA":8.1,"DAP":12.0,"OBJECTID":1231,"FECHA LEV":2015,"SALUD":null,"PROYE":null,"ACCESO":null,"ACCESIBIL":null,"UBI":null,"COLONIA":null,"TRONCO":null,"CFE":null},"geometry":{"type":"Point","coordinates":[370579.958,2837662.41808]}},{"type":"Feature","properties":{"LONG":null,"LAT":null,"NOMCIEN":"Quercus fusiformis","NOMCOM":"Encino siempreverde, encino molino","ORIGEN":"Nativa","ALTURA":11.2,"DAP":20.2,"OBJECTID":1232,"FECHA LEV":2015,"SALUD":null,"PROYE":null,"ACCESO":null,"ACCESIBIL":null,"UBI":null,"COLONIA":null,"TRONCO":null,"CFE":null},"geometry":{"type":"Point","coordinates":[370566.0,2837670.00008]}},{"type":"Feature","properties":{"LONG":null,"LAT":null,"NOMCIEN":"Quercus fusiformis","NOMCOM":"Encino siempreverde, encino molino","ORIGEN":"Nativa","ALTURA":10.2,"DAP":20.2,"OBJECTID":1233,"FECHA LEV":2015,"SALUD":null,"PROYE":null,"ACCESO":null,"ACCESIBIL":null,"UBI":null,"COLONIA":null,"TRONCO":null,"CFE":null},"geometry":{"type":"Point","coordinates":[370560.0,2837678.00008]}},{"type":"Feature","properties":{"LONG":null,"LAT":null,"NOMCIEN":"Quercus fusiformis","NOMCOM":"Encino siempreverde, encino molino","ORIGEN":"Nativa","ALTURA":12.3,"DAP":19.0,"OBJECTID":1234,"FECHA LEV":2015,"SALUD":null,"PROYE":null,"ACCESO":null,"ACCESIBIL":null,"UBI":null,"COLONIA":null,"TRONCO":null,"CFE":null},"geometry":{"type":"Point","coordinates":[370516.0,2837683.00008]}},{"type":"Feature","properties":{"LONG":null,"LAT":null,"NOMCIEN":"Quercus polymorpha","NOMCOM":"Encino roble, roble","ORIGEN":"Nativa","ALTURA":16.8,"DAP":36.0,"OBJECTID":1235,"FECHA LEV":2015,"SALUD":null,"PROYE":null,"ACCESO":null,"ACCESIBIL":null,"UBI":null,"COLONIA":null,"TRONCO":null,"CFE":null},"geometry":{"type":"Point","coordinates":[370473.386,2837673.31508]}},{"type":"Feature","properties":{"LONG":null,"LAT":null,"NOMCIEN":"Quercus fusiformis","NOMCOM":"Encino siempreverde, encino molino","ORIGEN":"Nativa","ALTURA":12.4,"DAP":40.7,"OBJECTID":1236,"FECHA LEV":2015,"SALUD":null,"PROYE":null,"ACCESO":null,"ACCESIBIL":null,"UBI":null,"COLONIA":null,"TRONCO":null,"CFE":null},"geometry":{"type":"Point","coordinates":[370420.213,2837650.18708]}},{"type":"Feature","properties":{"LONG":null,"LAT":null,"NOMCIEN":"Fraxinus americana","NOMCOM":"Fresno blanco americano","ORIGEN":"Nativa","ALTURA":16.0,"DAP":43.7,"OBJECTID":1237,"FECHA LEV":2015,"SALUD":null,"PROYE":null,"ACCESO":null,"ACCESIBIL":null,"UBI":null,"COLONIA":null,"TRONCO":null,"CFE":null},"geometry":{"type":"Point","coordinates":[370497.933,2837673.82308]}},{"type":"Feature","properties":{"LONG":null,"LAT":null,"NOMCIEN":"Fraxinus americana","NOMCOM":"Fresno blanco americano","ORIGEN":"Nativa","ALTURA":19.3,"DAP":80.3,"OBJECTID":1238,"FECHA LEV":2015,"SALUD":null,"PROYE":null,"ACCESO":null,"ACCESIBIL":null,"UBI":null,"COLONIA":null,"TRONCO":null,"CFE":null},"geometry":{"type":"Point","coordinates":[370540.307,2837672.24808]}},{"type":"Feature","properties":{"LONG":null,"LAT":null,"NOMCIEN":"Fraxinus americana","NOMCOM":"Fresno blanco americano","ORIGEN":"Nativa","ALTURA":12.8,"DAP":83.3,"OBJECTID":1239,"FECHA LEV":2015,"SALUD":null,"PROYE":null,"ACCESO":null,"ACCESIBIL":null,"UBI":null,"COLONIA":null,"TRONCO":null,"CFE":null},"geometry":{"type":"Point","coordinates":[370548.187,2837671.54708]}},{"type":"Feature","properties":{"LONG":null,"LAT":null,"NOMCIEN":"Fraxinus americana","NOMCOM":"Fresno blanco americano","ORIGEN":"Nativa","ALTURA":15.6,"DAP":62.8,"OBJECTID":1240,"FECHA LEV":2015,"SALUD":null,"PROYE":null,"ACCESO":null,"ACCESIBIL":null,"UBI":null,"COLONIA":null,"TRONCO":null,"CFE":null},"geometry":{"type":"Point","coordinates":[370559.569,2837671.19708]}},{"type":"Feature","properties":{"LONG":null,"LAT":null,"NOMCIEN":"Fraxinus americana","NOMCOM":"Fresno blanco americano","ORIGEN":"Nativa","ALTURA":16.8,"DAP":85.6,"OBJECTID":1241,"FECHA LEV":2015,"SALUD":null,"PROYE":null,"ACCESO":null,"ACCESIBIL":null,"UBI":null,"COLONIA":null,"TRONCO":null,"CFE":null},"geometry":{"type":"Point","coordinates":[370504.162,2837555.14308]}},{"type":"Feature","properties":{"LONG":null,"LAT":null,"NOMCIEN":"Quercus polymorpha","NOMCOM":"Encino roble, roble","ORIGEN":"Nativa","ALTURA":10.8,"DAP":17.0,"OBJECTID":1242,"FECHA LEV":2015,"SALUD":null,"PROYE":null,"ACCESO":null,"ACCESIBIL":null,"UBI":null,"COLONIA":null,"TRONCO":null,"CFE":null},"geometry":{"type":"Point","coordinates":[370466.508,2837525.01908]}},{"type":"Feature","properties":{"LONG":null,"LAT":null,"NOMCIEN":"Quercus vaseyana","NOMCOM":"Encino bravo, encino de Vasey","ORIGEN":"Introducida","ALTURA":14.0,"DAP":39.8,"OBJECTID":1243,"FECHA LEV":2015,"SALUD":null,"PROYE":null,"ACCESO":null,"ACCESIBIL":null,"UBI":null,"COLONIA":null,"TRONCO":null,"CFE":null},"geometry":{"type":"Point","coordinates":[370480.197,2837530.90408]}},{"type":"Feature","properties":{"LONG":null,"LAT":null,"NOMCIEN":"Fraxinus americana","NOMCOM":"Fresno blanco americano","ORIGEN":"Nativa","ALTURA":13.2,"DAP":81.4,"OBJECTID":1244,"FECHA LEV":2015,"SALUD":null,"PROYE":null,"ACCESO":null,"ACCESIBIL":null,"UBI":null,"COLONIA":null,"TRONCO":null,"CFE":null},"geometry":{"type":"Point","coordinates":[370449.232,2837523.69108]}},{"type":"Feature","properties":{"LONG":null,"LAT":null,"NOMCIEN":"Fraxinus americana","NOMCOM":"Fresno blanco americano","ORIGEN":"Nativa","ALTURA":11.5,"DAP":35.0,"OBJECTID":1245,"FECHA LEV":2015,"SALUD":null,"PROYE":null,"ACCESO":null,"ACCESIBIL":null,"UBI":null,"COLONIA":null,"TRONCO":null,"CFE":null},"geometry":{"type":"Point","coordinates":[370433.019,2837532.71908]}},{"type":"Feature","properties":{"LONG":null,"LAT":null,"NOMCIEN":"Quercus fusiformis","NOMCOM":"Encino siempreverde, encino molino","ORIGEN":"Nativa","ALTURA":11.0,"DAP":24.1,"OBJECTID":1246,"FECHA LEV":2015,"SALUD":null,"PROYE":null,"ACCESO":null,"ACCESIBIL":null,"UBI":null,"COLONIA":null,"TRONCO":null,"CFE":null},"geometry":{"type":"Point","coordinates":[370444.482,2837530.62208]}},{"type":"Feature","properties":{"LONG":null,"LAT":null,"NOMCIEN":"Quercus fusiformis","NOMCOM":"Encino siempreverde, encino molino","ORIGEN":"Nativa","ALTURA":14.4,"DAP":41.3,"OBJECTID":1247,"FECHA LEV":2015,"SALUD":null,"PROYE":null,"ACCESO":null,"ACCESIBIL":null,"UBI":null,"COLONIA":null,"TRONCO":null,"CFE":null},"geometry":{"type":"Point","coordinates":[370472.671,2837532.42208]}},{"type":"Feature","properties":{"LONG":null,"LAT":null,"NOMCIEN":"Quercus fusiformis","NOMCOM":"Encino siempreverde, encino molino","ORIGEN":"Nativa","ALTURA":13.5,"DAP":44.9,"OBJECTID":1248,"FECHA LEV":2015,"SALUD":null,"PROYE":null,"ACCESO":null,"ACCESIBIL":null,"UBI":null,"COLONIA":null,"TRONCO":null,"CFE":null},"geometry":{"type":"Point","coordinates":[370441.388,2837532.22108]}},{"type":"Feature","properties":{"LONG":null,"LAT":null,"NOMCIEN":"Quercus fusiformis","NOMCOM":"Encino siempreverde, encino molino","ORIGEN":"Nativa","ALTURA":7.1,"DAP":24.4,"OBJECTID":1249,"FECHA LEV":2015,"SALUD":null,"PROYE":null,"ACCESO":null,"ACCESIBIL":null,"UBI":null,"COLONIA":null,"TRONCO":null,"CFE":null},"geometry":{"type":"Point","coordinates":[370442.142,2837526.37608]}},{"type":"Feature","properties":{"LONG":null,"LAT":null,"NOMCIEN":"Quercus polymorpha","NOMCOM":"Encino roble, roble","ORIGEN":"Nativa","ALTURA":13.2,"DAP":26.4,"OBJECTID":1250,"FECHA LEV":2015,"SALUD":null,"PROYE":null,"ACCESO":null,"ACCESIBIL":null,"UBI":null,"COLONIA":null,"TRONCO":null,"CFE":null},"geometry":{"type":"Point","coordinates":[370543.705,2837523.64608]}},{"type":"Feature","properties":{"LONG":null,"LAT":null,"NOMCIEN":"Quercus fusiformis","NOMCOM":"Encino siempreverde, encino molino","ORIGEN":"Nativa","ALTURA":13.0,"DAP":27.1,"OBJECTID":1251,"FECHA LEV":2015,"SALUD":null,"PROYE":null,"ACCESO":null,"ACCESIBIL":null,"UBI":null,"COLONIA":null,"TRONCO":null,"CFE":null},"geometry":{"type":"Point","coordinates":[370448.987,2837528.00108]}},{"type":"Feature","properties":{"LONG":null,"LAT":null,"NOMCIEN":"Fraxinus americana","NOMCOM":"Fresno blanco americano","ORIGEN":"Nativa","ALTURA":15.0,"DAP":64.0,"OBJECTID":1252,"FECHA LEV":2015,"SALUD":null,"PROYE":null,"ACCESO":null,"ACCESIBIL":null,"UBI":null,"COLONIA":null,"TRONCO":null,"CFE":null},"geometry":{"type":"Point","coordinates":[370563.301,2837554.92108]}},{"type":"Feature","properties":{"LONG":null,"LAT":null,"NOMCIEN":"Quercus fusiformis","NOMCOM":"Encino siempreverde, encino molino","ORIGEN":"Nativa","ALTURA":12.0,"DAP":33.7,"OBJECTID":1253,"FECHA LEV":2015,"SALUD":null,"PROYE":null,"ACCESO":null,"ACCESIBIL":null,"UBI":null,"COLONIA":null,"TRONCO":null,"CFE":null},"geometry":{"type":"Point","coordinates":[370456.971,2837526.91208]}},{"type":"Feature","properties":{"LONG":null,"LAT":null,"NOMCIEN":"Quercus fusiformis","NOMCOM":"Encino siempreverde, encino molino","ORIGEN":"Nativa","ALTURA":12.0,"DAP":50.0,"OBJECTID":1254,"FECHA LEV":2015,"SALUD":null,"PROYE":null,"ACCESO":null,"ACCESIBIL":null,"UBI":null,"COLONIA":null,"TRONCO":null,"CFE":null},"geometry":{"type":"Point","coordinates":[370465.318,2837528.72708]}},{"type":"Feature","properties":{"LONG":null,"LAT":null,"NOMCIEN":"Quercus fusiformis","NOMCOM":"Encino siempreverde, encino molino","ORIGEN":"Nativa","ALTURA":11.6,"DAP":40.9,"OBJECTID":1255,"FECHA LEV":2015,"SALUD":null,"PROYE":null,"ACCESO":null,"ACCESIBIL":null,"UBI":null,"COLONIA":null,"TRONCO":null,"CFE":null},"geometry":{"type":"Point","coordinates":[370471.124,2837527.63808]}},{"type":"Feature","properties":{"LONG":null,"LAT":null,"NOMCIEN":"Quercus fusiformis","NOMCOM":"Encino siempreverde, encino molino","ORIGEN":"Nativa","ALTURA":10.8,"DAP":27.6,"OBJECTID":1256,"FECHA LEV":2015,"SALUD":null,"PROYE":null,"ACCESO":null,"ACCESIBIL":null,"UBI":null,"COLONIA":null,"TRONCO":null,"CFE":null},"geometry":{"type":"Point","coordinates":[370481.648,2837525.82308]}},{"type":"Feature","properties":{"LONG":null,"LAT":null,"NOMCIEN":"Fraxinus americana","NOMCOM":"Fresno blanco americano","ORIGEN":"Nativa","ALTURA":13.2,"DAP":34.4,"OBJECTID":1257,"FECHA LEV":2015,"SALUD":null,"PROYE":null,"ACCESO":null,"ACCESIBIL":null,"UBI":null,"COLONIA":null,"TRONCO":null,"CFE":null},"geometry":{"type":"Point","coordinates":[370495.076,2837537.07308]}},{"type":"Feature","properties":{"LONG":null,"LAT":null,"NOMCIEN":"Fraxinus americana","NOMCOM":"Fresno blanco americano","ORIGEN":"Nativa","ALTURA":13.0,"DAP":31.9,"OBJECTID":1258,"FECHA LEV":2015,"SALUD":null,"PROYE":null,"ACCESO":null,"ACCESIBIL":null,"UBI":null,"COLONIA":null,"TRONCO":null,"CFE":null},"geometry":{"type":"Point","coordinates":[370503.423,2837536.34808]}},{"type":"Feature","properties":{"LONG":null,"LAT":null,"NOMCIEN":"Quercus vaseyana","NOMCOM":"Encino bravo, encino de Vasey","ORIGEN":"Introducida","ALTURA":13.3,"DAP":32.9,"OBJECTID":1259,"FECHA LEV":2015,"SALUD":null,"PROYE":null,"ACCESO":null,"ACCESIBIL":null,"UBI":null,"COLONIA":null,"TRONCO":null,"CFE":null},"geometry":{"type":"Point","coordinates":[370513.221,2837535.98508]}},{"type":"Feature","properties":{"LONG":null,"LAT":null,"NOMCIEN":"Fraxinus americana","NOMCOM":"Fresno blanco americano","ORIGEN":"Nativa","ALTURA":13.1,"DAP":32.3,"OBJECTID":1260,"FECHA LEV":2015,"SALUD":null,"PROYE":null,"ACCESO":null,"ACCESIBIL":null,"UBI":null,"COLONIA":null,"TRONCO":null,"CFE":null},"geometry":{"type":"Point","coordinates":[370522.657,2837536.34808]}},{"type":"Feature","properties":{"LONG":null,"LAT":null,"NOMCIEN":"Fraxinus americana","NOMCOM":"Fresno blanco americano","ORIGEN":"Nativa","ALTURA":12.3,"DAP":32.3,"OBJECTID":1261,"FECHA LEV":2015,"SALUD":null,"PROYE":null,"ACCESO":null,"ACCESIBIL":null,"UBI":null,"COLONIA":null,"TRONCO":null,"CFE":null},"geometry":{"type":"Point","coordinates":[370538.262,2837536.34808]}},{"type":"Feature","properties":{"LONG":null,"LAT":null,"NOMCIEN":"Fraxinus americana","NOMCOM":"Fresno blanco americano","ORIGEN":"Nativa","ALTURA":14.5,"DAP":47.8,"OBJECTID":1262,"FECHA LEV":2015,"SALUD":null,"PROYE":null,"ACCESO":null,"ACCESIBIL":null,"UBI":null,"COLONIA":null,"TRONCO":null,"CFE":null},"geometry":{"type":"Point","coordinates":[370557.133,2837536.71008]}},{"type":"Feature","properties":{"LONG":null,"LAT":null,"NOMCIEN":"Fraxinus americana","NOMCOM":"Fresno blanco americano","ORIGEN":"Nativa","ALTURA":11.2,"DAP":68.4,"OBJECTID":1263,"FECHA LEV":2015,"SALUD":null,"PROYE":null,"ACCESO":null,"ACCESIBIL":null,"UBI":null,"COLONIA":null,"TRONCO":null,"CFE":null},"geometry":{"type":"Point","coordinates":[370565.516,2837522.58308]}},{"type":"Feature","properties":{"LONG":null,"LAT":null,"NOMCIEN":"Triadica sebifera","NOMCOM":"Chinese, árbol del sebo","ORIGEN":"Introducida","ALTURA":13.6,"DAP":35.4,"OBJECTID":1264,"FECHA LEV":2015,"SALUD":null,"PROYE":null,"ACCESO":null,"ACCESIBIL":null,"UBI":null,"COLONIA":null,"TRONCO":null,"CFE":null},"geometry":{"type":"Point","coordinates":[370566.205,2837536.34808]}},{"type":"Feature","properties":{"LONG":null,"LAT":null,"NOMCIEN":"Triadica sebifera","NOMCOM":"Chinese, árbol del sebo","ORIGEN":"Introducida","ALTURA":13.5,"DAP":35.7,"OBJECTID":1265,"FECHA LEV":2015,"SALUD":null,"PROYE":null,"ACCESO":null,"ACCESIBIL":null,"UBI":null,"COLONIA":null,"TRONCO":null,"CFE":null},"geometry":{"type":"Point","coordinates":[370572.375,2837546.14608]}},{"type":"Feature","properties":{"LONG":null,"LAT":null,"NOMCIEN":"Quercus polymorpha","NOMCOM":"Encino roble, roble","ORIGEN":"Nativa","ALTURA":17.1,"DAP":23.0,"OBJECTID":1266,"FECHA LEV":2015,"SALUD":null,"PROYE":null,"ACCESO":null,"ACCESIBIL":null,"UBI":null,"COLONIA":null,"TRONCO":null,"CFE":null},"geometry":{"type":"Point","coordinates":[370546.245,2837552.67808]}},{"type":"Feature","properties":{"LONG":null,"LAT":null,"NOMCIEN":"Quercus polymorpha","NOMCOM":"Encino roble, roble","ORIGEN":"Nativa","ALTURA":7.0,"DAP":13.3,"OBJECTID":1267,"FECHA LEV":2015,"SALUD":null,"PROYE":null,"ACCESO":null,"ACCESIBIL":null,"UBI":null,"COLONIA":null,"TRONCO":null,"CFE":null},"geometry":{"type":"Point","coordinates":[370443.516,2837526.68408]}},{"type":"Feature","properties":{"LONG":null,"LAT":null,"NOMCIEN":"Quercus fusiformis","NOMCOM":"Encino siempreverde, encino molino","ORIGEN":"Nativa","ALTURA":10.3,"DAP":24.8,"OBJECTID":1268,"FECHA LEV":2015,"SALUD":null,"PROYE":null,"ACCESO":null,"ACCESIBIL":null,"UBI":null,"COLONIA":null,"TRONCO":null,"CFE":null},"geometry":{"type":"Point","coordinates":[370524.0,2837564.00008]}},{"type":"Feature","properties":{"LONG":null,"LAT":null,"NOMCIEN":"Quercus fusiformis","NOMCOM":"Encino siempreverde, encino molino","ORIGEN":"Nativa","ALTURA":11.3,"DAP":26.4,"OBJECTID":1269,"FECHA LEV":2015,"SALUD":null,"PROYE":null,"ACCESO":null,"ACCESIBIL":null,"UBI":null,"COLONIA":null,"TRONCO":null,"CFE":null},"geometry":{"type":"Point","coordinates":[370532.956,2837552.92808]}},{"type":"Feature","properties":{"LONG":null,"LAT":null,"NOMCIEN":"Fraxinus americana","NOMCOM":"Fresno blanco americano","ORIGEN":"Nativa","ALTURA":12.0,"DAP":67.2,"OBJECTID":1270,"FECHA LEV":2015,"SALUD":null,"PROYE":null,"ACCESO":null,"ACCESIBIL":null,"UBI":null,"COLONIA":null,"TRONCO":null,"CFE":null},"geometry":{"type":"Point","coordinates":[370553.334,2837522.80508]}},{"type":"Feature","properties":{"LONG":null,"LAT":null,"NOMCIEN":"Fraxinus americana","NOMCOM":"Fresno blanco americano","ORIGEN":"Nativa","ALTURA":10.5,"DAP":26.4,"OBJECTID":1271,"FECHA LEV":2015,"SALUD":null,"PROYE":null,"ACCESO":null,"ACCESIBIL":null,"UBI":null,"COLONIA":null,"TRONCO":null,"CFE":null},"geometry":{"type":"Point","coordinates":[370538.051,2837524.57608]}},{"type":"Feature","properties":{"LONG":null,"LAT":null,"NOMCIEN":"Fraxinus americana","NOMCOM":"Fresno blanco americano","ORIGEN":"Nativa","ALTURA":12.7,"DAP":99.6,"OBJECTID":1272,"FECHA LEV":2015,"SALUD":null,"PROYE":null,"ACCESO":null,"ACCESIBIL":null,"UBI":null,"COLONIA":null,"TRONCO":null,"CFE":null},"geometry":{"type":"Point","coordinates":[370524.54,2837525.01908]}},{"type":"Feature","properties":{"LONG":null,"LAT":null,"NOMCIEN":"Fraxinus americana","NOMCOM":"Fresno blanco americano","ORIGEN":"Nativa","ALTURA":10.0,"DAP":65.4,"OBJECTID":1273,"FECHA LEV":2015,"SALUD":null,"PROYE":null,"ACCESO":null,"ACCESIBIL":null,"UBI":null,"COLONIA":null,"TRONCO":null,"CFE":null},"geometry":{"type":"Point","coordinates":[370513.908,2837523.46908]}},{"type":"Feature","properties":{"LONG":null,"LAT":null,"NOMCIEN":"Fraxinus americana","NOMCOM":"Fresno blanco americano","ORIGEN":"Nativa","ALTURA":12.6,"DAP":70.0,"OBJECTID":1274,"FECHA LEV":2015,"SALUD":null,"PROYE":null,"ACCESO":null,"ACCESIBIL":null,"UBI":null,"COLONIA":null,"TRONCO":null,"CFE":null},"geometry":{"type":"Point","coordinates":[370503.055,2837523.91208]}},{"type":"Feature","properties":{"LONG":null,"LAT":null,"NOMCIEN":"Fraxinus americana","NOMCOM":"Fresno blanco americano","ORIGEN":"Nativa","ALTURA":14.5,"DAP":36.0,"OBJECTID":1275,"FECHA LEV":2015,"SALUD":null,"PROYE":null,"ACCESO":null,"ACCESIBIL":null,"UBI":null,"COLONIA":null,"TRONCO":null,"CFE":null},"geometry":{"type":"Point","coordinates":[370508.149,2837528.34208]}},{"type":"Feature","properties":{"LONG":null,"LAT":null,"NOMCIEN":"Fraxinus americana","NOMCOM":"Fresno blanco americano","ORIGEN":"Nativa","ALTURA":10.2,"DAP":103.7,"OBJECTID":1276,"FECHA LEV":2015,"SALUD":null,"PROYE":null,"ACCESO":null,"ACCESIBIL":null,"UBI":null,"COLONIA":null,"TRONCO":null,"CFE":null},"geometry":{"type":"Point","coordinates":[370568.174,2837492.68108]}},{"type":"Feature","properties":{"LONG":null,"LAT":null,"NOMCIEN":"Quercus polymorpha","NOMCOM":"Encino roble, roble","ORIGEN":"Nativa","ALTURA":11.0,"DAP":30.3,"OBJECTID":1277,"FECHA LEV":2015,"SALUD":null,"PROYE":null,"ACCESO":null,"ACCESIBIL":null,"UBI":null,"COLONIA":null,"TRONCO":null,"CFE":null},"geometry":{"type":"Point","coordinates":[370595.104,2837414.90708]}},{"type":"Feature","properties":{"LONG":null,"LAT":null,"NOMCIEN":"Quercus polymorpha","NOMCOM":"Encino roble, roble","ORIGEN":"Nativa","ALTURA":12.5,"DAP":29.6,"OBJECTID":1278,"FECHA LEV":2015,"SALUD":null,"PROYE":null,"ACCESO":null,"ACCESIBIL":null,"UBI":null,"COLONIA":null,"TRONCO":null,"CFE":null},"geometry":{"type":"Point","coordinates":[370621.128,2837433.29708]}},{"type":"Feature","properties":{"LONG":null,"LAT":null,"NOMCIEN":"Platanus mexicana","NOMCOM":"Álamo de río, álamo blanco, sicomoro mexicano","ORIGEN":"Nativa","ALTURA":12.0,"DAP":27.1,"OBJECTID":1279,"FECHA LEV":2015,"SALUD":null,"PROYE":null,"ACCESO":null,"ACCESIBIL":null,"UBI":null,"COLONIA":null,"TRONCO":null,"CFE":null},"geometry":{"type":"Point","coordinates":[370623.384,2837493.84608]}},{"type":"Feature","properties":{"LONG":null,"LAT":null,"NOMCIEN":"Platanus mexicana","NOMCOM":"Álamo de río, álamo blanco, sicomoro mexicano","ORIGEN":"Nativa","ALTURA":18.8,"DAP":42.5,"OBJECTID":1280,"FECHA LEV":2015,"SALUD":null,"PROYE":null,"ACCESO":null,"ACCESIBIL":null,"UBI":null,"COLONIA":null,"TRONCO":null,"CFE":null},"geometry":{"type":"Point","coordinates":[370602.911,2837485.17208]}},{"type":"Feature","properties":{"LONG":null,"LAT":null,"NOMCIEN":"Platanus mexicana","NOMCOM":"Álamo de río, álamo blanco, sicomoro mexicano","ORIGEN":"Nativa","ALTURA":15.0,"DAP":32.3,"OBJECTID":1281,"FECHA LEV":2015,"SALUD":null,"PROYE":null,"ACCESO":null,"ACCESIBIL":null,"UBI":null,"COLONIA":null,"TRONCO":null,"CFE":null},"geometry":{"type":"Point","coordinates":[370631.711,2837484.82508]}},{"type":"Feature","properties":{"LONG":null,"LAT":null,"NOMCIEN":"Delonix regia","NOMCOM":"Framboyán de Madagascar, tabachín, flamboyán","ORIGEN":"Introducida","ALTURA":10.0,"DAP":41.7,"OBJECTID":1282,"FECHA LEV":2015,"SALUD":null,"PROYE":null,"ACCESO":null,"ACCESIBIL":null,"UBI":null,"COLONIA":null,"TRONCO":null,"CFE":null},"geometry":{"type":"Point","coordinates":[370616.791,2837493.15208]}},{"type":"Feature","properties":{"LONG":null,"LAT":null,"NOMCIEN":"Koelreuteria","NOMCOM":"Koelreuteria, flama china","ORIGEN":"Introducida","ALTURA":7.6,"DAP":41.0,"OBJECTID":1283,"FECHA LEV":2015,"SALUD":null,"PROYE":null,"ACCESO":null,"ACCESIBIL":null,"UBI":null,"COLONIA":null,"TRONCO":null,"CFE":null},"geometry":{"type":"Point","coordinates":[370631.538,2837536.69908]}},{"type":"Feature","properties":{"LONG":null,"LAT":null,"NOMCIEN":"Koelreuteria","NOMCOM":"Koelreuteria, flama china","ORIGEN":"Introducida","ALTURA":9.0,"DAP":56.3,"OBJECTID":1284,"FECHA LEV":2015,"SALUD":null,"PROYE":null,"ACCESO":null,"ACCESIBIL":null,"UBI":null,"COLONIA":null,"TRONCO":null,"CFE":null},"geometry":{"type":"Point","coordinates":[370615.229,2837531.32108]}},{"type":"Feature","properties":{"LONG":null,"LAT":null,"NOMCIEN":"Koelreuteria","NOMCOM":"Koelreuteria, flama china","ORIGEN":"Introducida","ALTURA":11.2,"DAP":55.8,"OBJECTID":1285,"FECHA LEV":2015,"SALUD":null,"PROYE":null,"ACCESO":null,"ACCESIBIL":null,"UBI":null,"COLONIA":null,"TRONCO":null,"CFE":null},"geometry":{"type":"Point","coordinates":[370606.381,2837526.81008]}},{"type":"Feature","properties":{"LONG":null,"LAT":null,"NOMCIEN":"Koelreuteria","NOMCOM":"Koelreuteria, flama china","ORIGEN":"Introducida","ALTURA":9.0,"DAP":41.6,"OBJECTID":1286,"FECHA LEV":2015,"SALUD":null,"PROYE":null,"ACCESO":null,"ACCESIBIL":null,"UBI":null,"COLONIA":null,"TRONCO":null,"CFE":null},"geometry":{"type":"Point","coordinates":[370603.432,2837533.05608]}},{"type":"Feature","properties":{"LONG":null,"LAT":null,"NOMCIEN":"Fraxinus americana","NOMCOM":"Fresno blanco americano","ORIGEN":"Nativa","ALTURA":10.6,"DAP":88.2,"OBJECTID":1287,"FECHA LEV":2015,"SALUD":null,"PROYE":null,"ACCESO":null,"ACCESIBIL":null,"UBI":null,"COLONIA":null,"TRONCO":null,"CFE":null},"geometry":{"type":"Point","coordinates":[370568.946,2837507.05608]}},{"type":"Feature","properties":{"LONG":null,"LAT":null,"NOMCIEN":"Quercus fusiformis","NOMCOM":"Encino siempreverde, encino molino","ORIGEN":"Nativa","ALTURA":16.0,"DAP":35.0,"OBJECTID":1288,"FECHA LEV":2015,"SALUD":null,"PROYE":null,"ACCESO":null,"ACCESIBIL":null,"UBI":null,"COLONIA":null,"TRONCO":null,"CFE":null},"geometry":{"type":"Point","coordinates":[370624.078,2837532.36208]}},{"type":"Feature","properties":{"LONG":null,"LAT":null,"NOMCIEN":"Quercus fusiformis","NOMCOM":"Encino siempreverde, encino molino","ORIGEN":"Nativa","ALTURA":14.0,"DAP":41.7,"OBJECTID":1289,"FECHA LEV":2015,"SALUD":null,"PROYE":null,"ACCESO":null,"ACCESIBIL":null,"UBI":null,"COLONIA":null,"TRONCO":null,"CFE":null},"geometry":{"type":"Point","coordinates":[370623.904,2837541.03708]}},{"type":"Feature","properties":{"LONG":null,"LAT":null,"NOMCIEN":"Quercus fusiformis","NOMCOM":"Encino siempreverde, encino molino","ORIGEN":"Nativa","ALTURA":12.5,"DAP":35.2,"OBJECTID":1290,"FECHA LEV":2015,"SALUD":null,"PROYE":null,"ACCESO":null,"ACCESIBIL":null,"UBI":null,"COLONIA":null,"TRONCO":null,"CFE":null},"geometry":{"type":"Point","coordinates":[370615.229,2837542.59808]}},{"type":"Feature","properties":{"LONG":null,"LAT":null,"NOMCIEN":"Salix alba","NOMCOM":"Sauce","ORIGEN":"Introducida","ALTURA":13.5,"DAP":31.9,"OBJECTID":1291,"FECHA LEV":2015,"SALUD":null,"PROYE":null,"ACCESO":null,"ACCESIBIL":null,"UBI":null,"COLONIA":null,"TRONCO":null,"CFE":null},"geometry":{"type":"Point","coordinates":[370711.749,2837543.26408]}},{"type":"Feature","properties":{"LONG":null,"LAT":null,"NOMCIEN":"Platanus mexicana","NOMCOM":"Álamo de río, álamo blanco, sicomoro mexicano","ORIGEN":"Nativa","ALTURA":11.0,"DAP":28.1,"OBJECTID":1292,"FECHA LEV":2015,"SALUD":null,"PROYE":null,"ACCESO":null,"ACCESIBIL":null,"UBI":null,"COLONIA":null,"TRONCO":null,"CFE":null},"geometry":{"type":"Point","coordinates":[370595.492,2837489.75108]}},{"type":"Feature","properties":{"LONG":null,"LAT":null,"NOMCIEN":"Quercus polymorpha","NOMCOM":"Encino roble, roble","ORIGEN":"Nativa","ALTURA":15.2,"DAP":27.2,"OBJECTID":1293,"FECHA LEV":2015,"SALUD":null,"PROYE":null,"ACCESO":null,"ACCESIBIL":null,"UBI":null,"COLONIA":null,"TRONCO":null,"CFE":null},"geometry":{"type":"Point","coordinates":[370566.459,2837498.17008]}},{"type":"Feature","properties":{"LONG":null,"LAT":null,"NOMCIEN":"Quercus fusiformis","NOMCOM":"Encino siempreverde, encino molino","ORIGEN":"Nativa","ALTURA":11.4,"DAP":32.8,"OBJECTID":1294,"FECHA LEV":2015,"SALUD":null,"PROYE":null,"ACCESO":null,"ACCESIBIL":null,"UBI":null,"COLONIA":null,"TRONCO":null,"CFE":null},"geometry":{"type":"Point","coordinates":[370593.165,2837567.20408]}},{"type":"Feature","properties":{"LONG":null,"LAT":null,"NOMCIEN":"Quercus fusiformis","NOMCOM":"Encino siempreverde, encino molino","ORIGEN":"Nativa","ALTURA":11.4,"DAP":28.0,"OBJECTID":1295,"FECHA LEV":2015,"SALUD":null,"PROYE":null,"ACCESO":null,"ACCESIBIL":null,"UBI":null,"COLONIA":null,"TRONCO":null,"CFE":null},"geometry":{"type":"Point","coordinates":[370638.169,2837460.42808]}},{"type":"Feature","properties":{"LONG":null,"LAT":null,"NOMCIEN":"Quercus fusiformis","NOMCOM":"Encino siempreverde, encino molino","ORIGEN":"Nativa","ALTURA":10.6,"DAP":44.2,"OBJECTID":1296,"FECHA LEV":2015,"SALUD":null,"PROYE":null,"ACCESO":null,"ACCESIBIL":null,"UBI":null,"COLONIA":null,"TRONCO":null,"CFE":null},"geometry":{"type":"Point","coordinates":[370621.911,2837461.58908]}},{"type":"Feature","properties":{"LONG":null,"LAT":null,"NOMCIEN":"Quercus vaseyana","NOMCOM":"Encino bravo, encino de Vasey","ORIGEN":"Introducida","ALTURA":13.9,"DAP":32.2,"OBJECTID":1297,"FECHA LEV":2015,"SALUD":null,"PROYE":null,"ACCESO":null,"ACCESIBIL":null,"UBI":null,"COLONIA":null,"TRONCO":null,"CFE":null},"geometry":{"type":"Point","coordinates":[370605.072,2837461.87908]}},{"type":"Feature","properties":{"LONG":null,"LAT":null,"NOMCIEN":"Quercus fusiformis","NOMCOM":"Encino siempreverde, encino molino","ORIGEN":"Nativa","ALTURA":15.0,"DAP":26.9,"OBJECTID":1298,"FECHA LEV":2015,"SALUD":null,"PROYE":null,"ACCESO":null,"ACCESIBIL":null,"UBI":null,"COLONIA":null,"TRONCO":null,"CFE":null},"geometry":{"type":"Point","coordinates":[370571.03,2837502.43408]}},{"type":"Feature","properties":{"LONG":null,"LAT":null,"NOMCIEN":"Quercus vaseyana","NOMCOM":"Encino bravo, encino de Vasey","ORIGEN":"Introducida","ALTURA":11.0,"DAP":34.1,"OBJECTID":1299,"FECHA LEV":2015,"SALUD":null,"PROYE":null,"ACCESO":null,"ACCESIBIL":null,"UBI":null,"COLONIA":null,"TRONCO":null,"CFE":null},"geometry":{"type":"Point","coordinates":[370590.266,2837461.87908]}},{"type":"Feature","properties":{"LONG":null,"LAT":null,"NOMCIEN":"Quercus fusiformis","NOMCOM":"Encino siempreverde, encino molino","ORIGEN":"Nativa","ALTURA":11.0,"DAP":33.9,"OBJECTID":1300,"FECHA LEV":2015,"SALUD":null,"PROYE":null,"ACCESO":null,"ACCESIBIL":null,"UBI":null,"COLONIA":null,"TRONCO":null,"CFE":null},"geometry":{"type":"Point","coordinates":[370569.362,2837456.94408]}},{"type":"Feature","properties":{"LONG":null,"LAT":null,"NOMCIEN":"Quercus fusiformis","NOMCOM":"Encino siempreverde, encino molino","ORIGEN":"Nativa","ALTURA":12.0,"DAP":35.5,"OBJECTID":1301,"FECHA LEV":2015,"SALUD":null,"PROYE":null,"ACCESO":null,"ACCESIBIL":null,"UBI":null,"COLONIA":null,"TRONCO":null,"CFE":null},"geometry":{"type":"Point","coordinates":[370594.621,2837429.07308]}},{"type":"Feature","properties":{"LONG":null,"LAT":null,"NOMCIEN":"Triadica sebifera","NOMCOM":"Chinese, árbol del sebo","ORIGEN":"Introducida","ALTURA":10.0,"DAP":30.1,"OBJECTID":1302,"FECHA LEV":2015,"SALUD":null,"PROYE":null,"ACCESO":null,"ACCESIBIL":null,"UBI":null,"COLONIA":null,"TRONCO":null,"CFE":null},"geometry":{"type":"Point","coordinates":[370581.447,2837542.51708]}},{"type":"Feature","properties":{"LONG":null,"LAT":null,"NOMCIEN":"Triadica sebifera","NOMCOM":"Chinese, árbol del sebo","ORIGEN":"Introducida","ALTURA":12.2,"DAP":40.1,"OBJECTID":1303,"FECHA LEV":2015,"SALUD":null,"PROYE":null,"ACCESO":null,"ACCESIBIL":null,"UBI":null,"COLONIA":null,"TRONCO":null,"CFE":null},"geometry":{"type":"Point","coordinates":[370581.447,2837531.63008]}},{"type":"Feature","properties":{"LONG":null,"LAT":null,"NOMCIEN":"Pinus montezumae","NOMCOM":"Pino moctezuma, pino chamaite, pino ocote","ORIGEN":"Nativa","ALTURA":7.7,"DAP":21.9,"OBJECTID":1304,"FECHA LEV":2015,"SALUD":null,"PROYE":null,"ACCESO":null,"ACCESIBIL":null,"UBI":null,"COLONIA":null,"TRONCO":null,"CFE":null},"geometry":{"type":"Point","coordinates":[370566.8,2837456.37008]}},{"type":"Feature","properties":{"LONG":null,"LAT":null,"NOMCIEN":"Persea americana","NOMCOM":"Aguacate","ORIGEN":"Nativa","ALTURA":15.0,"DAP":40.2,"OBJECTID":1305,"FECHA LEV":2015,"SALUD":null,"PROYE":null,"ACCESO":null,"ACCESIBIL":null,"UBI":null,"COLONIA":null,"TRONCO":null,"CFE":null},"geometry":{"type":"Point","coordinates":[370581.811,2837476.32608]}},{"type":"Feature","properties":{"LONG":null,"LAT":null,"NOMCIEN":"Quercus fusiformis","NOMCOM":"Encino siempreverde, encino molino","ORIGEN":"Nativa","ALTURA":7.0,"DAP":23.2,"OBJECTID":1306,"FECHA LEV":2015,"SALUD":null,"PROYE":null,"ACCESO":null,"ACCESIBIL":null,"UBI":null,"COLONIA":null,"TRONCO":null,"CFE":null},"geometry":{"type":"Point","coordinates":[370510.689,2837343.63508]}},{"type":"Feature","properties":{"LONG":null,"LAT":null,"NOMCIEN":"Fraxinus americana","NOMCOM":"Fresno blanco americano","ORIGEN":"Nativa","ALTURA":8.5,"DAP":60.5,"OBJECTID":1307,"FECHA LEV":2015,"SALUD":null,"PROYE":null,"ACCESO":null,"ACCESIBIL":null,"UBI":null,"COLONIA":null,"TRONCO":null,"CFE":null},"geometry":{"type":"Point","coordinates":[370588.685,2837433.99108]}},{"type":"Feature","properties":{"LONG":null,"LAT":null,"NOMCIEN":"Fraxinus americana","NOMCOM":"Fresno blanco americano","ORIGEN":"Nativa","ALTURA":10.2,"DAP":65.1,"OBJECTID":1308,"FECHA LEV":2015,"SALUD":null,"PROYE":null,"ACCESO":null,"ACCESIBIL":null,"UBI":null,"COLONIA":null,"TRONCO":null,"CFE":null},"geometry":{"type":"Point","coordinates":[370587.297,2837422.02008]}},{"type":"Feature","properties":{"LONG":null,"LAT":null,"NOMCIEN":"Quercus fusiformis","NOMCOM":"Encino siempreverde, encino molino","ORIGEN":"Nativa","ALTURA":9.5,"DAP":25.2,"OBJECTID":1309,"FECHA LEV":2015,"SALUD":null,"PROYE":null,"ACCESO":null,"ACCESIBIL":null,"UBI":null,"COLONIA":null,"TRONCO":null,"CFE":null},"geometry":{"type":"Point","coordinates":[370625.395,2837438.65408]}},{"type":"Feature","properties":{"LONG":null,"LAT":null,"NOMCIEN":"Fraxinus americana","NOMCOM":"Fresno blanco americano","ORIGEN":"Nativa","ALTURA":8.8,"DAP":97.1,"OBJECTID":1310,"FECHA LEV":2015,"SALUD":null,"PROYE":null,"ACCESO":null,"ACCESIBIL":null,"UBI":null,"COLONIA":null,"TRONCO":null,"CFE":null},"geometry":{"type":"Point","coordinates":[370652.184,2837458.62708]}},{"type":"Feature","properties":{"LONG":null,"LAT":null,"NOMCIEN":"Quercus polymorpha","NOMCOM":"Encino roble, roble","ORIGEN":"Nativa","ALTURA":9.6,"DAP":27.3,"OBJECTID":1311,"FECHA LEV":2015,"SALUD":null,"PROYE":null,"ACCESO":null,"ACCESIBIL":null,"UBI":null,"COLONIA":null,"TRONCO":null,"CFE":null},"geometry":{"type":"Point","coordinates":[370594.757,2837441.97208]}},{"type":"Feature","properties":{"LONG":null,"LAT":null,"NOMCIEN":"Quercus polymorpha","NOMCOM":"Encino roble, roble","ORIGEN":"Nativa","ALTURA":12.5,"DAP":28.0,"OBJECTID":1312,"FECHA LEV":2015,"SALUD":null,"PROYE":null,"ACCESO":null,"ACCESIBIL":null,"UBI":null,"COLONIA":null,"TRONCO":null,"CFE":null},"geometry":{"type":"Point","coordinates":[370595.278,2837435.72608]}},{"type":"Feature","properties":{"LONG":null,"LAT":null,"NOMCIEN":"Quercus fusiformis","NOMCOM":"Encino siempreverde, encino molino","ORIGEN":"Nativa","ALTURA":15.7,"DAP":67.7,"OBJECTID":1313,"FECHA LEV":2015,"SALUD":null,"PROYE":null,"ACCESO":null,"ACCESIBIL":null,"UBI":null,"COLONIA":null,"TRONCO":null,"CFE":null},"geometry":{"type":"Point","coordinates":[370586.476,2837763.62808]}},{"type":"Feature","properties":{"LONG":null,"LAT":null,"NOMCIEN":"Quercus fusiformis","NOMCOM":"Encino siempreverde, encino molino","ORIGEN":"Nativa","ALTURA":11.3,"DAP":26.2,"OBJECTID":1314,"FECHA LEV":2015,"SALUD":null,"PROYE":null,"ACCESO":null,"ACCESIBIL":null,"UBI":null,"COLONIA":null,"TRONCO":null,"CFE":null},"geometry":{"type":"Point","coordinates":[370576.062,2837759.31008]}},{"type":"Feature","properties":{"LONG":null,"LAT":null,"NOMCIEN":"Quercus polymorpha","NOMCOM":"Encino roble, roble","ORIGEN":"Nativa","ALTURA":10.9,"DAP":27.4,"OBJECTID":1315,"FECHA LEV":2015,"SALUD":null,"PROYE":null,"ACCESO":null,"ACCESIBIL":null,"UBI":null,"COLONIA":null,"TRONCO":null,"CFE":null},"geometry":{"type":"Point","coordinates":[370591.937,2837778.23308]}},{"type":"Feature","properties":{"LONG":null,"LAT":null,"NOMCIEN":"Quercus fusiformis","NOMCOM":"Encino siempreverde, encino molino","ORIGEN":"Nativa","ALTURA":12.9,"DAP":32.8,"OBJECTID":1316,"FECHA LEV":2015,"SALUD":null,"PROYE":null,"ACCESO":null,"ACCESIBIL":null,"UBI":null,"COLONIA":null,"TRONCO":null,"CFE":null},"geometry":{"type":"Point","coordinates":[370555.387,2837783.55408]}},{"type":"Feature","properties":{"LONG":null,"LAT":null,"NOMCIEN":"Quercus polymorpha","NOMCOM":"Encino roble, roble","ORIGEN":"Nativa","ALTURA":11.8,"DAP":34.3,"OBJECTID":1317,"FECHA LEV":2015,"SALUD":null,"PROYE":null,"ACCESO":null,"ACCESIBIL":null,"UBI":null,"COLONIA":null,"TRONCO":null,"CFE":null},"geometry":{"type":"Point","coordinates":[370563.249,2837783.55408]}},{"type":"Feature","properties":{"LONG":null,"LAT":null,"NOMCIEN":"Quercus fusiformis","NOMCOM":"Encino siempreverde, encino molino","ORIGEN":"Nativa","ALTURA":7.6,"DAP":19.7,"OBJECTID":1318,"FECHA LEV":2015,"SALUD":null,"PROYE":null,"ACCESO":null,"ACCESIBIL":null,"UBI":null,"COLONIA":null,"TRONCO":null,"CFE":null},"geometry":{"type":"Point","coordinates":[370560.0,2837781.00008]}},{"type":"Feature","properties":{"LONG":null,"LAT":null,"NOMCIEN":"Juglans nigra","NOMCOM":"Nogal americano","ORIGEN":"Introducida","ALTURA":16.7,"DAP":76.7,"OBJECTID":1319,"FECHA LEV":2015,"SALUD":null,"PROYE":null,"ACCESO":null,"ACCESIBIL":null,"UBI":null,"COLONIA":null,"TRONCO":null,"CFE":null},"geometry":{"type":"Point","coordinates":[370659.404,2837746.90708]}},{"type":"Feature","properties":{"LONG":null,"LAT":null,"NOMCIEN":"Quercus polymorpha","NOMCOM":"Encino roble, roble","ORIGEN":"Nativa","ALTURA":11.2,"DAP":30.7,"OBJECTID":1320,"FECHA LEV":2015,"SALUD":null,"PROYE":null,"ACCESO":null,"ACCESIBIL":null,"UBI":null,"COLONIA":null,"TRONCO":null,"CFE":null},"geometry":{"type":"Point","coordinates":[370741.875,2837729.67508]}},{"type":"Feature","properties":{"LONG":null,"LAT":null,"NOMCIEN":"Quercus polymorpha","NOMCOM":"Encino roble, roble","ORIGEN":"Nativa","ALTURA":12.8,"DAP":24.7,"OBJECTID":1321,"FECHA LEV":2015,"SALUD":null,"PROYE":null,"ACCESO":null,"ACCESIBIL":null,"UBI":null,"COLONIA":null,"TRONCO":null,"CFE":null},"geometry":{"type":"Point","coordinates":[370759.245,2837701.83208]}},{"type":"Feature","properties":{"LONG":null,"LAT":null,"NOMCIEN":"Fraxinus americana","NOMCOM":"Fresno blanco americano","ORIGEN":"Nativa","ALTURA":7.2,"DAP":25.4,"OBJECTID":1322,"FECHA LEV":2015,"SALUD":null,"PROYE":null,"ACCESO":null,"ACCESIBIL":null,"UBI":null,"COLONIA":null,"TRONCO":null,"CFE":null},"geometry":{"type":"Point","coordinates":[370771.506,2837689.82708]}},{"type":"Feature","properties":{"LONG":null,"LAT":null,"NOMCIEN":"Quercus polymorpha","NOMCOM":"Encino roble, roble","ORIGEN":"Nativa","ALTURA":13.3,"DAP":23.4,"OBJECTID":1323,"FECHA LEV":2015,"SALUD":null,"PROYE":null,"ACCESO":null,"ACCESIBIL":null,"UBI":null,"COLONIA":null,"TRONCO":null,"CFE":null},"geometry":{"type":"Point","coordinates":[370763.332,2837683.44108]}},{"type":"Feature","properties":{"LONG":null,"LAT":null,"NOMCIEN":"Quercus polymorpha","NOMCOM":"Encino roble, roble","ORIGEN":"Nativa","ALTURA":12.5,"DAP":31.9,"OBJECTID":1324,"FECHA LEV":2015,"SALUD":null,"PROYE":null,"ACCESO":null,"ACCESIBIL":null,"UBI":null,"COLONIA":null,"TRONCO":null,"CFE":null},"geometry":{"type":"Point","coordinates":[370753.114,2837682.93008]}},{"type":"Feature","properties":{"LONG":null,"LAT":null,"NOMCIEN":"Quercus polymorpha","NOMCOM":"Encino roble, roble","ORIGEN":"Nativa","ALTURA":13.5,"DAP":37.8,"OBJECTID":1325,"FECHA LEV":2015,"SALUD":null,"PROYE":null,"ACCESO":null,"ACCESIBIL":null,"UBI":null,"COLONIA":null,"TRONCO":null,"CFE":null},"geometry":{"type":"Point","coordinates":[370744.174,2837683.18508]}},{"type":"Feature","properties":{"LONG":null,"LAT":null,"NOMCIEN":"Citrus","NOMCOM":"Cítrico","ORIGEN":"Introducida","ALTURA":5.8,"DAP":18.0,"OBJECTID":1326,"FECHA LEV":2015,"SALUD":null,"PROYE":null,"ACCESO":null,"ACCESIBIL":null,"UBI":null,"COLONIA":null,"TRONCO":null,"CFE":null},"geometry":{"type":"Point","coordinates":[370701.852,2837697.64608]}},{"type":"Feature","properties":{"LONG":null,"LAT":null,"NOMCIEN":"Quercus polymorpha","NOMCOM":"Encino roble, roble","ORIGEN":"Nativa","ALTURA":16.4,"DAP":31.6,"OBJECTID":1327,"FECHA LEV":2015,"SALUD":null,"PROYE":null,"ACCESO":null,"ACCESIBIL":null,"UBI":null,"COLONIA":null,"TRONCO":null,"CFE":null},"geometry":{"type":"Point","coordinates":[370723.946,2837702.22308]}},{"type":"Feature","properties":{"LONG":null,"LAT":null,"NOMCIEN":"Ehretia anacua","NOMCOM":"Anacua","ORIGEN":"Nativa","ALTURA":9.0,"DAP":52.8,"OBJECTID":1328,"FECHA LEV":2015,"SALUD":null,"PROYE":null,"ACCESO":null,"ACCESIBIL":null,"UBI":null,"COLONIA":null,"TRONCO":null,"CFE":null},"geometry":{"type":"Point","coordinates":[370719.031,2837702.22308]}},{"type":"Feature","properties":{"LONG":null,"LAT":null,"NOMCIEN":"Quercus polymorpha","NOMCOM":"Encino roble, roble","ORIGEN":"Nativa","ALTURA":10.5,"DAP":31.6,"OBJECTID":1329,"FECHA LEV":2015,"SALUD":null,"PROYE":null,"ACCESO":null,"ACCESIBIL":null,"UBI":null,"COLONIA":null,"TRONCO":null,"CFE":null},"geometry":{"type":"Point","coordinates":[370717.997,2837755.63408]}},{"type":"Feature","properties":{"LONG":null,"LAT":null,"NOMCIEN":"Ehretia anacua","NOMCOM":"Anacua","ORIGEN":"Nativa","ALTURA":9.5,"DAP":33.7,"OBJECTID":1330,"FECHA LEV":2015,"SALUD":null,"PROYE":null,"ACCESO":null,"ACCESIBIL":null,"UBI":null,"COLONIA":null,"TRONCO":null,"CFE":null},"geometry":{"type":"Point","coordinates":[370710.432,2837701.97808]}},{"type":"Feature","properties":{"LONG":null,"LAT":null,"NOMCIEN":"Ehretia anacua","NOMCOM":"Anacua","ORIGEN":"Nativa","ALTURA":10.0,"DAP":70.1,"OBJECTID":1331,"FECHA LEV":2015,"SALUD":null,"PROYE":null,"ACCESO":null,"ACCESIBIL":null,"UBI":null,"COLONIA":null,"TRONCO":null,"CFE":null},"geometry":{"type":"Point","coordinates":[370709.94,2837711.06908]}},{"type":"Feature","properties":{"LONG":null,"LAT":null,"NOMCIEN":"Fraxinus americana","NOMCOM":"Fresno blanco americano","ORIGEN":"Nativa","ALTURA":14.2,"DAP":52.6,"OBJECTID":1332,"FECHA LEV":2015,"SALUD":null,"PROYE":null,"ACCESO":null,"ACCESIBIL":null,"UBI":null,"COLONIA":null,"TRONCO":null,"CFE":null},"geometry":{"type":"Point","coordinates":[370703.797,2837704.18908]}},{"type":"Feature","properties":{"LONG":null,"LAT":null,"NOMCIEN":"Fraxinus americana","NOMCOM":"Fresno blanco americano","ORIGEN":"Nativa","ALTURA":15.4,"DAP":61.5,"OBJECTID":1333,"FECHA LEV":2015,"SALUD":null,"PROYE":null,"ACCESO":null,"ACCESIBIL":null,"UBI":null,"COLONIA":null,"TRONCO":null,"CFE":null},"geometry":{"type":"Point","coordinates":[370709.694,2837731.21708]}},{"type":"Feature","properties":{"LONG":null,"LAT":null,"NOMCIEN":"Quercus vaseyana","NOMCOM":"Encino bravo, encino de Vasey","ORIGEN":"Introducida","ALTURA":9.3,"DAP":21.2,"OBJECTID":1334,"FECHA LEV":2015,"SALUD":null,"PROYE":null,"ACCESO":null,"ACCESIBIL":null,"UBI":null,"COLONIA":null,"TRONCO":null,"CFE":null},"geometry":{"type":"Point","coordinates":[370689.792,2837727.28608]}},{"type":"Feature","properties":{"LONG":null,"LAT":null,"NOMCIEN":"Quercus fusiformis","NOMCOM":"Encino siempreverde, encino molino","ORIGEN":"Nativa","ALTURA":13.1,"DAP":25.1,"OBJECTID":1335,"FECHA LEV":2015,"SALUD":null,"PROYE":null,"ACCESO":null,"ACCESIBIL":null,"UBI":null,"COLONIA":null,"TRONCO":null,"CFE":null},"geometry":{"type":"Point","coordinates":[370680.209,2837728.02308]}},{"type":"Feature","properties":{"LONG":null,"LAT":null,"NOMCIEN":"Quercus fusiformis","NOMCOM":"Encino siempreverde, encino molino","ORIGEN":"Nativa","ALTURA":9.4,"DAP":24.5,"OBJECTID":1336,"FECHA LEV":2015,"SALUD":null,"PROYE":null,"ACCESO":null,"ACCESIBIL":null,"UBI":null,"COLONIA":null,"TRONCO":null,"CFE":null},"geometry":{"type":"Point","coordinates":[370675.786,2837730.48008]}},{"type":"Feature","properties":{"LONG":null,"LAT":null,"NOMCIEN":"Quercus fusiformis","NOMCOM":"Encino siempreverde, encino molino","ORIGEN":"Nativa","ALTURA":7.2,"DAP":14.3,"OBJECTID":1337,"FECHA LEV":2015,"SALUD":null,"PROYE":null,"ACCESO":null,"ACCESIBIL":null,"UBI":null,"COLONIA":null,"TRONCO":null,"CFE":null},"geometry":{"type":"Point","coordinates":[370768.0,2837712.00008]}},{"type":"Feature","properties":{"LONG":null,"LAT":null,"NOMCIEN":"Quercus polymorpha","NOMCOM":"Encino roble, roble","ORIGEN":"Nativa","ALTURA":7.2,"DAP":8.6,"OBJECTID":1338,"FECHA LEV":2015,"SALUD":null,"PROYE":null,"ACCESO":null,"ACCESIBIL":null,"UBI":null,"COLONIA":null,"TRONCO":null,"CFE":null},"geometry":{"type":"Point","coordinates":[370761.0,2837710.00008]}},{"type":"Feature","properties":{"LONG":null,"LAT":null,"NOMCIEN":"Ficus benjamina","NOMCOM":"Laurel de la India, amate, ficus","ORIGEN":"Introducida","ALTURA":17.8,"DAP":40.2,"OBJECTID":1339,"FECHA LEV":2015,"SALUD":null,"PROYE":null,"ACCESO":null,"ACCESIBIL":null,"UBI":null,"COLONIA":null,"TRONCO":null,"CFE":null},"geometry":{"type":"Point","coordinates":[370729.684,2837743.01208]}},{"type":"Feature","properties":{"LONG":null,"LAT":null,"NOMCIEN":"Cupressus sempervirens","NOMCOM":"Ciprés mediterráneo, ciprés italiano, ciprés pincel","ORIGEN":"Introducida","ALTURA":11.3,"DAP":16.1,"OBJECTID":1340,"FECHA LEV":2015,"SALUD":null,"PROYE":null,"ACCESO":null,"ACCESIBIL":null,"UBI":null,"COLONIA":null,"TRONCO":null,"CFE":null},"geometry":{"type":"Point","coordinates":[370746.67,2837720.72708]}},{"type":"Feature","properties":{"LONG":null,"LAT":null,"NOMCIEN":"Cupressus sempervirens","NOMCOM":"Ciprés mediterráneo, ciprés italiano, ciprés pincel","ORIGEN":"Introducida","ALTURA":11.1,"DAP":17.4,"OBJECTID":1341,"FECHA LEV":2015,"SALUD":null,"PROYE":null,"ACCESO":null,"ACCESIBIL":null,"UBI":null,"COLONIA":null,"TRONCO":null,"CFE":null},"geometry":{"type":"Point","coordinates":[370749.309,2837721.00108]}},{"type":"Feature","properties":{"LONG":null,"LAT":null,"NOMCIEN":"Fraxinus americana","NOMCOM":"Fresno blanco americano","ORIGEN":"Nativa","ALTURA":13.0,"DAP":81.3,"OBJECTID":1342,"FECHA LEV":2015,"SALUD":null,"PROYE":null,"ACCESO":null,"ACCESIBIL":null,"UBI":null,"COLONIA":null,"TRONCO":null,"CFE":null},"geometry":{"type":"Point","coordinates":[370772.85,2837685.35308]}},{"type":"Feature","properties":{"LONG":null,"LAT":null,"NOMCIEN":"Fraxinus americana","NOMCOM":"Fresno blanco americano","ORIGEN":"Nativa","ALTURA":13.6,"DAP":88.8,"OBJECTID":1343,"FECHA LEV":2015,"SALUD":null,"PROYE":null,"ACCESO":null,"ACCESIBIL":null,"UBI":null,"COLONIA":null,"TRONCO":null,"CFE":null},"geometry":{"type":"Point","coordinates":[370766.928,2837692.52208]}},{"type":"Feature","properties":{"LONG":null,"LAT":null,"NOMCIEN":"Quercus fusiformis","NOMCOM":"Encino siempreverde, encino molino","ORIGEN":"Nativa","ALTURA":9.7,"DAP":34.4,"OBJECTID":1344,"FECHA LEV":2015,"SALUD":null,"PROYE":null,"ACCESO":null,"ACCESIBIL":null,"UBI":null,"COLONIA":null,"TRONCO":null,"CFE":null},"geometry":{"type":"Point","coordinates":[370713.777,2837683.95208]}},{"type":"Feature","properties":{"LONG":null,"LAT":null,"NOMCIEN":"Quercus fusiformis","NOMCOM":"Encino siempreverde, encino molino","ORIGEN":"Nativa","ALTURA":13.3,"DAP":38.1,"OBJECTID":1345,"FECHA LEV":2015,"SALUD":null,"PROYE":null,"ACCESO":null,"ACCESIBIL":null,"UBI":null,"COLONIA":null,"TRONCO":null,"CFE":null},"geometry":{"type":"Point","coordinates":[370704.158,2837684.32208]}},{"type":"Feature","properties":{"LONG":null,"LAT":null,"NOMCIEN":"Fraxinus americana","NOMCOM":"Fresno blanco americano","ORIGEN":"Nativa","ALTURA":10.5,"DAP":67.9,"OBJECTID":1346,"FECHA LEV":2015,"SALUD":null,"PROYE":null,"ACCESO":null,"ACCESIBIL":null,"UBI":null,"COLONIA":null,"TRONCO":null,"CFE":null},"geometry":{"type":"Point","coordinates":[370661.563,2837527.37208]}},{"type":"Feature","properties":{"LONG":null,"LAT":null,"NOMCIEN":"Phoenix dactylifera","NOMCOM":"Palma/palmera datilera","ORIGEN":"Introducida","ALTURA":6.8,"DAP":96.5,"OBJECTID":1347,"FECHA LEV":2015,"SALUD":null,"PROYE":null,"ACCESO":null,"ACCESIBIL":null,"UBI":null,"COLONIA":null,"TRONCO":null,"CFE":null},"geometry":{"type":"Point","coordinates":[370692.04,2837540.56008]}},{"type":"Feature","properties":{"LONG":null,"LAT":null,"NOMCIEN":"Phoenix dactylifera","NOMCOM":"Palma/palmera datilera","ORIGEN":"Introducida","ALTURA":7.0,"DAP":64.4,"OBJECTID":1348,"FECHA LEV":2015,"SALUD":null,"PROYE":null,"ACCESO":null,"ACCESIBIL":null,"UBI":null,"COLONIA":null,"TRONCO":null,"CFE":null},"geometry":{"type":"Point","coordinates":[370694.3,2837539.43008]}},{"type":"Feature","properties":{"LONG":null,"LAT":null,"NOMCIEN":"Phoenix dactylifera","NOMCOM":"Palma/palmera datilera","ORIGEN":"Introducida","ALTURA":7.0,"DAP":66.0,"OBJECTID":1349,"FECHA LEV":2015,"SALUD":null,"PROYE":null,"ACCESO":null,"ACCESIBIL":null,"UBI":null,"COLONIA":null,"TRONCO":null,"CFE":null},"geometry":{"type":"Point","coordinates":[370698.33,2837540.18008]}},{"type":"Feature","properties":{"LONG":null,"LAT":null,"NOMCIEN":"Phoenix dactylifera","NOMCOM":"Palma/palmera datilera","ORIGEN":"Introducida","ALTURA":7.5,"DAP":64.0,"OBJECTID":1350,"FECHA LEV":2015,"SALUD":null,"PROYE":null,"ACCESO":null,"ACCESIBIL":null,"UBI":null,"COLONIA":null,"TRONCO":null,"CFE":null},"geometry":{"type":"Point","coordinates":[370694.58,2837535.41008]}},{"type":"Feature","properties":{"LONG":null,"LAT":null,"NOMCIEN":"Phoenix dactylifera","NOMCOM":"Palma/palmera datilera","ORIGEN":"Introducida","ALTURA":7.0,"DAP":80.0,"OBJECTID":1351,"FECHA LEV":2015,"SALUD":null,"PROYE":null,"ACCESO":null,"ACCESIBIL":null,"UBI":null,"COLONIA":null,"TRONCO":null,"CFE":null},"geometry":{"type":"Point","coordinates":[370696.06,2837534.14008]}},{"type":"Feature","properties":{"LONG":null,"LAT":null,"NOMCIEN":"Phoenix dactylifera","NOMCOM":"Palma/palmera datilera","ORIGEN":"Introducida","ALTURA":6.0,"DAP":93.5,"OBJECTID":1352,"FECHA LEV":2015,"SALUD":null,"PROYE":null,"ACCESO":null,"ACCESIBIL":null,"UBI":null,"COLONIA":null,"TRONCO":null,"CFE":null},"geometry":{"type":"Point","coordinates":[370697.07,2837531.26008]}},{"type":"Feature","properties":{"LONG":null,"LAT":null,"NOMCIEN":"Phoenix dactylifera","NOMCOM":"Palma/palmera datilera","ORIGEN":"Introducida","ALTURA":8.0,"DAP":61.0,"OBJECTID":1353,"FECHA LEV":2015,"SALUD":null,"PROYE":null,"ACCESO":null,"ACCESIBIL":null,"UBI":null,"COLONIA":null,"TRONCO":null,"CFE":null},"geometry":{"type":"Point","coordinates":[370701.59,2837531.26008]}},{"type":"Feature","properties":{"LONG":null,"LAT":null,"NOMCIEN":"Fraxinus americana","NOMCOM":"Fresno blanco americano","ORIGEN":"Nativa","ALTURA":16.8,"DAP":75.7,"OBJECTID":1354,"FECHA LEV":2015,"SALUD":null,"PROYE":null,"ACCESO":null,"ACCESIBIL":null,"UBI":null,"COLONIA":null,"TRONCO":null,"CFE":null},"geometry":{"type":"Point","coordinates":[370478.586,2837636.80908]}},{"type":"Feature","properties":{"LONG":null,"LAT":null,"NOMCIEN":"Fraxinus americana","NOMCOM":"Fresno blanco americano","ORIGEN":"Nativa","ALTURA":19.9,"DAP":68.9,"OBJECTID":1355,"FECHA LEV":2015,"SALUD":null,"PROYE":null,"ACCESO":null,"ACCESIBIL":null,"UBI":null,"COLONIA":null,"TRONCO":null,"CFE":null},"geometry":{"type":"Point","coordinates":[370477.407,2837572.17808]}},{"type":"Feature","properties":{"LONG":null,"LAT":null,"NOMCIEN":"Fraxinus americana","NOMCOM":"Fresno blanco americano","ORIGEN":"Nativa","ALTURA":15.9,"DAP":52.2,"OBJECTID":1356,"FECHA LEV":2015,"SALUD":null,"PROYE":null,"ACCESO":null,"ACCESIBIL":null,"UBI":null,"COLONIA":null,"TRONCO":null,"CFE":null},"geometry":{"type":"Point","coordinates":[370456.885,2837596.00208]}},{"type":"Feature","properties":{"LONG":null,"LAT":null,"NOMCIEN":"Fraxinus americana","NOMCOM":"Fresno blanco americano","ORIGEN":"Nativa","ALTURA":15.0,"DAP":61.5,"OBJECTID":1357,"FECHA LEV":2015,"SALUD":null,"PROYE":null,"ACCESO":null,"ACCESIBIL":null,"UBI":null,"COLONIA":null,"TRONCO":null,"CFE":null},"geometry":{"type":"Point","coordinates":[370456.885,2837588.92608]}},{"type":"Feature","properties":{"LONG":null,"LAT":null,"NOMCIEN":"Fraxinus americana","NOMCOM":"Fresno blanco americano","ORIGEN":"Nativa","ALTURA":8.5,"DAP":19.4,"OBJECTID":1358,"FECHA LEV":2015,"SALUD":null,"PROYE":null,"ACCESO":null,"ACCESIBIL":null,"UBI":null,"COLONIA":null,"TRONCO":null,"CFE":null},"geometry":{"type":"Point","coordinates":[370459.951,2837579.72608]}},{"type":"Feature","properties":{"LONG":null,"LAT":null,"NOMCIEN":"Fraxinus americana","NOMCOM":"Fresno blanco americano","ORIGEN":"Nativa","ALTURA":16.0,"DAP":57.4,"OBJECTID":1359,"FECHA LEV":2015,"SALUD":null,"PROYE":null,"ACCESO":null,"ACCESIBIL":null,"UBI":null,"COLONIA":null,"TRONCO":null,"CFE":null},"geometry":{"type":"Point","coordinates":[370464.433,2837569.34708]}},{"type":"Feature","properties":{"LONG":null,"LAT":null,"NOMCIEN":"Fraxinus americana","NOMCOM":"Fresno blanco americano","ORIGEN":"Nativa","ALTURA":15.4,"DAP":73.4,"OBJECTID":1360,"FECHA LEV":2015,"SALUD":null,"PROYE":null,"ACCESO":null,"ACCESIBIL":null,"UBI":null,"COLONIA":null,"TRONCO":null,"CFE":null},"geometry":{"type":"Point","coordinates":[370469.623,2837579.96208]}},{"type":"Feature","properties":{"LONG":null,"LAT":null,"NOMCIEN":"Fraxinus americana","NOMCOM":"Fresno blanco americano","ORIGEN":"Nativa","ALTURA":11.9,"DAP":53.7,"OBJECTID":1361,"FECHA LEV":2015,"SALUD":null,"PROYE":null,"ACCESO":null,"ACCESIBIL":null,"UBI":null,"COLONIA":null,"TRONCO":null,"CFE":null},"geometry":{"type":"Point","coordinates":[370467.028,2837596.94608]}},{"type":"Feature","properties":{"LONG":null,"LAT":null,"NOMCIEN":"Fraxinus americana","NOMCOM":"Fresno blanco americano","ORIGEN":"Nativa","ALTURA":15.8,"DAP":53.0,"OBJECTID":1362,"FECHA LEV":2015,"SALUD":null,"PROYE":null,"ACCESO":null,"ACCESIBIL":null,"UBI":null,"COLONIA":null,"TRONCO":null,"CFE":null},"geometry":{"type":"Point","coordinates":[370458.064,2837583.50008]}},{"type":"Feature","properties":{"LONG":null,"LAT":null,"NOMCIEN":"Fraxinus americana","NOMCOM":"Fresno blanco americano","ORIGEN":"Nativa","ALTURA":13.5,"DAP":58.6,"OBJECTID":1363,"FECHA LEV":2015,"SALUD":null,"PROYE":null,"ACCESO":null,"ACCESIBIL":null,"UBI":null,"COLONIA":null,"TRONCO":null,"CFE":null},"geometry":{"type":"Point","coordinates":[370511.626,2837634.54308]}},{"type":"Feature","properties":{"LONG":null,"LAT":null,"NOMCIEN":"Fraxinus americana","NOMCOM":"Fresno blanco americano","ORIGEN":"Nativa","ALTURA":15.7,"DAP":66.5,"OBJECTID":1364,"FECHA LEV":2015,"SALUD":null,"PROYE":null,"ACCESO":null,"ACCESIBIL":null,"UBI":null,"COLONIA":null,"TRONCO":null,"CFE":null},"geometry":{"type":"Point","coordinates":[370520.274,2837634.37408]}},{"type":"Feature","properties":{"LONG":null,"LAT":null,"NOMCIEN":"Fraxinus americana","NOMCOM":"Fresno blanco americano","ORIGEN":"Nativa","ALTURA":12.5,"DAP":95.0,"OBJECTID":1365,"FECHA LEV":2015,"SALUD":null,"PROYE":null,"ACCESO":null,"ACCESIBIL":null,"UBI":null,"COLONIA":null,"TRONCO":null,"CFE":null},"geometry":{"type":"Point","coordinates":[370479.058,2837615.81608]}},{"type":"Feature","properties":{"LONG":null,"LAT":null,"NOMCIEN":"Fraxinus americana","NOMCOM":"Fresno blanco americano","ORIGEN":"Nativa","ALTURA":14.6,"DAP":88.6,"OBJECTID":1366,"FECHA LEV":2015,"SALUD":null,"PROYE":null,"ACCESO":null,"ACCESIBIL":null,"UBI":null,"COLONIA":null,"TRONCO":null,"CFE":null},"geometry":{"type":"Point","coordinates":[370528.073,2837634.37408]}},{"type":"Feature","properties":{"LONG":null,"LAT":null,"NOMCIEN":"Fraxinus americana","NOMCOM":"Fresno blanco americano","ORIGEN":"Nativa","ALTURA":15.0,"DAP":68.6,"OBJECTID":1367,"FECHA LEV":2015,"SALUD":null,"PROYE":null,"ACCESO":null,"ACCESIBIL":null,"UBI":null,"COLONIA":null,"TRONCO":null,"CFE":null},"geometry":{"type":"Point","coordinates":[370543.504,2837634.54308]}},{"type":"Feature","properties":{"LONG":null,"LAT":null,"NOMCIEN":"Fraxinus americana","NOMCOM":"Fresno blanco americano","ORIGEN":"Nativa","ALTURA":17.5,"DAP":72.3,"OBJECTID":1368,"FECHA LEV":2015,"SALUD":null,"PROYE":null,"ACCESO":null,"ACCESIBIL":null,"UBI":null,"COLONIA":null,"TRONCO":null,"CFE":null},"geometry":{"type":"Point","coordinates":[370552.66,2837634.20408]}},{"type":"Feature","properties":{"LONG":null,"LAT":null,"NOMCIEN":"Fraxinus americana","NOMCOM":"Fresno blanco americano","ORIGEN":"Nativa","ALTURA":13.2,"DAP":83.2,"OBJECTID":1369,"FECHA LEV":2015,"SALUD":null,"PROYE":null,"ACCESO":null,"ACCESIBIL":null,"UBI":null,"COLONIA":null,"TRONCO":null,"CFE":null},"geometry":{"type":"Point","coordinates":[370571.821,2837634.03508]}},{"type":"Feature","properties":{"LONG":null,"LAT":null,"NOMCIEN":"Fraxinus americana","NOMCOM":"Fresno blanco americano","ORIGEN":"Nativa","ALTURA":15.2,"DAP":45.6,"OBJECTID":1370,"FECHA LEV":2015,"SALUD":null,"PROYE":null,"ACCESO":null,"ACCESIBIL":null,"UBI":null,"COLONIA":null,"TRONCO":null,"CFE":null},"geometry":{"type":"Point","coordinates":[370584.538,2837634.03508]}},{"type":"Feature","properties":{"LONG":null,"LAT":null,"NOMCIEN":"Fraxinus americana","NOMCOM":"Fresno blanco americano","ORIGEN":"Nativa","ALTURA":15.0,"DAP":85.3,"OBJECTID":1371,"FECHA LEV":2015,"SALUD":null,"PROYE":null,"ACCESO":null,"ACCESIBIL":null,"UBI":null,"COLONIA":null,"TRONCO":null,"CFE":null},"geometry":{"type":"Point","coordinates":[370561.647,2837633.86508]}},{"type":"Feature","properties":{"LONG":null,"LAT":null,"NOMCIEN":"Fraxinus americana","NOMCOM":"Fresno blanco americano","ORIGEN":"Nativa","ALTURA":9.1,"DAP":29.7,"OBJECTID":1372,"FECHA LEV":2015,"SALUD":null,"PROYE":null,"ACCESO":null,"ACCESIBIL":null,"UBI":null,"COLONIA":null,"TRONCO":null,"CFE":null},"geometry":{"type":"Point","coordinates":[370594.881,2837629.62608]}},{"type":"Feature","properties":{"LONG":null,"LAT":null,"NOMCIEN":"Fraxinus americana","NOMCOM":"Fresno blanco americano","ORIGEN":"Nativa","ALTURA":12.2,"DAP":46.1,"OBJECTID":1373,"FECHA LEV":2015,"SALUD":null,"PROYE":null,"ACCESO":null,"ACCESIBIL":null,"UBI":null,"COLONIA":null,"TRONCO":null,"CFE":null},"geometry":{"type":"Point","coordinates":[370594.203,2837604.19208]}},{"type":"Feature","properties":{"LONG":null,"LAT":null,"NOMCIEN":"Fraxinus americana","NOMCOM":"Fresno blanco americano","ORIGEN":"Nativa","ALTURA":13.4,"DAP":45.4,"OBJECTID":1374,"FECHA LEV":2015,"SALUD":null,"PROYE":null,"ACCESO":null,"ACCESIBIL":null,"UBI":null,"COLONIA":null,"TRONCO":null,"CFE":null},"geometry":{"type":"Point","coordinates":[370593.016,2837592.66108]}},{"type":"Feature","properties":{"LONG":null,"LAT":null,"NOMCIEN":"Fraxinus americana","NOMCOM":"Fresno blanco americano","ORIGEN":"Nativa","ALTURA":8.4,"DAP":82.3,"OBJECTID":1375,"FECHA LEV":2015,"SALUD":null,"PROYE":null,"ACCESO":null,"ACCESIBIL":null,"UBI":null,"COLONIA":null,"TRONCO":null,"CFE":null},"geometry":{"type":"Point","coordinates":[370582.673,2837582.65708]}},{"type":"Feature","properties":{"LONG":null,"LAT":null,"NOMCIEN":"Fraxinus americana","NOMCOM":"Fresno blanco americano","ORIGEN":"Nativa","ALTURA":16.3,"DAP":88.6,"OBJECTID":1376,"FECHA LEV":2015,"SALUD":null,"PROYE":null,"ACCESO":null,"ACCESIBIL":null,"UBI":null,"COLONIA":null,"TRONCO":null,"CFE":null},"geometry":{"type":"Point","coordinates":[370467.028,2837608.97508]}},{"type":"Feature","properties":{"LONG":null,"LAT":null,"NOMCIEN":"Fraxinus americana","NOMCOM":"Fresno blanco americano","ORIGEN":"Nativa","ALTURA":11.4,"DAP":34.1,"OBJECTID":1377,"FECHA LEV":2015,"SALUD":null,"PROYE":null,"ACCESO":null,"ACCESIBIL":null,"UBI":null,"COLONIA":null,"TRONCO":null,"CFE":null},"geometry":{"type":"Point","coordinates":[370594.372,2837617.75708]}},{"type":"Feature","properties":{"LONG":null,"LAT":null,"NOMCIEN":"Fraxinus americana","NOMCOM":"Fresno blanco americano","ORIGEN":"Nativa","ALTURA":11.2,"DAP":43.6,"OBJECTID":1378,"FECHA LEV":2015,"SALUD":null,"PROYE":null,"ACCESO":null,"ACCESIBIL":null,"UBI":null,"COLONIA":null,"TRONCO":null,"CFE":null},"geometry":{"type":"Point","coordinates":[370585.386,2837624.70908]}},{"type":"Feature","properties":{"LONG":null,"LAT":null,"NOMCIEN":"Fraxinus americana","NOMCOM":"Fresno blanco americano","ORIGEN":"Nativa","ALTURA":10.9,"DAP":82.7,"OBJECTID":1379,"FECHA LEV":2015,"SALUD":null,"PROYE":null,"ACCESO":null,"ACCESIBIL":null,"UBI":null,"COLONIA":null,"TRONCO":null,"CFE":null},"geometry":{"type":"Point","coordinates":[370594.542,2837621.48708]}},{"type":"Feature","properties":{"LONG":null,"LAT":null,"NOMCIEN":"Fraxinus americana","NOMCOM":"Fresno blanco americano","ORIGEN":"Nativa","ALTURA":15.3,"DAP":75.3,"OBJECTID":1380,"FECHA LEV":2015,"SALUD":null,"PROYE":null,"ACCESO":null,"ACCESIBIL":null,"UBI":null,"COLONIA":null,"TRONCO":null,"CFE":null},"geometry":{"type":"Point","coordinates":[370574.703,2837617.92608]}},{"type":"Feature","properties":{"LONG":null,"LAT":null,"NOMCIEN":"Fraxinus americana","NOMCOM":"Fresno blanco americano","ORIGEN":"Nativa","ALTURA":15.0,"DAP":77.6,"OBJECTID":1381,"FECHA LEV":2015,"SALUD":null,"PROYE":null,"ACCESO":null,"ACCESIBIL":null,"UBI":null,"COLONIA":null,"TRONCO":null,"CFE":null},"geometry":{"type":"Point","coordinates":[370530.963,2837569.54008]}},{"type":"Feature","properties":{"LONG":null,"LAT":null,"NOMCIEN":"Quercus fusiformis","NOMCOM":"Encino siempreverde, encino molino","ORIGEN":"Nativa","ALTURA":18.0,"DAP":54.2,"OBJECTID":1382,"FECHA LEV":2015,"SALUD":null,"PROYE":null,"ACCESO":null,"ACCESIBIL":null,"UBI":null,"COLONIA":null,"TRONCO":null,"CFE":null},"geometry":{"type":"Point","coordinates":[370459.781,2837633.96708]}},{"type":"Feature","properties":{"LONG":null,"LAT":null,"NOMCIEN":"Quercus vaseyana","NOMCOM":"Encino bravo, encino de Vasey","ORIGEN":"Introducida","ALTURA":6.5,"DAP":14.0,"OBJECTID":1383,"FECHA LEV":2015,"SALUD":null,"PROYE":null,"ACCESO":null,"ACCESIBIL":null,"UBI":null,"COLONIA":null,"TRONCO":null,"CFE":null},"geometry":{"type":"Point","coordinates":[370459.088,2837618.04708]}},{"type":"Feature","properties":{"LONG":null,"LAT":null,"NOMCIEN":"Quercus fusiformis","NOMCOM":"Encino siempreverde, encino molino","ORIGEN":"Nativa","ALTURA":14.5,"DAP":36.5,"OBJECTID":1384,"FECHA LEV":2015,"SALUD":null,"PROYE":null,"ACCESO":null,"ACCESIBIL":null,"UBI":null,"COLONIA":null,"TRONCO":null,"CFE":null},"geometry":{"type":"Point","coordinates":[370474.662,2837594.51308]}},{"type":"Feature","properties":{"LONG":null,"LAT":null,"NOMCIEN":"Quercus fusiformis","NOMCOM":"Encino siempreverde, encino molino","ORIGEN":"Nativa","ALTURA":10.5,"DAP":30.6,"OBJECTID":1385,"FECHA LEV":2015,"SALUD":null,"PROYE":null,"ACCESO":null,"ACCESIBIL":null,"UBI":null,"COLONIA":null,"TRONCO":null,"CFE":null},"geometry":{"type":"Point","coordinates":[370424.891,2837498.23608]}},{"type":"Feature","properties":{"LONG":null,"LAT":null,"NOMCIEN":"Quercus fusiformis","NOMCOM":"Encino siempreverde, encino molino","ORIGEN":"Nativa","ALTURA":10.6,"DAP":28.6,"OBJECTID":1386,"FECHA LEV":2015,"SALUD":null,"PROYE":null,"ACCESO":null,"ACCESIBIL":null,"UBI":null,"COLONIA":null,"TRONCO":null,"CFE":null},"geometry":{"type":"Point","coordinates":[370428.289,2837493.43808]}},{"type":"Feature","properties":{"LONG":null,"LAT":null,"NOMCIEN":"Fraxinus americana","NOMCOM":"Fresno blanco americano","ORIGEN":"Nativa","ALTURA":19.9,"DAP":80.0,"OBJECTID":1387,"FECHA LEV":2015,"SALUD":null,"PROYE":null,"ACCESO":null,"ACCESIBIL":null,"UBI":null,"COLONIA":null,"TRONCO":null,"CFE":null},"geometry":{"type":"Point","coordinates":[370464.197,2837619.35408]}},{"type":"Feature","properties":{"LONG":null,"LAT":null,"NOMCIEN":"Quercus fusiformis","NOMCOM":"Encino siempreverde, encino molino","ORIGEN":"Nativa","ALTURA":9.5,"DAP":24.8,"OBJECTID":1388,"FECHA LEV":2015,"SALUD":null,"PROYE":null,"ACCESO":null,"ACCESIBIL":null,"UBI":null,"COLONIA":null,"TRONCO":null,"CFE":null},"geometry":{"type":"Point","coordinates":[370443.283,2837465.84908]}},{"type":"Feature","properties":{"LONG":null,"LAT":null,"NOMCIEN":"Quercus fusiformis","NOMCOM":"Encino siempreverde, encino molino","ORIGEN":"Nativa","ALTURA":7.2,"DAP":20.1,"OBJECTID":1389,"FECHA LEV":2015,"SALUD":null,"PROYE":null,"ACCESO":null,"ACCESIBIL":null,"UBI":null,"COLONIA":null,"TRONCO":null,"CFE":null},"geometry":{"type":"Point","coordinates":[370456.282,2837592.36308]}},{"type":"Feature","properties":{"LONG":null,"LAT":null,"NOMCIEN":"Quercus fusiformis","NOMCOM":"Encino siempreverde, encino molino","ORIGEN":"Nativa","ALTURA":13.4,"DAP":32.9,"OBJECTID":1390,"FECHA LEV":2015,"SALUD":null,"PROYE":null,"ACCESO":null,"ACCESIBIL":null,"UBI":null,"COLONIA":null,"TRONCO":null,"CFE":null},"geometry":{"type":"Point","coordinates":[370460.242,2837586.51908]}},{"type":"Feature","properties":{"LONG":null,"LAT":null,"NOMCIEN":"Juglans nigra","NOMCOM":"Nogal americano","ORIGEN":"Introducida","ALTURA":13.9,"DAP":38.4,"OBJECTID":1391,"FECHA LEV":2015,"SALUD":null,"PROYE":null,"ACCESO":null,"ACCESIBIL":null,"UBI":null,"COLONIA":null,"TRONCO":null,"CFE":null},"geometry":{"type":"Point","coordinates":[370582.439,2837592.04408]}},{"type":"Feature","properties":{"LONG":null,"LAT":null,"NOMCIEN":"Juglans nigra","NOMCOM":"Nogal americano","ORIGEN":"Introducida","ALTURA":10.5,"DAP":30.0,"OBJECTID":1392,"FECHA LEV":2015,"SALUD":null,"PROYE":null,"ACCESO":null,"ACCESIBIL":null,"UBI":null,"COLONIA":null,"TRONCO":null,"CFE":null},"geometry":{"type":"Point","coordinates":[370582.786,2837600.89208]}},{"type":"Feature","properties":{"LONG":null,"LAT":null,"NOMCIEN":"Quercus fusiformis","NOMCOM":"Encino siempreverde, encino molino","ORIGEN":"Nativa","ALTURA":10.5,"DAP":32.7,"OBJECTID":1393,"FECHA LEV":2015,"SALUD":null,"PROYE":null,"ACCESO":null,"ACCESIBIL":null,"UBI":null,"COLONIA":null,"TRONCO":null,"CFE":null},"geometry":{"type":"Point","coordinates":[370582.786,2837614.59808]}},{"type":"Feature","properties":{"LONG":null,"LAT":null,"NOMCIEN":"Fraxinus americana","NOMCOM":"Fresno blanco americano","ORIGEN":"Nativa","ALTURA":10.5,"DAP":45.3,"OBJECTID":1394,"FECHA LEV":2015,"SALUD":null,"PROYE":null,"ACCESO":null,"ACCESIBIL":null,"UBI":null,"COLONIA":null,"TRONCO":null,"CFE":null},"geometry":{"type":"Point","coordinates":[370582.266,2837578.68508]}},{"type":"Feature","properties":{"LONG":null,"LAT":null,"NOMCIEN":"Quercus polymorpha","NOMCOM":"Encino roble, roble","ORIGEN":"Nativa","ALTURA":13.5,"DAP":17.7,"OBJECTID":1395,"FECHA LEV":2015,"SALUD":null,"PROYE":null,"ACCESO":null,"ACCESIBIL":null,"UBI":null,"COLONIA":null,"TRONCO":null,"CFE":null},"geometry":{"type":"Point","coordinates":[370576.886,2837576.11108]}},{"type":"Feature","properties":{"LONG":null,"LAT":null,"NOMCIEN":"Quercus fusiformis","NOMCOM":"Encino siempreverde, encino molino","ORIGEN":"Nativa","ALTURA":10.6,"DAP":20.3,"OBJECTID":1396,"FECHA LEV":2015,"SALUD":null,"PROYE":null,"ACCESO":null,"ACCESIBIL":null,"UBI":null,"COLONIA":null,"TRONCO":null,"CFE":null},"geometry":{"type":"Point","coordinates":[370504.827,2837571.53308]}},{"type":"Feature","properties":{"LONG":null,"LAT":null,"NOMCIEN":"Quercus fusiformis","NOMCOM":"Encino siempreverde, encino molino","ORIGEN":"Nativa","ALTURA":9.2,"DAP":26.1,"OBJECTID":1397,"FECHA LEV":2015,"SALUD":null,"PROYE":null,"ACCESO":null,"ACCESIBIL":null,"UBI":null,"COLONIA":null,"TRONCO":null,"CFE":null},"geometry":{"type":"Point","coordinates":[370538.715,2837569.54008]}},{"type":"Feature","properties":{"LONG":null,"LAT":null,"NOMCIEN":"Fraxinus americana","NOMCOM":"Fresno blanco americano","ORIGEN":"Nativa","ALTURA":18.0,"DAP":94.3,"OBJECTID":1398,"FECHA LEV":2015,"SALUD":null,"PROYE":null,"ACCESO":null,"ACCESIBIL":null,"UBI":null,"COLONIA":null,"TRONCO":null,"CFE":null},"geometry":{"type":"Point","coordinates":[370468.207,2837636.10208]}},{"type":"Feature","properties":{"LONG":null,"LAT":null,"NOMCIEN":"Quercus fusiformis","NOMCOM":"Encino siempreverde, encino molino","ORIGEN":"Nativa","ALTURA":9.1,"DAP":21.0,"OBJECTID":1399,"FECHA LEV":2015,"SALUD":null,"PROYE":null,"ACCESO":null,"ACCESIBIL":null,"UBI":null,"COLONIA":null,"TRONCO":null,"CFE":null},"geometry":{"type":"Point","coordinates":[370573.418,2837611.82208]}},{"type":"Feature","properties":{"LONG":null,"LAT":null,"NOMCIEN":"Fraxinus americana","NOMCOM":"Fresno blanco americano","ORIGEN":"Nativa","ALTURA":14.5,"DAP":63.2,"OBJECTID":1400,"FECHA LEV":2015,"SALUD":null,"PROYE":null,"ACCESO":null,"ACCESIBIL":null,"UBI":null,"COLONIA":null,"TRONCO":null,"CFE":null},"geometry":{"type":"Point","coordinates":[370454.998,2837612.98508]}},{"type":"Feature","properties":{"LONG":null,"LAT":null,"NOMCIEN":"Fraxinus americana","NOMCOM":"Fresno blanco americano","ORIGEN":"Nativa","ALTURA":13.5,"DAP":54.4,"OBJECTID":1401,"FECHA LEV":2015,"SALUD":null,"PROYE":null,"ACCESO":null,"ACCESIBIL":null,"UBI":null,"COLONIA":null,"TRONCO":null,"CFE":null},"geometry":{"type":"Point","coordinates":[370467.028,2837605.90908]}},{"type":"Feature","properties":{"LONG":null,"LAT":null,"NOMCIEN":"Fraxinus americana","NOMCOM":"Fresno blanco americano","ORIGEN":"Nativa","ALTURA":10.0,"DAP":69.8,"OBJECTID":1402,"FECHA LEV":2015,"SALUD":null,"PROYE":null,"ACCESO":null,"ACCESIBIL":null,"UBI":null,"COLONIA":null,"TRONCO":null,"CFE":null},"geometry":{"type":"Point","coordinates":[370474.576,2837603.31408]}},{"type":"Feature","properties":{"LONG":null,"LAT":null,"NOMCIEN":"Fraxinus americana","NOMCOM":"Fresno blanco americano","ORIGEN":"Nativa","ALTURA":13.8,"DAP":89.7,"OBJECTID":1403,"FECHA LEV":2015,"SALUD":null,"PROYE":null,"ACCESO":null,"ACCESIBIL":null,"UBI":null,"COLONIA":null,"TRONCO":null,"CFE":null},"geometry":{"type":"Point","coordinates":[370477.643,2837592.46408]}},{"type":"Feature","properties":{"LONG":null,"LAT":null,"NOMCIEN":"Fraxinus americana","NOMCOM":"Fresno blanco americano","ORIGEN":"Nativa","ALTURA":11.0,"DAP":53.2,"OBJECTID":1404,"FECHA LEV":2015,"SALUD":null,"PROYE":null,"ACCESO":null,"ACCESIBIL":null,"UBI":null,"COLONIA":null,"TRONCO":null,"CFE":null},"geometry":{"type":"Point","coordinates":[370486.886,2837488.03008]}},{"type":"Feature","properties":{"LONG":null,"LAT":null,"NOMCIEN":"Fraxinus americana","NOMCOM":"Fresno blanco americano","ORIGEN":"Nativa","ALTURA":10.1,"DAP":23.2,"OBJECTID":1405,"FECHA LEV":2015,"SALUD":null,"PROYE":null,"ACCESO":null,"ACCESIBIL":null,"UBI":null,"COLONIA":null,"TRONCO":null,"CFE":null},"geometry":{"type":"Point","coordinates":[370514.573,2837477.84108]}},{"type":"Feature","properties":{"LONG":null,"LAT":null,"NOMCIEN":"Fraxinus americana","NOMCOM":"Fresno blanco americano","ORIGEN":"Nativa","ALTURA":7.0,"DAP":23.3,"OBJECTID":1406,"FECHA LEV":2015,"SALUD":null,"PROYE":null,"ACCESO":null,"ACCESIBIL":null,"UBI":null,"COLONIA":null,"TRONCO":null,"CFE":null},"geometry":{"type":"Point","coordinates":[370514.794,2837487.80908]}},{"type":"Feature","properties":{"LONG":null,"LAT":null,"NOMCIEN":"Fraxinus americana","NOMCOM":"Fresno blanco americano","ORIGEN":"Nativa","ALTURA":7.7,"DAP":23.0,"OBJECTID":1407,"FECHA LEV":2015,"SALUD":null,"PROYE":null,"ACCESO":null,"ACCESIBIL":null,"UBI":null,"COLONIA":null,"TRONCO":null,"CFE":null},"geometry":{"type":"Point","coordinates":[370515.68,2837496.66808]}},{"type":"Feature","properties":{"LONG":null,"LAT":null,"NOMCIEN":"Quercus polymorpha","NOMCOM":"Encino roble, roble","ORIGEN":"Nativa","ALTURA":9.2,"DAP":12.5,"OBJECTID":1408,"FECHA LEV":2015,"SALUD":null,"PROYE":null,"ACCESO":null,"ACCESIBIL":null,"UBI":null,"COLONIA":null,"TRONCO":null,"CFE":null},"geometry":{"type":"Point","coordinates":[370516.344,2837515.05208]}},{"type":"Feature","properties":{"LONG":null,"LAT":null,"NOMCIEN":"Fraxinus americana","NOMCOM":"Fresno blanco americano","ORIGEN":"Nativa","ALTURA":6.2,"DAP":19.7,"OBJECTID":1409,"FECHA LEV":2015,"SALUD":null,"PROYE":null,"ACCESO":null,"ACCESIBIL":null,"UBI":null,"COLONIA":null,"TRONCO":null,"CFE":null},"geometry":{"type":"Point","coordinates":[370529.413,2837515.93808]}},{"type":"Feature","properties":{"LONG":null,"LAT":null,"NOMCIEN":"Fraxinus americana","NOMCOM":"Fresno blanco americano","ORIGEN":"Nativa","ALTURA":6.5,"DAP":16.2,"OBJECTID":1410,"FECHA LEV":2015,"SALUD":null,"PROYE":null,"ACCESO":null,"ACCESIBIL":null,"UBI":null,"COLONIA":null,"TRONCO":null,"CFE":null},"geometry":{"type":"Point","coordinates":[370529.191,2837505.97108]}},{"type":"Feature","properties":{"LONG":null,"LAT":null,"NOMCIEN":"Fraxinus americana","NOMCOM":"Fresno blanco americano","ORIGEN":"Nativa","ALTURA":9.8,"DAP":20.5,"OBJECTID":1411,"FECHA LEV":2015,"SALUD":null,"PROYE":null,"ACCESO":null,"ACCESIBIL":null,"UBI":null,"COLONIA":null,"TRONCO":null,"CFE":null},"geometry":{"type":"Point","coordinates":[370529.413,2837478.50608]}},{"type":"Feature","properties":{"LONG":null,"LAT":null,"NOMCIEN":"Quercus polymorpha","NOMCOM":"Encino roble, roble","ORIGEN":"Nativa","ALTURA":9.9,"DAP":21.2,"OBJECTID":1412,"FECHA LEV":2015,"SALUD":null,"PROYE":null,"ACCESO":null,"ACCESIBIL":null,"UBI":null,"COLONIA":null,"TRONCO":null,"CFE":null},"geometry":{"type":"Point","coordinates":[370529.007,2837468.26708]}},{"type":"Feature","properties":{"LONG":null,"LAT":null,"NOMCIEN":"Quercus polymorpha","NOMCOM":"Encino roble, roble","ORIGEN":"Nativa","ALTURA":9.5,"DAP":29.2,"OBJECTID":1413,"FECHA LEV":2015,"SALUD":null,"PROYE":null,"ACCESO":null,"ACCESIBIL":null,"UBI":null,"COLONIA":null,"TRONCO":null,"CFE":null},"geometry":{"type":"Point","coordinates":[370529.878,2837460.13808]}},{"type":"Feature","properties":{"LONG":null,"LAT":null,"NOMCIEN":"Quercus polymorpha","NOMCOM":"Encino roble, roble","ORIGEN":"Nativa","ALTURA":9.8,"DAP":20.7,"OBJECTID":1414,"FECHA LEV":2015,"SALUD":null,"PROYE":null,"ACCESO":null,"ACCESIBIL":null,"UBI":null,"COLONIA":null,"TRONCO":null,"CFE":null},"geometry":{"type":"Point","coordinates":[370542.072,2837459.55708]}},{"type":"Feature","properties":{"LONG":null,"LAT":null,"NOMCIEN":"Fraxinus americana","NOMCOM":"Fresno blanco americano","ORIGEN":"Nativa","ALTURA":12.0,"DAP":57.8,"OBJECTID":1415,"FECHA LEV":2015,"SALUD":null,"PROYE":null,"ACCESO":null,"ACCESIBIL":null,"UBI":null,"COLONIA":null,"TRONCO":null,"CFE":null},"geometry":{"type":"Point","coordinates":[370499.511,2837496.44708]}},{"type":"Feature","properties":{"LONG":null,"LAT":null,"NOMCIEN":"Fraxinus americana","NOMCOM":"Fresno blanco americano","ORIGEN":"Nativa","ALTURA":11.8,"DAP":53.0,"OBJECTID":1416,"FECHA LEV":2015,"SALUD":null,"PROYE":null,"ACCESO":null,"ACCESIBIL":null,"UBI":null,"COLONIA":null,"TRONCO":null,"CFE":null},"geometry":{"type":"Point","coordinates":[370543.145,2837478.06308]}},{"type":"Feature","properties":{"LONG":null,"LAT":null,"NOMCIEN":"Fraxinus americana","NOMCOM":"Fresno blanco americano","ORIGEN":"Nativa","ALTURA":10.5,"DAP":30.3,"OBJECTID":1417,"FECHA LEV":2015,"SALUD":null,"PROYE":null,"ACCESO":null,"ACCESIBIL":null,"UBI":null,"COLONIA":null,"TRONCO":null,"CFE":null},"geometry":{"type":"Point","coordinates":[370544.253,2837486.48008]}},{"type":"Feature","properties":{"LONG":null,"LAT":null,"NOMCIEN":"Fraxinus americana","NOMCOM":"Fresno blanco americano","ORIGEN":"Nativa","ALTURA":10.4,"DAP":18.1,"OBJECTID":1418,"FECHA LEV":2015,"SALUD":null,"PROYE":null,"ACCESO":null,"ACCESIBIL":null,"UBI":null,"COLONIA":null,"TRONCO":null,"CFE":null},"geometry":{"type":"Point","coordinates":[370543.145,2837496.89008]}},{"type":"Feature","properties":{"LONG":null,"LAT":null,"NOMCIEN":"Fraxinus americana","NOMCOM":"Fresno blanco americano","ORIGEN":"Nativa","ALTURA":7.1,"DAP":19.9,"OBJECTID":1419,"FECHA LEV":2015,"SALUD":null,"PROYE":null,"ACCESO":null,"ACCESIBIL":null,"UBI":null,"COLONIA":null,"TRONCO":null,"CFE":null},"geometry":{"type":"Point","coordinates":[370543.81,2837505.97108]}},{"type":"Feature","properties":{"LONG":null,"LAT":null,"NOMCIEN":"Fraxinus americana","NOMCOM":"Fresno blanco americano","ORIGEN":"Nativa","ALTURA":8.5,"DAP":22.8,"OBJECTID":1420,"FECHA LEV":2015,"SALUD":null,"PROYE":null,"ACCESO":null,"ACCESIBIL":null,"UBI":null,"COLONIA":null,"TRONCO":null,"CFE":null},"geometry":{"type":"Point","coordinates":[370545.803,2837515.27408]}},{"type":"Feature","properties":{"LONG":null,"LAT":null,"NOMCIEN":"Quercus fusiformis","NOMCOM":"Encino siempreverde, encino molino","ORIGEN":"Nativa","ALTURA":13.2,"DAP":51.0,"OBJECTID":1421,"FECHA LEV":2015,"SALUD":null,"PROYE":null,"ACCESO":null,"ACCESIBIL":null,"UBI":null,"COLONIA":null,"TRONCO":null,"CFE":null},"geometry":{"type":"Point","coordinates":[370498.46,2837462.05108]}},{"type":"Feature","properties":{"LONG":null,"LAT":null,"NOMCIEN":"Triadica sebifera","NOMCOM":"Chinese, árbol del sebo","ORIGEN":"Introducida","ALTURA":11.1,"DAP":28.8,"OBJECTID":1422,"FECHA LEV":2015,"SALUD":null,"PROYE":null,"ACCESO":null,"ACCESIBIL":null,"UBI":null,"COLONIA":null,"TRONCO":null,"CFE":null},"geometry":{"type":"Point","coordinates":[370436.051,2837476.53408]}},{"type":"Feature","properties":{"LONG":null,"LAT":null,"NOMCIEN":"Celtis laevigata","NOMCOM":"Palo blanco","ORIGEN":"Nativa","ALTURA":9.0,"DAP":23.6,"OBJECTID":1423,"FECHA LEV":2015,"SALUD":null,"PROYE":null,"ACCESO":null,"ACCESIBIL":null,"UBI":null,"COLONIA":null,"TRONCO":null,"CFE":null},"geometry":{"type":"Point","coordinates":[370439.602,2837469.39708]}},{"type":"Feature","properties":{"LONG":null,"LAT":null,"NOMCIEN":"Quercus polymorpha","NOMCOM":"Encino roble, roble","ORIGEN":"Nativa","ALTURA":14.5,"DAP":33.8,"OBJECTID":1424,"FECHA LEV":2015,"SALUD":null,"PROYE":null,"ACCESO":null,"ACCESIBIL":null,"UBI":null,"COLONIA":null,"TRONCO":null,"CFE":null},"geometry":{"type":"Point","coordinates":[370505.201,2837461.29908]}},{"type":"Feature","properties":{"LONG":null,"LAT":null,"NOMCIEN":"Quercus polymorpha","NOMCOM":"Encino roble, roble","ORIGEN":"Nativa","ALTURA":7.0,"DAP":23.0,"OBJECTID":1425,"FECHA LEV":2015,"SALUD":null,"PROYE":null,"ACCESO":null,"ACCESIBIL":null,"UBI":null,"COLONIA":null,"TRONCO":null,"CFE":null},"geometry":{"type":"Point","coordinates":[370535.685,2837460.71808]}},{"type":"Feature","properties":{"LONG":null,"LAT":null,"NOMCIEN":"Quercus fusiformis","NOMCOM":"Encino siempreverde, encino molino","ORIGEN":"Nativa","ALTURA":9.8,"DAP":31.8,"OBJECTID":1426,"FECHA LEV":2015,"SALUD":null,"PROYE":null,"ACCESO":null,"ACCESIBIL":null,"UBI":null,"COLONIA":null,"TRONCO":null,"CFE":null},"geometry":{"type":"Point","coordinates":[370485.277,2837467.39608]}},{"type":"Feature","properties":{"LONG":null,"LAT":null,"NOMCIEN":"Quercus polymorpha","NOMCOM":"Encino roble, roble","ORIGEN":"Nativa","ALTURA":10.8,"DAP":24.9,"OBJECTID":1427,"FECHA LEV":2015,"SALUD":null,"PROYE":null,"ACCESO":null,"ACCESIBIL":null,"UBI":null,"COLONIA":null,"TRONCO":null,"CFE":null},"geometry":{"type":"Point","coordinates":[370541.782,2837466.52508]}},{"type":"Feature","properties":{"LONG":null,"LAT":null,"NOMCIEN":"Quercus polymorpha","NOMCOM":"Encino roble, roble","ORIGEN":"Nativa","ALTURA":13.4,"DAP":32.6,"OBJECTID":1428,"FECHA LEV":2015,"SALUD":null,"PROYE":null,"ACCESO":null,"ACCESIBIL":null,"UBI":null,"COLONIA":null,"TRONCO":null,"CFE":null},"geometry":{"type":"Point","coordinates":[370507.814,2837467.39608]}},{"type":"Feature","properties":{"LONG":null,"LAT":null,"NOMCIEN":"Quercus","NOMCOM":"Encino","ORIGEN":"Podría ser nativa","ALTURA":9.6,"DAP":20.5,"OBJECTID":1429,"FECHA LEV":2015,"SALUD":null,"PROYE":null,"ACCESO":null,"ACCESIBIL":null,"UBI":null,"COLONIA":null,"TRONCO":null,"CFE":null},"geometry":{"type":"Point","coordinates":[370498.523,2837467.39608]}},{"type":"Feature","properties":{"LONG":null,"LAT":null,"NOMCIEN":"Juglans nigra","NOMCOM":"Nogal americano","ORIGEN":"Introducida","ALTURA":12.0,"DAP":37.5,"OBJECTID":1430,"FECHA LEV":2015,"SALUD":null,"PROYE":null,"ACCESO":null,"ACCESIBIL":null,"UBI":null,"COLONIA":null,"TRONCO":null,"CFE":null},"geometry":{"type":"Point","coordinates":[370501.245,2837509.49308]}},{"type":"Feature","properties":{"LONG":null,"LAT":null,"NOMCIEN":"Quercus fusiformis","NOMCOM":"Encino siempreverde, encino molino","ORIGEN":"Nativa","ALTURA":11.3,"DAP":33.7,"OBJECTID":1431,"FECHA LEV":2015,"SALUD":null,"PROYE":null,"ACCESO":null,"ACCESIBIL":null,"UBI":null,"COLONIA":null,"TRONCO":null,"CFE":null},"geometry":{"type":"Point","coordinates":[370499.068,2837475.74208]}},{"type":"Feature","properties":{"LONG":null,"LAT":null,"NOMCIEN":"Quercus fusiformis","NOMCOM":"Encino siempreverde, encino molino","ORIGEN":"Nativa","ALTURA":8.4,"DAP":24.9,"OBJECTID":1432,"FECHA LEV":2015,"SALUD":null,"PROYE":null,"ACCESO":null,"ACCESIBIL":null,"UBI":null,"COLONIA":null,"TRONCO":null,"CFE":null},"geometry":{"type":"Point","coordinates":[370460.6,2837501.87208]}},{"type":"Feature","properties":{"LONG":null,"LAT":null,"NOMCIEN":"Quercus fusiformis","NOMCOM":"Encino siempreverde, encino molino","ORIGEN":"Nativa","ALTURA":10.0,"DAP":38.1,"OBJECTID":1433,"FECHA LEV":2015,"SALUD":null,"PROYE":null,"ACCESO":null,"ACCESIBIL":null,"UBI":null,"COLONIA":null,"TRONCO":null,"CFE":null},"geometry":{"type":"Point","coordinates":[370485.277,2837479.00908]}},{"type":"Feature","properties":{"LONG":null,"LAT":null,"NOMCIEN":"Quercus fusiformis","NOMCOM":"Encino siempreverde, encino molino","ORIGEN":"Nativa","ALTURA":10.4,"DAP":32.3,"OBJECTID":1434,"FECHA LEV":2015,"SALUD":null,"PROYE":null,"ACCESO":null,"ACCESIBIL":null,"UBI":null,"COLONIA":null,"TRONCO":null,"CFE":null},"geometry":{"type":"Point","coordinates":[370476.568,2837455.78308]}},{"type":"Feature","properties":{"LONG":null,"LAT":null,"NOMCIEN":"Quercus fusiformis","NOMCOM":"Encino siempreverde, encino molino","ORIGEN":"Nativa","ALTURA":11.0,"DAP":34.3,"OBJECTID":1435,"FECHA LEV":2015,"SALUD":null,"PROYE":null,"ACCESO":null,"ACCESIBIL":null,"UBI":null,"COLONIA":null,"TRONCO":null,"CFE":null},"geometry":{"type":"Point","coordinates":[370476.568,2837464.49208]}},{"type":"Feature","properties":{"LONG":null,"LAT":null,"NOMCIEN":"Quercus fusiformis","NOMCOM":"Encino siempreverde, encino molino","ORIGEN":"Nativa","ALTURA":11.1,"DAP":31.8,"OBJECTID":1436,"FECHA LEV":2015,"SALUD":null,"PROYE":null,"ACCESO":null,"ACCESIBIL":null,"UBI":null,"COLONIA":null,"TRONCO":null,"CFE":null},"geometry":{"type":"Point","coordinates":[370476.568,2837474.29108]}},{"type":"Feature","properties":{"LONG":null,"LAT":null,"NOMCIEN":"Quercus fusiformis","NOMCOM":"Encino siempreverde, encino molino","ORIGEN":"Nativa","ALTURA":9.2,"DAP":27.8,"OBJECTID":1437,"FECHA LEV":2015,"SALUD":null,"PROYE":null,"ACCESO":null,"ACCESIBIL":null,"UBI":null,"COLONIA":null,"TRONCO":null,"CFE":null},"geometry":{"type":"Point","coordinates":[370484.552,2837459.04908]}},{"type":"Feature","properties":{"LONG":null,"LAT":null,"NOMCIEN":"Quercus polymorpha","NOMCOM":"Encino roble, roble","ORIGEN":"Nativa","ALTURA":8.1,"DAP":18.3,"OBJECTID":1438,"FECHA LEV":2015,"SALUD":null,"PROYE":null,"ACCESO":null,"ACCESIBIL":null,"UBI":null,"COLONIA":null,"TRONCO":null,"CFE":null},"geometry":{"type":"Point","coordinates":[370447.172,2837458.32308]}},{"type":"Feature","properties":{"LONG":null,"LAT":null,"NOMCIEN":"Fraxinus americana","NOMCOM":"Fresno blanco americano","ORIGEN":"Nativa","ALTURA":11.0,"DAP":44.8,"OBJECTID":1439,"FECHA LEV":2015,"SALUD":null,"PROYE":null,"ACCESO":null,"ACCESIBIL":null,"UBI":null,"COLONIA":null,"TRONCO":null,"CFE":null},"geometry":{"type":"Point","coordinates":[370437.737,2837472.11308]}},{"type":"Feature","properties":{"LONG":null,"LAT":null,"NOMCIEN":"Quercus fusiformis","NOMCOM":"Encino siempreverde, encino molino","ORIGEN":"Nativa","ALTURA":6.3,"DAP":15.3,"OBJECTID":1440,"FECHA LEV":2015,"SALUD":null,"PROYE":null,"ACCESO":null,"ACCESIBIL":null,"UBI":null,"COLONIA":null,"TRONCO":null,"CFE":null},"geometry":{"type":"Point","coordinates":[370422.132,2837504.04908]}},{"type":"Feature","properties":{"LONG":null,"LAT":null,"NOMCIEN":"Quercus fusiformis","NOMCOM":"Encino siempreverde, encino molino","ORIGEN":"Nativa","ALTURA":13.0,"DAP":36.9,"OBJECTID":1441,"FECHA LEV":2015,"SALUD":null,"PROYE":null,"ACCESO":null,"ACCESIBIL":null,"UBI":null,"COLONIA":null,"TRONCO":null,"CFE":null},"geometry":{"type":"Point","coordinates":[370498.665,2837480.42108]}},{"type":"Feature","properties":{"LONG":null,"LAT":null,"NOMCIEN":"Quercus vaseyana","NOMCOM":"Encino bravo, encino de Vasey","ORIGEN":"Introducida","ALTURA":7.3,"DAP":8.5,"OBJECTID":1442,"FECHA LEV":2015,"SALUD":null,"PROYE":null,"ACCESO":null,"ACCESIBIL":null,"UBI":null,"COLONIA":null,"TRONCO":null,"CFE":null},"geometry":{"type":"Point","coordinates":[370514.794,2837506.41408]}},{"type":"Feature","properties":{"LONG":null,"LAT":null,"NOMCIEN":"Quercus fusiformis","NOMCOM":"Encino siempreverde, encino molino","ORIGEN":"Nativa","ALTURA":12.0,"DAP":33.5,"OBJECTID":1443,"FECHA LEV":2015,"SALUD":null,"PROYE":null,"ACCESO":null,"ACCESIBIL":null,"UBI":null,"COLONIA":null,"TRONCO":null,"CFE":null},"geometry":{"type":"Point","coordinates":[370488.0,2837504.00008]}},{"type":"Feature","properties":{"LONG":null,"LAT":null,"NOMCIEN":"Quercus fusiformis","NOMCOM":"Encino siempreverde, encino molino","ORIGEN":"Nativa","ALTURA":13.2,"DAP":33.7,"OBJECTID":1444,"FECHA LEV":2015,"SALUD":null,"PROYE":null,"ACCESO":null,"ACCESIBIL":null,"UBI":null,"COLONIA":null,"TRONCO":null,"CFE":null},"geometry":{"type":"Point","coordinates":[370492.0,2837511.00008]}},{"type":"Feature","properties":{"LONG":null,"LAT":null,"NOMCIEN":"Quercus fusiformis","NOMCOM":"Encino siempreverde, encino molino","ORIGEN":"Nativa","ALTURA":11.0,"DAP":33.0,"OBJECTID":1445,"FECHA LEV":2015,"SALUD":null,"PROYE":null,"ACCESO":null,"ACCESIBIL":null,"UBI":null,"COLONIA":null,"TRONCO":null,"CFE":null},"geometry":{"type":"Point","coordinates":[370487.0,2837516.00008]}},{"type":"Feature","properties":{"LONG":null,"LAT":null,"NOMCIEN":"Quercus fusiformis","NOMCOM":"Encino siempreverde, encino molino","ORIGEN":"Nativa","ALTURA":10.6,"DAP":29.2,"OBJECTID":1446,"FECHA LEV":2015,"SALUD":null,"PROYE":null,"ACCESO":null,"ACCESIBIL":null,"UBI":null,"COLONIA":null,"TRONCO":null,"CFE":null},"geometry":{"type":"Point","coordinates":[370489.0,2837511.00008]}},{"type":"Feature","properties":{"LONG":null,"LAT":null,"NOMCIEN":"Quercus fusiformis","NOMCOM":"Encino siempreverde, encino molino","ORIGEN":"Nativa","ALTURA":10.7,"DAP":33.7,"OBJECTID":1447,"FECHA LEV":2015,"SALUD":null,"PROYE":null,"ACCESO":null,"ACCESIBIL":null,"UBI":null,"COLONIA":null,"TRONCO":null,"CFE":null},"geometry":{"type":"Point","coordinates":[370491.0,2837504.00008]}},{"type":"Feature","properties":{"LONG":null,"LAT":null,"NOMCIEN":"Fraxinus americana","NOMCOM":"Fresno blanco americano","ORIGEN":"Nativa","ALTURA":9.3,"DAP":25.4,"OBJECTID":1448,"FECHA LEV":2015,"SALUD":null,"PROYE":null,"ACCESO":null,"ACCESIBIL":null,"UBI":null,"COLONIA":null,"TRONCO":null,"CFE":null},"geometry":{"type":"Point","coordinates":[370470.938,2837473.85408]}},{"type":"Feature","properties":{"LONG":null,"LAT":null,"NOMCIEN":"Fraxinus americana","NOMCOM":"Fresno blanco americano","ORIGEN":"Nativa","ALTURA":11.0,"DAP":27.8,"OBJECTID":1449,"FECHA LEV":2015,"SALUD":null,"PROYE":null,"ACCESO":null,"ACCESIBIL":null,"UBI":null,"COLONIA":null,"TRONCO":null,"CFE":null},"geometry":{"type":"Point","coordinates":[370469.609,2837490.46708]}},{"type":"Feature","properties":{"LONG":null,"LAT":null,"NOMCIEN":"Fraxinus americana","NOMCOM":"Fresno blanco americano","ORIGEN":"Nativa","ALTURA":10.4,"DAP":104.2,"OBJECTID":1450,"FECHA LEV":2015,"SALUD":null,"PROYE":null,"ACCESO":null,"ACCESIBIL":null,"UBI":null,"COLONIA":null,"TRONCO":null,"CFE":null},"geometry":{"type":"Point","coordinates":[370419.344,2837508.50008]}},{"type":"Feature","properties":{"LONG":null,"LAT":null,"NOMCIEN":"Quercus polymorpha","NOMCOM":"Encino roble, roble","ORIGEN":"Nativa","ALTURA":11.1,"DAP":31.6,"OBJECTID":1451,"FECHA LEV":2015,"SALUD":null,"PROYE":null,"ACCESO":null,"ACCESIBIL":null,"UBI":null,"COLONIA":null,"TRONCO":null,"CFE":null},"geometry":{"type":"Point","coordinates":[370515.072,2837461.00908]}},{"type":"Feature","properties":{"LONG":null,"LAT":null,"NOMCIEN":"Quercus polymorpha","NOMCOM":"Encino roble, roble","ORIGEN":"Nativa","ALTURA":13.1,"DAP":29.9,"OBJECTID":1452,"FECHA LEV":2015,"SALUD":null,"PROYE":null,"ACCESO":null,"ACCESIBIL":null,"UBI":null,"COLONIA":null,"TRONCO":null,"CFE":null},"geometry":{"type":"Point","coordinates":[370515.072,2837467.68008]}},{"type":"Feature","properties":{"LONG":null,"LAT":null,"NOMCIEN":"Quercus fusiformis","NOMCOM":"Encino siempreverde, encino molino","ORIGEN":"Nativa","ALTURA":10.0,"DAP":41.1,"OBJECTID":1453,"FECHA LEV":2015,"SALUD":null,"PROYE":null,"ACCESO":null,"ACCESIBIL":null,"UBI":null,"COLONIA":null,"TRONCO":null,"CFE":null},"geometry":{"type":"Point","coordinates":[370468.568,2837438.76508]}},{"type":"Feature","properties":{"LONG":null,"LAT":null,"NOMCIEN":"Quercus fusiformis","NOMCOM":"Encino siempreverde, encino molino","ORIGEN":"Nativa","ALTURA":10.0,"DAP":38.2,"OBJECTID":1454,"FECHA LEV":2015,"SALUD":null,"PROYE":null,"ACCESO":null,"ACCESIBIL":null,"UBI":null,"COLONIA":null,"TRONCO":null,"CFE":null},"geometry":{"type":"Point","coordinates":[370500.511,2837374.36708]}},{"type":"Feature","properties":{"LONG":null,"LAT":null,"NOMCIEN":"Quercus fusiformis","NOMCOM":"Encino siempreverde, encino molino","ORIGEN":"Nativa","ALTURA":10.5,"DAP":50.2,"OBJECTID":1455,"FECHA LEV":2015,"SALUD":null,"PROYE":null,"ACCESO":null,"ACCESIBIL":null,"UBI":null,"COLONIA":null,"TRONCO":null,"CFE":null},"geometry":{"type":"Point","coordinates":[370523.317,2837351.33608]}},{"type":"Feature","properties":{"LONG":null,"LAT":null,"NOMCIEN":"Quercus fusiformis","NOMCOM":"Encino siempreverde, encino molino","ORIGEN":"Nativa","ALTURA":11.5,"DAP":53.2,"OBJECTID":1456,"FECHA LEV":2015,"SALUD":null,"PROYE":null,"ACCESO":null,"ACCESIBIL":null,"UBI":null,"COLONIA":null,"TRONCO":null,"CFE":null},"geometry":{"type":"Point","coordinates":[370529.131,2837355.36108]}},{"type":"Feature","properties":{"LONG":null,"LAT":null,"NOMCIEN":"Quercus fusiformis","NOMCOM":"Encino siempreverde, encino molino","ORIGEN":"Nativa","ALTURA":9.7,"DAP":32.6,"OBJECTID":1457,"FECHA LEV":2015,"SALUD":null,"PROYE":null,"ACCESO":null,"ACCESIBIL":null,"UBI":null,"COLONIA":null,"TRONCO":null,"CFE":null},"geometry":{"type":"Point","coordinates":[370533.155,2837359.60908]}},{"type":"Feature","properties":{"LONG":null,"LAT":null,"NOMCIEN":"Quercus fusiformis","NOMCOM":"Encino siempreverde, encino molino","ORIGEN":"Nativa","ALTURA":11.6,"DAP":46.0,"OBJECTID":1458,"FECHA LEV":2015,"SALUD":null,"PROYE":null,"ACCESO":null,"ACCESIBIL":null,"UBI":null,"COLONIA":null,"TRONCO":null,"CFE":null},"geometry":{"type":"Point","coordinates":[370526.671,2837363.41008]}},{"type":"Feature","properties":{"LONG":null,"LAT":null,"NOMCIEN":"Quercus fusiformis","NOMCOM":"Encino siempreverde, encino molino","ORIGEN":"Nativa","ALTURA":10.8,"DAP":45.0,"OBJECTID":1459,"FECHA LEV":2015,"SALUD":null,"PROYE":null,"ACCESO":null,"ACCESIBIL":null,"UBI":null,"COLONIA":null,"TRONCO":null,"CFE":null},"geometry":{"type":"Point","coordinates":[370537.404,2837372.13108]}},{"type":"Feature","properties":{"LONG":null,"LAT":null,"NOMCIEN":"Quercus fusiformis","NOMCOM":"Encino siempreverde, encino molino","ORIGEN":"Nativa","ALTURA":7.8,"DAP":33.5,"OBJECTID":1460,"FECHA LEV":2015,"SALUD":null,"PROYE":null,"ACCESO":null,"ACCESIBIL":null,"UBI":null,"COLONIA":null,"TRONCO":null,"CFE":null},"geometry":{"type":"Point","coordinates":[370549.254,2837377.49708]}},{"type":"Feature","properties":{"LONG":null,"LAT":null,"NOMCIEN":"Quercus fusiformis","NOMCOM":"Encino siempreverde, encino molino","ORIGEN":"Nativa","ALTURA":11.0,"DAP":43.3,"OBJECTID":1461,"FECHA LEV":2015,"SALUD":null,"PROYE":null,"ACCESO":null,"ACCESIBIL":null,"UBI":null,"COLONIA":null,"TRONCO":null,"CFE":null},"geometry":{"type":"Point","coordinates":[370542.099,2837366.76408]}},{"type":"Feature","properties":{"LONG":null,"LAT":null,"NOMCIEN":"Quercus fusiformis","NOMCOM":"Encino siempreverde, encino molino","ORIGEN":"Nativa","ALTURA":9.0,"DAP":33.7,"OBJECTID":1462,"FECHA LEV":2015,"SALUD":null,"PROYE":null,"ACCESO":null,"ACCESIBIL":null,"UBI":null,"COLONIA":null,"TRONCO":null,"CFE":null},"geometry":{"type":"Point","coordinates":[370557.895,2837379.13008]}},{"type":"Feature","properties":{"LONG":null,"LAT":null,"NOMCIEN":"Quercus fusiformis","NOMCOM":"Encino siempreverde, encino molino","ORIGEN":"Nativa","ALTURA":10.0,"DAP":39.8,"OBJECTID":1463,"FECHA LEV":2015,"SALUD":null,"PROYE":null,"ACCESO":null,"ACCESIBIL":null,"UBI":null,"COLONIA":null,"TRONCO":null,"CFE":null},"geometry":{"type":"Point","coordinates":[370549.905,2837373.92308]}},{"type":"Feature","properties":{"LONG":null,"LAT":null,"NOMCIEN":"Quercus fusiformis","NOMCOM":"Encino siempreverde, encino molino","ORIGEN":"Nativa","ALTURA":10.0,"DAP":40.1,"OBJECTID":1464,"FECHA LEV":2015,"SALUD":null,"PROYE":null,"ACCESO":null,"ACCESIBIL":null,"UBI":null,"COLONIA":null,"TRONCO":null,"CFE":null},"geometry":{"type":"Point","coordinates":[370464.822,2837432.77208]}},{"type":"Feature","properties":{"LONG":null,"LAT":null,"NOMCIEN":"Quercus fusiformis","NOMCOM":"Encino siempreverde, encino molino","ORIGEN":"Nativa","ALTURA":11.8,"DAP":35.8,"OBJECTID":1465,"FECHA LEV":2015,"SALUD":null,"PROYE":null,"ACCESO":null,"ACCESIBIL":null,"UBI":null,"COLONIA":null,"TRONCO":null,"CFE":null},"geometry":{"type":"Point","coordinates":[370554.686,2837384.90908]}},{"type":"Feature","properties":{"LONG":null,"LAT":null,"NOMCIEN":"Quercus shumardii","NOMCOM":"Encino rojo","ORIGEN":"Introducida","ALTURA":12.2,"DAP":49.8,"OBJECTID":1466,"FECHA LEV":2015,"SALUD":null,"PROYE":null,"ACCESO":null,"ACCESIBIL":null,"UBI":null,"COLONIA":null,"TRONCO":null,"CFE":null},"geometry":{"type":"Point","coordinates":[370583.272,2837442.61208]}},{"type":"Feature","properties":{"LONG":null,"LAT":null,"NOMCIEN":"Quercus shumardii","NOMCOM":"Encino rojo","ORIGEN":"Introducida","ALTURA":10.6,"DAP":37.7,"OBJECTID":1467,"FECHA LEV":2015,"SALUD":null,"PROYE":null,"ACCESO":null,"ACCESIBIL":null,"UBI":null,"COLONIA":null,"TRONCO":null,"CFE":null},"geometry":{"type":"Point","coordinates":[370509.275,2837446.61808]}},{"type":"Feature","properties":{"LONG":null,"LAT":null,"NOMCIEN":"Quercus shumardii","NOMCOM":"Encino rojo","ORIGEN":"Introducida","ALTURA":13.2,"DAP":70.6,"OBJECTID":1468,"FECHA LEV":2015,"SALUD":null,"PROYE":null,"ACCESO":null,"ACCESIBIL":null,"UBI":null,"COLONIA":null,"TRONCO":null,"CFE":null},"geometry":{"type":"Point","coordinates":[370478.639,2837441.66908]}},{"type":"Feature","properties":{"LONG":null,"LAT":null,"NOMCIEN":"Taxodium distichum","NOMCOM":"Sabino, ciprés calvo, ciprés de los pantanos","ORIGEN":"Introducida","ALTURA":13.0,"DAP":32.6,"OBJECTID":1469,"FECHA LEV":2015,"SALUD":null,"PROYE":null,"ACCESO":null,"ACCESIBIL":null,"UBI":null,"COLONIA":null,"TRONCO":null,"CFE":null},"geometry":{"type":"Point","coordinates":[370496.549,2837438.84108]}},{"type":"Feature","properties":{"LONG":null,"LAT":null,"NOMCIEN":"Taxodium distichum","NOMCOM":"Sabino, ciprés calvo, ciprés de los pantanos","ORIGEN":"Introducida","ALTURA":12.0,"DAP":34.8,"OBJECTID":1470,"FECHA LEV":2015,"SALUD":null,"PROYE":null,"ACCESO":null,"ACCESIBIL":null,"UBI":null,"COLONIA":null,"TRONCO":null,"CFE":null},"geometry":{"type":"Point","coordinates":[370494.9,2837444.49708]}},{"type":"Feature","properties":{"LONG":null,"LAT":null,"NOMCIEN":"Taxodium distichum","NOMCOM":"Sabino, ciprés calvo, ciprés de los pantanos","ORIGEN":"Introducida","ALTURA":9.7,"DAP":41.3,"OBJECTID":1471,"FECHA LEV":2015,"SALUD":null,"PROYE":null,"ACCESO":null,"ACCESIBIL":null,"UBI":null,"COLONIA":null,"TRONCO":null,"CFE":null},"geometry":{"type":"Point","coordinates":[370558.528,2837440.01908]}},{"type":"Feature","properties":{"LONG":null,"LAT":null,"NOMCIEN":"Taxodium distichum","NOMCOM":"Sabino, ciprés calvo, ciprés de los pantanos","ORIGEN":"Introducida","ALTURA":9.9,"DAP":28.7,"OBJECTID":1472,"FECHA LEV":2015,"SALUD":null,"PROYE":null,"ACCESO":null,"ACCESIBIL":null,"UBI":null,"COLONIA":null,"TRONCO":null,"CFE":null},"geometry":{"type":"Point","coordinates":[370559.942,2837444.02608]}},{"type":"Feature","properties":{"LONG":null,"LAT":null,"NOMCIEN":"Taxodium distichum","NOMCOM":"Sabino, ciprés calvo, ciprés de los pantanos","ORIGEN":"Introducida","ALTURA":10.3,"DAP":37.8,"OBJECTID":1473,"FECHA LEV":2015,"SALUD":null,"PROYE":null,"ACCESO":null,"ACCESIBIL":null,"UBI":null,"COLONIA":null,"TRONCO":null,"CFE":null},"geometry":{"type":"Point","coordinates":[370554.05,2837445.91108]}},{"type":"Feature","properties":{"LONG":null,"LAT":null,"NOMCIEN":"Quercus fusiformis","NOMCOM":"Encino siempreverde, encino molino","ORIGEN":"Nativa","ALTURA":13.0,"DAP":51.8,"OBJECTID":1474,"FECHA LEV":2015,"SALUD":null,"PROYE":null,"ACCESO":null,"ACCESIBIL":null,"UBI":null,"COLONIA":null,"TRONCO":null,"CFE":null},"geometry":{"type":"Point","coordinates":[370564.184,2837386.76008]}},{"type":"Feature","properties":{"LONG":null,"LAT":null,"NOMCIEN":"Quercus fusiformis","NOMCOM":"Encino siempreverde, encino molino","ORIGEN":"Nativa","ALTURA":8.8,"DAP":33.8,"OBJECTID":1475,"FECHA LEV":2015,"SALUD":null,"PROYE":null,"ACCESO":null,"ACCESIBIL":null,"UBI":null,"COLONIA":null,"TRONCO":null,"CFE":null},"geometry":{"type":"Point","coordinates":[370459.953,2837438.01608]}},{"type":"Feature","properties":{"LONG":null,"LAT":null,"NOMCIEN":"Quercus macrocarpa","NOMCOM":"Encino bura","ORIGEN":"Introducida","ALTURA":10.4,"DAP":40.1,"OBJECTID":1476,"FECHA LEV":2015,"SALUD":null,"PROYE":null,"ACCESO":null,"ACCESIBIL":null,"UBI":null,"COLONIA":null,"TRONCO":null,"CFE":null},"geometry":{"type":"Point","coordinates":[370574.588,2837397.71808]}},{"type":"Feature","properties":{"LONG":null,"LAT":null,"NOMCIEN":"Quercus fusiformis","NOMCOM":"Encino siempreverde, encino molino","ORIGEN":"Nativa","ALTURA":10.0,"DAP":37.8,"OBJECTID":1477,"FECHA LEV":2015,"SALUD":null,"PROYE":null,"ACCESO":null,"ACCESIBIL":null,"UBI":null,"COLONIA":null,"TRONCO":null,"CFE":null},"geometry":{"type":"Point","coordinates":[370496.201,2837365.20208]}},{"type":"Feature","properties":{"LONG":null,"LAT":null,"NOMCIEN":"Quercus vaseyana","NOMCOM":"Encino bravo, encino de Vasey","ORIGEN":"Introducida","ALTURA":7.9,"DAP":13.8,"OBJECTID":1478,"FECHA LEV":2015,"SALUD":null,"PROYE":null,"ACCESO":null,"ACCESIBIL":null,"UBI":null,"COLONIA":null,"TRONCO":null,"CFE":null},"geometry":{"type":"Point","coordinates":[370478.201,2837407.58908]}},{"type":"Feature","properties":{"LONG":null,"LAT":null,"NOMCIEN":"Gleditsia triacanthos var. inermis","NOMCOM":"Acacia sin espinas","ORIGEN":"Nativa","ALTURA":10.1,"DAP":27.4,"OBJECTID":1479,"FECHA LEV":2015,"SALUD":null,"PROYE":null,"ACCESO":null,"ACCESIBIL":null,"UBI":null,"COLONIA":null,"TRONCO":null,"CFE":null},"geometry":{"type":"Point","coordinates":[370472.104,2837414.26608]}},{"type":"Feature","properties":{"LONG":null,"LAT":null,"NOMCIEN":"Quercus fusiformis","NOMCOM":"Encino siempreverde, encino molino","ORIGEN":"Nativa","ALTURA":10.7,"DAP":40.4,"OBJECTID":1480,"FECHA LEV":2015,"SALUD":null,"PROYE":null,"ACCESO":null,"ACCESIBIL":null,"UBI":null,"COLONIA":null,"TRONCO":null,"CFE":null},"geometry":{"type":"Point","coordinates":[370472.394,2837422.10508]}},{"type":"Feature","properties":{"LONG":null,"LAT":null,"NOMCIEN":"Quercus fusiformis","NOMCOM":"Encino siempreverde, encino molino","ORIGEN":"Nativa","ALTURA":9.0,"DAP":37.0,"OBJECTID":1481,"FECHA LEV":2015,"SALUD":null,"PROYE":null,"ACCESO":null,"ACCESIBIL":null,"UBI":null,"COLONIA":null,"TRONCO":null,"CFE":null},"geometry":{"type":"Point","coordinates":[370466.878,2837424.71808]}},{"type":"Feature","properties":{"LONG":null,"LAT":null,"NOMCIEN":"Quercus fusiformis","NOMCOM":"Encino siempreverde, encino molino","ORIGEN":"Nativa","ALTURA":9.1,"DAP":22.6,"OBJECTID":1482,"FECHA LEV":2015,"SALUD":null,"PROYE":null,"ACCESO":null,"ACCESIBIL":null,"UBI":null,"COLONIA":null,"TRONCO":null,"CFE":null},"geometry":{"type":"Point","coordinates":[370471.523,2837429.36308]}},{"type":"Feature","properties":{"LONG":null,"LAT":null,"NOMCIEN":"Lagerstroemia indica","NOMCOM":"Árbol de Júpiter, crespón, astronómica","ORIGEN":"Introducida","ALTURA":7.0,"DAP":23.9,"OBJECTID":1483,"FECHA LEV":2015,"SALUD":null,"PROYE":null,"ACCESO":null,"ACCESIBIL":null,"UBI":null,"COLONIA":null,"TRONCO":null,"CFE":null},"geometry":{"type":"Point","coordinates":[370520.878,2837376.23408]}},{"type":"Feature","properties":{"LONG":null,"LAT":null,"NOMCIEN":"Quercus fusiformis","NOMCOM":"Encino siempreverde, encino molino","ORIGEN":"Nativa","ALTURA":11.3,"DAP":20.4,"OBJECTID":1484,"FECHA LEV":2015,"SALUD":null,"PROYE":null,"ACCESO":null,"ACCESIBIL":null,"UBI":null,"COLONIA":null,"TRONCO":null,"CFE":null},"geometry":{"type":"Point","coordinates":[370646.177,2837455.01808]}},{"type":"Feature","properties":{"LONG":null,"LAT":null,"NOMCIEN":"Quercus fusiformis","NOMCOM":"Encino siempreverde, encino molino","ORIGEN":"Nativa","ALTURA":6.5,"DAP":24.6,"OBJECTID":1485,"FECHA LEV":2015,"SALUD":null,"PROYE":null,"ACCESO":null,"ACCESIBIL":null,"UBI":null,"COLONIA":null,"TRONCO":null,"CFE":null},"geometry":{"type":"Point","coordinates":[370491.79,2837383.75708]}},{"type":"Feature","properties":{"LONG":null,"LAT":null,"NOMCIEN":"Quercus fusiformis","NOMCOM":"Encino siempreverde, encino molino","ORIGEN":"Nativa","ALTURA":9.4,"DAP":48.4,"OBJECTID":1486,"FECHA LEV":2015,"SALUD":null,"PROYE":null,"ACCESO":null,"ACCESIBIL":null,"UBI":null,"COLONIA":null,"TRONCO":null,"CFE":null},"geometry":{"type":"Point","coordinates":[370492.685,2837388.22908]}},{"type":"Feature","properties":{"LONG":null,"LAT":null,"NOMCIEN":"Quercus fusiformis","NOMCOM":"Encino siempreverde, encino molino","ORIGEN":"Nativa","ALTURA":8.2,"DAP":34.1,"OBJECTID":1487,"FECHA LEV":2015,"SALUD":null,"PROYE":null,"ACCESO":null,"ACCESIBIL":null,"UBI":null,"COLONIA":null,"TRONCO":null,"CFE":null},"geometry":{"type":"Point","coordinates":[370493.803,2837372.35408]}},{"type":"Feature","properties":{"LONG":null,"LAT":null,"NOMCIEN":"Quercus fusiformis","NOMCOM":"Encino siempreverde, encino molino","ORIGEN":"Nativa","ALTURA":13.0,"DAP":51.6,"OBJECTID":1488,"FECHA LEV":2015,"SALUD":null,"PROYE":null,"ACCESO":null,"ACCESIBIL":null,"UBI":null,"COLONIA":null,"TRONCO":null,"CFE":null},"geometry":{"type":"Point","coordinates":[370501.181,2837357.59708]}},{"type":"Feature","properties":{"LONG":null,"LAT":null,"NOMCIEN":"Quercus fusiformis","NOMCOM":"Encino siempreverde, encino molino","ORIGEN":"Nativa","ALTURA":9.0,"DAP":27.2,"OBJECTID":1489,"FECHA LEV":2015,"SALUD":null,"PROYE":null,"ACCESO":null,"ACCESIBIL":null,"UBI":null,"COLONIA":null,"TRONCO":null,"CFE":null},"geometry":{"type":"Point","coordinates":[370504.312,2837363.41008]}},{"type":"Feature","properties":{"LONG":null,"LAT":null,"NOMCIEN":"Quercus fusiformis","NOMCOM":"Encino siempreverde, encino molino","ORIGEN":"Nativa","ALTURA":8.6,"DAP":34.8,"OBJECTID":1490,"FECHA LEV":2015,"SALUD":null,"PROYE":null,"ACCESO":null,"ACCESIBIL":null,"UBI":null,"COLONIA":null,"TRONCO":null,"CFE":null},"geometry":{"type":"Point","coordinates":[370504.759,2837369.00008]}},{"type":"Feature","properties":{"LONG":null,"LAT":null,"NOMCIEN":"Quercus fusiformis","NOMCOM":"Encino siempreverde, encino molino","ORIGEN":"Nativa","ALTURA":8.2,"DAP":23.1,"OBJECTID":1491,"FECHA LEV":2015,"SALUD":null,"PROYE":null,"ACCESO":null,"ACCESIBIL":null,"UBI":null,"COLONIA":null,"TRONCO":null,"CFE":null},"geometry":{"type":"Point","coordinates":[370342.853,2837977.92108]}},{"type":"Feature","properties":{"LONG":null,"LAT":null,"NOMCIEN":"Koelreuteria","NOMCOM":"Koelreuteria, flama china","ORIGEN":"Introducida","ALTURA":10.0,"DAP":43.6,"OBJECTID":1492,"FECHA LEV":2015,"SALUD":null,"PROYE":null,"ACCESO":null,"ACCESIBIL":null,"UBI":null,"COLONIA":null,"TRONCO":null,"CFE":null},"geometry":{"type":"Point","coordinates":[370428.361,2837784.92408]}},{"type":"Feature","properties":{"LONG":null,"LAT":null,"NOMCIEN":"Taxodium distichum","NOMCOM":"Sabino, ciprés calvo, ciprés de los pantanos","ORIGEN":"Introducida","ALTURA":9.9,"DAP":31.5,"OBJECTID":1493,"FECHA LEV":2015,"SALUD":null,"PROYE":null,"ACCESO":null,"ACCESIBIL":null,"UBI":null,"COLONIA":null,"TRONCO":null,"CFE":null},"geometry":{"type":"Point","coordinates":[370429.937,2837816.16308]}},{"type":"Feature","properties":{"LONG":null,"LAT":null,"NOMCIEN":"Quercus polymorpha","NOMCOM":"Encino roble, roble","ORIGEN":"Nativa","ALTURA":11.9,"DAP":31.1,"OBJECTID":1494,"FECHA LEV":2015,"SALUD":null,"PROYE":null,"ACCESO":null,"ACCESIBIL":null,"UBI":null,"COLONIA":null,"TRONCO":null,"CFE":null},"geometry":{"type":"Point","coordinates":[370434.54,2837826.48208]}},{"type":"Feature","properties":{"LONG":null,"LAT":null,"NOMCIEN":"Quercus fusiformis","NOMCOM":"Encino siempreverde, encino molino","ORIGEN":"Nativa","ALTURA":10.2,"DAP":41.7,"OBJECTID":1495,"FECHA LEV":2015,"SALUD":null,"PROYE":null,"ACCESO":null,"ACCESIBIL":null,"UBI":null,"COLONIA":null,"TRONCO":null,"CFE":null},"geometry":{"type":"Point","coordinates":[370440.255,2837829.49808]}},{"type":"Feature","properties":{"LONG":null,"LAT":null,"NOMCIEN":"Juglans nigra","NOMCOM":"Nogal americano","ORIGEN":"Introducida","ALTURA":15.3,"DAP":54.4,"OBJECTID":1496,"FECHA LEV":2015,"SALUD":null,"PROYE":null,"ACCESO":null,"ACCESIBIL":null,"UBI":null,"COLONIA":null,"TRONCO":null,"CFE":null},"geometry":{"type":"Point","coordinates":[370451.209,2837832.35608]}},{"type":"Feature","properties":{"LONG":null,"LAT":null,"NOMCIEN":"Quercus fusiformis","NOMCOM":"Encino siempreverde, encino molino","ORIGEN":"Nativa","ALTURA":10.0,"DAP":28.8,"OBJECTID":1497,"FECHA LEV":2015,"SALUD":null,"PROYE":null,"ACCESO":null,"ACCESIBIL":null,"UBI":null,"COLONIA":null,"TRONCO":null,"CFE":null},"geometry":{"type":"Point","coordinates":[370458.829,2837828.22808]}},{"type":"Feature","properties":{"LONG":null,"LAT":null,"NOMCIEN":"Taxodium distichum","NOMCOM":"Sabino, ciprés calvo, ciprés de los pantanos","ORIGEN":"Introducida","ALTURA":7.3,"DAP":28.2,"OBJECTID":1498,"FECHA LEV":2015,"SALUD":null,"PROYE":null,"ACCESO":null,"ACCESIBIL":null,"UBI":null,"COLONIA":null,"TRONCO":null,"CFE":null},"geometry":{"type":"Point","coordinates":[370472.958,2837827.75208]}},{"type":"Feature","properties":{"LONG":null,"LAT":null,"NOMCIEN":"Juglans nigra","NOMCOM":"Nogal americano","ORIGEN":"Introducida","ALTURA":8.0,"DAP":78.6,"OBJECTID":1499,"FECHA LEV":2015,"SALUD":null,"PROYE":null,"ACCESO":null,"ACCESIBIL":null,"UBI":null,"COLONIA":null,"TRONCO":null,"CFE":null},"geometry":{"type":"Point","coordinates":[370431.207,2837794.41408]}},{"type":"Feature","properties":{"LONG":null,"LAT":null,"NOMCIEN":"Quercus fusiformis","NOMCOM":"Encino siempreverde, encino molino","ORIGEN":"Nativa","ALTURA":10.5,"DAP":24.3,"OBJECTID":1500,"FECHA LEV":2015,"SALUD":null,"PROYE":null,"ACCESO":null,"ACCESIBIL":null,"UBI":null,"COLONIA":null,"TRONCO":null,"CFE":null},"geometry":{"type":"Point","coordinates":[370521.218,2837779.80908]}},{"type":"Feature","properties":{"LONG":null,"LAT":null,"NOMCIEN":"Quercus fusiformis","NOMCOM":"Encino siempreverde, encino molino","ORIGEN":"Nativa","ALTURA":12.0,"DAP":31.5,"OBJECTID":1501,"FECHA LEV":2015,"SALUD":null,"PROYE":null,"ACCESO":null,"ACCESIBIL":null,"UBI":null,"COLONIA":null,"TRONCO":null,"CFE":null},"geometry":{"type":"Point","coordinates":[370529.632,2837778.85708]}},{"type":"Feature","properties":{"LONG":null,"LAT":null,"NOMCIEN":"Quercus polymorpha","NOMCOM":"Encino roble, roble","ORIGEN":"Nativa","ALTURA":12.5,"DAP":26.0,"OBJECTID":1502,"FECHA LEV":2015,"SALUD":null,"PROYE":null,"ACCESO":null,"ACCESIBIL":null,"UBI":null,"COLONIA":null,"TRONCO":null,"CFE":null},"geometry":{"type":"Point","coordinates":[370538.522,2837779.01608]}},{"type":"Feature","properties":{"LONG":null,"LAT":null,"NOMCIEN":"Quercus fusiformis","NOMCOM":"Encino siempreverde, encino molino","ORIGEN":"Nativa","ALTURA":8.0,"DAP":35.8,"OBJECTID":1503,"FECHA LEV":2015,"SALUD":null,"PROYE":null,"ACCESO":null,"ACCESIBIL":null,"UBI":null,"COLONIA":null,"TRONCO":null,"CFE":null},"geometry":{"type":"Point","coordinates":[370438.309,2837791.27408]}},{"type":"Feature","properties":{"LONG":null,"LAT":null,"NOMCIEN":"Quercus fusiformis","NOMCOM":"Encino siempreverde, encino molino","ORIGEN":"Nativa","ALTURA":13.3,"DAP":21.1,"OBJECTID":1504,"FECHA LEV":2015,"SALUD":null,"PROYE":null,"ACCESO":null,"ACCESIBIL":null,"UBI":null,"COLONIA":null,"TRONCO":null,"CFE":null},"geometry":{"type":"Point","coordinates":[370544.237,2837778.53908]}},{"type":"Feature","properties":{"LONG":null,"LAT":null,"NOMCIEN":"Quercus polymorpha","NOMCOM":"Encino roble, roble","ORIGEN":"Nativa","ALTURA":13.0,"DAP":31.6,"OBJECTID":1505,"FECHA LEV":2015,"SALUD":null,"PROYE":null,"ACCESO":null,"ACCESIBIL":null,"UBI":null,"COLONIA":null,"TRONCO":null,"CFE":null},"geometry":{"type":"Point","coordinates":[370483.277,2837844.26208]}},{"type":"Feature","properties":{"LONG":null,"LAT":null,"NOMCIEN":"Quercus fusiformis","NOMCOM":"Encino siempreverde, encino molino","ORIGEN":"Nativa","ALTURA":14.0,"DAP":42.8,"OBJECTID":1506,"FECHA LEV":2015,"SALUD":null,"PROYE":null,"ACCESO":null,"ACCESIBIL":null,"UBI":null,"COLONIA":null,"TRONCO":null,"CFE":null},"geometry":{"type":"Point","coordinates":[370488.198,2837850.13608]}},{"type":"Feature","properties":{"LONG":null,"LAT":null,"NOMCIEN":"Quercus polymorpha","NOMCOM":"Encino roble, roble","ORIGEN":"Nativa","ALTURA":8.9,"DAP":24.8,"OBJECTID":1507,"FECHA LEV":2015,"SALUD":null,"PROYE":null,"ACCESO":null,"ACCESIBIL":null,"UBI":null,"COLONIA":null,"TRONCO":null,"CFE":null},"geometry":{"type":"Point","coordinates":[370494.23,2837843.62708]}},{"type":"Feature","properties":{"LONG":null,"LAT":null,"NOMCIEN":"Quercus fusiformis","NOMCOM":"Encino siempreverde, encino molino","ORIGEN":"Nativa","ALTURA":9.6,"DAP":45.2,"OBJECTID":1508,"FECHA LEV":2015,"SALUD":null,"PROYE":null,"ACCESO":null,"ACCESIBIL":null,"UBI":null,"COLONIA":null,"TRONCO":null,"CFE":null},"geometry":{"type":"Point","coordinates":[370508.518,2837850.45308]}},{"type":"Feature","properties":{"LONG":null,"LAT":null,"NOMCIEN":"Lagerstroemia indica","NOMCOM":"Árbol de Júpiter, crespón, astronómica","ORIGEN":"Introducida","ALTURA":7.6,"DAP":18.0,"OBJECTID":1509,"FECHA LEV":2015,"SALUD":null,"PROYE":null,"ACCESO":null,"ACCESIBIL":null,"UBI":null,"COLONIA":null,"TRONCO":null,"CFE":null},"geometry":{"type":"Point","coordinates":[370518.995,2837843.78608]}},{"type":"Feature","properties":{"LONG":null,"LAT":null,"NOMCIEN":"Pinus","NOMCOM":"Pino","ORIGEN":"Podría ser nativa","ALTURA":8.3,"DAP":23.6,"OBJECTID":1510,"FECHA LEV":2015,"SALUD":null,"PROYE":null,"ACCESO":null,"ACCESIBIL":null,"UBI":null,"COLONIA":null,"TRONCO":null,"CFE":null},"geometry":{"type":"Point","coordinates":[370528.044,2837839.97608]}},{"type":"Feature","properties":{"LONG":null,"LAT":null,"NOMCIEN":"Quercus fusiformis","NOMCOM":"Encino siempreverde, encino molino","ORIGEN":"Nativa","ALTURA":10.9,"DAP":30.0,"OBJECTID":1511,"FECHA LEV":2015,"SALUD":null,"PROYE":null,"ACCESO":null,"ACCESIBIL":null,"UBI":null,"COLONIA":null,"TRONCO":null,"CFE":null},"geometry":{"type":"Point","coordinates":[370523.282,2837853.31108]}},{"type":"Feature","properties":{"LONG":null,"LAT":null,"NOMCIEN":"Quercus fusiformis","NOMCOM":"Encino siempreverde, encino molino","ORIGEN":"Nativa","ALTURA":8.4,"DAP":24.5,"OBJECTID":1512,"FECHA LEV":2015,"SALUD":null,"PROYE":null,"ACCESO":null,"ACCESIBIL":null,"UBI":null,"COLONIA":null,"TRONCO":null,"CFE":null},"geometry":{"type":"Point","coordinates":[370532.013,2837849.50108]}},{"type":"Feature","properties":{"LONG":null,"LAT":null,"NOMCIEN":"Quercus polymorpha","NOMCOM":"Encino roble, roble","ORIGEN":"Nativa","ALTURA":8.5,"DAP":19.9,"OBJECTID":1513,"FECHA LEV":2015,"SALUD":null,"PROYE":null,"ACCESO":null,"ACCESIBIL":null,"UBI":null,"COLONIA":null,"TRONCO":null,"CFE":null},"geometry":{"type":"Point","coordinates":[370540.585,2837846.32608]}},{"type":"Feature","properties":{"LONG":null,"LAT":null,"NOMCIEN":"Quercus polymorpha","NOMCOM":"Encino roble, roble","ORIGEN":"Nativa","ALTURA":10.5,"DAP":24.2,"OBJECTID":1514,"FECHA LEV":2015,"SALUD":null,"PROYE":null,"ACCESO":null,"ACCESIBIL":null,"UBI":null,"COLONIA":null,"TRONCO":null,"CFE":null},"geometry":{"type":"Point","coordinates":[370443.812,2837784.07708]}},{"type":"Feature","properties":{"LONG":null,"LAT":null,"NOMCIEN":"Pinus","NOMCOM":"Pino","ORIGEN":"Podría ser nativa","ALTURA":10.1,"DAP":24.1,"OBJECTID":1515,"FECHA LEV":2015,"SALUD":null,"PROYE":null,"ACCESO":null,"ACCESIBIL":null,"UBI":null,"COLONIA":null,"TRONCO":null,"CFE":null},"geometry":{"type":"Point","coordinates":[370548.999,2837842.19808]}},{"type":"Feature","properties":{"LONG":null,"LAT":null,"NOMCIEN":"Quercus fusiformis","NOMCOM":"Encino siempreverde, encino molino","ORIGEN":"Nativa","ALTURA":11.2,"DAP":32.4,"OBJECTID":1516,"FECHA LEV":2015,"SALUD":null,"PROYE":null,"ACCESO":null,"ACCESIBIL":null,"UBI":null,"COLONIA":null,"TRONCO":null,"CFE":null},"geometry":{"type":"Point","coordinates":[370539.474,2837861.72508]}},{"type":"Feature","properties":{"LONG":null,"LAT":null,"NOMCIEN":"Quercus fusiformis","NOMCOM":"Encino siempreverde, encino molino","ORIGEN":"Nativa","ALTURA":11.0,"DAP":30.5,"OBJECTID":1517,"FECHA LEV":2015,"SALUD":null,"PROYE":null,"ACCESO":null,"ACCESIBIL":null,"UBI":null,"COLONIA":null,"TRONCO":null,"CFE":null},"geometry":{"type":"Point","coordinates":[370546.142,2837855.05708]}},{"type":"Feature","properties":{"LONG":null,"LAT":null,"NOMCIEN":"Cupressus sempervirens","NOMCOM":"Ciprés mediterráneo, ciprés italiano, ciprés pincel","ORIGEN":"Introducida","ALTURA":9.0,"DAP":26.6,"OBJECTID":1518,"FECHA LEV":2015,"SALUD":null,"PROYE":null,"ACCESO":null,"ACCESIBIL":null,"UBI":null,"COLONIA":null,"TRONCO":null,"CFE":null},"geometry":{"type":"Point","coordinates":[370552.968,2837859.50208]}},{"type":"Feature","properties":{"LONG":null,"LAT":null,"NOMCIEN":"Quercus fusiformis","NOMCOM":"Encino siempreverde, encino molino","ORIGEN":"Nativa","ALTURA":12.0,"DAP":36.5,"OBJECTID":1519,"FECHA LEV":2015,"SALUD":null,"PROYE":null,"ACCESO":null,"ACCESIBIL":null,"UBI":null,"COLONIA":null,"TRONCO":null,"CFE":null},"geometry":{"type":"Point","coordinates":[370555.667,2837850.45308]}},{"type":"Feature","properties":{"LONG":null,"LAT":null,"NOMCIEN":"Quercus fusiformis","NOMCOM":"Encino siempreverde, encino molino","ORIGEN":"Nativa","ALTURA":9.5,"DAP":36.9,"OBJECTID":1520,"FECHA LEV":2015,"SALUD":null,"PROYE":null,"ACCESO":null,"ACCESIBIL":null,"UBI":null,"COLONIA":null,"TRONCO":null,"CFE":null},"geometry":{"type":"Point","coordinates":[370565.351,2837850.29408]}},{"type":"Feature","properties":{"LONG":null,"LAT":null,"NOMCIEN":"Quercus polymorpha","NOMCOM":"Encino roble, roble","ORIGEN":"Nativa","ALTURA":11.0,"DAP":26.4,"OBJECTID":1521,"FECHA LEV":2015,"SALUD":null,"PROYE":null,"ACCESO":null,"ACCESIBIL":null,"UBI":null,"COLONIA":null,"TRONCO":null,"CFE":null},"geometry":{"type":"Point","coordinates":[370572.018,2837842.19808]}},{"type":"Feature","properties":{"LONG":null,"LAT":null,"NOMCIEN":"Quercus polymorpha","NOMCOM":"Encino roble, roble","ORIGEN":"Nativa","ALTURA":12.6,"DAP":27.1,"OBJECTID":1522,"FECHA LEV":2015,"SALUD":null,"PROYE":null,"ACCESO":null,"ACCESIBIL":null,"UBI":null,"COLONIA":null,"TRONCO":null,"CFE":null},"geometry":{"type":"Point","coordinates":[370576.939,2837849.65908]}},{"type":"Feature","properties":{"LONG":null,"LAT":null,"NOMCIEN":"Quercus fusiformis","NOMCOM":"Encino siempreverde, encino molino","ORIGEN":"Nativa","ALTURA":11.4,"DAP":33.7,"OBJECTID":1523,"FECHA LEV":2015,"SALUD":null,"PROYE":null,"ACCESO":null,"ACCESIBIL":null,"UBI":null,"COLONIA":null,"TRONCO":null,"CFE":null},"geometry":{"type":"Point","coordinates":[370583.924,2837839.97608]}},{"type":"Feature","properties":{"LONG":null,"LAT":null,"NOMCIEN":"Cupressus sempervirens","NOMCOM":"Ciprés mediterráneo, ciprés italiano, ciprés pincel","ORIGEN":"Introducida","ALTURA":15.7,"DAP":29.9,"OBJECTID":1524,"FECHA LEV":2015,"SALUD":null,"PROYE":null,"ACCESO":null,"ACCESIBIL":null,"UBI":null,"COLONIA":null,"TRONCO":null,"CFE":null},"geometry":{"type":"Point","coordinates":[370591.068,2837848.86608]}},{"type":"Feature","properties":{"LONG":null,"LAT":null,"NOMCIEN":"Quercus fusiformis","NOMCOM":"Encino siempreverde, encino molino","ORIGEN":"Nativa","ALTURA":13.5,"DAP":59.3,"OBJECTID":1525,"FECHA LEV":2015,"SALUD":null,"PROYE":null,"ACCESO":null,"ACCESIBIL":null,"UBI":null,"COLONIA":null,"TRONCO":null,"CFE":null},"geometry":{"type":"Point","coordinates":[370451.009,2837790.85008]}},{"type":"Feature","properties":{"LONG":null,"LAT":null,"NOMCIEN":"Pinus pseudostrobus","NOMCOM":"Pino real","ORIGEN":"Nativa","ALTURA":8.0,"DAP":19.0,"OBJECTID":1526,"FECHA LEV":2015,"SALUD":null,"PROYE":null,"ACCESO":null,"ACCESIBIL":null,"UBI":null,"COLONIA":null,"TRONCO":null,"CFE":null},"geometry":{"type":"Point","coordinates":[370507.87,2837887.28508]}},{"type":"Feature","properties":{"LONG":null,"LAT":null,"NOMCIEN":"Quercus polymorpha","NOMCOM":"Encino roble, roble","ORIGEN":"Nativa","ALTURA":10.1,"DAP":31.3,"OBJECTID":1527,"FECHA LEV":2015,"SALUD":null,"PROYE":null,"ACCESO":null,"ACCESIBIL":null,"UBI":null,"COLONIA":null,"TRONCO":null,"CFE":null},"geometry":{"type":"Point","coordinates":[370512.01,2837895.22108]}},{"type":"Feature","properties":{"LONG":null,"LAT":null,"NOMCIEN":"Quercus polymorpha","NOMCOM":"Encino roble, roble","ORIGEN":"Nativa","ALTURA":11.5,"DAP":31.4,"OBJECTID":1528,"FECHA LEV":2015,"SALUD":null,"PROYE":null,"ACCESO":null,"ACCESIBIL":null,"UBI":null,"COLONIA":null,"TRONCO":null,"CFE":null},"geometry":{"type":"Point","coordinates":[370529.632,2837889.50608]}},{"type":"Feature","properties":{"LONG":null,"LAT":null,"NOMCIEN":"Quercus polymorpha","NOMCOM":"Encino roble, roble","ORIGEN":"Nativa","ALTURA":11.8,"DAP":30.1,"OBJECTID":1529,"FECHA LEV":2015,"SALUD":null,"PROYE":null,"ACCESO":null,"ACCESIBIL":null,"UBI":null,"COLONIA":null,"TRONCO":null,"CFE":null},"geometry":{"type":"Point","coordinates":[370538.68,2837885.37808]}},{"type":"Feature","properties":{"LONG":null,"LAT":null,"NOMCIEN":"Pinus pseudostrobus","NOMCOM":"Pino real","ORIGEN":"Nativa","ALTURA":8.9,"DAP":30.2,"OBJECTID":1530,"FECHA LEV":2015,"SALUD":null,"PROYE":null,"ACCESO":null,"ACCESIBIL":null,"UBI":null,"COLONIA":null,"TRONCO":null,"CFE":null},"geometry":{"type":"Point","coordinates":[370549.944,2837897.46008]}},{"type":"Feature","properties":{"LONG":null,"LAT":null,"NOMCIEN":"Morus alba","NOMCOM":"Morera","ORIGEN":"Introducida","ALTURA":10.0,"DAP":72.2,"OBJECTID":1531,"FECHA LEV":2015,"SALUD":null,"PROYE":null,"ACCESO":null,"ACCESIBIL":null,"UBI":null,"COLONIA":null,"TRONCO":null,"CFE":null},"geometry":{"type":"Point","coordinates":[370559.953,2837887.44208]}},{"type":"Feature","properties":{"LONG":null,"LAT":null,"NOMCIEN":"Pinus pseudostrobus","NOMCOM":"Pino real","ORIGEN":"Nativa","ALTURA":8.4,"DAP":25.1,"OBJECTID":1532,"FECHA LEV":2015,"SALUD":null,"PROYE":null,"ACCESO":null,"ACCESIBIL":null,"UBI":null,"COLONIA":null,"TRONCO":null,"CFE":null},"geometry":{"type":"Point","coordinates":[370568.772,2837888.08308]}},{"type":"Feature","properties":{"LONG":null,"LAT":null,"NOMCIEN":"Quercus polymorpha","NOMCOM":"Encino roble, roble","ORIGEN":"Nativa","ALTURA":11.9,"DAP":31.8,"OBJECTID":1533,"FECHA LEV":2015,"SALUD":null,"PROYE":null,"ACCESO":null,"ACCESIBIL":null,"UBI":null,"COLONIA":null,"TRONCO":null,"CFE":null},"geometry":{"type":"Point","coordinates":[370580.908,2837882.52108]}},{"type":"Feature","properties":{"LONG":null,"LAT":null,"NOMCIEN":"Quercus polymorpha","NOMCOM":"Encino roble, roble","ORIGEN":"Nativa","ALTURA":108.0,"DAP":31.7,"OBJECTID":1534,"FECHA LEV":2015,"SALUD":null,"PROYE":null,"ACCESO":null,"ACCESIBIL":null,"UBI":null,"COLONIA":null,"TRONCO":null,"CFE":null},"geometry":{"type":"Point","coordinates":[370593.132,2837873.47208]}},{"type":"Feature","properties":{"LONG":null,"LAT":null,"NOMCIEN":"Quercus polymorpha","NOMCOM":"Encino roble, roble","ORIGEN":"Nativa","ALTURA":10.0,"DAP":32.0,"OBJECTID":1535,"FECHA LEV":2015,"SALUD":null,"PROYE":null,"ACCESO":null,"ACCESIBIL":null,"UBI":null,"COLONIA":null,"TRONCO":null,"CFE":null},"geometry":{"type":"Point","coordinates":[370602.339,2837868.07508]}},{"type":"Feature","properties":{"LONG":null,"LAT":null,"NOMCIEN":"Quercus polymorpha","NOMCOM":"Encino roble, roble","ORIGEN":"Nativa","ALTURA":12.8,"DAP":29.2,"OBJECTID":1536,"FECHA LEV":2015,"SALUD":null,"PROYE":null,"ACCESO":null,"ACCESIBIL":null,"UBI":null,"COLONIA":null,"TRONCO":null,"CFE":null},"geometry":{"type":"Point","coordinates":[370463.709,2837784.50008]}},{"type":"Feature","properties":{"LONG":null,"LAT":null,"NOMCIEN":"Citrus × aurantium","NOMCOM":"Toronja, naranjo","ORIGEN":"Introducida","ALTURA":6.0,"DAP":43.5,"OBJECTID":1537,"FECHA LEV":2015,"SALUD":null,"PROYE":null,"ACCESO":null,"ACCESIBIL":null,"UBI":null,"COLONIA":null,"TRONCO":null,"CFE":null},"geometry":{"type":"Point","coordinates":[370578.817,2837890.61808]}},{"type":"Feature","properties":{"LONG":null,"LAT":null,"NOMCIEN":"Quercus shumardii","NOMCOM":"Encino rojo","ORIGEN":"Introducida","ALTURA":10.1,"DAP":16.7,"OBJECTID":1538,"FECHA LEV":2015,"SALUD":null,"PROYE":null,"ACCESO":null,"ACCESIBIL":null,"UBI":null,"COLONIA":null,"TRONCO":null,"CFE":null},"geometry":{"type":"Point","coordinates":[370572.971,2837895.38008]}},{"type":"Feature","properties":{"LONG":null,"LAT":null,"NOMCIEN":"Quercus polymorpha","NOMCOM":"Encino roble, roble","ORIGEN":"Nativa","ALTURA":9.9,"DAP":32.1,"OBJECTID":1539,"FECHA LEV":2015,"SALUD":null,"PROYE":null,"ACCESO":null,"ACCESIBIL":null,"UBI":null,"COLONIA":null,"TRONCO":null,"CFE":null},"geometry":{"type":"Point","coordinates":[370542.332,2837909.82608]}},{"type":"Feature","properties":{"LONG":null,"LAT":null,"NOMCIEN":"Quercus fusiformis","NOMCOM":"Encino siempreverde, encino molino","ORIGEN":"Nativa","ALTURA":12.0,"DAP":38.9,"OBJECTID":1540,"FECHA LEV":2015,"SALUD":null,"PROYE":null,"ACCESO":null,"ACCESIBIL":null,"UBI":null,"COLONIA":null,"TRONCO":null,"CFE":null},"geometry":{"type":"Point","coordinates":[370551.857,2837916.97008]}},{"type":"Feature","properties":{"LONG":null,"LAT":null,"NOMCIEN":"Prosopis glandulosa","NOMCOM":"Mezquite","ORIGEN":"Nativa","ALTURA":9.4,"DAP":58.7,"OBJECTID":1541,"FECHA LEV":2015,"SALUD":null,"PROYE":null,"ACCESO":null,"ACCESIBIL":null,"UBI":null,"COLONIA":null,"TRONCO":null,"CFE":null},"geometry":{"type":"Point","coordinates":[370540.697,2837920.59608]}},{"type":"Feature","properties":{"LONG":null,"LAT":null,"NOMCIEN":"Quercus fusiformis","NOMCOM":"Encino siempreverde, encino molino","ORIGEN":"Nativa","ALTURA":11.4,"DAP":36.0,"OBJECTID":1542,"FECHA LEV":2015,"SALUD":null,"PROYE":null,"ACCESO":null,"ACCESIBIL":null,"UBI":null,"COLONIA":null,"TRONCO":null,"CFE":null},"geometry":{"type":"Point","coordinates":[370532.489,2837917.12808]}},{"type":"Feature","properties":{"LONG":null,"LAT":null,"NOMCIEN":"Quercus fusiformis","NOMCOM":"Encino siempreverde, encino molino","ORIGEN":"Nativa","ALTURA":12.5,"DAP":42.5,"OBJECTID":1543,"FECHA LEV":2015,"SALUD":null,"PROYE":null,"ACCESO":null,"ACCESIBIL":null,"UBI":null,"COLONIA":null,"TRONCO":null,"CFE":null},"geometry":{"type":"Point","coordinates":[370521.694,2837908.87308]}},{"type":"Feature","properties":{"LONG":null,"LAT":null,"NOMCIEN":"Quercus fusiformis","NOMCOM":"Encino siempreverde, encino molino","ORIGEN":"Nativa","ALTURA":10.8,"DAP":27.4,"OBJECTID":1544,"FECHA LEV":2015,"SALUD":null,"PROYE":null,"ACCESO":null,"ACCESIBIL":null,"UBI":null,"COLONIA":null,"TRONCO":null,"CFE":null},"geometry":{"type":"Point","coordinates":[370462.671,2837790.93908]}},{"type":"Feature","properties":{"LONG":null,"LAT":null,"NOMCIEN":"Cupressus sempervirens","NOMCOM":"Ciprés mediterráneo, ciprés italiano, ciprés pincel","ORIGEN":"Introducida","ALTURA":17.3,"DAP":33.3,"OBJECTID":1545,"FECHA LEV":2015,"SALUD":null,"PROYE":null,"ACCESO":null,"ACCESIBIL":null,"UBI":null,"COLONIA":null,"TRONCO":null,"CFE":null},"geometry":{"type":"Point","coordinates":[370494.92,2837851.60508]}},{"type":"Feature","properties":{"LONG":null,"LAT":null,"NOMCIEN":"Cupressus sempervirens","NOMCOM":"Ciprés mediterráneo, ciprés italiano, ciprés pincel","ORIGEN":"Introducida","ALTURA":11.2,"DAP":28.3,"OBJECTID":1546,"FECHA LEV":2015,"SALUD":null,"PROYE":null,"ACCESO":null,"ACCESIBIL":null,"UBI":null,"COLONIA":null,"TRONCO":null,"CFE":null},"geometry":{"type":"Point","coordinates":[370532.916,2837858.94808]}},{"type":"Feature","properties":{"LONG":null,"LAT":null,"NOMCIEN":"Juglans nigra","NOMCOM":"Nogal americano","ORIGEN":"Introducida","ALTURA":22.5,"DAP":90.6,"OBJECTID":1547,"FECHA LEV":2015,"SALUD":null,"PROYE":null,"ACCESO":null,"ACCESIBIL":null,"UBI":null,"COLONIA":null,"TRONCO":null,"CFE":null},"geometry":{"type":"Point","coordinates":[370460.258,2837796.16108]}},{"type":"Feature","properties":{"LONG":null,"LAT":null,"NOMCIEN":"Quercus fusiformis","NOMCOM":"Encino siempreverde, encino molino","ORIGEN":"Nativa","ALTURA":9.2,"DAP":26.4,"OBJECTID":1548,"FECHA LEV":2015,"SALUD":null,"PROYE":null,"ACCESO":null,"ACCESIBIL":null,"UBI":null,"COLONIA":null,"TRONCO":null,"CFE":null},"geometry":{"type":"Point","coordinates":[370566.761,2837881.61808]}},{"type":"Feature","properties":{"LONG":null,"LAT":null,"NOMCIEN":"Cupressus sempervirens","NOMCOM":"Ciprés mediterráneo, ciprés italiano, ciprés pincel","ORIGEN":"Introducida","ALTURA":11.9,"DAP":25.7,"OBJECTID":1549,"FECHA LEV":2015,"SALUD":null,"PROYE":null,"ACCESO":null,"ACCESIBIL":null,"UBI":null,"COLONIA":null,"TRONCO":null,"CFE":null},"geometry":{"type":"Point","coordinates":[370515.674,2837888.96208]}},{"type":"Feature","properties":{"LONG":null,"LAT":null,"NOMCIEN":"Quercus fusiformis","NOMCOM":"Encino siempreverde, encino molino","ORIGEN":"Nativa","ALTURA":9.7,"DAP":25.7,"OBJECTID":1550,"FECHA LEV":2015,"SALUD":null,"PROYE":null,"ACCESO":null,"ACCESIBIL":null,"UBI":null,"COLONIA":null,"TRONCO":null,"CFE":null},"geometry":{"type":"Point","coordinates":[370522.379,2837889.28208]}},{"type":"Feature","properties":{"LONG":null,"LAT":null,"NOMCIEN":"Cupressus sempervirens","NOMCOM":"Ciprés mediterráneo, ciprés italiano, ciprés pincel","ORIGEN":"Introducida","ALTURA":6.0,"DAP":11.5,"OBJECTID":1551,"FECHA LEV":2015,"SALUD":null,"PROYE":null,"ACCESO":null,"ACCESIBIL":null,"UBI":null,"COLONIA":null,"TRONCO":null,"CFE":null},"geometry":{"type":"Point","coordinates":[370528.126,2837917.37908]}},{"type":"Feature","properties":{"LONG":null,"LAT":null,"NOMCIEN":"Pinus pseudostrobus","NOMCOM":"Pino real","ORIGEN":"Nativa","ALTURA":8.2,"DAP":33.1,"OBJECTID":1552,"FECHA LEV":2015,"SALUD":null,"PROYE":null,"ACCESO":null,"ACCESIBIL":null,"UBI":null,"COLONIA":null,"TRONCO":null,"CFE":null},"geometry":{"type":"Point","coordinates":[370620.591,2837826.54908]}},{"type":"Feature","properties":{"LONG":null,"LAT":null,"NOMCIEN":"Quercus polymorpha","NOMCOM":"Encino roble, roble","ORIGEN":"Nativa","ALTURA":14.4,"DAP":38.2,"OBJECTID":1553,"FECHA LEV":2015,"SALUD":null,"PROYE":null,"ACCESO":null,"ACCESIBIL":null,"UBI":null,"COLONIA":null,"TRONCO":null,"CFE":null},"geometry":{"type":"Point","coordinates":[370435.211,2837784.23308]}},{"type":"Feature","properties":{"LONG":null,"LAT":null,"NOMCIEN":"Quercus fusiformis","NOMCOM":"Encino siempreverde, encino molino","ORIGEN":"Nativa","ALTURA":10.5,"DAP":15.8,"OBJECTID":1554,"FECHA LEV":2015,"SALUD":null,"PROYE":null,"ACCESO":null,"ACCESIBIL":null,"UBI":null,"COLONIA":null,"TRONCO":null,"CFE":null},"geometry":{"type":"Point","coordinates":[370597.764,2837838.44108]}},{"type":"Feature","properties":{"LONG":null,"LAT":null,"NOMCIEN":"Quercus fusiformis","NOMCOM":"Encino siempreverde, encino molino","ORIGEN":"Nativa","ALTURA":10.8,"DAP":31.4,"OBJECTID":1555,"FECHA LEV":2015,"SALUD":null,"PROYE":null,"ACCESO":null,"ACCESIBIL":null,"UBI":null,"COLONIA":null,"TRONCO":null,"CFE":null},"geometry":{"type":"Point","coordinates":[370479.0,2837816.00008]}},{"type":"Feature","properties":{"LONG":null,"LAT":null,"NOMCIEN":"Quercus fusiformis","NOMCOM":"Encino siempreverde, encino molino","ORIGEN":"Nativa","ALTURA":8.0,"DAP":29.5,"OBJECTID":1556,"FECHA LEV":2015,"SALUD":null,"PROYE":null,"ACCESO":null,"ACCESIBIL":null,"UBI":null,"COLONIA":null,"TRONCO":null,"CFE":null},"geometry":{"type":"Point","coordinates":[370476.0,2837803.00008]}},{"type":"Feature","properties":{"LONG":null,"LAT":null,"NOMCIEN":"Quercus fusiformis","NOMCOM":"Encino siempreverde, encino molino","ORIGEN":"Nativa","ALTURA":9.7,"DAP":18.3,"OBJECTID":1557,"FECHA LEV":2015,"SALUD":null,"PROYE":null,"ACCESO":null,"ACCESIBIL":null,"UBI":null,"COLONIA":null,"TRONCO":null,"CFE":null},"geometry":{"type":"Point","coordinates":[370479.0,2837774.00008]}},{"type":"Feature","properties":{"LONG":null,"LAT":null,"NOMCIEN":"Quercus fusiformis","NOMCOM":"Encino siempreverde, encino molino","ORIGEN":"Nativa","ALTURA":10.6,"DAP":32.8,"OBJECTID":1558,"FECHA LEV":2015,"SALUD":null,"PROYE":null,"ACCESO":null,"ACCESIBIL":null,"UBI":null,"COLONIA":null,"TRONCO":null,"CFE":null},"geometry":{"type":"Point","coordinates":[370442.954,2837801.71708]}},{"type":"Feature","properties":{"LONG":null,"LAT":null,"NOMCIEN":"Ebenopsis ebano","NOMCOM":"Ébano","ORIGEN":"Nativa","ALTURA":6.0,"DAP":14.0,"OBJECTID":1559,"FECHA LEV":2015,"SALUD":null,"PROYE":null,"ACCESO":null,"ACCESIBIL":null,"UBI":null,"COLONIA":null,"TRONCO":null,"CFE":null},"geometry":{"type":"Point","coordinates":[370453.126,2837783.65408]}},{"type":"Feature","properties":{"LONG":null,"LAT":null,"NOMCIEN":"Quercus shumardii","NOMCOM":"Encino rojo","ORIGEN":"Introducida","ALTURA":11.6,"DAP":34.2,"OBJECTID":1560,"FECHA LEV":2015,"SALUD":null,"PROYE":null,"ACCESO":null,"ACCESIBIL":null,"UBI":null,"COLONIA":null,"TRONCO":null,"CFE":null},"geometry":{"type":"Point","coordinates":[370433.588,2837804.41608]}},{"type":"Feature","properties":{"LONG":null,"LAT":null,"NOMCIEN":"Quercus polymorpha","NOMCOM":"Encino roble, roble","ORIGEN":"Nativa","ALTURA":11.4,"DAP":29.6,"OBJECTID":1561,"FECHA LEV":2015,"SALUD":null,"PROYE":null,"ACCESO":null,"ACCESIBIL":null,"UBI":null,"COLONIA":null,"TRONCO":null,"CFE":null},"geometry":{"type":"Point","coordinates":[370429.619,2837808.06708]}},{"type":"Feature","properties":{"LONG":null,"LAT":null,"NOMCIEN":"Ebenopsis ebano","NOMCOM":"Ébano","ORIGEN":"Nativa","ALTURA":11.0,"DAP":23.1,"OBJECTID":1562,"FECHA LEV":2015,"SALUD":null,"PROYE":null,"ACCESO":null,"ACCESIBIL":null,"UBI":null,"COLONIA":null,"TRONCO":null,"CFE":null},"geometry":{"type":"Point","coordinates":[370560.679,2837744.83208]}},{"type":"Feature","properties":{"LONG":null,"LAT":null,"NOMCIEN":"Fraxinus americana","NOMCOM":"Fresno blanco americano","ORIGEN":"Nativa","ALTURA":13.0,"DAP":53.7,"OBJECTID":1563,"FECHA LEV":2015,"SALUD":null,"PROYE":null,"ACCESO":null,"ACCESIBIL":null,"UBI":null,"COLONIA":null,"TRONCO":null,"CFE":null},"geometry":{"type":"Point","coordinates":[370560.234,2837702.19808]}},{"type":"Feature","properties":{"LONG":null,"LAT":null,"NOMCIEN":"Fraxinus americana","NOMCOM":"Fresno blanco americano","ORIGEN":"Nativa","ALTURA":14.5,"DAP":57.3,"OBJECTID":1564,"FECHA LEV":2015,"SALUD":null,"PROYE":null,"ACCESO":null,"ACCESIBIL":null,"UBI":null,"COLONIA":null,"TRONCO":null,"CFE":null},"geometry":{"type":"Point","coordinates":[370560.568,2837708.65408]}},{"type":"Feature","properties":{"LONG":null,"LAT":null,"NOMCIEN":"Fraxinus americana","NOMCOM":"Fresno blanco americano","ORIGEN":"Nativa","ALTURA":14.0,"DAP":39.2,"OBJECTID":1565,"FECHA LEV":2015,"SALUD":null,"PROYE":null,"ACCESO":null,"ACCESIBIL":null,"UBI":null,"COLONIA":null,"TRONCO":null,"CFE":null},"geometry":{"type":"Point","coordinates":[370569.918,2837708.76508]}},{"type":"Feature","properties":{"LONG":null,"LAT":null,"NOMCIEN":"Fraxinus americana","NOMCOM":"Fresno blanco americano","ORIGEN":"Nativa","ALTURA":14.2,"DAP":56.2,"OBJECTID":1566,"FECHA LEV":2015,"SALUD":null,"PROYE":null,"ACCESO":null,"ACCESIBIL":null,"UBI":null,"COLONIA":null,"TRONCO":null,"CFE":null},"geometry":{"type":"Point","coordinates":[370584.723,2837709.21008]}},{"type":"Feature","properties":{"LONG":null,"LAT":null,"NOMCIEN":"Fraxinus americana","NOMCOM":"Fresno blanco americano","ORIGEN":"Nativa","ALTURA":16.7,"DAP":54.4,"OBJECTID":1567,"FECHA LEV":2015,"SALUD":null,"PROYE":null,"ACCESO":null,"ACCESIBIL":null,"UBI":null,"COLONIA":null,"TRONCO":null,"CFE":null},"geometry":{"type":"Point","coordinates":[370593.74,2837709.09908]}},{"type":"Feature","properties":{"LONG":null,"LAT":null,"NOMCIEN":"Fraxinus americana","NOMCOM":"Fresno blanco americano","ORIGEN":"Nativa","ALTURA":16.3,"DAP":62.2,"OBJECTID":1568,"FECHA LEV":2015,"SALUD":null,"PROYE":null,"ACCESO":null,"ACCESIBIL":null,"UBI":null,"COLONIA":null,"TRONCO":null,"CFE":null},"geometry":{"type":"Point","coordinates":[370593.963,2837701.64108]}},{"type":"Feature","properties":{"LONG":null,"LAT":null,"NOMCIEN":"Quercus fusiformis","NOMCOM":"Encino siempreverde, encino molino","ORIGEN":"Nativa","ALTURA":13.3,"DAP":38.9,"OBJECTID":1569,"FECHA LEV":2015,"SALUD":null,"PROYE":null,"ACCESO":null,"ACCESIBIL":null,"UBI":null,"COLONIA":null,"TRONCO":null,"CFE":null},"geometry":{"type":"Point","coordinates":[370540.436,2837748.08108]}},{"type":"Feature","properties":{"LONG":null,"LAT":null,"NOMCIEN":"Quercus fusiformis","NOMCOM":"Encino siempreverde, encino molino","ORIGEN":"Nativa","ALTURA":13.1,"DAP":36.2,"OBJECTID":1570,"FECHA LEV":2015,"SALUD":null,"PROYE":null,"ACCESO":null,"ACCESIBIL":null,"UBI":null,"COLONIA":null,"TRONCO":null,"CFE":null},"geometry":{"type":"Point","coordinates":[370546.418,2837747.48308]}},{"type":"Feature","properties":{"LONG":null,"LAT":null,"NOMCIEN":"Quercus fusiformis","NOMCOM":"Encino siempreverde, encino molino","ORIGEN":"Nativa","ALTURA":13.0,"DAP":36.0,"OBJECTID":1571,"FECHA LEV":2015,"SALUD":null,"PROYE":null,"ACCESO":null,"ACCESIBIL":null,"UBI":null,"COLONIA":null,"TRONCO":null,"CFE":null},"geometry":{"type":"Point","coordinates":[370546.816,2837741.10308]}},{"type":"Feature","properties":{"LONG":null,"LAT":null,"NOMCIEN":"Quercus fusiformis","NOMCOM":"Encino siempreverde, encino molino","ORIGEN":"Nativa","ALTURA":11.9,"DAP":28.5,"OBJECTID":1572,"FECHA LEV":2015,"SALUD":null,"PROYE":null,"ACCESO":null,"ACCESIBIL":null,"UBI":null,"COLONIA":null,"TRONCO":null,"CFE":null},"geometry":{"type":"Point","coordinates":[370541.433,2837741.50208]}},{"type":"Feature","properties":{"LONG":null,"LAT":null,"NOMCIEN":"Fraxinus americana","NOMCOM":"Fresno blanco americano","ORIGEN":"Nativa","ALTURA":17.7,"DAP":98.0,"OBJECTID":1573,"FECHA LEV":2015,"SALUD":null,"PROYE":null,"ACCESO":null,"ACCESIBIL":null,"UBI":null,"COLONIA":null,"TRONCO":null,"CFE":null},"geometry":{"type":"Point","coordinates":[370582.497,2837744.16408]}},{"type":"Feature","properties":{"LONG":null,"LAT":null,"NOMCIEN":"Quercus fusiformis","NOMCOM":"Encino siempreverde, encino molino","ORIGEN":"Nativa","ALTURA":13.8,"DAP":48.8,"OBJECTID":1574,"FECHA LEV":2015,"SALUD":null,"PROYE":null,"ACCESO":null,"ACCESIBIL":null,"UBI":null,"COLONIA":null,"TRONCO":null,"CFE":null},"geometry":{"type":"Point","coordinates":[370550.804,2837722.56108]}},{"type":"Feature","properties":{"LONG":null,"LAT":null,"NOMCIEN":"Platanus mexicana","NOMCOM":"Álamo de río, álamo blanco, sicomoro mexicano","ORIGEN":"Nativa","ALTURA":23.2,"DAP":73.4,"OBJECTID":1575,"FECHA LEV":2015,"SALUD":null,"PROYE":null,"ACCESO":null,"ACCESIBIL":null,"UBI":null,"COLONIA":null,"TRONCO":null,"CFE":null},"geometry":{"type":"Point","coordinates":[370543.014,2837698.56508]}},{"type":"Feature","properties":{"LONG":null,"LAT":null,"NOMCIEN":"Juglans nigra","NOMCOM":"Nogal americano","ORIGEN":"Introducida","ALTURA":14.2,"DAP":35.8,"OBJECTID":1576,"FECHA LEV":2015,"SALUD":null,"PROYE":null,"ACCESO":null,"ACCESIBIL":null,"UBI":null,"COLONIA":null,"TRONCO":null,"CFE":null},"geometry":{"type":"Point","coordinates":[370575.607,2837701.36908]}},{"type":"Feature","properties":{"LONG":null,"LAT":null,"NOMCIEN":"Juglans nigra","NOMCOM":"Nogal americano","ORIGEN":"Introducida","ALTURA":9.5,"DAP":28.4,"OBJECTID":1577,"FECHA LEV":2015,"SALUD":null,"PROYE":null,"ACCESO":null,"ACCESIBIL":null,"UBI":null,"COLONIA":null,"TRONCO":null,"CFE":null},"geometry":{"type":"Point","coordinates":[370575.432,2837721.52008]}},{"type":"Feature","properties":{"LONG":null,"LAT":null,"NOMCIEN":"Quercus polymorpha","NOMCOM":"Encino roble, roble","ORIGEN":"Nativa","ALTURA":19.0,"DAP":27.1,"OBJECTID":1578,"FECHA LEV":2015,"SALUD":null,"PROYE":null,"ACCESO":null,"ACCESIBIL":null,"UBI":null,"COLONIA":null,"TRONCO":null,"CFE":null},"geometry":{"type":"Point","coordinates":[370547.603,2837683.65508]}},{"type":"Feature","properties":{"LONG":null,"LAT":null,"NOMCIEN":"Cupressus sempervirens","NOMCOM":"Ciprés mediterráneo, ciprés italiano, ciprés pincel","ORIGEN":"Introducida","ALTURA":22.4,"DAP":47.9,"OBJECTID":1579,"FECHA LEV":2015,"SALUD":null,"PROYE":null,"ACCESO":null,"ACCESIBIL":null,"UBI":null,"COLONIA":null,"TRONCO":null,"CFE":null},"geometry":{"type":"Point","coordinates":[370553.989,2837698.34308]}},{"type":"Feature","properties":{"LONG":null,"LAT":null,"NOMCIEN":"Quercus fusiformis","NOMCOM":"Encino siempreverde, encino molino","ORIGEN":"Nativa","ALTURA":10.9,"DAP":23.4,"OBJECTID":1580,"FECHA LEV":2015,"SALUD":null,"PROYE":null,"ACCESO":null,"ACCESIBIL":null,"UBI":null,"COLONIA":null,"TRONCO":null,"CFE":null},"geometry":{"type":"Point","coordinates":[370554.628,2837708.24108]}},{"type":"Feature","properties":{"LONG":null,"LAT":null,"NOMCIEN":"Quercus fusiformis","NOMCOM":"Encino siempreverde, encino molino","ORIGEN":"Nativa","ALTURA":12.4,"DAP":26.0,"OBJECTID":1581,"FECHA LEV":2015,"SALUD":null,"PROYE":null,"ACCESO":null,"ACCESIBIL":null,"UBI":null,"COLONIA":null,"TRONCO":null,"CFE":null},"geometry":{"type":"Point","coordinates":[370540.259,2837710.47608]}},{"type":"Feature","properties":{"LONG":null,"LAT":null,"NOMCIEN":"Quercus fusiformis","NOMCOM":"Encino siempreverde, encino molino","ORIGEN":"Nativa","ALTURA":18.0,"DAP":22.5,"OBJECTID":1582,"FECHA LEV":2015,"SALUD":null,"PROYE":null,"ACCESO":null,"ACCESIBIL":null,"UBI":null,"COLONIA":null,"TRONCO":null,"CFE":null},"geometry":{"type":"Point","coordinates":[370539.94,2837683.01708]}},{"type":"Feature","properties":{"LONG":null,"LAT":null,"NOMCIEN":"Fraxinus americana","NOMCOM":"Fresno blanco americano","ORIGEN":"Nativa","ALTURA":22.5,"DAP":94.7,"OBJECTID":1583,"FECHA LEV":2015,"SALUD":null,"PROYE":null,"ACCESO":null,"ACCESIBIL":null,"UBI":null,"COLONIA":null,"TRONCO":null,"CFE":null},"geometry":{"type":"Point","coordinates":[370561.972,2837683.97508]}},{"type":"Feature","properties":{"LONG":null,"LAT":null,"NOMCIEN":"Fraxinus americana","NOMCOM":"Fresno blanco americano","ORIGEN":"Nativa","ALTURA":16.0,"DAP":45.9,"OBJECTID":1584,"FECHA LEV":2015,"SALUD":null,"PROYE":null,"ACCESO":null,"ACCESIBIL":null,"UBI":null,"COLONIA":null,"TRONCO":null,"CFE":null},"geometry":{"type":"Point","coordinates":[370571.365,2837744.16408]}},{"type":"Feature","properties":{"LONG":null,"LAT":null,"NOMCIEN":"Fraxinus americana","NOMCOM":"Fresno blanco americano","ORIGEN":"Nativa","ALTURA":25.0,"DAP":65.4,"OBJECTID":1585,"FECHA LEV":2015,"SALUD":null,"PROYE":null,"ACCESO":null,"ACCESIBIL":null,"UBI":null,"COLONIA":null,"TRONCO":null,"CFE":null},"geometry":{"type":"Point","coordinates":[370570.912,2837682.37808]}},{"type":"Feature","properties":{"LONG":null,"LAT":null,"NOMCIEN":"Quercus polymorpha","NOMCOM":"Encino roble, roble","ORIGEN":"Nativa","ALTURA":17.9,"DAP":26.9,"OBJECTID":1586,"FECHA LEV":2015,"SALUD":null,"PROYE":null,"ACCESO":null,"ACCESIBIL":null,"UBI":null,"COLONIA":null,"TRONCO":null,"CFE":null},"geometry":{"type":"Point","coordinates":[370577.617,2837681.74008]}},{"type":"Feature","properties":{"LONG":null,"LAT":null,"NOMCIEN":"Fraxinus americana","NOMCOM":"Fresno blanco americano","ORIGEN":"Nativa","ALTURA":17.5,"DAP":76.5,"OBJECTID":1587,"FECHA LEV":2015,"SALUD":null,"PROYE":null,"ACCESO":null,"ACCESIBIL":null,"UBI":null,"COLONIA":null,"TRONCO":null,"CFE":null},"geometry":{"type":"Point","coordinates":[370584.961,2837682.05908]}},{"type":"Feature","properties":{"LONG":null,"LAT":null,"NOMCIEN":"Quercus vaseyana","NOMCOM":"Encino bravo, encino de Vasey","ORIGEN":"Introducida","ALTURA":15.9,"DAP":31.8,"OBJECTID":1588,"FECHA LEV":2015,"SALUD":null,"PROYE":null,"ACCESO":null,"ACCESIBIL":null,"UBI":null,"COLONIA":null,"TRONCO":null,"CFE":null},"geometry":{"type":"Point","coordinates":[370591.666,2837681.74008]}},{"type":"Feature","properties":{"LONG":null,"LAT":null,"NOMCIEN":"Quercus fusiformis","NOMCOM":"Encino siempreverde, encino molino","ORIGEN":"Nativa","ALTURA":13.0,"DAP":30.2,"OBJECTID":1589,"FECHA LEV":2015,"SALUD":null,"PROYE":null,"ACCESO":null,"ACCESIBIL":null,"UBI":null,"COLONIA":null,"TRONCO":null,"CFE":null},"geometry":{"type":"Point","coordinates":[370611.143,2837682.69808]}},{"type":"Feature","properties":{"LONG":null,"LAT":null,"NOMCIEN":"Quercus fusiformis","NOMCOM":"Encino siempreverde, encino molino","ORIGEN":"Nativa","ALTURA":10.7,"DAP":22.2,"OBJECTID":1590,"FECHA LEV":2015,"SALUD":null,"PROYE":null,"ACCESO":null,"ACCESIBIL":null,"UBI":null,"COLONIA":null,"TRONCO":null,"CFE":null},"geometry":{"type":"Point","coordinates":[370618.855,2837682.31608]}},{"type":"Feature","properties":{"LONG":null,"LAT":null,"NOMCIEN":"Quercus polymorpha","NOMCOM":"Encino roble, roble","ORIGEN":"Nativa","ALTURA":11.2,"DAP":22.4,"OBJECTID":1591,"FECHA LEV":2015,"SALUD":null,"PROYE":null,"ACCESO":null,"ACCESIBIL":null,"UBI":null,"COLONIA":null,"TRONCO":null,"CFE":null},"geometry":{"type":"Point","coordinates":[370630.62,2837682.37808]}},{"type":"Feature","properties":{"LONG":null,"LAT":null,"NOMCIEN":"Fraxinus americana","NOMCOM":"Fresno blanco americano","ORIGEN":"Nativa","ALTURA":12.0,"DAP":33.0,"OBJECTID":1592,"FECHA LEV":2015,"SALUD":null,"PROYE":null,"ACCESO":null,"ACCESIBIL":null,"UBI":null,"COLONIA":null,"TRONCO":null,"CFE":null},"geometry":{"type":"Point","coordinates":[370639.56,2837682.69808]}},{"type":"Feature","properties":{"LONG":null,"LAT":null,"NOMCIEN":"Quercus polymorpha","NOMCOM":"Encino roble, roble","ORIGEN":"Nativa","ALTURA":13.6,"DAP":20.8,"OBJECTID":1593,"FECHA LEV":2015,"SALUD":null,"PROYE":null,"ACCESO":null,"ACCESIBIL":null,"UBI":null,"COLONIA":null,"TRONCO":null,"CFE":null},"geometry":{"type":"Point","coordinates":[370551.0,2837685.00008]}},{"type":"Feature","properties":{"LONG":null,"LAT":null,"NOMCIEN":"Fraxinus americana","NOMCOM":"Fresno blanco americano","ORIGEN":"Nativa","ALTURA":12.1,"DAP":32.0,"OBJECTID":1594,"FECHA LEV":2015,"SALUD":null,"PROYE":null,"ACCESO":null,"ACCESIBIL":null,"UBI":null,"COLONIA":null,"TRONCO":null,"CFE":null},"geometry":{"type":"Point","coordinates":[370540.687,2837705.43408]}},{"type":"Feature","properties":{"LONG":null,"LAT":null,"NOMCIEN":"Quercus polymorpha","NOMCOM":"Encino roble, roble","ORIGEN":"Nativa","ALTURA":11.2,"DAP":18.3,"OBJECTID":1595,"FECHA LEV":2015,"SALUD":null,"PROYE":null,"ACCESO":null,"ACCESIBIL":null,"UBI":null,"COLONIA":null,"TRONCO":null,"CFE":null},"geometry":{"type":"Point","coordinates":[370593.74,2837722.01208]}},{"type":"Feature","properties":{"LONG":null,"LAT":null,"NOMCIEN":"Quercus shumardii","NOMCOM":"Encino rojo","ORIGEN":"Introducida","ALTURA":12.9,"DAP":21.3,"OBJECTID":1596,"FECHA LEV":2015,"SALUD":null,"PROYE":null,"ACCESO":null,"ACCESIBIL":null,"UBI":null,"COLONIA":null,"TRONCO":null,"CFE":null},"geometry":{"type":"Point","coordinates":[370558.0,2837773.00008]}},{"type":"Feature","properties":{"LONG":null,"LAT":null,"NOMCIEN":"Quercus polymorpha","NOMCOM":"Encino roble, roble","ORIGEN":"Nativa","ALTURA":10.5,"DAP":20.0,"OBJECTID":1597,"FECHA LEV":2015,"SALUD":null,"PROYE":null,"ACCESO":null,"ACCESIBIL":null,"UBI":null,"COLONIA":null,"TRONCO":null,"CFE":null},"geometry":{"type":"Point","coordinates":[370565.0,2837790.00008]}},{"type":"Feature","properties":{"LONG":null,"LAT":null,"NOMCIEN":"Quercus fusiformis","NOMCOM":"Encino siempreverde, encino molino","ORIGEN":"Nativa","ALTURA":10.1,"DAP":26.0,"OBJECTID":1598,"FECHA LEV":2015,"SALUD":null,"PROYE":null,"ACCESO":null,"ACCESIBIL":null,"UBI":null,"COLONIA":null,"TRONCO":null,"CFE":null},"geometry":{"type":"Point","coordinates":[370652.0,2837748.00008]}},{"type":"Feature","properties":{"LONG":null,"LAT":null,"NOMCIEN":"Quercus fusiformis","NOMCOM":"Encino siempreverde, encino molino","ORIGEN":"Nativa","ALTURA":10.0,"DAP":25.4,"OBJECTID":1599,"FECHA LEV":2015,"SALUD":null,"PROYE":null,"ACCESO":null,"ACCESIBIL":null,"UBI":null,"COLONIA":null,"TRONCO":null,"CFE":null},"geometry":{"type":"Point","coordinates":[370626.0,2837771.00008]}},{"type":"Feature","properties":{"LONG":null,"LAT":null,"NOMCIEN":"Quercus fusiformis","NOMCOM":"Encino siempreverde, encino molino","ORIGEN":"Nativa","ALTURA":10.0,"DAP":25.6,"OBJECTID":1600,"FECHA LEV":2015,"SALUD":null,"PROYE":null,"ACCESO":null,"ACCESIBIL":null,"UBI":null,"COLONIA":null,"TRONCO":null,"CFE":null},"geometry":{"type":"Point","coordinates":[370618.0,2837771.00008]}},{"type":"Feature","properties":{"LONG":null,"LAT":null,"NOMCIEN":"Quercus fusiformis","NOMCOM":"Encino siempreverde, encino molino","ORIGEN":"Nativa","ALTURA":8.1,"DAP":27.9,"OBJECTID":1601,"FECHA LEV":2015,"SALUD":null,"PROYE":null,"ACCESO":null,"ACCESIBIL":null,"UBI":null,"COLONIA":null,"TRONCO":null,"CFE":null},"geometry":{"type":"Point","coordinates":[370610.0,2837773.00008]}},{"type":"Feature","properties":{"LONG":null,"LAT":null,"NOMCIEN":"Quercus fusiformis","NOMCOM":"Encino siempreverde, encino molino","ORIGEN":"Nativa","ALTURA":7.7,"DAP":24.5,"OBJECTID":1602,"FECHA LEV":2015,"SALUD":null,"PROYE":null,"ACCESO":null,"ACCESIBIL":null,"UBI":null,"COLONIA":null,"TRONCO":null,"CFE":null},"geometry":{"type":"Point","coordinates":[370611.0,2837771.00008]}},{"type":"Feature","properties":{"LONG":null,"LAT":null,"NOMCIEN":"Quercus fusiformis","NOMCOM":"Encino siempreverde, encino molino","ORIGEN":"Nativa","ALTURA":10.9,"DAP":30.2,"OBJECTID":1603,"FECHA LEV":2015,"SALUD":null,"PROYE":null,"ACCESO":null,"ACCESIBIL":null,"UBI":null,"COLONIA":null,"TRONCO":null,"CFE":null},"geometry":{"type":"Point","coordinates":[370618.0,2837758.00008]}},{"type":"Feature","properties":{"LONG":null,"LAT":null,"NOMCIEN":"Quercus fusiformis","NOMCOM":"Encino siempreverde, encino molino","ORIGEN":"Nativa","ALTURA":12.2,"DAP":23.3,"OBJECTID":1604,"FECHA LEV":2015,"SALUD":null,"PROYE":null,"ACCESO":null,"ACCESIBIL":null,"UBI":null,"COLONIA":null,"TRONCO":null,"CFE":null},"geometry":{"type":"Point","coordinates":[370593.295,2837715.88908]}},{"type":"Feature","properties":{"LONG":null,"LAT":null,"NOMCIEN":"Fraxinus americana","NOMCOM":"Fresno blanco americano","ORIGEN":"Nativa","ALTURA":13.0,"DAP":45.3,"OBJECTID":1605,"FECHA LEV":2015,"SALUD":null,"PROYE":null,"ACCESO":null,"ACCESIBIL":null,"UBI":null,"COLONIA":null,"TRONCO":null,"CFE":null},"geometry":{"type":"Point","coordinates":[370584.612,2837715.44408]}},{"type":"Feature","properties":{"LONG":null,"LAT":null,"NOMCIEN":"Fraxinus americana","NOMCOM":"Fresno blanco americano","ORIGEN":"Nativa","ALTURA":17.9,"DAP":44.4,"OBJECTID":1606,"FECHA LEV":2015,"SALUD":null,"PROYE":null,"ACCESO":null,"ACCESIBIL":null,"UBI":null,"COLONIA":null,"TRONCO":null,"CFE":null},"geometry":{"type":"Point","coordinates":[370569.807,2837714.99908]}},{"type":"Feature","properties":{"LONG":null,"LAT":null,"NOMCIEN":"Fraxinus americana","NOMCOM":"Fresno blanco americano","ORIGEN":"Nativa","ALTURA":14.1,"DAP":57.2,"OBJECTID":1607,"FECHA LEV":2015,"SALUD":null,"PROYE":null,"ACCESO":null,"ACCESIBIL":null,"UBI":null,"COLONIA":null,"TRONCO":null,"CFE":null},"geometry":{"type":"Point","coordinates":[370560.568,2837715.33308]}},{"type":"Feature","properties":{"LONG":null,"LAT":null,"NOMCIEN":"Fraxinus americana","NOMCOM":"Fresno blanco americano","ORIGEN":"Nativa","ALTURA":18.1,"DAP":58.6,"OBJECTID":1608,"FECHA LEV":2015,"SALUD":null,"PROYE":null,"ACCESO":null,"ACCESIBIL":null,"UBI":null,"COLONIA":null,"TRONCO":null,"CFE":null},"geometry":{"type":"Point","coordinates":[370561.013,2837723.68208]}},{"type":"Feature","properties":{"LONG":null,"LAT":null,"NOMCIEN":"Fraxinus americana","NOMCOM":"Fresno blanco americano","ORIGEN":"Nativa","ALTURA":12.1,"DAP":42.7,"OBJECTID":1609,"FECHA LEV":2015,"SALUD":null,"PROYE":null,"ACCESO":null,"ACCESIBIL":null,"UBI":null,"COLONIA":null,"TRONCO":null,"CFE":null},"geometry":{"type":"Point","coordinates":[370540.976,2837725.35108]}},{"type":"Feature","properties":{"LONG":null,"LAT":null,"NOMCIEN":"Platanus mexicana","NOMCOM":"Álamo de río, álamo blanco, sicomoro mexicano","ORIGEN":"Nativa","ALTURA":16.0,"DAP":58.3,"OBJECTID":1610,"FECHA LEV":2015,"SALUD":null,"PROYE":null,"ACCESO":null,"ACCESIBIL":null,"UBI":null,"COLONIA":null,"TRONCO":null,"CFE":null},"geometry":{"type":"Point","coordinates":[370500.083,2837736.41508]}},{"type":"Feature","properties":{"LONG":null,"LAT":null,"NOMCIEN":"Platanus mexicana","NOMCOM":"Álamo de río, álamo blanco, sicomoro mexicano","ORIGEN":"Nativa","ALTURA":16.2,"DAP":59.4,"OBJECTID":1611,"FECHA LEV":2015,"SALUD":null,"PROYE":null,"ACCESO":null,"ACCESIBIL":null,"UBI":null,"COLONIA":null,"TRONCO":null,"CFE":null},"geometry":{"type":"Point","coordinates":[370497.454,2837742.89808]}},{"type":"Feature","properties":{"LONG":null,"LAT":null,"NOMCIEN":"Platanus mexicana","NOMCOM":"Álamo de río, álamo blanco, sicomoro mexicano","ORIGEN":"Nativa","ALTURA":12.0,"DAP":23.1,"OBJECTID":1612,"FECHA LEV":2015,"SALUD":null,"PROYE":null,"ACCESO":null,"ACCESIBIL":null,"UBI":null,"COLONIA":null,"TRONCO":null,"CFE":null},"geometry":{"type":"Point","coordinates":[370493.949,2837713.81008]}},{"type":"Feature","properties":{"LONG":null,"LAT":null,"NOMCIEN":"Cupressus sempervirens","NOMCOM":"Ciprés mediterráneo, ciprés italiano, ciprés pincel","ORIGEN":"Introducida","ALTURA":22.5,"DAP":44.3,"OBJECTID":1613,"FECHA LEV":2015,"SALUD":null,"PROYE":null,"ACCESO":null,"ACCESIBIL":null,"UBI":null,"COLONIA":null,"TRONCO":null,"CFE":null},"geometry":{"type":"Point","coordinates":[370507.793,2837741.84708]}},{"type":"Feature","properties":{"LONG":null,"LAT":null,"NOMCIEN":"Quercus fusiformis","NOMCOM":"Encino siempreverde, encino molino","ORIGEN":"Nativa","ALTURA":11.7,"DAP":36.9,"OBJECTID":1614,"FECHA LEV":2015,"SALUD":null,"PROYE":null,"ACCESO":null,"ACCESIBIL":null,"UBI":null,"COLONIA":null,"TRONCO":null,"CFE":null},"geometry":{"type":"Point","coordinates":[370512.8,2837733.14608]}},{"type":"Feature","properties":{"LONG":null,"LAT":null,"NOMCIEN":"Quercus fusiformis","NOMCOM":"Encino siempreverde, encino molino","ORIGEN":"Nativa","ALTURA":12.1,"DAP":35.0,"OBJECTID":1615,"FECHA LEV":2015,"SALUD":null,"PROYE":null,"ACCESO":null,"ACCESIBIL":null,"UBI":null,"COLONIA":null,"TRONCO":null,"CFE":null},"geometry":{"type":"Point","coordinates":[370508.969,2837698.66208]}},{"type":"Feature","properties":{"LONG":null,"LAT":null,"NOMCIEN":"Quercus vaseyana","NOMCOM":"Encino bravo, encino de Vasey","ORIGEN":"Introducida","ALTURA":12.0,"DAP":24.2,"OBJECTID":1616,"FECHA LEV":2015,"SALUD":null,"PROYE":null,"ACCESO":null,"ACCESIBIL":null,"UBI":null,"COLONIA":null,"TRONCO":null,"CFE":null},"geometry":{"type":"Point","coordinates":[370527.488,2837685.89008]}},{"type":"Feature","properties":{"LONG":null,"LAT":null,"NOMCIEN":"Quercus fusiformis","NOMCOM":"Encino siempreverde, encino molino","ORIGEN":"Nativa","ALTURA":12.6,"DAP":28.3,"OBJECTID":1617,"FECHA LEV":2015,"SALUD":null,"PROYE":null,"ACCESO":null,"ACCESIBIL":null,"UBI":null,"COLONIA":null,"TRONCO":null,"CFE":null},"geometry":{"type":"Point","coordinates":[370518.0,2837680.00008]}},{"type":"Feature","properties":{"LONG":null,"LAT":null,"NOMCIEN":"Quercus fusiformis","NOMCOM":"Encino siempreverde, encino molino","ORIGEN":"Nativa","ALTURA":4.5,"DAP":10.5,"OBJECTID":1618,"FECHA LEV":2015,"SALUD":null,"PROYE":null,"ACCESO":null,"ACCESIBIL":null,"UBI":null,"COLONIA":null,"TRONCO":null,"CFE":null},"geometry":{"type":"Point","coordinates":[370527.168,2837708.88008]}},{"type":"Feature","properties":{"LONG":null,"LAT":null,"NOMCIEN":"Fraxinus americana","NOMCOM":"Fresno blanco americano","ORIGEN":"Nativa","ALTURA":19.0,"DAP":81.8,"OBJECTID":1619,"FECHA LEV":2015,"SALUD":null,"PROYE":null,"ACCESO":null,"ACCESIBIL":null,"UBI":null,"COLONIA":null,"TRONCO":null,"CFE":null},"geometry":{"type":"Point","coordinates":[370517.934,2837697.18808]}},{"type":"Feature","properties":{"LONG":null,"LAT":null,"NOMCIEN":"Quercus polymorpha","NOMCOM":"Encino roble, roble","ORIGEN":"Nativa","ALTURA":14.4,"DAP":69.3,"OBJECTID":1620,"FECHA LEV":2015,"SALUD":null,"PROYE":null,"ACCESO":null,"ACCESIBIL":null,"UBI":null,"COLONIA":null,"TRONCO":null,"CFE":null},"geometry":{"type":"Point","coordinates":[370516.451,2837751.15108]}},{"type":"Feature","properties":{"LONG":null,"LAT":null,"NOMCIEN":"Quercus polymorpha","NOMCOM":"Encino roble, roble","ORIGEN":"Nativa","ALTURA":14.3,"DAP":24.8,"OBJECTID":1621,"FECHA LEV":2015,"SALUD":null,"PROYE":null,"ACCESO":null,"ACCESIBIL":null,"UBI":null,"COLONIA":null,"TRONCO":null,"CFE":null},"geometry":{"type":"Point","coordinates":[370517.727,2837685.75608]}},{"type":"Feature","properties":{"LONG":null,"LAT":null,"NOMCIEN":"Quercus polymorpha","NOMCOM":"Encino roble, roble","ORIGEN":"Nativa","ALTURA":14.0,"DAP":40.3,"OBJECTID":1622,"FECHA LEV":2015,"SALUD":null,"PROYE":null,"ACCESO":null,"ACCESIBIL":null,"UBI":null,"COLONIA":null,"TRONCO":null,"CFE":null},"geometry":{"type":"Point","coordinates":[370497.949,2837695.00708]}},{"type":"Feature","properties":{"LONG":null,"LAT":null,"NOMCIEN":"Quercus fusiformis","NOMCOM":"Encino siempreverde, encino molino","ORIGEN":"Nativa","ALTURA":9.2,"DAP":23.9,"OBJECTID":1623,"FECHA LEV":2015,"SALUD":null,"PROYE":null,"ACCESO":null,"ACCESIBIL":null,"UBI":null,"COLONIA":null,"TRONCO":null,"CFE":null},"geometry":{"type":"Point","coordinates":[370497.77,2837686.27408]}},{"type":"Feature","properties":{"LONG":null,"LAT":null,"NOMCIEN":"Quercus fusiformis","NOMCOM":"Encino siempreverde, encino molino","ORIGEN":"Nativa","ALTURA":11.0,"DAP":30.0,"OBJECTID":1624,"FECHA LEV":2015,"SALUD":null,"PROYE":null,"ACCESO":null,"ACCESIBIL":null,"UBI":null,"COLONIA":null,"TRONCO":null,"CFE":null},"geometry":{"type":"Point","coordinates":[370508.231,2837746.75308]}},{"type":"Feature","properties":{"LONG":null,"LAT":null,"NOMCIEN":"Quercus vaseyana","NOMCOM":"Encino bravo, encino de Vasey","ORIGEN":"Introducida","ALTURA":13.1,"DAP":27.4,"OBJECTID":1625,"FECHA LEV":2015,"SALUD":null,"PROYE":null,"ACCESO":null,"ACCESIBIL":null,"UBI":null,"COLONIA":null,"TRONCO":null,"CFE":null},"geometry":{"type":"Point","coordinates":[370506.478,2837685.42308]}},{"type":"Feature","properties":{"LONG":null,"LAT":null,"NOMCIEN":"Quercus vaseyana","NOMCOM":"Encino bravo, encino de Vasey","ORIGEN":"Introducida","ALTURA":10.5,"DAP":31.2,"OBJECTID":1626,"FECHA LEV":2015,"SALUD":null,"PROYE":null,"ACCESO":null,"ACCESIBIL":null,"UBI":null,"COLONIA":null,"TRONCO":null,"CFE":null},"geometry":{"type":"Point","coordinates":[370525.228,2837723.44808]}},{"type":"Feature","properties":{"LONG":null,"LAT":null,"NOMCIEN":"Fraxinus americana","NOMCOM":"Fresno blanco americano","ORIGEN":"Nativa","ALTURA":7.6,"DAP":26.6,"OBJECTID":1627,"FECHA LEV":2015,"SALUD":null,"PROYE":null,"ACCESO":null,"ACCESIBIL":null,"UBI":null,"COLONIA":null,"TRONCO":null,"CFE":null},"geometry":{"type":"Point","coordinates":[370442.007,2837586.53308]}},{"type":"Feature","properties":{"LONG":null,"LAT":null,"NOMCIEN":"Triadica sebifera","NOMCOM":"Chinese, árbol del sebo","ORIGEN":"Introducida","ALTURA":10.8,"DAP":46.0,"OBJECTID":1628,"FECHA LEV":2015,"SALUD":null,"PROYE":null,"ACCESO":null,"ACCESIBIL":null,"UBI":null,"COLONIA":null,"TRONCO":null,"CFE":null},"geometry":{"type":"Point","coordinates":[370383.176,2837605.92908]}},{"type":"Feature","properties":{"LONG":null,"LAT":null,"NOMCIEN":"Triadica sebifera","NOMCOM":"Chinese, árbol del sebo","ORIGEN":"Introducida","ALTURA":8.5,"DAP":40.6,"OBJECTID":1629,"FECHA LEV":2015,"SALUD":null,"PROYE":null,"ACCESO":null,"ACCESIBIL":null,"UBI":null,"COLONIA":null,"TRONCO":null,"CFE":null},"geometry":{"type":"Point","coordinates":[370382.801,2837614.29808]}},{"type":"Feature","properties":{"LONG":null,"LAT":null,"NOMCIEN":"Triadica sebifera","NOMCOM":"Chinese, árbol del sebo","ORIGEN":"Introducida","ALTURA":7.5,"DAP":35.0,"OBJECTID":1630,"FECHA LEV":2015,"SALUD":null,"PROYE":null,"ACCESO":null,"ACCESIBIL":null,"UBI":null,"COLONIA":null,"TRONCO":null,"CFE":null},"geometry":{"type":"Point","coordinates":[370377.429,2837625.04108]}},{"type":"Feature","properties":{"LONG":null,"LAT":null,"NOMCIEN":"Triadica sebifera","NOMCOM":"Chinese, árbol del sebo","ORIGEN":"Introducida","ALTURA":8.4,"DAP":42.9,"OBJECTID":1631,"FECHA LEV":2015,"SALUD":null,"PROYE":null,"ACCESO":null,"ACCESIBIL":null,"UBI":null,"COLONIA":null,"TRONCO":null,"CFE":null},"geometry":{"type":"Point","coordinates":[370385.924,2837631.53708]}},{"type":"Feature","properties":{"LONG":null,"LAT":null,"NOMCIEN":"Triadica sebifera","NOMCOM":"Chinese, árbol del sebo","ORIGEN":"Introducida","ALTURA":9.2,"DAP":43.2,"OBJECTID":1632,"FECHA LEV":2015,"SALUD":null,"PROYE":null,"ACCESO":null,"ACCESIBIL":null,"UBI":null,"COLONIA":null,"TRONCO":null,"CFE":null},"geometry":{"type":"Point","coordinates":[370386.424,2837640.03208]}},{"type":"Feature","properties":{"LONG":null,"LAT":null,"NOMCIEN":"Triadica sebifera","NOMCOM":"Chinese, árbol del sebo","ORIGEN":"Introducida","ALTURA":13.4,"DAP":32.4,"OBJECTID":1633,"FECHA LEV":2015,"SALUD":null,"PROYE":null,"ACCESO":null,"ACCESIBIL":null,"UBI":null,"COLONIA":null,"TRONCO":null,"CFE":null},"geometry":{"type":"Point","coordinates":[370363.688,2837608.42708]}},{"type":"Feature","properties":{"LONG":null,"LAT":null,"NOMCIEN":"Platanus mexicana","NOMCOM":"Álamo de río, álamo blanco, sicomoro mexicano","ORIGEN":"Nativa","ALTURA":15.4,"DAP":31.5,"OBJECTID":1634,"FECHA LEV":2015,"SALUD":null,"PROYE":null,"ACCESO":null,"ACCESIBIL":null,"UBI":null,"COLONIA":null,"TRONCO":null,"CFE":null},"geometry":{"type":"Point","coordinates":[370369.684,2837602.18108]}},{"type":"Feature","properties":{"LONG":null,"LAT":null,"NOMCIEN":"Platanus mexicana","NOMCOM":"Álamo de río, álamo blanco, sicomoro mexicano","ORIGEN":"Nativa","ALTURA":17.6,"DAP":48.5,"OBJECTID":1635,"FECHA LEV":2015,"SALUD":null,"PROYE":null,"ACCESO":null,"ACCESIBIL":null,"UBI":null,"COLONIA":null,"TRONCO":null,"CFE":null},"geometry":{"type":"Point","coordinates":[370369.809,2837597.80908]}},{"type":"Feature","properties":{"LONG":null,"LAT":null,"NOMCIEN":"Platanus mexicana","NOMCOM":"Álamo de río, álamo blanco, sicomoro mexicano","ORIGEN":"Nativa","ALTURA":17.5,"DAP":35.9,"OBJECTID":1636,"FECHA LEV":2015,"SALUD":null,"PROYE":null,"ACCESO":null,"ACCESIBIL":null,"UBI":null,"COLONIA":null,"TRONCO":null,"CFE":null},"geometry":{"type":"Point","coordinates":[370370.184,2837593.18708]}},{"type":"Feature","properties":{"LONG":null,"LAT":null,"NOMCIEN":"Triadica sebifera","NOMCOM":"Chinese, árbol del sebo","ORIGEN":"Introducida","ALTURA":8.0,"DAP":26.9,"OBJECTID":1637,"FECHA LEV":2015,"SALUD":null,"PROYE":null,"ACCESO":null,"ACCESIBIL":null,"UBI":null,"COLONIA":null,"TRONCO":null,"CFE":null},"geometry":{"type":"Point","coordinates":[370367.686,2837617.79608]}},{"type":"Feature","properties":{"LONG":null,"LAT":null,"NOMCIEN":"Fraxinus americana","NOMCOM":"Fresno blanco americano","ORIGEN":"Nativa","ALTURA":8.7,"DAP":52.7,"OBJECTID":1638,"FECHA LEV":2015,"SALUD":null,"PROYE":null,"ACCESO":null,"ACCESIBIL":null,"UBI":null,"COLONIA":null,"TRONCO":null,"CFE":null},"geometry":{"type":"Point","coordinates":[370447.43,2837601.67208]}},{"type":"Feature","properties":{"LONG":null,"LAT":null,"NOMCIEN":"Triadica sebifera","NOMCOM":"Chinese, árbol del sebo","ORIGEN":"Introducida","ALTURA":10.6,"DAP":33.6,"OBJECTID":1639,"FECHA LEV":2015,"SALUD":null,"PROYE":null,"ACCESO":null,"ACCESIBIL":null,"UBI":null,"COLONIA":null,"TRONCO":null,"CFE":null},"geometry":{"type":"Point","coordinates":[370367.061,2837623.54208]}},{"type":"Feature","properties":{"LONG":null,"LAT":null,"NOMCIEN":"Quercus fusiformis","NOMCOM":"Encino siempreverde, encino molino","ORIGEN":"Nativa","ALTURA":14.0,"DAP":48.9,"OBJECTID":1640,"FECHA LEV":2015,"SALUD":null,"PROYE":null,"ACCESO":null,"ACCESIBIL":null,"UBI":null,"COLONIA":null,"TRONCO":null,"CFE":null},"geometry":{"type":"Point","coordinates":[370371.672,2837622.03108]}},{"type":"Feature","properties":{"LONG":null,"LAT":null,"NOMCIEN":"Quercus fusiformis","NOMCOM":"Encino siempreverde, encino molino","ORIGEN":"Nativa","ALTURA":15.0,"DAP":34.2,"OBJECTID":1641,"FECHA LEV":2015,"SALUD":null,"PROYE":null,"ACCESO":null,"ACCESIBIL":null,"UBI":null,"COLONIA":null,"TRONCO":null,"CFE":null},"geometry":{"type":"Point","coordinates":[370376.095,2837618.17908]}},{"type":"Feature","properties":{"LONG":null,"LAT":null,"NOMCIEN":"Triadica sebifera","NOMCOM":"Chinese, árbol del sebo","ORIGEN":"Introducida","ALTURA":9.5,"DAP":26.3,"OBJECTID":1642,"FECHA LEV":2015,"SALUD":null,"PROYE":null,"ACCESO":null,"ACCESIBIL":null,"UBI":null,"COLONIA":null,"TRONCO":null,"CFE":null},"geometry":{"type":"Point","coordinates":[370378.696,2837620.43508]}},{"type":"Feature","properties":{"LONG":null,"LAT":null,"NOMCIEN":"Triadica sebifera","NOMCOM":"Chinese, árbol del sebo","ORIGEN":"Introducida","ALTURA":11.0,"DAP":37.2,"OBJECTID":1643,"FECHA LEV":2015,"SALUD":null,"PROYE":null,"ACCESO":null,"ACCESIBIL":null,"UBI":null,"COLONIA":null,"TRONCO":null,"CFE":null},"geometry":{"type":"Point","coordinates":[370382.528,2837598.72308]}},{"type":"Feature","properties":{"LONG":null,"LAT":null,"NOMCIEN":"Quercus fusiformis","NOMCOM":"Encino siempreverde, encino molino","ORIGEN":"Nativa","ALTURA":11.7,"DAP":21.5,"OBJECTID":1644,"FECHA LEV":2015,"SALUD":null,"PROYE":null,"ACCESO":null,"ACCESIBIL":null,"UBI":null,"COLONIA":null,"TRONCO":null,"CFE":null},"geometry":{"type":"Point","coordinates":[370314.0,2837647.00008]}},{"type":"Feature","properties":{"LONG":null,"LAT":null,"NOMCIEN":"Quercus polymorpha","NOMCOM":"Encino roble, roble","ORIGEN":"Nativa","ALTURA":11.4,"DAP":19.4,"OBJECTID":1645,"FECHA LEV":2015,"SALUD":null,"PROYE":null,"ACCESO":null,"ACCESIBIL":null,"UBI":null,"COLONIA":null,"TRONCO":null,"CFE":null},"geometry":{"type":"Point","coordinates":[370355.0,2837644.00008]}},{"type":"Feature","properties":{"LONG":null,"LAT":null,"NOMCIEN":"Quercus fusiformis","NOMCOM":"Encino siempreverde, encino molino","ORIGEN":"Nativa","ALTURA":10.9,"DAP":23.4,"OBJECTID":1646,"FECHA LEV":2015,"SALUD":null,"PROYE":null,"ACCESO":null,"ACCESIBIL":null,"UBI":null,"COLONIA":null,"TRONCO":null,"CFE":null},"geometry":{"type":"Point","coordinates":[370369.0,2837645.00008]}},{"type":"Feature","properties":{"LONG":null,"LAT":null,"NOMCIEN":"Quercus fusiformis","NOMCOM":"Encino siempreverde, encino molino","ORIGEN":"Nativa","ALTURA":10.9,"DAP":22.8,"OBJECTID":1647,"FECHA LEV":2015,"SALUD":null,"PROYE":null,"ACCESO":null,"ACCESIBIL":null,"UBI":null,"COLONIA":null,"TRONCO":null,"CFE":null},"geometry":{"type":"Point","coordinates":[370369.0,2837636.00008]}},{"type":"Feature","properties":{"LONG":null,"LAT":null,"NOMCIEN":"Quercus fusiformis","NOMCOM":"Encino siempreverde, encino molino","ORIGEN":"Nativa","ALTURA":11.1,"DAP":20.0,"OBJECTID":1648,"FECHA LEV":2015,"SALUD":null,"PROYE":null,"ACCESO":null,"ACCESIBIL":null,"UBI":null,"COLONIA":null,"TRONCO":null,"CFE":null},"geometry":{"type":"Point","coordinates":[370366.0,2837621.00008]}},{"type":"Feature","properties":{"LONG":null,"LAT":null,"NOMCIEN":"Fraxinus americana","NOMCOM":"Fresno blanco americano","ORIGEN":"Nativa","ALTURA":15.5,"DAP":64.4,"OBJECTID":1649,"FECHA LEV":2015,"SALUD":null,"PROYE":null,"ACCESO":null,"ACCESIBIL":null,"UBI":null,"COLONIA":null,"TRONCO":null,"CFE":null},"geometry":{"type":"Point","coordinates":[370448.191,2837567.74308]}},{"type":"Feature","properties":{"LONG":null,"LAT":null,"NOMCIEN":"Platanus mexicana","NOMCOM":"Álamo de río, álamo blanco, sicomoro mexicano","ORIGEN":"Nativa","ALTURA":13.9,"DAP":25.8,"OBJECTID":1650,"FECHA LEV":2015,"SALUD":null,"PROYE":null,"ACCESO":null,"ACCESIBIL":null,"UBI":null,"COLONIA":null,"TRONCO":null,"CFE":null},"geometry":{"type":"Point","coordinates":[370389.257,2837647.11208]}},{"type":"Feature","properties":{"LONG":null,"LAT":null,"NOMCIEN":"Platanus mexicana","NOMCOM":"Álamo de río, álamo blanco, sicomoro mexicano","ORIGEN":"Nativa","ALTURA":14.4,"DAP":25.6,"OBJECTID":1651,"FECHA LEV":2015,"SALUD":null,"PROYE":null,"ACCESO":null,"ACCESIBIL":null,"UBI":null,"COLONIA":null,"TRONCO":null,"CFE":null},"geometry":{"type":"Point","coordinates":[370382.549,2837647.39108]}},{"type":"Feature","properties":{"LONG":null,"LAT":null,"NOMCIEN":"Platanus mexicana","NOMCOM":"Álamo de río, álamo blanco, sicomoro mexicano","ORIGEN":"Nativa","ALTURA":20.1,"DAP":37.0,"OBJECTID":1652,"FECHA LEV":2015,"SALUD":null,"PROYE":null,"ACCESO":null,"ACCESIBIL":null,"UBI":null,"COLONIA":null,"TRONCO":null,"CFE":null},"geometry":{"type":"Point","coordinates":[370367.175,2837647.67108]}},{"type":"Feature","properties":{"LONG":null,"LAT":null,"NOMCIEN":"Platanus mexicana","NOMCOM":"Álamo de río, álamo blanco, sicomoro mexicano","ORIGEN":"Nativa","ALTURA":13.2,"DAP":25.1,"OBJECTID":1653,"FECHA LEV":2015,"SALUD":null,"PROYE":null,"ACCESO":null,"ACCESIBIL":null,"UBI":null,"COLONIA":null,"TRONCO":null,"CFE":null},"geometry":{"type":"Point","coordinates":[370360.103,2837648.80108]}},{"type":"Feature","properties":{"LONG":null,"LAT":null,"NOMCIEN":"Platanus mexicana","NOMCOM":"Álamo de río, álamo blanco, sicomoro mexicano","ORIGEN":"Nativa","ALTURA":20.7,"DAP":46.3,"OBJECTID":1654,"FECHA LEV":2015,"SALUD":null,"PROYE":null,"ACCESO":null,"ACCESIBIL":null,"UBI":null,"COLONIA":null,"TRONCO":null,"CFE":null},"geometry":{"type":"Point","coordinates":[370348.211,2837649.00108]}},{"type":"Feature","properties":{"LONG":null,"LAT":null,"NOMCIEN":"Triadica sebifera","NOMCOM":"Chinese, árbol del sebo","ORIGEN":"Introducida","ALTURA":11.5,"DAP":30.1,"OBJECTID":1655,"FECHA LEV":2015,"SALUD":null,"PROYE":null,"ACCESO":null,"ACCESIBIL":null,"UBI":null,"COLONIA":null,"TRONCO":null,"CFE":null},"geometry":{"type":"Point","coordinates":[370373.807,2837613.67408]}},{"type":"Feature","properties":{"LONG":null,"LAT":null,"NOMCIEN":"Fraxinus americana","NOMCOM":"Fresno blanco americano","ORIGEN":"Nativa","ALTURA":12.9,"DAP":78.0,"OBJECTID":1656,"FECHA LEV":2015,"SALUD":null,"PROYE":null,"ACCESO":null,"ACCESIBIL":null,"UBI":null,"COLONIA":null,"TRONCO":null,"CFE":null},"geometry":{"type":"Point","coordinates":[370677.948,2837684.88608]}},{"type":"Feature","properties":{"LONG":null,"LAT":null,"NOMCIEN":"Quercus fusiformis","NOMCOM":"Encino siempreverde, encino molino","ORIGEN":"Nativa","ALTURA":10.0,"DAP":19.9,"OBJECTID":1657,"FECHA LEV":2015,"SALUD":null,"PROYE":null,"ACCESO":null,"ACCESIBIL":null,"UBI":null,"COLONIA":null,"TRONCO":null,"CFE":null},"geometry":{"type":"Point","coordinates":[370673.0,2837688.00008]}},{"type":"Feature","properties":{"LONG":null,"LAT":null,"NOMCIEN":"Quercus polymorpha","NOMCOM":"Encino roble, roble","ORIGEN":"Nativa","ALTURA":15.2,"DAP":34.4,"OBJECTID":1658,"FECHA LEV":2015,"SALUD":null,"PROYE":null,"ACCESO":null,"ACCESIBIL":null,"UBI":null,"COLONIA":null,"TRONCO":null,"CFE":null},"geometry":{"type":"Point","coordinates":[370691.266,2837683.54908]}},{"type":"Feature","properties":{"LONG":null,"LAT":null,"NOMCIEN":"Quercus fusiformis","NOMCOM":"Encino siempreverde, encino molino","ORIGEN":"Nativa","ALTURA":10.0,"DAP":31.9,"OBJECTID":1659,"FECHA LEV":2015,"SALUD":null,"PROYE":null,"ACCESO":null,"ACCESIBIL":null,"UBI":null,"COLONIA":null,"TRONCO":null,"CFE":null},"geometry":{"type":"Point","coordinates":[370691.512,2837692.88608]}},{"type":"Feature","properties":{"LONG":null,"LAT":null,"NOMCIEN":"Quercus polymorpha","NOMCOM":"Encino roble, roble","ORIGEN":"Nativa","ALTURA":12.2,"DAP":28.3,"OBJECTID":1660,"FECHA LEV":2015,"SALUD":null,"PROYE":null,"ACCESO":null,"ACCESIBIL":null,"UBI":null,"COLONIA":null,"TRONCO":null,"CFE":null},"geometry":{"type":"Point","coordinates":[370686.352,2837685.26908]}},{"type":"Feature","properties":{"LONG":null,"LAT":null,"NOMCIEN":"Fraxinus americana","NOMCOM":"Fresno blanco americano","ORIGEN":"Nativa","ALTURA":13.4,"DAP":87.4,"OBJECTID":1661,"FECHA LEV":2015,"SALUD":null,"PROYE":null,"ACCESO":null,"ACCESIBIL":null,"UBI":null,"COLONIA":null,"TRONCO":null,"CFE":null},"geometry":{"type":"Point","coordinates":[370681.192,2837695.09808]}},{"type":"Feature","properties":{"LONG":null,"LAT":null,"NOMCIEN":"Fraxinus americana","NOMCOM":"Fresno blanco americano","ORIGEN":"Nativa","ALTURA":17.0,"DAP":94.8,"OBJECTID":1662,"FECHA LEV":2015,"SALUD":null,"PROYE":null,"ACCESO":null,"ACCESIBIL":null,"UBI":null,"COLONIA":null,"TRONCO":null,"CFE":null},"geometry":{"type":"Point","coordinates":[370671.609,2837696.08008]}},{"type":"Feature","properties":{"LONG":null,"LAT":null,"NOMCIEN":"Quercus polymorpha","NOMCOM":"Encino roble, roble","ORIGEN":"Nativa","ALTURA":12.1,"DAP":29.9,"OBJECTID":1663,"FECHA LEV":2015,"SALUD":null,"PROYE":null,"ACCESO":null,"ACCESIBIL":null,"UBI":null,"COLONIA":null,"TRONCO":null,"CFE":null},"geometry":{"type":"Point","coordinates":[370654.163,2837689.93808]}},{"type":"Feature","properties":{"LONG":null,"LAT":null,"NOMCIEN":"Quercus fusiformis","NOMCOM":"Encino siempreverde, encino molino","ORIGEN":"Nativa","ALTURA":12.8,"DAP":34.3,"OBJECTID":1664,"FECHA LEV":2015,"SALUD":null,"PROYE":null,"ACCESO":null,"ACCESIBIL":null,"UBI":null,"COLONIA":null,"TRONCO":null,"CFE":null},"geometry":{"type":"Point","coordinates":[370657.112,2837685.26908]}},{"type":"Feature","properties":{"LONG":null,"LAT":null,"NOMCIEN":"Quercus fusiformis","NOMCOM":"Encino siempreverde, encino molino","ORIGEN":"Nativa","ALTURA":9.3,"DAP":19.0,"OBJECTID":1665,"FECHA LEV":2015,"SALUD":null,"PROYE":null,"ACCESO":null,"ACCESIBIL":null,"UBI":null,"COLONIA":null,"TRONCO":null,"CFE":null},"geometry":{"type":"Point","coordinates":[370678.0,2837683.00008]}},{"type":"Feature","properties":{"LONG":null,"LAT":null,"NOMCIEN":"Quercus fusiformis","NOMCOM":"Encino siempreverde, encino molino","ORIGEN":"Nativa","ALTURA":13.6,"DAP":48.2,"OBJECTID":1666,"FECHA LEV":2015,"SALUD":null,"PROYE":null,"ACCESO":null,"ACCESIBIL":null,"UBI":null,"COLONIA":null,"TRONCO":null,"CFE":null},"geometry":{"type":"Point","coordinates":[370342.64,2837761.48608]}},{"type":"Feature","properties":{"LONG":null,"LAT":null,"NOMCIEN":"Quercus fusiformis","NOMCOM":"Encino siempreverde, encino molino","ORIGEN":"Nativa","ALTURA":13.0,"DAP":54.4,"OBJECTID":1667,"FECHA LEV":2015,"SALUD":null,"PROYE":null,"ACCESO":null,"ACCESIBIL":null,"UBI":null,"COLONIA":null,"TRONCO":null,"CFE":null},"geometry":{"type":"Point","coordinates":[370402.046,2837799.60408]}},{"type":"Feature","properties":{"LONG":null,"LAT":null,"NOMCIEN":"Quercus fusiformis","NOMCOM":"Encino siempreverde, encino molino","ORIGEN":"Nativa","ALTURA":12.8,"DAP":50.7,"OBJECTID":1668,"FECHA LEV":2015,"SALUD":null,"PROYE":null,"ACCESO":null,"ACCESIBIL":null,"UBI":null,"COLONIA":null,"TRONCO":null,"CFE":null},"geometry":{"type":"Point","coordinates":[370391.115,2837764.69408]}},{"type":"Feature","properties":{"LONG":null,"LAT":null,"NOMCIEN":"Juglans nigra","NOMCOM":"Nogal americano","ORIGEN":"Introducida","ALTURA":23.4,"DAP":65.0,"OBJECTID":1669,"FECHA LEV":2015,"SALUD":null,"PROYE":null,"ACCESO":null,"ACCESIBIL":null,"UBI":null,"COLONIA":null,"TRONCO":null,"CFE":null},"geometry":{"type":"Point","coordinates":[370411.372,2837771.57308]}},{"type":"Feature","properties":{"LONG":null,"LAT":null,"NOMCIEN":"Koelreuteria","NOMCOM":"Koelreuteria, flama china","ORIGEN":"Introducida","ALTURA":8.0,"DAP":39.2,"OBJECTID":1670,"FECHA LEV":2015,"SALUD":null,"PROYE":null,"ACCESO":null,"ACCESIBIL":null,"UBI":null,"COLONIA":null,"TRONCO":null,"CFE":null},"geometry":{"type":"Point","coordinates":[370413.722,2837779.48308]}},{"type":"Feature","properties":{"LONG":null,"LAT":null,"NOMCIEN":"Azadirachta indica","NOMCOM":"Neem, nim, árbol de Nim","ORIGEN":"Introducida","ALTURA":10.8,"DAP":47.9,"OBJECTID":1671,"FECHA LEV":2015,"SALUD":null,"PROYE":null,"ACCESO":null,"ACCESIBIL":null,"UBI":null,"COLONIA":null,"TRONCO":null,"CFE":null},"geometry":{"type":"Point","coordinates":[370413.017,2837760.21808]}},{"type":"Feature","properties":{"LONG":null,"LAT":null,"NOMCIEN":"Quercus polymorpha","NOMCOM":"Encino roble, roble","ORIGEN":"Nativa","ALTURA":14.3,"DAP":40.0,"OBJECTID":1672,"FECHA LEV":2015,"SALUD":null,"PROYE":null,"ACCESO":null,"ACCESIBIL":null,"UBI":null,"COLONIA":null,"TRONCO":null,"CFE":null},"geometry":{"type":"Point","coordinates":[370406.057,2837748.72508]}},{"type":"Feature","properties":{"LONG":null,"LAT":null,"NOMCIEN":"Quercus polymorpha","NOMCOM":"Encino roble, roble","ORIGEN":"Nativa","ALTURA":12.6,"DAP":39.4,"OBJECTID":1673,"FECHA LEV":2015,"SALUD":null,"PROYE":null,"ACCESO":null,"ACCESIBIL":null,"UBI":null,"COLONIA":null,"TRONCO":null,"CFE":null},"geometry":{"type":"Point","coordinates":[370399.106,2837742.06908]}},{"type":"Feature","properties":{"LONG":null,"LAT":null,"NOMCIEN":"Quercus polymorpha","NOMCOM":"Encino roble, roble","ORIGEN":"Nativa","ALTURA":13.2,"DAP":40.6,"OBJECTID":1674,"FECHA LEV":2015,"SALUD":null,"PROYE":null,"ACCESO":null,"ACCESIBIL":null,"UBI":null,"COLONIA":null,"TRONCO":null,"CFE":null},"geometry":{"type":"Point","coordinates":[370370.13,2837741.67708]}},{"type":"Feature","properties":{"LONG":null,"LAT":null,"NOMCIEN":"Quercus polymorpha","NOMCOM":"Encino roble, roble","ORIGEN":"Nativa","ALTURA":11.0,"DAP":25.5,"OBJECTID":1675,"FECHA LEV":2015,"SALUD":null,"PROYE":null,"ACCESO":null,"ACCESIBIL":null,"UBI":null,"COLONIA":null,"TRONCO":null,"CFE":null},"geometry":{"type":"Point","coordinates":[370388.436,2837741.18808]}},{"type":"Feature","properties":{"LONG":null,"LAT":null,"NOMCIEN":"Quercus fusiformis","NOMCOM":"Encino siempreverde, encino molino","ORIGEN":"Nativa","ALTURA":9.6,"DAP":100.9,"OBJECTID":1676,"FECHA LEV":2015,"SALUD":null,"PROYE":null,"ACCESO":null,"ACCESIBIL":null,"UBI":null,"COLONIA":null,"TRONCO":null,"CFE":null},"geometry":{"type":"Point","coordinates":[370379.039,2837741.48108]}},{"type":"Feature","properties":{"LONG":null,"LAT":null,"NOMCIEN":"Quercus fusiformis","NOMCOM":"Encino siempreverde, encino molino","ORIGEN":"Nativa","ALTURA":12.6,"DAP":44.0,"OBJECTID":1677,"FECHA LEV":2015,"SALUD":null,"PROYE":null,"ACCESO":null,"ACCESIBIL":null,"UBI":null,"COLONIA":null,"TRONCO":null,"CFE":null},"geometry":{"type":"Point","coordinates":[370372.151,2837787.64308]}},{"type":"Feature","properties":{"LONG":null,"LAT":null,"NOMCIEN":"Quercus fusiformis","NOMCOM":"Encino siempreverde, encino molino","ORIGEN":"Nativa","ALTURA":11.6,"DAP":54.3,"OBJECTID":1678,"FECHA LEV":2015,"SALUD":null,"PROYE":null,"ACCESO":null,"ACCESIBIL":null,"UBI":null,"COLONIA":null,"TRONCO":null,"CFE":null},"geometry":{"type":"Point","coordinates":[370351.858,2837742.66308]}},{"type":"Feature","properties":{"LONG":null,"LAT":null,"NOMCIEN":"Quercus fusiformis","NOMCOM":"Encino siempreverde, encino molino","ORIGEN":"Nativa","ALTURA":11.9,"DAP":33.1,"OBJECTID":1679,"FECHA LEV":2015,"SALUD":null,"PROYE":null,"ACCESO":null,"ACCESIBIL":null,"UBI":null,"COLONIA":null,"TRONCO":null,"CFE":null},"geometry":{"type":"Point","coordinates":[370378.058,2837749.11108]}},{"type":"Feature","properties":{"LONG":null,"LAT":null,"NOMCIEN":"Quercus fusiformis","NOMCOM":"Encino siempreverde, encino molino","ORIGEN":"Nativa","ALTURA":10.5,"DAP":34.8,"OBJECTID":1680,"FECHA LEV":2015,"SALUD":null,"PROYE":null,"ACCESO":null,"ACCESIBIL":null,"UBI":null,"COLONIA":null,"TRONCO":null,"CFE":null},"geometry":{"type":"Point","coordinates":[370365.921,2837749.11708]}},{"type":"Feature","properties":{"LONG":null,"LAT":null,"NOMCIEN":"Quercus fusiformis","NOMCOM":"Encino siempreverde, encino molino","ORIGEN":"Nativa","ALTURA":6.5,"DAP":23.7,"OBJECTID":1681,"FECHA LEV":2015,"SALUD":null,"PROYE":null,"ACCESO":null,"ACCESIBIL":null,"UBI":null,"COLONIA":null,"TRONCO":null,"CFE":null},"geometry":{"type":"Point","coordinates":[370397.638,2837748.43208]}},{"type":"Feature","properties":{"LONG":null,"LAT":null,"NOMCIEN":"Quercus vaseyana","NOMCOM":"Encino bravo, encino de Vasey","ORIGEN":"Introducida","ALTURA":10.5,"DAP":30.6,"OBJECTID":1682,"FECHA LEV":2015,"SALUD":null,"PROYE":null,"ACCESO":null,"ACCESIBIL":null,"UBI":null,"COLONIA":null,"TRONCO":null,"CFE":null},"geometry":{"type":"Point","coordinates":[370396.307,2837665.87808]}},{"type":"Feature","properties":{"LONG":null,"LAT":null,"NOMCIEN":"Quercus fusiformis","NOMCOM":"Encino siempreverde, encino molino","ORIGEN":"Nativa","ALTURA":10.5,"DAP":34.2,"OBJECTID":1683,"FECHA LEV":2015,"SALUD":null,"PROYE":null,"ACCESO":null,"ACCESIBIL":null,"UBI":null,"COLONIA":null,"TRONCO":null,"CFE":null},"geometry":{"type":"Point","coordinates":[370360.516,2837666.64308]}},{"type":"Feature","properties":{"LONG":null,"LAT":null,"NOMCIEN":"Quercus vaseyana","NOMCOM":"Encino bravo, encino de Vasey","ORIGEN":"Introducida","ALTURA":13.6,"DAP":32.2,"OBJECTID":1684,"FECHA LEV":2015,"SALUD":null,"PROYE":null,"ACCESO":null,"ACCESIBIL":null,"UBI":null,"COLONIA":null,"TRONCO":null,"CFE":null},"geometry":{"type":"Point","coordinates":[370373.058,2837666.33708]}},{"type":"Feature","properties":{"LONG":null,"LAT":null,"NOMCIEN":"Quercus vaseyana","NOMCOM":"Encino bravo, encino de Vasey","ORIGEN":"Introducida","ALTURA":11.9,"DAP":30.7,"OBJECTID":1685,"FECHA LEV":2015,"SALUD":null,"PROYE":null,"ACCESO":null,"ACCESIBIL":null,"UBI":null,"COLONIA":null,"TRONCO":null,"CFE":null},"geometry":{"type":"Point","coordinates":[370378.106,2837665.72508]}},{"type":"Feature","properties":{"LONG":null,"LAT":null,"NOMCIEN":"Quercus vaseyana","NOMCOM":"Encino bravo, encino de Vasey","ORIGEN":"Introducida","ALTURA":14.1,"DAP":27.2,"OBJECTID":1686,"FECHA LEV":2015,"SALUD":null,"PROYE":null,"ACCESO":null,"ACCESIBIL":null,"UBI":null,"COLONIA":null,"TRONCO":null,"CFE":null},"geometry":{"type":"Point","coordinates":[370386.977,2837666.33708]}},{"type":"Feature","properties":{"LONG":null,"LAT":null,"NOMCIEN":"Quercus fusiformis","NOMCOM":"Encino siempreverde, encino molino","ORIGEN":"Nativa","ALTURA":9.5,"DAP":35.0,"OBJECTID":1687,"FECHA LEV":2015,"SALUD":null,"PROYE":null,"ACCESO":null,"ACCESIBIL":null,"UBI":null,"COLONIA":null,"TRONCO":null,"CFE":null},"geometry":{"type":"Point","coordinates":[370386.365,2837684.38608]}},{"type":"Feature","properties":{"LONG":null,"LAT":null,"NOMCIEN":"Fraxinus americana","NOMCOM":"Fresno blanco americano","ORIGEN":"Nativa","ALTURA":9.3,"DAP":38.0,"OBJECTID":1688,"FECHA LEV":2015,"SALUD":null,"PROYE":null,"ACCESO":null,"ACCESIBIL":null,"UBI":null,"COLONIA":null,"TRONCO":null,"CFE":null},"geometry":{"type":"Point","coordinates":[370372.942,2837781.80108]}},{"type":"Feature","properties":{"LONG":null,"LAT":null,"NOMCIEN":"Quercus vaseyana","NOMCOM":"Encino bravo, encino de Vasey","ORIGEN":"Introducida","ALTURA":10.0,"DAP":32.2,"OBJECTID":1689,"FECHA LEV":2015,"SALUD":null,"PROYE":null,"ACCESO":null,"ACCESIBIL":null,"UBI":null,"COLONIA":null,"TRONCO":null,"CFE":null},"geometry":{"type":"Point","coordinates":[370377.188,2837684.69208]}},{"type":"Feature","properties":{"LONG":null,"LAT":null,"NOMCIEN":"Quercus vaseyana","NOMCOM":"Encino bravo, encino de Vasey","ORIGEN":"Introducida","ALTURA":9.0,"DAP":24.4,"OBJECTID":1690,"FECHA LEV":2015,"SALUD":null,"PROYE":null,"ACCESO":null,"ACCESIBIL":null,"UBI":null,"COLONIA":null,"TRONCO":null,"CFE":null},"geometry":{"type":"Point","coordinates":[370368.163,2837684.69208]}},{"type":"Feature","properties":{"LONG":null,"LAT":null,"NOMCIEN":"Quercus vaseyana","NOMCOM":"Encino bravo, encino de Vasey","ORIGEN":"Introducida","ALTURA":12.0,"DAP":34.2,"OBJECTID":1691,"FECHA LEV":2015,"SALUD":null,"PROYE":null,"ACCESO":null,"ACCESIBIL":null,"UBI":null,"COLONIA":null,"TRONCO":null,"CFE":null},"geometry":{"type":"Point","coordinates":[370359.139,2837684.69208]}},{"type":"Feature","properties":{"LONG":null,"LAT":null,"NOMCIEN":"Quercus vaseyana","NOMCOM":"Encino bravo, encino de Vasey","ORIGEN":"Introducida","ALTURA":12.0,"DAP":35.7,"OBJECTID":1692,"FECHA LEV":2015,"SALUD":null,"PROYE":null,"ACCESO":null,"ACCESIBIL":null,"UBI":null,"COLONIA":null,"TRONCO":null,"CFE":null},"geometry":{"type":"Point","coordinates":[370350.421,2837684.69208]}},{"type":"Feature","properties":{"LONG":null,"LAT":null,"NOMCIEN":"Quercus vaseyana","NOMCOM":"Encino bravo, encino de Vasey","ORIGEN":"Introducida","ALTURA":9.5,"DAP":27.4,"OBJECTID":1693,"FECHA LEV":2015,"SALUD":null,"PROYE":null,"ACCESO":null,"ACCESIBIL":null,"UBI":null,"COLONIA":null,"TRONCO":null,"CFE":null},"geometry":{"type":"Point","coordinates":[370340.784,2837685.45708]}},{"type":"Feature","properties":{"LONG":null,"LAT":null,"NOMCIEN":"Quercus polymorpha","NOMCOM":"Encino roble, roble","ORIGEN":"Nativa","ALTURA":9.2,"DAP":32.0,"OBJECTID":1694,"FECHA LEV":2015,"SALUD":null,"PROYE":null,"ACCESO":null,"ACCESIBIL":null,"UBI":null,"COLONIA":null,"TRONCO":null,"CFE":null},"geometry":{"type":"Point","coordinates":[370377.887,2837760.45308]}},{"type":"Feature","properties":{"LONG":null,"LAT":null,"NOMCIEN":"Quercus vaseyana","NOMCOM":"Encino bravo, encino de Vasey","ORIGEN":"Introducida","ALTURA":9.8,"DAP":28.0,"OBJECTID":1695,"FECHA LEV":2015,"SALUD":null,"PROYE":null,"ACCESO":null,"ACCESIBIL":null,"UBI":null,"COLONIA":null,"TRONCO":null,"CFE":null},"geometry":{"type":"Point","coordinates":[370387.956,2837748.47208]}},{"type":"Feature","properties":{"LONG":null,"LAT":null,"NOMCIEN":"Quercus fusiformis","NOMCOM":"Encino siempreverde, encino molino","ORIGEN":"Nativa","ALTURA":11.0,"DAP":33.2,"OBJECTID":1696,"FECHA LEV":2015,"SALUD":null,"PROYE":null,"ACCESO":null,"ACCESIBIL":null,"UBI":null,"COLONIA":null,"TRONCO":null,"CFE":null},"geometry":{"type":"Point","coordinates":[370379.0,2837693.15008]}},{"type":"Feature","properties":{"LONG":null,"LAT":null,"NOMCIEN":"Quercus polymorpha","NOMCOM":"Encino roble, roble","ORIGEN":"Nativa","ALTURA":11.5,"DAP":28.2,"OBJECTID":1697,"FECHA LEV":2015,"SALUD":null,"PROYE":null,"ACCESO":null,"ACCESIBIL":null,"UBI":null,"COLONIA":null,"TRONCO":null,"CFE":null},"geometry":{"type":"Point","coordinates":[370369.72,2837694.23008]}},{"type":"Feature","properties":{"LONG":null,"LAT":null,"NOMCIEN":"Quercus fusiformis","NOMCOM":"Encino siempreverde, encino molino","ORIGEN":"Nativa","ALTURA":10.1,"DAP":32.8,"OBJECTID":1698,"FECHA LEV":2015,"SALUD":null,"PROYE":null,"ACCESO":null,"ACCESIBIL":null,"UBI":null,"COLONIA":null,"TRONCO":null,"CFE":null},"geometry":{"type":"Point","coordinates":[370361.7,2837693.70008]}},{"type":"Feature","properties":{"LONG":null,"LAT":null,"NOMCIEN":"Fraxinus americana","NOMCOM":"Fresno blanco americano","ORIGEN":"Nativa","ALTURA":12.0,"DAP":45.3,"OBJECTID":1699,"FECHA LEV":2015,"SALUD":null,"PROYE":null,"ACCESO":null,"ACCESIBIL":null,"UBI":null,"COLONIA":null,"TRONCO":null,"CFE":null},"geometry":{"type":"Point","coordinates":[370365.129,2837779.69808]}},{"type":"Feature","properties":{"LONG":null,"LAT":null,"NOMCIEN":"Quercus polymorpha","NOMCOM":"Encino roble, roble","ORIGEN":"Nativa","ALTURA":10.4,"DAP":24.2,"OBJECTID":1700,"FECHA LEV":2015,"SALUD":null,"PROYE":null,"ACCESO":null,"ACCESIBIL":null,"UBI":null,"COLONIA":null,"TRONCO":null,"CFE":null},"geometry":{"type":"Point","coordinates":[370353.37,2837694.06008]}},{"type":"Feature","properties":{"LONG":null,"LAT":null,"NOMCIEN":"Quercus polymorpha","NOMCOM":"Encino roble, roble","ORIGEN":"Nativa","ALTURA":9.0,"DAP":33.5,"OBJECTID":1701,"FECHA LEV":2015,"SALUD":null,"PROYE":null,"ACCESO":null,"ACCESIBIL":null,"UBI":null,"COLONIA":null,"TRONCO":null,"CFE":null},"geometry":{"type":"Point","coordinates":[370346.6,2837689.04008]}},{"type":"Feature","properties":{"LONG":null,"LAT":null,"NOMCIEN":"Quercus polymorpha","NOMCOM":"Encino roble, roble","ORIGEN":"Nativa","ALTURA":8.0,"DAP":17.0,"OBJECTID":1702,"FECHA LEV":2015,"SALUD":null,"PROYE":null,"ACCESO":null,"ACCESIBIL":null,"UBI":null,"COLONIA":null,"TRONCO":null,"CFE":null},"geometry":{"type":"Point","coordinates":[370387.54,2837653.24008]}},{"type":"Feature","properties":{"LONG":null,"LAT":null,"NOMCIEN":"Quercus fusiformis","NOMCOM":"Encino siempreverde, encino molino","ORIGEN":"Nativa","ALTURA":15.2,"DAP":29.5,"OBJECTID":1703,"FECHA LEV":2015,"SALUD":null,"PROYE":null,"ACCESO":null,"ACCESIBIL":null,"UBI":null,"COLONIA":null,"TRONCO":null,"CFE":null},"geometry":{"type":"Point","coordinates":[370388.93,2837657.68008]}},{"type":"Feature","properties":{"LONG":null,"LAT":null,"NOMCIEN":"Quercus fusiformis","NOMCOM":"Encino siempreverde, encino molino","ORIGEN":"Nativa","ALTURA":10.1,"DAP":21.9,"OBJECTID":1704,"FECHA LEV":2015,"SALUD":null,"PROYE":null,"ACCESO":null,"ACCESIBIL":null,"UBI":null,"COLONIA":null,"TRONCO":null,"CFE":null},"geometry":{"type":"Point","coordinates":[370405.08,2837684.03008]}},{"type":"Feature","properties":{"LONG":null,"LAT":null,"NOMCIEN":"Quercus fusiformis","NOMCOM":"Encino siempreverde, encino molino","ORIGEN":"Nativa","ALTURA":10.5,"DAP":33.3,"OBJECTID":1705,"FECHA LEV":2015,"SALUD":null,"PROYE":null,"ACCESO":null,"ACCESIBIL":null,"UBI":null,"COLONIA":null,"TRONCO":null,"CFE":null},"geometry":{"type":"Point","coordinates":[370387.37,2837677.78008]}},{"type":"Feature","properties":{"LONG":null,"LAT":null,"NOMCIEN":"Quercus fusiformis","NOMCOM":"Encino siempreverde, encino molino","ORIGEN":"Nativa","ALTURA":13.5,"DAP":29.1,"OBJECTID":1706,"FECHA LEV":2015,"SALUD":null,"PROYE":null,"ACCESO":null,"ACCESIBIL":null,"UBI":null,"COLONIA":null,"TRONCO":null,"CFE":null},"geometry":{"type":"Point","coordinates":[370391.14,2837657.49008]}},{"type":"Feature","properties":{"LONG":null,"LAT":null,"NOMCIEN":"Quercus fusiformis","NOMCOM":"Encino siempreverde, encino molino","ORIGEN":"Nativa","ALTURA":10.9,"DAP":30.7,"OBJECTID":1707,"FECHA LEV":2015,"SALUD":null,"PROYE":null,"ACCESO":null,"ACCESIBIL":null,"UBI":null,"COLONIA":null,"TRONCO":null,"CFE":null},"geometry":{"type":"Point","coordinates":[370399.52,2837655.43008]}},{"type":"Feature","properties":{"LONG":null,"LAT":null,"NOMCIEN":"Quercus fusiformis","NOMCOM":"Encino siempreverde, encino molino","ORIGEN":"Nativa","ALTURA":10.5,"DAP":22.0,"OBJECTID":1708,"FECHA LEV":2015,"SALUD":null,"PROYE":null,"ACCESO":null,"ACCESIBIL":null,"UBI":null,"COLONIA":null,"TRONCO":null,"CFE":null},"geometry":{"type":"Point","coordinates":[370407.23,2837661.18008]}},{"type":"Feature","properties":{"LONG":null,"LAT":null,"NOMCIEN":"Quercus polymorpha","NOMCOM":"Encino roble, roble","ORIGEN":"Nativa","ALTURA":8.5,"DAP":25.2,"OBJECTID":1709,"FECHA LEV":2015,"SALUD":null,"PROYE":null,"ACCESO":null,"ACCESIBIL":null,"UBI":null,"COLONIA":null,"TRONCO":null,"CFE":null},"geometry":{"type":"Point","coordinates":[370332.08,2837749.62008]}},{"type":"Feature","properties":{"LONG":null,"LAT":null,"NOMCIEN":"Quercus polymorpha","NOMCOM":"Encino roble, roble","ORIGEN":"Nativa","ALTURA":8.9,"DAP":27.8,"OBJECTID":1710,"FECHA LEV":2015,"SALUD":null,"PROYE":null,"ACCESO":null,"ACCESIBIL":null,"UBI":null,"COLONIA":null,"TRONCO":null,"CFE":null},"geometry":{"type":"Point","coordinates":[370376.597,2837783.30008]}},{"type":"Feature","properties":{"LONG":null,"LAT":null,"NOMCIEN":"Quercus fusiformis","NOMCOM":"Encino siempreverde, encino molino","ORIGEN":"Nativa","ALTURA":11.4,"DAP":31.6,"OBJECTID":1711,"FECHA LEV":2015,"SALUD":null,"PROYE":null,"ACCESO":null,"ACCESIBIL":null,"UBI":null,"COLONIA":null,"TRONCO":null,"CFE":null},"geometry":{"type":"Point","coordinates":[370346.25,2837751.67008]}},{"type":"Feature","properties":{"LONG":null,"LAT":null,"NOMCIEN":"Quercus polymorpha","NOMCOM":"Encino roble, roble","ORIGEN":"Nativa","ALTURA":10.1,"DAP":26.7,"OBJECTID":1712,"FECHA LEV":2015,"SALUD":null,"PROYE":null,"ACCESO":null,"ACCESIBIL":null,"UBI":null,"COLONIA":null,"TRONCO":null,"CFE":null},"geometry":{"type":"Point","coordinates":[370351.73,2837750.98008]}},{"type":"Feature","properties":{"LONG":null,"LAT":null,"NOMCIEN":"Quercus polymorpha","NOMCOM":"Encino roble, roble","ORIGEN":"Nativa","ALTURA":8.8,"DAP":25.3,"OBJECTID":1713,"FECHA LEV":2015,"SALUD":null,"PROYE":null,"ACCESO":null,"ACCESIBIL":null,"UBI":null,"COLONIA":null,"TRONCO":null,"CFE":null},"geometry":{"type":"Point","coordinates":[370338.511,2837759.64108]}},{"type":"Feature","properties":{"LONG":null,"LAT":null,"NOMCIEN":"Ehretia anacua","NOMCOM":"Anacua","ORIGEN":"Nativa","ALTURA":7.6,"DAP":62.0,"OBJECTID":1714,"FECHA LEV":2015,"SALUD":null,"PROYE":null,"ACCESO":null,"ACCESIBIL":null,"UBI":null,"COLONIA":null,"TRONCO":null,"CFE":null},"geometry":{"type":"Point","coordinates":[370325.83,2837682.01308]}},{"type":"Feature","properties":{"LONG":null,"LAT":null,"NOMCIEN":"Fraxinus americana","NOMCOM":"Fresno blanco americano","ORIGEN":"Nativa","ALTURA":7.0,"DAP":118.9,"OBJECTID":1715,"FECHA LEV":2015,"SALUD":null,"PROYE":null,"ACCESO":null,"ACCESIBIL":null,"UBI":null,"COLONIA":null,"TRONCO":null,"CFE":null},"geometry":{"type":"Point","coordinates":[370329.233,2837671.08708]}},{"type":"Feature","properties":{"LONG":null,"LAT":null,"NOMCIEN":"Fraxinus americana","NOMCOM":"Fresno blanco americano","ORIGEN":"Nativa","ALTURA":11.6,"DAP":32.8,"OBJECTID":1716,"FECHA LEV":2015,"SALUD":null,"PROYE":null,"ACCESO":null,"ACCESIBIL":null,"UBI":null,"COLONIA":null,"TRONCO":null,"CFE":null},"geometry":{"type":"Point","coordinates":[370332.636,2837660.16108]}},{"type":"Feature","properties":{"LONG":null,"LAT":null,"NOMCIEN":"Quercus fusiformis","NOMCOM":"Encino siempreverde, encino molino","ORIGEN":"Nativa","ALTURA":7.0,"DAP":22.8,"OBJECTID":1717,"FECHA LEV":2015,"SALUD":null,"PROYE":null,"ACCESO":null,"ACCESIBIL":null,"UBI":null,"COLONIA":null,"TRONCO":null,"CFE":null},"geometry":{"type":"Point","coordinates":[370395.0,2837765.00008]}},{"type":"Feature","properties":{"LONG":null,"LAT":null,"NOMCIEN":"Quercus fusiformis","NOMCOM":"Encino siempreverde, encino molino","ORIGEN":"Nativa","ALTURA":9.9,"DAP":21.2,"OBJECTID":1718,"FECHA LEV":2015,"SALUD":null,"PROYE":null,"ACCESO":null,"ACCESIBIL":null,"UBI":null,"COLONIA":null,"TRONCO":null,"CFE":null},"geometry":{"type":"Point","coordinates":[370399.32,2837690.27008]}},{"type":"Feature","properties":{"LONG":null,"LAT":null,"NOMCIEN":"Quercus vaseyana","NOMCOM":"Encino bravo, encino de Vasey","ORIGEN":"Introducida","ALTURA":8.3,"DAP":14.8,"OBJECTID":1719,"FECHA LEV":2015,"SALUD":null,"PROYE":null,"ACCESO":null,"ACCESIBIL":null,"UBI":null,"COLONIA":null,"TRONCO":null,"CFE":null},"geometry":{"type":"Point","coordinates":[370369.387,2837666.18408]}},{"type":"Feature","properties":{"LONG":null,"LAT":null,"NOMCIEN":"Quercus fusiformis","NOMCOM":"Encino siempreverde, encino molino","ORIGEN":"Nativa","ALTURA":6.9,"DAP":18.9,"OBJECTID":1720,"FECHA LEV":2015,"SALUD":null,"PROYE":null,"ACCESO":null,"ACCESIBIL":null,"UBI":null,"COLONIA":null,"TRONCO":null,"CFE":null},"geometry":{"type":"Point","coordinates":[370364.976,2837665.99108]}},{"type":"Feature","properties":{"LONG":null,"LAT":null,"NOMCIEN":"Fraxinus americana","NOMCOM":"Fresno blanco americano","ORIGEN":"Nativa","ALTURA":11.2,"DAP":58.7,"OBJECTID":1721,"FECHA LEV":2015,"SALUD":null,"PROYE":null,"ACCESO":null,"ACCESIBIL":null,"UBI":null,"COLONIA":null,"TRONCO":null,"CFE":null},"geometry":{"type":"Point","coordinates":[370386.335,2837801.08808]}},{"type":"Feature","properties":{"LONG":null,"LAT":null,"NOMCIEN":"Quercus fusiformis","NOMCOM":"Encino siempreverde, encino molino","ORIGEN":"Nativa","ALTURA":7.8,"DAP":9.2,"OBJECTID":1722,"FECHA LEV":2015,"SALUD":null,"PROYE":null,"ACCESO":null,"ACCESIBIL":null,"UBI":null,"COLONIA":null,"TRONCO":null,"CFE":null},"geometry":{"type":"Point","coordinates":[370348.0,2837667.00008]}},{"type":"Feature","properties":{"LONG":null,"LAT":null,"NOMCIEN":"Quercus fusiformis","NOMCOM":"Encino siempreverde, encino molino","ORIGEN":"Nativa","ALTURA":12.7,"DAP":22.2,"OBJECTID":1723,"FECHA LEV":2015,"SALUD":null,"PROYE":null,"ACCESO":null,"ACCESIBIL":null,"UBI":null,"COLONIA":null,"TRONCO":null,"CFE":null},"geometry":{"type":"Point","coordinates":[370358.0,2837779.00008]}},{"type":"Feature","properties":{"LONG":null,"LAT":null,"NOMCIEN":"Juglans nigra","NOMCOM":"Nogal americano","ORIGEN":"Introducida","ALTURA":19.0,"DAP":63.0,"OBJECTID":1724,"FECHA LEV":2015,"SALUD":null,"PROYE":null,"ACCESO":null,"ACCESIBIL":null,"UBI":null,"COLONIA":null,"TRONCO":null,"CFE":null},"geometry":{"type":"Point","coordinates":[370389.18,2837794.40808]}},{"type":"Feature","properties":{"LONG":null,"LAT":null,"NOMCIEN":"Juglans nigra","NOMCOM":"Nogal americano","ORIGEN":"Introducida","ALTURA":17.5,"DAP":69.3,"OBJECTID":1725,"FECHA LEV":2015,"SALUD":null,"PROYE":null,"ACCESO":null,"ACCESIBIL":null,"UBI":null,"COLONIA":null,"TRONCO":null,"CFE":null},"geometry":{"type":"Point","coordinates":[370409.775,2837812.12008]}},{"type":"Feature","properties":{"LONG":null,"LAT":null,"NOMCIEN":"Quercus polymorpha","NOMCOM":"Encino roble, roble","ORIGEN":"Nativa","ALTURA":12.1,"DAP":34.8,"OBJECTID":1726,"FECHA LEV":2015,"SALUD":null,"PROYE":null,"ACCESO":null,"ACCESIBIL":null,"UBI":null,"COLONIA":null,"TRONCO":null,"CFE":null},"geometry":{"type":"Point","coordinates":[370391.654,2837802.57308]}},{"type":"Feature","properties":{"LONG":null,"LAT":null,"NOMCIEN":"Quercus polymorpha","NOMCOM":"Encino roble, roble","ORIGEN":"Nativa","ALTURA":15.8,"DAP":32.1,"OBJECTID":1727,"FECHA LEV":2015,"SALUD":null,"PROYE":null,"ACCESO":null,"ACCESIBIL":null,"UBI":null,"COLONIA":null,"TRONCO":null,"CFE":null},"geometry":{"type":"Point","coordinates":[370667.377,2837567.88308]}},{"type":"Feature","properties":{"LONG":null,"LAT":null,"NOMCIEN":"Quercus polymorpha","NOMCOM":"Encino roble, roble","ORIGEN":"Nativa","ALTURA":10.4,"DAP":32.0,"OBJECTID":1728,"FECHA LEV":2015,"SALUD":null,"PROYE":null,"ACCESO":null,"ACCESIBIL":null,"UBI":null,"COLONIA":null,"TRONCO":null,"CFE":null},"geometry":{"type":"Point","coordinates":[370706.797,2837621.98508]}},{"type":"Feature","properties":{"LONG":null,"LAT":null,"NOMCIEN":"Quercus polymorpha","NOMCOM":"Encino roble, roble","ORIGEN":"Nativa","ALTURA":10.5,"DAP":29.6,"OBJECTID":1729,"FECHA LEV":2015,"SALUD":null,"PROYE":null,"ACCESO":null,"ACCESIBIL":null,"UBI":null,"COLONIA":null,"TRONCO":null,"CFE":null},"geometry":{"type":"Point","coordinates":[370697.947,2837622.58908]}},{"type":"Feature","properties":{"LONG":null,"LAT":null,"NOMCIEN":"Fraxinus americana","NOMCOM":"Fresno blanco americano","ORIGEN":"Nativa","ALTURA":10.9,"DAP":60.9,"OBJECTID":1730,"FECHA LEV":2015,"SALUD":null,"PROYE":null,"ACCESO":null,"ACCESIBIL":null,"UBI":null,"COLONIA":null,"TRONCO":null,"CFE":null},"geometry":{"type":"Point","coordinates":[370671.198,2837579.34708]}},{"type":"Feature","properties":{"LONG":null,"LAT":null,"NOMCIEN":"Fraxinus americana","NOMCOM":"Fresno blanco americano","ORIGEN":"Nativa","ALTURA":9.8,"DAP":72.8,"OBJECTID":1731,"FECHA LEV":2015,"SALUD":null,"PROYE":null,"ACCESO":null,"ACCESIBIL":null,"UBI":null,"COLONIA":null,"TRONCO":null,"CFE":null},"geometry":{"type":"Point","coordinates":[370688.093,2837610.52108]}},{"type":"Feature","properties":{"LONG":null,"LAT":null,"NOMCIEN":"Fraxinus americana","NOMCOM":"Fresno blanco americano","ORIGEN":"Nativa","ALTURA":7.6,"DAP":53.1,"OBJECTID":1732,"FECHA LEV":2015,"SALUD":null,"PROYE":null,"ACCESO":null,"ACCESIBIL":null,"UBI":null,"COLONIA":null,"TRONCO":null,"CFE":null},"geometry":{"type":"Point","coordinates":[370689.299,2837598.65508]}},{"type":"Feature","properties":{"LONG":null,"LAT":null,"NOMCIEN":"Fraxinus americana","NOMCOM":"Fresno blanco americano","ORIGEN":"Nativa","ALTURA":7.2,"DAP":53.1,"OBJECTID":1733,"FECHA LEV":2015,"SALUD":null,"PROYE":null,"ACCESO":null,"ACCESIBIL":null,"UBI":null,"COLONIA":null,"TRONCO":null,"CFE":null},"geometry":{"type":"Point","coordinates":[370701.769,2837606.70008]}},{"type":"Feature","properties":{"LONG":null,"LAT":null,"NOMCIEN":"Fraxinus americana","NOMCOM":"Fresno blanco americano","ORIGEN":"Nativa","ALTURA":12.6,"DAP":61.3,"OBJECTID":1734,"FECHA LEV":2015,"SALUD":null,"PROYE":null,"ACCESO":null,"ACCESIBIL":null,"UBI":null,"COLONIA":null,"TRONCO":null,"CFE":null},"geometry":{"type":"Point","coordinates":[370721.479,2837623.39308]}},{"type":"Feature","properties":{"LONG":null,"LAT":null,"NOMCIEN":"Fraxinus americana","NOMCOM":"Fresno blanco americano","ORIGEN":"Nativa","ALTURA":10.8,"DAP":64.1,"OBJECTID":1735,"FECHA LEV":2015,"SALUD":null,"PROYE":null,"ACCESO":null,"ACCESIBIL":null,"UBI":null,"COLONIA":null,"TRONCO":null,"CFE":null},"geometry":{"type":"Point","coordinates":[370720.875,2837614.94608]}},{"type":"Feature","properties":{"LONG":null,"LAT":null,"NOMCIEN":"Fraxinus americana","NOMCOM":"Fresno blanco americano","ORIGEN":"Nativa","ALTURA":10.0,"DAP":68.8,"OBJECTID":1736,"FECHA LEV":2015,"SALUD":null,"PROYE":null,"ACCESO":null,"ACCESIBIL":null,"UBI":null,"COLONIA":null,"TRONCO":null,"CFE":null},"geometry":{"type":"Point","coordinates":[370721.278,2837603.48208]}},{"type":"Feature","properties":{"LONG":null,"LAT":null,"NOMCIEN":"Fraxinus americana","NOMCOM":"Fresno blanco americano","ORIGEN":"Nativa","ALTURA":10.6,"DAP":54.8,"OBJECTID":1737,"FECHA LEV":2015,"SALUD":null,"PROYE":null,"ACCESO":null,"ACCESIBIL":null,"UBI":null,"COLONIA":null,"TRONCO":null,"CFE":null},"geometry":{"type":"Point","coordinates":[370718.864,2837589.60408]}},{"type":"Feature","properties":{"LONG":null,"LAT":null,"NOMCIEN":"Quercus polymorpha","NOMCOM":"Encino roble, roble","ORIGEN":"Nativa","ALTURA":12.1,"DAP":37.8,"OBJECTID":1738,"FECHA LEV":2015,"SALUD":null,"PROYE":null,"ACCESO":null,"ACCESIBIL":null,"UBI":null,"COLONIA":null,"TRONCO":null,"CFE":null},"geometry":{"type":"Point","coordinates":[370677.031,2837592.01808]}},{"type":"Feature","properties":{"LONG":null,"LAT":null,"NOMCIEN":"Fraxinus americana","NOMCOM":"Fresno blanco americano","ORIGEN":"Nativa","ALTURA":10.6,"DAP":49.7,"OBJECTID":1739,"FECHA LEV":2015,"SALUD":null,"PROYE":null,"ACCESO":null,"ACCESIBIL":null,"UBI":null,"COLONIA":null,"TRONCO":null,"CFE":null},"geometry":{"type":"Point","coordinates":[370719.065,2837583.57108]}},{"type":"Feature","properties":{"LONG":null,"LAT":null,"NOMCIEN":"Fraxinus americana","NOMCOM":"Fresno blanco americano","ORIGEN":"Nativa","ALTURA":9.4,"DAP":45.4,"OBJECTID":1740,"FECHA LEV":2015,"SALUD":null,"PROYE":null,"ACCESO":null,"ACCESIBIL":null,"UBI":null,"COLONIA":null,"TRONCO":null,"CFE":null},"geometry":{"type":"Point","coordinates":[370710.015,2837586.58808]}},{"type":"Feature","properties":{"LONG":null,"LAT":null,"NOMCIEN":"Fraxinus americana","NOMCOM":"Fresno blanco americano","ORIGEN":"Nativa","ALTURA":11.4,"DAP":77.6,"OBJECTID":1741,"FECHA LEV":2015,"SALUD":null,"PROYE":null,"ACCESO":null,"ACCESIBIL":null,"UBI":null,"COLONIA":null,"TRONCO":null,"CFE":null},"geometry":{"type":"Point","coordinates":[370747.021,2837576.93408]}},{"type":"Feature","properties":{"LONG":null,"LAT":null,"NOMCIEN":"Juglans nigra","NOMCOM":"Nogal americano","ORIGEN":"Introducida","ALTURA":12.3,"DAP":35.3,"OBJECTID":1742,"FECHA LEV":2015,"SALUD":null,"PROYE":null,"ACCESO":null,"ACCESIBIL":null,"UBI":null,"COLONIA":null,"TRONCO":null,"CFE":null},"geometry":{"type":"Point","coordinates":[370672.606,2837569.29108]}},{"type":"Feature","properties":{"LONG":null,"LAT":null,"NOMCIEN":"Juglans nigra","NOMCOM":"Nogal americano","ORIGEN":"Introducida","ALTURA":14.4,"DAP":32.3,"OBJECTID":1743,"FECHA LEV":2015,"SALUD":null,"PROYE":null,"ACCESO":null,"ACCESIBIL":null,"UBI":null,"COLONIA":null,"TRONCO":null,"CFE":null},"geometry":{"type":"Point","coordinates":[370681.455,2837569.89408]}},{"type":"Feature","properties":{"LONG":null,"LAT":null,"NOMCIEN":"Juglans nigra","NOMCOM":"Nogal americano","ORIGEN":"Introducida","ALTURA":11.4,"DAP":39.5,"OBJECTID":1744,"FECHA LEV":2015,"SALUD":null,"PROYE":null,"ACCESO":null,"ACCESIBIL":null,"UBI":null,"COLONIA":null,"TRONCO":null,"CFE":null},"geometry":{"type":"Point","coordinates":[370691.713,2837570.69908]}},{"type":"Feature","properties":{"LONG":null,"LAT":null,"NOMCIEN":"Juglans nigra","NOMCOM":"Nogal americano","ORIGEN":"Introducida","ALTURA":11.8,"DAP":42.8,"OBJECTID":1745,"FECHA LEV":2015,"SALUD":null,"PROYE":null,"ACCESO":null,"ACCESIBIL":null,"UBI":null,"COLONIA":null,"TRONCO":null,"CFE":null},"geometry":{"type":"Point","coordinates":[370700.964,2837571.10108]}},{"type":"Feature","properties":{"LONG":null,"LAT":null,"NOMCIEN":"Juglans nigra","NOMCOM":"Nogal americano","ORIGEN":"Introducida","ALTURA":11.5,"DAP":30.7,"OBJECTID":1746,"FECHA LEV":2015,"SALUD":null,"PROYE":null,"ACCESO":null,"ACCESIBIL":null,"UBI":null,"COLONIA":null,"TRONCO":null,"CFE":null},"geometry":{"type":"Point","coordinates":[370710.618,2837570.49808]}},{"type":"Feature","properties":{"LONG":null,"LAT":null,"NOMCIEN":"Juglans nigra","NOMCOM":"Nogal americano","ORIGEN":"Introducida","ALTURA":9.2,"DAP":39.2,"OBJECTID":1747,"FECHA LEV":2015,"SALUD":null,"PROYE":null,"ACCESO":null,"ACCESIBIL":null,"UBI":null,"COLONIA":null,"TRONCO":null,"CFE":null},"geometry":{"type":"Point","coordinates":[370719.065,2837570.49808]}},{"type":"Feature","properties":{"LONG":null,"LAT":null,"NOMCIEN":"Juglans nigra","NOMCOM":"Nogal americano","ORIGEN":"Introducida","ALTURA":8.2,"DAP":21.6,"OBJECTID":1748,"FECHA LEV":2015,"SALUD":null,"PROYE":null,"ACCESO":null,"ACCESIBIL":null,"UBI":null,"COLONIA":null,"TRONCO":null,"CFE":null},"geometry":{"type":"Point","coordinates":[370691.713,2837581.96208]}},{"type":"Feature","properties":{"LONG":null,"LAT":null,"NOMCIEN":"Quercus polymorpha","NOMCOM":"Encino roble, roble","ORIGEN":"Nativa","ALTURA":9.8,"DAP":20.0,"OBJECTID":1749,"FECHA LEV":2015,"SALUD":null,"PROYE":null,"ACCESO":null,"ACCESIBIL":null,"UBI":null,"COLONIA":null,"TRONCO":null,"CFE":null},"geometry":{"type":"Point","coordinates":[370681.053,2837598.45408]}},{"type":"Feature","properties":{"LONG":null,"LAT":null,"NOMCIEN":"Juglans nigra","NOMCOM":"Nogal americano","ORIGEN":"Introducida","ALTURA":8.6,"DAP":25.8,"OBJECTID":1750,"FECHA LEV":2015,"SALUD":null,"PROYE":null,"ACCESO":null,"ACCESIBIL":null,"UBI":null,"COLONIA":null,"TRONCO":null,"CFE":null},"geometry":{"type":"Point","coordinates":[370710.819,2837579.54808]}},{"type":"Feature","properties":{"LONG":null,"LAT":null,"NOMCIEN":"Juglans nigra","NOMCOM":"Nogal americano","ORIGEN":"Introducida","ALTURA":6.8,"DAP":25.5,"OBJECTID":1751,"FECHA LEV":2015,"SALUD":null,"PROYE":null,"ACCESO":null,"ACCESIBIL":null,"UBI":null,"COLONIA":null,"TRONCO":null,"CFE":null},"geometry":{"type":"Point","coordinates":[370700.16,2837594.43108]}},{"type":"Feature","properties":{"LONG":null,"LAT":null,"NOMCIEN":"Juglans nigra","NOMCOM":"Nogal americano","ORIGEN":"Introducida","ALTURA":11.6,"DAP":41.7,"OBJECTID":1752,"FECHA LEV":2015,"SALUD":null,"PROYE":null,"ACCESO":null,"ACCESIBIL":null,"UBI":null,"COLONIA":null,"TRONCO":null,"CFE":null},"geometry":{"type":"Point","coordinates":[370709.411,2837597.44808]}},{"type":"Feature","properties":{"LONG":null,"LAT":null,"NOMCIEN":"Quercus fusiformis","NOMCOM":"Encino siempreverde, encino molino","ORIGEN":"Nativa","ALTURA":7.0,"DAP":36.1,"OBJECTID":1753,"FECHA LEV":2015,"SALUD":null,"PROYE":null,"ACCESO":null,"ACCESIBIL":null,"UBI":null,"COLONIA":null,"TRONCO":null,"CFE":null},"geometry":{"type":"Point","coordinates":[370705.134,2837612.66908]}},{"type":"Feature","properties":{"LONG":null,"LAT":null,"NOMCIEN":"Quercus polymorpha","NOMCOM":"Encino roble, roble","ORIGEN":"Nativa","ALTURA":10.4,"DAP":26.5,"OBJECTID":1754,"FECHA LEV":2015,"SALUD":null,"PROYE":null,"ACCESO":null,"ACCESIBIL":null,"UBI":null,"COLONIA":null,"TRONCO":null,"CFE":null},"geometry":{"type":"Point","coordinates":[370734.177,2837575.15508]}},{"type":"Feature","properties":{"LONG":null,"LAT":null,"NOMCIEN":"Quercus polymorpha","NOMCOM":"Encino roble, roble","ORIGEN":"Nativa","ALTURA":10.0,"DAP":27.4,"OBJECTID":1755,"FECHA LEV":2015,"SALUD":null,"PROYE":null,"ACCESO":null,"ACCESIBIL":null,"UBI":null,"COLONIA":null,"TRONCO":null,"CFE":null},"geometry":{"type":"Point","coordinates":[370734.35,2837569.45008]}},{"type":"Feature","properties":{"LONG":null,"LAT":null,"NOMCIEN":"Quercus polymorpha","NOMCOM":"Encino roble, roble","ORIGEN":"Nativa","ALTURA":12.0,"DAP":39.3,"OBJECTID":1756,"FECHA LEV":2015,"SALUD":null,"PROYE":null,"ACCESO":null,"ACCESIBIL":null,"UBI":null,"COLONIA":null,"TRONCO":null,"CFE":null},"geometry":{"type":"Point","coordinates":[370735.041,2837559.25108]}},{"type":"Feature","properties":{"LONG":null,"LAT":null,"NOMCIEN":"Quercus fusiformis","NOMCOM":"Encino siempreverde, encino molino","ORIGEN":"Nativa","ALTURA":8.4,"DAP":28.5,"OBJECTID":1757,"FECHA LEV":2015,"SALUD":null,"PROYE":null,"ACCESO":null,"ACCESIBIL":null,"UBI":null,"COLONIA":null,"TRONCO":null,"CFE":null},"geometry":{"type":"Point","coordinates":[370734.696,2837564.26408]}},{"type":"Feature","properties":{"LONG":null,"LAT":null,"NOMCIEN":"Quercus fusiformis","NOMCOM":"Encino siempreverde, encino molino","ORIGEN":"Nativa","ALTURA":14.1,"DAP":24.6,"OBJECTID":1758,"FECHA LEV":2015,"SALUD":null,"PROYE":null,"ACCESO":null,"ACCESIBIL":null,"UBI":null,"COLONIA":null,"TRONCO":null,"CFE":null},"geometry":{"type":"Point","coordinates":[370765.986,2837572.21608]}},{"type":"Feature","properties":{"LONG":null,"LAT":null,"NOMCIEN":"Fraxinus americana","NOMCOM":"Fresno blanco americano","ORIGEN":"Nativa","ALTURA":11.6,"DAP":96.5,"OBJECTID":1759,"FECHA LEV":2015,"SALUD":null,"PROYE":null,"ACCESO":null,"ACCESIBIL":null,"UBI":null,"COLONIA":null,"TRONCO":null,"CFE":null},"geometry":{"type":"Point","coordinates":[370774.783,2837670.39608]}},{"type":"Feature","properties":{"LONG":null,"LAT":null,"NOMCIEN":"Quercus polymorpha","NOMCOM":"Encino roble, roble","ORIGEN":"Nativa","ALTURA":15.5,"DAP":32.5,"OBJECTID":1760,"FECHA LEV":2015,"SALUD":null,"PROYE":null,"ACCESO":null,"ACCESIBIL":null,"UBI":null,"COLONIA":null,"TRONCO":null,"CFE":null},"geometry":{"type":"Point","coordinates":[370683.266,2837578.94508]}},{"type":"Feature","properties":{"LONG":null,"LAT":null,"NOMCIEN":"Fraxinus americana","NOMCOM":"Fresno blanco americano","ORIGEN":"Nativa","ALTURA":11.8,"DAP":84.6,"OBJECTID":1761,"FECHA LEV":2015,"SALUD":null,"PROYE":null,"ACCESO":null,"ACCESIBIL":null,"UBI":null,"COLONIA":null,"TRONCO":null,"CFE":null},"geometry":{"type":"Point","coordinates":[370788.146,2837668.48708]}},{"type":"Feature","properties":{"LONG":null,"LAT":null,"NOMCIEN":"Fraxinus americana","NOMCOM":"Fresno blanco americano","ORIGEN":"Nativa","ALTURA":12.4,"DAP":114.4,"OBJECTID":1762,"FECHA LEV":2015,"SALUD":null,"PROYE":null,"ACCESO":null,"ACCESIBIL":null,"UBI":null,"COLONIA":null,"TRONCO":null,"CFE":null},"geometry":{"type":"Point","coordinates":[370802.654,2837666.57808]}},{"type":"Feature","properties":{"LONG":null,"LAT":null,"NOMCIEN":"Fraxinus americana","NOMCOM":"Fresno blanco americano","ORIGEN":"Nativa","ALTURA":14.3,"DAP":67.4,"OBJECTID":1763,"FECHA LEV":2015,"SALUD":null,"PROYE":null,"ACCESO":null,"ACCESIBIL":null,"UBI":null,"COLONIA":null,"TRONCO":null,"CFE":null},"geometry":{"type":"Point","coordinates":[370809.527,2837585.25608]}},{"type":"Feature","properties":{"LONG":null,"LAT":null,"NOMCIEN":"Quercus fusiformis","NOMCOM":"Encino siempreverde, encino molino","ORIGEN":"Nativa","ALTURA":11.7,"DAP":35.9,"OBJECTID":1764,"FECHA LEV":2015,"SALUD":null,"PROYE":null,"ACCESO":null,"ACCESIBIL":null,"UBI":null,"COLONIA":null,"TRONCO":null,"CFE":null},"geometry":{"type":"Point","coordinates":[370740.804,2837669.82408]}},{"type":"Feature","properties":{"LONG":null,"LAT":null,"NOMCIEN":"Quercus polymorpha","NOMCOM":"Encino roble, roble","ORIGEN":"Nativa","ALTURA":16.5,"DAP":35.6,"OBJECTID":1765,"FECHA LEV":2015,"SALUD":null,"PROYE":null,"ACCESO":null,"ACCESIBIL":null,"UBI":null,"COLONIA":null,"TRONCO":null,"CFE":null},"geometry":{"type":"Point","coordinates":[370740.231,2837653.59708]}},{"type":"Feature","properties":{"LONG":null,"LAT":null,"NOMCIEN":"Quercus polymorpha","NOMCOM":"Encino roble, roble","ORIGEN":"Nativa","ALTURA":17.0,"DAP":38.0,"OBJECTID":1766,"FECHA LEV":2015,"SALUD":null,"PROYE":null,"ACCESO":null,"ACCESIBIL":null,"UBI":null,"COLONIA":null,"TRONCO":null,"CFE":null},"geometry":{"type":"Point","coordinates":[370753.976,2837665.05108]}},{"type":"Feature","properties":{"LONG":null,"LAT":null,"NOMCIEN":"Pinus halepensis","NOMCOM":"Pino aleppo","ORIGEN":"Introducida","ALTURA":13.0,"DAP":62.5,"OBJECTID":1767,"FECHA LEV":2015,"SALUD":null,"PROYE":null,"ACCESO":null,"ACCESIBIL":null,"UBI":null,"COLONIA":null,"TRONCO":null,"CFE":null},"geometry":{"type":"Point","coordinates":[370728.777,2837622.09908]}},{"type":"Feature","properties":{"LONG":null,"LAT":null,"NOMCIEN":"Pinus halepensis","NOMCOM":"Pino aleppo","ORIGEN":"Introducida","ALTURA":18.2,"DAP":78.7,"OBJECTID":1768,"FECHA LEV":2015,"SALUD":null,"PROYE":null,"ACCESO":null,"ACCESIBIL":null,"UBI":null,"COLONIA":null,"TRONCO":null,"CFE":null},"geometry":{"type":"Point","coordinates":[370728.77,2837630.53908]}},{"type":"Feature","properties":{"LONG":null,"LAT":null,"NOMCIEN":"Pinus halepensis","NOMCOM":"Pino aleppo","ORIGEN":"Introducida","ALTURA":18.0,"DAP":50.7,"OBJECTID":1769,"FECHA LEV":2015,"SALUD":null,"PROYE":null,"ACCESO":null,"ACCESIBIL":null,"UBI":null,"COLONIA":null,"TRONCO":null,"CFE":null},"geometry":{"type":"Point","coordinates":[370812.772,2837662.76008]}},{"type":"Feature","properties":{"LONG":null,"LAT":null,"NOMCIEN":"Quercus fusiformis","NOMCOM":"Encino siempreverde, encino molino","ORIGEN":"Nativa","ALTURA":14.3,"DAP":67.7,"OBJECTID":1770,"FECHA LEV":2015,"SALUD":null,"PROYE":null,"ACCESO":null,"ACCESIBIL":null,"UBI":null,"COLONIA":null,"TRONCO":null,"CFE":null},"geometry":{"type":"Point","coordinates":[370740.804,2837591.74708]}},{"type":"Feature","properties":{"LONG":null,"LAT":null,"NOMCIEN":"Quercus polymorpha","NOMCOM":"Encino roble, roble","ORIGEN":"Nativa","ALTURA":8.3,"DAP":22.6,"OBJECTID":1771,"FECHA LEV":2015,"SALUD":null,"PROYE":null,"ACCESO":null,"ACCESIBIL":null,"UBI":null,"COLONIA":null,"TRONCO":null,"CFE":null},"geometry":{"type":"Point","coordinates":[370700.562,2837584.77808]}},{"type":"Feature","properties":{"LONG":null,"LAT":null,"NOMCIEN":"Quercus fusiformis","NOMCOM":"Encino siempreverde, encino molino","ORIGEN":"Nativa","ALTURA":13.0,"DAP":44.5,"OBJECTID":1772,"FECHA LEV":2015,"SALUD":null,"PROYE":null,"ACCESO":null,"ACCESIBIL":null,"UBI":null,"COLONIA":null,"TRONCO":null,"CFE":null},"geometry":{"type":"Point","coordinates":[370749.203,2837586.59208]}},{"type":"Feature","properties":{"LONG":null,"LAT":null,"NOMCIEN":"Quercus fusiformis","NOMCOM":"Encino siempreverde, encino molino","ORIGEN":"Nativa","ALTURA":13.9,"DAP":48.6,"OBJECTID":1773,"FECHA LEV":2015,"SALUD":null,"PROYE":null,"ACCESO":null,"ACCESIBIL":null,"UBI":null,"COLONIA":null,"TRONCO":null,"CFE":null},"geometry":{"type":"Point","coordinates":[370767.529,2837582.01108]}},{"type":"Feature","properties":{"LONG":null,"LAT":null,"NOMCIEN":"Quercus polymorpha","NOMCOM":"Encino roble, roble","ORIGEN":"Nativa","ALTURA":11.6,"DAP":31.4,"OBJECTID":1774,"FECHA LEV":2015,"SALUD":null,"PROYE":null,"ACCESO":null,"ACCESIBIL":null,"UBI":null,"COLONIA":null,"TRONCO":null,"CFE":null},"geometry":{"type":"Point","coordinates":[370709.572,2837602.89408]}},{"type":"Feature","properties":{"LONG":null,"LAT":null,"NOMCIEN":"Quercus fusiformis","NOMCOM":"Encino siempreverde, encino molino","ORIGEN":"Nativa","ALTURA":7.6,"DAP":28.0,"OBJECTID":1775,"FECHA LEV":2015,"SALUD":null,"PROYE":null,"ACCESO":null,"ACCESIBIL":null,"UBI":null,"COLONIA":null,"TRONCO":null,"CFE":null},"geometry":{"type":"Point","coordinates":[370703.903,2837626.98908]}},{"type":"Feature","properties":{"LONG":null,"LAT":null,"NOMCIEN":"Quercus fusiformis","NOMCOM":"Encino siempreverde, encino molino","ORIGEN":"Nativa","ALTURA":7.2,"DAP":21.0,"OBJECTID":1776,"FECHA LEV":2015,"SALUD":null,"PROYE":null,"ACCESO":null,"ACCESIBIL":null,"UBI":null,"COLONIA":null,"TRONCO":null,"CFE":null},"geometry":{"type":"Point","coordinates":[370696.285,2837630.70908]}},{"type":"Feature","properties":{"LONG":null,"LAT":null,"NOMCIEN":"Quercus fusiformis","NOMCOM":"Encino siempreverde, encino molino","ORIGEN":"Nativa","ALTURA":15.9,"DAP":49.2,"OBJECTID":1777,"FECHA LEV":2015,"SALUD":null,"PROYE":null,"ACCESO":null,"ACCESIBIL":null,"UBI":null,"COLONIA":null,"TRONCO":null,"CFE":null},"geometry":{"type":"Point","coordinates":[370793.728,2837586.24708]}},{"type":"Feature","properties":{"LONG":null,"LAT":null,"NOMCIEN":"Cupressus sempervirens","NOMCOM":"Ciprés mediterráneo, ciprés italiano, ciprés pincel","ORIGEN":"Introducida","ALTURA":7.5,"DAP":38.0,"OBJECTID":1778,"FECHA LEV":2015,"SALUD":null,"PROYE":null,"ACCESO":null,"ACCESIBIL":null,"UBI":null,"COLONIA":null,"TRONCO":null,"CFE":null},"geometry":{"type":"Point","coordinates":[370787.585,2837585.63208]}},{"type":"Feature","properties":{"LONG":null,"LAT":null,"NOMCIEN":"Quercus fusiformis","NOMCOM":"Encino siempreverde, encino molino","ORIGEN":"Nativa","ALTURA":14.9,"DAP":41.0,"OBJECTID":1779,"FECHA LEV":2015,"SALUD":null,"PROYE":null,"ACCESO":null,"ACCESIBIL":null,"UBI":null,"COLONIA":null,"TRONCO":null,"CFE":null},"geometry":{"type":"Point","coordinates":[370787.585,2837566.59008]}},{"type":"Feature","properties":{"LONG":null,"LAT":null,"NOMCIEN":"Quercus fusiformis","NOMCOM":"Encino siempreverde, encino molino","ORIGEN":"Nativa","ALTURA":12.1,"DAP":33.8,"OBJECTID":1780,"FECHA LEV":2015,"SALUD":null,"PROYE":null,"ACCESO":null,"ACCESIBIL":null,"UBI":null,"COLONIA":null,"TRONCO":null,"CFE":null},"geometry":{"type":"Point","coordinates":[370759.021,2837573.04008]}},{"type":"Feature","properties":{"LONG":null,"LAT":null,"NOMCIEN":"Quercus fusiformis","NOMCOM":"Encino siempreverde, encino molino","ORIGEN":"Nativa","ALTURA":9.9,"DAP":32.9,"OBJECTID":1781,"FECHA LEV":2015,"SALUD":null,"PROYE":null,"ACCESO":null,"ACCESIBIL":null,"UBI":null,"COLONIA":null,"TRONCO":null,"CFE":null},"geometry":{"type":"Point","coordinates":[370769.771,2837558.60408]}},{"type":"Feature","properties":{"LONG":null,"LAT":null,"NOMCIEN":"Quercus polymorpha","NOMCOM":"Encino roble, roble","ORIGEN":"Nativa","ALTURA":10.4,"DAP":17.8,"OBJECTID":1782,"FECHA LEV":2015,"SALUD":null,"PROYE":null,"ACCESO":null,"ACCESIBIL":null,"UBI":null,"COLONIA":null,"TRONCO":null,"CFE":null},"geometry":{"type":"Point","coordinates":[370693.523,2837590.81108]}},{"type":"Feature","properties":{"LONG":null,"LAT":null,"NOMCIEN":"Cupressus sempervirens","NOMCOM":"Ciprés mediterráneo, ciprés italiano, ciprés pincel","ORIGEN":"Introducida","ALTURA":7.0,"DAP":44.3,"OBJECTID":1783,"FECHA LEV":2015,"SALUD":null,"PROYE":null,"ACCESO":null,"ACCESIBIL":null,"UBI":null,"COLONIA":null,"TRONCO":null,"CFE":null},"geometry":{"type":"Point","coordinates":[370770.386,2837585.93908]}},{"type":"Feature","properties":{"LONG":null,"LAT":null,"NOMCIEN":"Fraxinus americana","NOMCOM":"Fresno blanco americano","ORIGEN":"Nativa","ALTURA":10.4,"DAP":62.0,"OBJECTID":1784,"FECHA LEV":2015,"SALUD":null,"PROYE":null,"ACCESO":null,"ACCESIBIL":null,"UBI":null,"COLONIA":null,"TRONCO":null,"CFE":null},"geometry":{"type":"Point","coordinates":[370720.936,2837631.08908]}},{"type":"Feature","properties":{"LONG":null,"LAT":null,"NOMCIEN":"Quercus polymorpha","NOMCOM":"Encino roble, roble","ORIGEN":"Nativa","ALTURA":11.6,"DAP":18.7,"OBJECTID":1785,"FECHA LEV":2015,"SALUD":null,"PROYE":null,"ACCESO":null,"ACCESIBIL":null,"UBI":null,"COLONIA":null,"TRONCO":null,"CFE":null},"geometry":{"type":"Point","coordinates":[370703.429,2837602.21808]}},{"type":"Feature","properties":{"LONG":null,"LAT":null,"NOMCIEN":"Quercus shumardii","NOMCOM":"Encino rojo","ORIGEN":"Introducida","ALTURA":4.7,"DAP":7.9,"OBJECTID":1786,"FECHA LEV":2015,"SALUD":null,"PROYE":null,"ACCESO":null,"ACCESIBIL":null,"UBI":null,"COLONIA":null,"TRONCO":null,"CFE":null},"geometry":{"type":"Point","coordinates":[370720.328,2837596.53208]}},{"type":"Feature","properties":{"LONG":null,"LAT":null,"NOMCIEN":"Quercus polymorpha","NOMCOM":"Encino roble, roble","ORIGEN":"Nativa","ALTURA":10.4,"DAP":23.3,"OBJECTID":1787,"FECHA LEV":2015,"SALUD":null,"PROYE":null,"ACCESO":null,"ACCESIBIL":null,"UBI":null,"COLONIA":null,"TRONCO":null,"CFE":null},"geometry":{"type":"Point","coordinates":[370831.48,2837604.53708]}},{"type":"Feature","properties":{"LONG":null,"LAT":null,"NOMCIEN":"Ulmus crassifolia","NOMCOM":"Olmo","ORIGEN":"Nativa","ALTURA":7.1,"DAP":16.3,"OBJECTID":1788,"FECHA LEV":2015,"SALUD":null,"PROYE":null,"ACCESO":null,"ACCESIBIL":null,"UBI":null,"COLONIA":null,"TRONCO":null,"CFE":null},"geometry":{"type":"Point","coordinates":[370841.0,2837614.00008]}},{"type":"Feature","properties":{"LONG":null,"LAT":null,"NOMCIEN":"Quercus fusiformis","NOMCOM":"Encino siempreverde, encino molino","ORIGEN":"Nativa","ALTURA":11.6,"DAP":20.0,"OBJECTID":1789,"FECHA LEV":2015,"SALUD":null,"PROYE":null,"ACCESO":null,"ACCESIBIL":null,"UBI":null,"COLONIA":null,"TRONCO":null,"CFE":null},"geometry":{"type":"Point","coordinates":[370832.625,2837635.65308]}},{"type":"Feature","properties":{"LONG":null,"LAT":null,"NOMCIEN":"Ulmus crassifolia","NOMCOM":"Olmo","ORIGEN":"Nativa","ALTURA":10.6,"DAP":18.3,"OBJECTID":1790,"FECHA LEV":2015,"SALUD":null,"PROYE":null,"ACCESO":null,"ACCESIBIL":null,"UBI":null,"COLONIA":null,"TRONCO":null,"CFE":null},"geometry":{"type":"Point","coordinates":[370838.0,2837637.00008]}},{"type":"Feature","properties":{"LONG":null,"LAT":null,"NOMCIEN":"Quercus shumardii","NOMCOM":"Encino rojo","ORIGEN":"Introducida","ALTURA":9.4,"DAP":19.9,"OBJECTID":1791,"FECHA LEV":2015,"SALUD":null,"PROYE":null,"ACCESO":null,"ACCESIBIL":null,"UBI":null,"COLONIA":null,"TRONCO":null,"CFE":null},"geometry":{"type":"Point","coordinates":[370815.0,2837662.00008]}},{"type":"Feature","properties":{"LONG":null,"LAT":null,"NOMCIEN":"Quercus fusiformis","NOMCOM":"Encino siempreverde, encino molino","ORIGEN":"Nativa","ALTURA":11.0,"DAP":25.7,"OBJECTID":1792,"FECHA LEV":2015,"SALUD":null,"PROYE":null,"ACCESO":null,"ACCESIBIL":null,"UBI":null,"COLONIA":null,"TRONCO":null,"CFE":null},"geometry":{"type":"Point","coordinates":[370803.9,2837656.58008]}},{"type":"Feature","properties":{"LONG":null,"LAT":null,"NOMCIEN":"Quercus polymorpha","NOMCOM":"Encino roble, roble","ORIGEN":"Nativa","ALTURA":9.5,"DAP":26.9,"OBJECTID":1793,"FECHA LEV":2015,"SALUD":null,"PROYE":null,"ACCESO":null,"ACCESIBIL":null,"UBI":null,"COLONIA":null,"TRONCO":null,"CFE":null},"geometry":{"type":"Point","coordinates":[370686.484,2837587.79408]}},{"type":"Feature","properties":{"LONG":null,"LAT":null,"NOMCIEN":"Quercus fusiformis","NOMCOM":"Encino siempreverde, encino molino","ORIGEN":"Nativa","ALTURA":13.8,"DAP":9.9,"OBJECTID":1794,"FECHA LEV":2015,"SALUD":null,"PROYE":null,"ACCESO":null,"ACCESIBIL":null,"UBI":null,"COLONIA":null,"TRONCO":null,"CFE":null},"geometry":{"type":"Point","coordinates":[370799.0,2837666.00008]}},{"type":"Feature","properties":{"LONG":null,"LAT":null,"NOMCIEN":"Quercus fusiformis","NOMCOM":"Encino siempreverde, encino molino","ORIGEN":"Nativa","ALTURA":8.3,"DAP":17.1,"OBJECTID":1795,"FECHA LEV":2015,"SALUD":null,"PROYE":null,"ACCESO":null,"ACCESIBIL":null,"UBI":null,"COLONIA":null,"TRONCO":null,"CFE":null},"geometry":{"type":"Point","coordinates":[370783.0,2837662.00008]}},{"type":"Feature","properties":{"LONG":null,"LAT":null,"NOMCIEN":"Quercus fusiformis","NOMCOM":"Encino siempreverde, encino molino","ORIGEN":"Nativa","ALTURA":13.1,"DAP":18.0,"OBJECTID":1796,"FECHA LEV":2015,"SALUD":null,"PROYE":null,"ACCESO":null,"ACCESIBIL":null,"UBI":null,"COLONIA":null,"TRONCO":null,"CFE":null},"geometry":{"type":"Point","coordinates":[370773.0,2837662.00008]}},{"type":"Feature","properties":{"LONG":null,"LAT":null,"NOMCIEN":"Quercus polymorpha","NOMCOM":"Encino roble, roble","ORIGEN":"Nativa","ALTURA":14.4,"DAP":20.4,"OBJECTID":1797,"FECHA LEV":2015,"SALUD":null,"PROYE":null,"ACCESO":null,"ACCESIBIL":null,"UBI":null,"COLONIA":null,"TRONCO":null,"CFE":null},"geometry":{"type":"Point","coordinates":[370736.0,2837666.00008]}},{"type":"Feature","properties":{"LONG":null,"LAT":null,"NOMCIEN":"Quercus fusiformis","NOMCOM":"Encino siempreverde, encino molino","ORIGEN":"Nativa","ALTURA":13.4,"DAP":21.2,"OBJECTID":1798,"FECHA LEV":2015,"SALUD":null,"PROYE":null,"ACCESO":null,"ACCESIBIL":null,"UBI":null,"COLONIA":null,"TRONCO":null,"CFE":null},"geometry":{"type":"Point","coordinates":[370732.0,2837661.00008]}},{"type":"Feature","properties":{"LONG":null,"LAT":null,"NOMCIEN":"Quercus polymorpha","NOMCOM":"Encino roble, roble","ORIGEN":"Nativa","ALTURA":9.8,"DAP":24.5,"OBJECTID":1799,"FECHA LEV":2015,"SALUD":null,"PROYE":null,"ACCESO":null,"ACCESIBIL":null,"UBI":null,"COLONIA":null,"TRONCO":null,"CFE":null},"geometry":{"type":"Point","coordinates":[370695.936,2837601.87308]}},{"type":"Feature","properties":{"LONG":null,"LAT":null,"NOMCIEN":"Quercus polymorpha","NOMCOM":"Encino roble, roble","ORIGEN":"Nativa","ALTURA":11.0,"DAP":21.4,"OBJECTID":1800,"FECHA LEV":2015,"SALUD":null,"PROYE":null,"ACCESO":null,"ACCESIBIL":null,"UBI":null,"COLONIA":null,"TRONCO":null,"CFE":null},"geometry":{"type":"Point","coordinates":[370712.831,2837616.75608]}},{"type":"Feature","properties":{"LONG":null,"LAT":null,"NOMCIEN":"Quercus polymorpha","NOMCOM":"Encino roble, roble","ORIGEN":"Nativa","ALTURA":11.8,"DAP":37.9,"OBJECTID":1801,"FECHA LEV":2015,"SALUD":null,"PROYE":null,"ACCESO":null,"ACCESIBIL":null,"UBI":null,"COLONIA":null,"TRONCO":null,"CFE":null},"geometry":{"type":"Point","coordinates":[370603.432,2837569.49008]}},{"type":"Feature","properties":{"LONG":null,"LAT":null,"NOMCIEN":"Fraxinus americana","NOMCOM":"Fresno blanco americano","ORIGEN":"Nativa","ALTURA":8.4,"DAP":81.1,"OBJECTID":1802,"FECHA LEV":2015,"SALUD":null,"PROYE":null,"ACCESO":null,"ACCESIBIL":null,"UBI":null,"COLONIA":null,"TRONCO":null,"CFE":null},"geometry":{"type":"Point","coordinates":[370597.707,2837583.19608]}},{"type":"Feature","properties":{"LONG":null,"LAT":null,"NOMCIEN":"Fraxinus americana","NOMCOM":"Fresno blanco americano","ORIGEN":"Nativa","ALTURA":9.4,"DAP":79.5,"OBJECTID":1803,"FECHA LEV":2015,"SALUD":null,"PROYE":null,"ACCESO":null,"ACCESIBIL":null,"UBI":null,"COLONIA":null,"TRONCO":null,"CFE":null},"geometry":{"type":"Point","coordinates":[370592.849,2837574.00008]}},{"type":"Feature","properties":{"LONG":null,"LAT":null,"NOMCIEN":"Quercus shumardii","NOMCOM":"Encino rojo","ORIGEN":"Introducida","ALTURA":9.4,"DAP":17.9,"OBJECTID":1804,"FECHA LEV":2015,"SALUD":null,"PROYE":null,"ACCESO":null,"ACCESIBIL":null,"UBI":null,"COLONIA":null,"TRONCO":null,"CFE":null},"geometry":{"type":"Point","coordinates":[370611.066,2837635.93808]}},{"type":"Feature","properties":{"LONG":null,"LAT":null,"NOMCIEN":"Quercus fusiformis","NOMCOM":"Encino siempreverde, encino molino","ORIGEN":"Nativa","ALTURA":8.3,"DAP":23.5,"OBJECTID":1805,"FECHA LEV":2015,"SALUD":null,"PROYE":null,"ACCESO":null,"ACCESIBIL":null,"UBI":null,"COLONIA":null,"TRONCO":null,"CFE":null},"geometry":{"type":"Point","coordinates":[370647.324,2837669.58708]}},{"type":"Feature","properties":{"LONG":null,"LAT":null,"NOMCIEN":"Fraxinus americana","NOMCOM":"Fresno blanco americano","ORIGEN":"Nativa","ALTURA":14.0,"DAP":75.3,"OBJECTID":1806,"FECHA LEV":2015,"SALUD":null,"PROYE":null,"ACCESO":null,"ACCESIBIL":null,"UBI":null,"COLONIA":null,"TRONCO":null,"CFE":null},"geometry":{"type":"Point","coordinates":[370656.83,2837670.08908]}},{"type":"Feature","properties":{"LONG":null,"LAT":null,"NOMCIEN":"Fraxinus americana","NOMCOM":"Fresno blanco americano","ORIGEN":"Nativa","ALTURA":11.8,"DAP":76.7,"OBJECTID":1807,"FECHA LEV":2015,"SALUD":null,"PROYE":null,"ACCESO":null,"ACCESIBIL":null,"UBI":null,"COLONIA":null,"TRONCO":null,"CFE":null},"geometry":{"type":"Point","coordinates":[370667.402,2837669.27508]}},{"type":"Feature","properties":{"LONG":null,"LAT":null,"NOMCIEN":"Fraxinus americana","NOMCOM":"Fresno blanco americano","ORIGEN":"Nativa","ALTURA":9.9,"DAP":75.0,"OBJECTID":1808,"FECHA LEV":2015,"SALUD":null,"PROYE":null,"ACCESO":null,"ACCESIBIL":null,"UBI":null,"COLONIA":null,"TRONCO":null,"CFE":null},"geometry":{"type":"Point","coordinates":[370681.77,2837669.27508]}},{"type":"Feature","properties":{"LONG":null,"LAT":null,"NOMCIEN":"Fraxinus americana","NOMCOM":"Fresno blanco americano","ORIGEN":"Nativa","ALTURA":11.0,"DAP":65.5,"OBJECTID":1809,"FECHA LEV":2015,"SALUD":null,"PROYE":null,"ACCESO":null,"ACCESIBIL":null,"UBI":null,"COLONIA":null,"TRONCO":null,"CFE":null},"geometry":{"type":"Point","coordinates":[370692.613,2837653.28108]}},{"type":"Feature","properties":{"LONG":null,"LAT":null,"NOMCIEN":"Fraxinus americana","NOMCOM":"Fresno blanco americano","ORIGEN":"Nativa","ALTURA":13.4,"DAP":78.9,"OBJECTID":1810,"FECHA LEV":2015,"SALUD":null,"PROYE":null,"ACCESO":null,"ACCESIBIL":null,"UBI":null,"COLONIA":null,"TRONCO":null,"CFE":null},"geometry":{"type":"Point","coordinates":[370691.529,2837640.26908]}},{"type":"Feature","properties":{"LONG":null,"LAT":null,"NOMCIEN":"Fraxinus americana","NOMCOM":"Fresno blanco americano","ORIGEN":"Nativa","ALTURA":11.8,"DAP":63.2,"OBJECTID":1811,"FECHA LEV":2015,"SALUD":null,"PROYE":null,"ACCESO":null,"ACCESIBIL":null,"UBI":null,"COLONIA":null,"TRONCO":null,"CFE":null},"geometry":{"type":"Point","coordinates":[370685.565,2837625.36008]}},{"type":"Feature","properties":{"LONG":null,"LAT":null,"NOMCIEN":"Quercus polymorpha","NOMCOM":"Encino roble, roble","ORIGEN":"Nativa","ALTURA":11.2,"DAP":29.1,"OBJECTID":1812,"FECHA LEV":2015,"SALUD":null,"PROYE":null,"ACCESO":null,"ACCESIBIL":null,"UBI":null,"COLONIA":null,"TRONCO":null,"CFE":null},"geometry":{"type":"Point","coordinates":[370611.933,2837569.14308]}},{"type":"Feature","properties":{"LONG":null,"LAT":null,"NOMCIEN":"Fraxinus americana","NOMCOM":"Fresno blanco americano","ORIGEN":"Nativa","ALTURA":7.8,"DAP":54.8,"OBJECTID":1813,"FECHA LEV":2015,"SALUD":null,"PROYE":null,"ACCESO":null,"ACCESIBIL":null,"UBI":null,"COLONIA":null,"TRONCO":null,"CFE":null},"geometry":{"type":"Point","coordinates":[370669.571,2837597.43808]}},{"type":"Feature","properties":{"LONG":null,"LAT":null,"NOMCIEN":"Fraxinus americana","NOMCOM":"Fresno blanco americano","ORIGEN":"Nativa","ALTURA":11.6,"DAP":50.2,"OBJECTID":1814,"FECHA LEV":2015,"SALUD":null,"PROYE":null,"ACCESO":null,"ACCESIBIL":null,"UBI":null,"COLONIA":null,"TRONCO":null,"CFE":null},"geometry":{"type":"Point","coordinates":[370668.215,2837661.95608]}},{"type":"Feature","properties":{"LONG":null,"LAT":null,"NOMCIEN":"Ebenopsis ebano","NOMCOM":"Ébano","ORIGEN":"Nativa","ALTURA":9.7,"DAP":9.7,"OBJECTID":1815,"FECHA LEV":2015,"SALUD":null,"PROYE":null,"ACCESO":null,"ACCESIBIL":null,"UBI":null,"COLONIA":null,"TRONCO":null,"CFE":null},"geometry":{"type":"Point","coordinates":[370668.487,2837649.75708]}},{"type":"Feature","properties":{"LONG":null,"LAT":null,"NOMCIEN":"Juglans nigra","NOMCOM":"Nogal americano","ORIGEN":"Introducida","ALTURA":15.8,"DAP":63.8,"OBJECTID":1816,"FECHA LEV":2015,"SALUD":null,"PROYE":null,"ACCESO":null,"ACCESIBIL":null,"UBI":null,"COLONIA":null,"TRONCO":null,"CFE":null},"geometry":{"type":"Point","coordinates":[370680.956,2837656.53408]}},{"type":"Feature","properties":{"LONG":null,"LAT":null,"NOMCIEN":"Triadica sebifera","NOMCOM":"Chinese, árbol del sebo","ORIGEN":"Introducida","ALTURA":11.4,"DAP":29.4,"OBJECTID":1817,"FECHA LEV":2015,"SALUD":null,"PROYE":null,"ACCESO":null,"ACCESIBIL":null,"UBI":null,"COLONIA":null,"TRONCO":null,"CFE":null},"geometry":{"type":"Point","coordinates":[370687.328,2837642.23908]}},{"type":"Feature","properties":{"LONG":null,"LAT":null,"NOMCIEN":"Ligustrum japonicum","NOMCOM":"Trueno de Texas, trueno japonés","ORIGEN":"Introducida","ALTURA":8.8,"DAP":38.8,"OBJECTID":1818,"FECHA LEV":2015,"SALUD":null,"PROYE":null,"ACCESO":null,"ACCESIBIL":null,"UBI":null,"COLONIA":null,"TRONCO":null,"CFE":null},"geometry":{"type":"Point","coordinates":[370605.84,2837578.95708]}},{"type":"Feature","properties":{"LONG":null,"LAT":null,"NOMCIEN":"Quercus polymorpha","NOMCOM":"Encino roble, roble","ORIGEN":"Nativa","ALTURA":18.0,"DAP":34.6,"OBJECTID":1819,"FECHA LEV":2015,"SALUD":null,"PROYE":null,"ACCESO":null,"ACCESIBIL":null,"UBI":null,"COLONIA":null,"TRONCO":null,"CFE":null},"geometry":{"type":"Point","coordinates":[370625.693,2837614.65408]}},{"type":"Feature","properties":{"LONG":null,"LAT":null,"NOMCIEN":"Quercus fusiformis","NOMCOM":"Encino siempreverde, encino molino","ORIGEN":"Nativa","ALTURA":10.0,"DAP":16.1,"OBJECTID":1820,"FECHA LEV":2015,"SALUD":null,"PROYE":null,"ACCESO":null,"ACCESIBIL":null,"UBI":null,"COLONIA":null,"TRONCO":null,"CFE":null},"geometry":{"type":"Point","coordinates":[370620.73,2837606.63708]}},{"type":"Feature","properties":{"LONG":null,"LAT":null,"NOMCIEN":"Quercus fusiformis","NOMCOM":"Encino siempreverde, encino molino","ORIGEN":"Nativa","ALTURA":6.8,"DAP":15.1,"OBJECTID":1821,"FECHA LEV":2015,"SALUD":null,"PROYE":null,"ACCESO":null,"ACCESIBIL":null,"UBI":null,"COLONIA":null,"TRONCO":null,"CFE":null},"geometry":{"type":"Point","coordinates":[370630.274,2837602.81908]}},{"type":"Feature","properties":{"LONG":null,"LAT":null,"NOMCIEN":"Quercus","NOMCOM":"Encino","ORIGEN":"Podría ser nativa","ALTURA":10.3,"DAP":19.3,"OBJECTID":1822,"FECHA LEV":2015,"SALUD":null,"PROYE":null,"ACCESO":null,"ACCESIBIL":null,"UBI":null,"COLONIA":null,"TRONCO":null,"CFE":null},"geometry":{"type":"Point","coordinates":[370637.529,2837591.36508]}},{"type":"Feature","properties":{"LONG":null,"LAT":null,"NOMCIEN":"Quercus polymorpha","NOMCOM":"Encino roble, roble","ORIGEN":"Nativa","ALTURA":14.8,"DAP":29.3,"OBJECTID":1823,"FECHA LEV":2015,"SALUD":null,"PROYE":null,"ACCESO":null,"ACCESIBIL":null,"UBI":null,"COLONIA":null,"TRONCO":null,"CFE":null},"geometry":{"type":"Point","coordinates":[370619.914,2837569.49008]}},{"type":"Feature","properties":{"LONG":null,"LAT":null,"NOMCIEN":"Triadica sebifera","NOMCOM":"Chinese, árbol del sebo","ORIGEN":"Introducida","ALTURA":11.4,"DAP":42.2,"OBJECTID":1824,"FECHA LEV":2015,"SALUD":null,"PROYE":null,"ACCESO":null,"ACCESIBIL":null,"UBI":null,"COLONIA":null,"TRONCO":null,"CFE":null},"geometry":{"type":"Point","coordinates":[370635.81,2837613.50908]}},{"type":"Feature","properties":{"LONG":null,"LAT":null,"NOMCIEN":"Triadica sebifera","NOMCOM":"Chinese, árbol del sebo","ORIGEN":"Introducida","ALTURA":7.8,"DAP":38.4,"OBJECTID":1825,"FECHA LEV":2015,"SALUD":null,"PROYE":null,"ACCESO":null,"ACCESIBIL":null,"UBI":null,"COLONIA":null,"TRONCO":null,"CFE":null},"geometry":{"type":"Point","coordinates":[370638.292,2837603.01008]}},{"type":"Feature","properties":{"LONG":null,"LAT":null,"NOMCIEN":"Quercus fusiformis","NOMCOM":"Encino siempreverde, encino molino","ORIGEN":"Nativa","ALTURA":12.6,"DAP":50.2,"OBJECTID":1826,"FECHA LEV":2015,"SALUD":null,"PROYE":null,"ACCESO":null,"ACCESIBIL":null,"UBI":null,"COLONIA":null,"TRONCO":null,"CFE":null},"geometry":{"type":"Point","coordinates":[370613.285,2837583.72908]}},{"type":"Feature","properties":{"LONG":null,"LAT":null,"NOMCIEN":"Quercus fusiformis","NOMCOM":"Encino siempreverde, encino molino","ORIGEN":"Nativa","ALTURA":15.2,"DAP":37.8,"OBJECTID":1827,"FECHA LEV":2015,"SALUD":null,"PROYE":null,"ACCESO":null,"ACCESIBIL":null,"UBI":null,"COLONIA":null,"TRONCO":null,"CFE":null},"geometry":{"type":"Point","coordinates":[370633.52,2837584.30208]}},{"type":"Feature","properties":{"LONG":null,"LAT":null,"NOMCIEN":"Quercus shumardii","NOMCOM":"Encino rojo","ORIGEN":"Introducida","ALTURA":14.0,"DAP":48.8,"OBJECTID":1828,"FECHA LEV":2015,"SALUD":null,"PROYE":null,"ACCESO":null,"ACCESIBIL":null,"UBI":null,"COLONIA":null,"TRONCO":null,"CFE":null},"geometry":{"type":"Point","coordinates":[370653.755,2837615.99108]}},{"type":"Feature","properties":{"LONG":null,"LAT":null,"NOMCIEN":"Quercus shumardii","NOMCOM":"Encino rojo","ORIGEN":"Introducida","ALTURA":13.5,"DAP":42.8,"OBJECTID":1829,"FECHA LEV":2015,"SALUD":null,"PROYE":null,"ACCESO":null,"ACCESIBIL":null,"UBI":null,"COLONIA":null,"TRONCO":null,"CFE":null},"geometry":{"type":"Point","coordinates":[370657.382,2837604.53708]}},{"type":"Feature","properties":{"LONG":null,"LAT":null,"NOMCIEN":"Fraxinus americana","NOMCOM":"Fresno blanco americano","ORIGEN":"Nativa","ALTURA":9.8,"DAP":50.5,"OBJECTID":1830,"FECHA LEV":2015,"SALUD":null,"PROYE":null,"ACCESO":null,"ACCESIBIL":null,"UBI":null,"COLONIA":null,"TRONCO":null,"CFE":null},"geometry":{"type":"Point","coordinates":[370663.109,2837592.70108]}},{"type":"Feature","properties":{"LONG":null,"LAT":null,"NOMCIEN":"Quercus fusiformis","NOMCOM":"Encino siempreverde, encino molino","ORIGEN":"Nativa","ALTURA":11.0,"DAP":45.8,"OBJECTID":1831,"FECHA LEV":2015,"SALUD":null,"PROYE":null,"ACCESO":null,"ACCESIBIL":null,"UBI":null,"COLONIA":null,"TRONCO":null,"CFE":null},"geometry":{"type":"Point","coordinates":[370660.245,2837598.04608]}},{"type":"Feature","properties":{"LONG":null,"LAT":null,"NOMCIEN":"Quercus fusiformis","NOMCOM":"Encino siempreverde, encino molino","ORIGEN":"Nativa","ALTURA":8.4,"DAP":58.0,"OBJECTID":1832,"FECHA LEV":2015,"SALUD":null,"PROYE":null,"ACCESO":null,"ACCESIBIL":null,"UBI":null,"COLONIA":null,"TRONCO":null,"CFE":null},"geometry":{"type":"Point","coordinates":[370660.818,2837583.15608]}},{"type":"Feature","properties":{"LONG":null,"LAT":null,"NOMCIEN":"Fraxinus americana","NOMCOM":"Fresno blanco americano","ORIGEN":"Nativa","ALTURA":10.0,"DAP":60.1,"OBJECTID":1833,"FECHA LEV":2015,"SALUD":null,"PROYE":null,"ACCESO":null,"ACCESIBIL":null,"UBI":null,"COLONIA":null,"TRONCO":null,"CFE":null},"geometry":{"type":"Point","coordinates":[370669.217,2837607.78208]}},{"type":"Feature","properties":{"LONG":null,"LAT":null,"NOMCIEN":"Quercus polymorpha","NOMCOM":"Encino roble, roble","ORIGEN":"Nativa","ALTURA":14.6,"DAP":34.0,"OBJECTID":1834,"FECHA LEV":2015,"SALUD":null,"PROYE":null,"ACCESO":null,"ACCESIBIL":null,"UBI":null,"COLONIA":null,"TRONCO":null,"CFE":null},"geometry":{"type":"Point","coordinates":[370628.068,2837568.96908]}},{"type":"Feature","properties":{"LONG":null,"LAT":null,"NOMCIEN":"Fraxinus americana","NOMCOM":"Fresno blanco americano","ORIGEN":"Nativa","ALTURA":12.0,"DAP":77.5,"OBJECTID":1835,"FECHA LEV":2015,"SALUD":null,"PROYE":null,"ACCESO":null,"ACCESIBIL":null,"UBI":null,"COLONIA":null,"TRONCO":null,"CFE":null},"geometry":{"type":"Point","coordinates":[370710.833,2837669.25108]}},{"type":"Feature","properties":{"LONG":null,"LAT":null,"NOMCIEN":"Fraxinus americana","NOMCOM":"Fresno blanco americano","ORIGEN":"Nativa","ALTURA":17.2,"DAP":55.1,"OBJECTID":1836,"FECHA LEV":2015,"SALUD":null,"PROYE":null,"ACCESO":null,"ACCESIBIL":null,"UBI":null,"COLONIA":null,"TRONCO":null,"CFE":null},"geometry":{"type":"Point","coordinates":[370723.814,2837670.20508]}},{"type":"Feature","properties":{"LONG":null,"LAT":null,"NOMCIEN":"Fraxinus americana","NOMCOM":"Fresno blanco americano","ORIGEN":"Nativa","ALTURA":12.4,"DAP":89.7,"OBJECTID":1837,"FECHA LEV":2015,"SALUD":null,"PROYE":null,"ACCESO":null,"ACCESIBIL":null,"UBI":null,"COLONIA":null,"TRONCO":null,"CFE":null},"geometry":{"type":"Point","coordinates":[370720.76,2837649.97008]}},{"type":"Feature","properties":{"LONG":null,"LAT":null,"NOMCIEN":"Fraxinus americana","NOMCOM":"Fresno blanco americano","ORIGEN":"Nativa","ALTURA":10.8,"DAP":62.5,"OBJECTID":1838,"FECHA LEV":2015,"SALUD":null,"PROYE":null,"ACCESO":null,"ACCESIBIL":null,"UBI":null,"COLONIA":null,"TRONCO":null,"CFE":null},"geometry":{"type":"Point","coordinates":[370720.569,2837640.61608]}},{"type":"Feature","properties":{"LONG":null,"LAT":null,"NOMCIEN":"Fraxinus americana","NOMCOM":"Fresno blanco americano","ORIGEN":"Nativa","ALTURA":12.4,"DAP":43.1,"OBJECTID":1839,"FECHA LEV":2015,"SALUD":null,"PROYE":null,"ACCESO":null,"ACCESIBIL":null,"UBI":null,"COLONIA":null,"TRONCO":null,"CFE":null},"geometry":{"type":"Point","coordinates":[370714.842,2837643.86208]}},{"type":"Feature","properties":{"LONG":null,"LAT":null,"NOMCIEN":"Fraxinus americana","NOMCOM":"Fresno blanco americano","ORIGEN":"Nativa","ALTURA":11.6,"DAP":62.7,"OBJECTID":1840,"FECHA LEV":2015,"SALUD":null,"PROYE":null,"ACCESO":null,"ACCESIBIL":null,"UBI":null,"COLONIA":null,"TRONCO":null,"CFE":null},"geometry":{"type":"Point","coordinates":[370701.479,2837652.45208]}},{"type":"Feature","properties":{"LONG":null,"LAT":null,"NOMCIEN":"Fraxinus americana","NOMCOM":"Fresno blanco americano","ORIGEN":"Nativa","ALTURA":11.0,"DAP":44.4,"OBJECTID":1841,"FECHA LEV":2015,"SALUD":null,"PROYE":null,"ACCESO":null,"ACCESIBIL":null,"UBI":null,"COLONIA":null,"TRONCO":null,"CFE":null},"geometry":{"type":"Point","coordinates":[370706.064,2837644.95408]}},{"type":"Feature","properties":{"LONG":null,"LAT":null,"NOMCIEN":"Quercus fusiformis","NOMCOM":"Encino siempreverde, encino molino","ORIGEN":"Nativa","ALTURA":11.8,"DAP":39.2,"OBJECTID":1842,"FECHA LEV":2015,"SALUD":null,"PROYE":null,"ACCESO":null,"ACCESIBIL":null,"UBI":null,"COLONIA":null,"TRONCO":null,"CFE":null},"geometry":{"type":"Point","coordinates":[370699.188,2837645.19808]}},{"type":"Feature","properties":{"LONG":null,"LAT":null,"NOMCIEN":"Quercus vaseyana","NOMCOM":"Encino bravo, encino de Vasey","ORIGEN":"Introducida","ALTURA":16.3,"DAP":28.2,"OBJECTID":1843,"FECHA LEV":2015,"SALUD":null,"PROYE":null,"ACCESO":null,"ACCESIBIL":null,"UBI":null,"COLONIA":null,"TRONCO":null,"CFE":null},"geometry":{"type":"Point","coordinates":[370701.479,2837669.06008]}},{"type":"Feature","properties":{"LONG":null,"LAT":null,"NOMCIEN":"Fraxinus americana","NOMCOM":"Fresno blanco americano","ORIGEN":"Nativa","ALTURA":11.6,"DAP":80.2,"OBJECTID":1844,"FECHA LEV":2015,"SALUD":null,"PROYE":null,"ACCESO":null,"ACCESIBIL":null,"UBI":null,"COLONIA":null,"TRONCO":null,"CFE":null},"geometry":{"type":"Point","coordinates":[370751.303,2837670.01408]}},{"type":"Feature","properties":{"LONG":null,"LAT":null,"NOMCIEN":"Quercus polymorpha","NOMCOM":"Encino roble, roble","ORIGEN":"Nativa","ALTURA":13.4,"DAP":42.7,"OBJECTID":1845,"FECHA LEV":2015,"SALUD":null,"PROYE":null,"ACCESO":null,"ACCESIBIL":null,"UBI":null,"COLONIA":null,"TRONCO":null,"CFE":null},"geometry":{"type":"Point","coordinates":[370636.743,2837569.14308]}},{"type":"Feature","properties":{"LONG":null,"LAT":null,"NOMCIEN":"Fraxinus americana","NOMCOM":"Fresno blanco americano","ORIGEN":"Nativa","ALTURA":10.8,"DAP":57.9,"OBJECTID":1846,"FECHA LEV":2015,"SALUD":null,"PROYE":null,"ACCESO":null,"ACCESIBIL":null,"UBI":null,"COLONIA":null,"TRONCO":null,"CFE":null},"geometry":{"type":"Point","coordinates":[370685.922,2837631.39608]}},{"type":"Feature","properties":{"LONG":null,"LAT":null,"NOMCIEN":"Quercus vaseyana","NOMCOM":"Encino bravo, encino de Vasey","ORIGEN":"Introducida","ALTURA":13.0,"DAP":31.9,"OBJECTID":1847,"FECHA LEV":2015,"SALUD":null,"PROYE":null,"ACCESO":null,"ACCESIBIL":null,"UBI":null,"COLONIA":null,"TRONCO":null,"CFE":null},"geometry":{"type":"Point","coordinates":[370611.286,2837590.23908]}},{"type":"Feature","properties":{"LONG":null,"LAT":null,"NOMCIEN":"Quercus polymorpha","NOMCOM":"Encino roble, roble","ORIGEN":"Nativa","ALTURA":15.7,"DAP":25.0,"OBJECTID":1848,"FECHA LEV":2015,"SALUD":null,"PROYE":null,"ACCESO":null,"ACCESIBIL":null,"UBI":null,"COLONIA":null,"TRONCO":null,"CFE":null},"geometry":{"type":"Point","coordinates":[370611.901,2837598.83908]}},{"type":"Feature","properties":{"LONG":null,"LAT":null,"NOMCIEN":"Fraxinus americana","NOMCOM":"Fresno blanco americano","ORIGEN":"Nativa","ALTURA":11.8,"DAP":69.6,"OBJECTID":1849,"FECHA LEV":2015,"SALUD":null,"PROYE":null,"ACCESO":null,"ACCESIBIL":null,"UBI":null,"COLONIA":null,"TRONCO":null,"CFE":null},"geometry":{"type":"Point","coordinates":[370668.722,2837615.42508]}},{"type":"Feature","properties":{"LONG":null,"LAT":null,"NOMCIEN":"Quercus fusiformis","NOMCOM":"Encino siempreverde, encino molino","ORIGEN":"Nativa","ALTURA":11.1,"DAP":25.2,"OBJECTID":1850,"FECHA LEV":2015,"SALUD":null,"PROYE":null,"ACCESO":null,"ACCESIBIL":null,"UBI":null,"COLONIA":null,"TRONCO":null,"CFE":null},"geometry":{"type":"Point","coordinates":[370640.158,2837618.49608]}},{"type":"Feature","properties":{"LONG":null,"LAT":null,"NOMCIEN":"Quercus shumardii","NOMCOM":"Encino rojo","ORIGEN":"Introducida","ALTURA":12.5,"DAP":26.9,"OBJECTID":1851,"FECHA LEV":2015,"SALUD":null,"PROYE":null,"ACCESO":null,"ACCESIBIL":null,"UBI":null,"COLONIA":null,"TRONCO":null,"CFE":null},"geometry":{"type":"Point","coordinates":[370622.958,2837622.48908]}},{"type":"Feature","properties":{"LONG":null,"LAT":null,"NOMCIEN":"Quercus shumardii","NOMCOM":"Encino rojo","ORIGEN":"Introducida","ALTURA":7.7,"DAP":20.7,"OBJECTID":1852,"FECHA LEV":2015,"SALUD":null,"PROYE":null,"ACCESO":null,"ACCESIBIL":null,"UBI":null,"COLONIA":null,"TRONCO":null,"CFE":null},"geometry":{"type":"Point","coordinates":[370678.589,2837642.11108]}},{"type":"Feature","properties":{"LONG":null,"LAT":null,"NOMCIEN":"Quercus fusiformis","NOMCOM":"Encino siempreverde, encino molino","ORIGEN":"Nativa","ALTURA":13.0,"DAP":23.5,"OBJECTID":1853,"FECHA LEV":2015,"SALUD":null,"PROYE":null,"ACCESO":null,"ACCESIBIL":null,"UBI":null,"COLONIA":null,"TRONCO":null,"CFE":null},"geometry":{"type":"Point","coordinates":[370686.168,2837671.79708]}},{"type":"Feature","properties":{"LONG":null,"LAT":null,"NOMCIEN":"Quercus fusiformis","NOMCOM":"Encino siempreverde, encino molino","ORIGEN":"Nativa","ALTURA":10.6,"DAP":25.0,"OBJECTID":1854,"FECHA LEV":2015,"SALUD":null,"PROYE":null,"ACCESO":null,"ACCESIBIL":null,"UBI":null,"COLONIA":null,"TRONCO":null,"CFE":null},"geometry":{"type":"Point","coordinates":[370655.535,2837651.58608]}},{"type":"Feature","properties":{"LONG":null,"LAT":null,"NOMCIEN":"Quercus fusiformis","NOMCOM":"Encino siempreverde, encino molino","ORIGEN":"Nativa","ALTURA":12.1,"DAP":50.9,"OBJECTID":1855,"FECHA LEV":2015,"SALUD":null,"PROYE":null,"ACCESO":null,"ACCESIBIL":null,"UBI":null,"COLONIA":null,"TRONCO":null,"CFE":null},"geometry":{"type":"Point","coordinates":[370695.011,2837659.79708]}},{"type":"Feature","properties":{"LONG":null,"LAT":null,"NOMCIEN":"Quercus polymorpha","NOMCOM":"Encino roble, roble","ORIGEN":"Nativa","ALTURA":14.1,"DAP":25.0,"OBJECTID":1856,"FECHA LEV":2015,"SALUD":null,"PROYE":null,"ACCESO":null,"ACCESIBIL":null,"UBI":null,"COLONIA":null,"TRONCO":null,"CFE":null},"geometry":{"type":"Point","coordinates":[370640.733,2837575.38808]}},{"type":"Feature","properties":{"LONG":null,"LAT":null,"NOMCIEN":"Quercus polymorpha","NOMCOM":"Encino roble, roble","ORIGEN":"Nativa","ALTURA":14.7,"DAP":25.0,"OBJECTID":1857,"FECHA LEV":2015,"SALUD":null,"PROYE":null,"ACCESO":null,"ACCESIBIL":null,"UBI":null,"COLONIA":null,"TRONCO":null,"CFE":null},"geometry":{"type":"Point","coordinates":[370705.117,2837660.74408]}},{"type":"Feature","properties":{"LONG":null,"LAT":null,"NOMCIEN":"Fraxinus americana","NOMCOM":"Fresno blanco americano","ORIGEN":"Nativa","ALTURA":12.2,"DAP":82.1,"OBJECTID":1858,"FECHA LEV":2015,"SALUD":null,"PROYE":null,"ACCESO":null,"ACCESIBIL":null,"UBI":null,"COLONIA":null,"TRONCO":null,"CFE":null},"geometry":{"type":"Point","coordinates":[370711.327,2837652.29808]}},{"type":"Feature","properties":{"LONG":null,"LAT":null,"NOMCIEN":"Quercus polymorpha","NOMCOM":"Encino roble, roble","ORIGEN":"Nativa","ALTURA":12.8,"DAP":29.5,"OBJECTID":1859,"FECHA LEV":2015,"SALUD":null,"PROYE":null,"ACCESO":null,"ACCESIBIL":null,"UBI":null,"COLONIA":null,"TRONCO":null,"CFE":null},"geometry":{"type":"Point","coordinates":[370599.0,2837578.47108]}},{"type":"Feature","properties":{"LONG":null,"LAT":null,"NOMCIEN":"Quercus fusiformis","NOMCOM":"Encino siempreverde, encino molino","ORIGEN":"Nativa","ALTURA":9.2,"DAP":19.9,"OBJECTID":1860,"FECHA LEV":2015,"SALUD":null,"PROYE":null,"ACCESO":null,"ACCESIBIL":null,"UBI":null,"COLONIA":null,"TRONCO":null,"CFE":null},"geometry":{"type":"Point","coordinates":[370645.229,2837627.75108]}},{"type":"Feature","properties":{"LONG":null,"LAT":null,"NOMCIEN":"Quercus fusiformis","NOMCOM":"Encino siempreverde, encino molino","ORIGEN":"Nativa","ALTURA":8.6,"DAP":18.3,"OBJECTID":1861,"FECHA LEV":2015,"SALUD":null,"PROYE":null,"ACCESO":null,"ACCESIBIL":null,"UBI":null,"COLONIA":null,"TRONCO":null,"CFE":null},"geometry":{"type":"Point","coordinates":[370629.782,2837628.90008]}},{"type":"Feature","properties":{"LONG":null,"LAT":null,"NOMCIEN":"Fraxinus americana","NOMCOM":"Fresno blanco americano","ORIGEN":"Nativa","ALTURA":9.5,"DAP":41.2,"OBJECTID":1862,"FECHA LEV":2015,"SALUD":null,"PROYE":null,"ACCESO":null,"ACCESIBIL":null,"UBI":null,"COLONIA":null,"TRONCO":null,"CFE":null},"geometry":{"type":"Point","coordinates":[370604.851,2837660.68708]}},{"type":"Feature","properties":{"LONG":null,"LAT":null,"NOMCIEN":"Fraxinus americana","NOMCOM":"Fresno blanco americano","ORIGEN":"Nativa","ALTURA":12.8,"DAP":77.9,"OBJECTID":1863,"FECHA LEV":2015,"SALUD":null,"PROYE":null,"ACCESO":null,"ACCESIBIL":null,"UBI":null,"COLONIA":null,"TRONCO":null,"CFE":null},"geometry":{"type":"Point","coordinates":[370605.744,2837649.26208]}},{"type":"Feature","properties":{"LONG":null,"LAT":null,"NOMCIEN":"Quercus fusiformis","NOMCOM":"Encino siempreverde, encino molino","ORIGEN":"Nativa","ALTURA":10.0,"DAP":25.9,"OBJECTID":1864,"FECHA LEV":2015,"SALUD":null,"PROYE":null,"ACCESO":null,"ACCESIBIL":null,"UBI":null,"COLONIA":null,"TRONCO":null,"CFE":null},"geometry":{"type":"Point","coordinates":[370615.063,2837672.36808]}},{"type":"Feature","properties":{"LONG":null,"LAT":null,"NOMCIEN":"Fraxinus americana","NOMCOM":"Fresno blanco americano","ORIGEN":"Nativa","ALTURA":11.7,"DAP":62.6,"OBJECTID":1865,"FECHA LEV":2015,"SALUD":null,"PROYE":null,"ACCESO":null,"ACCESIBIL":null,"UBI":null,"COLONIA":null,"TRONCO":null,"CFE":null},"geometry":{"type":"Point","coordinates":[370628.276,2837673.64508]}},{"type":"Feature","properties":{"LONG":null,"LAT":null,"NOMCIEN":"Quercus fusiformis","NOMCOM":"Encino siempreverde, encino molino","ORIGEN":"Nativa","ALTURA":10.2,"DAP":27.1,"OBJECTID":1866,"FECHA LEV":2015,"SALUD":null,"PROYE":null,"ACCESO":null,"ACCESIBIL":null,"UBI":null,"COLONIA":null,"TRONCO":null,"CFE":null},"geometry":{"type":"Point","coordinates":[370641.233,2837672.55908]}},{"type":"Feature","properties":{"LONG":null,"LAT":null,"NOMCIEN":"Fraxinus americana","NOMCOM":"Fresno blanco americano","ORIGEN":"Nativa","ALTURA":10.8,"DAP":64.6,"OBJECTID":1867,"FECHA LEV":2015,"SALUD":null,"PROYE":null,"ACCESO":null,"ACCESIBIL":null,"UBI":null,"COLONIA":null,"TRONCO":null,"CFE":null},"geometry":{"type":"Point","coordinates":[370606.034,2837627.61008]}},{"type":"Feature","properties":{"LONG":null,"LAT":null,"NOMCIEN":"Fraxinus americana","NOMCOM":"Fresno blanco americano","ORIGEN":"Nativa","ALTURA":11.2,"DAP":72.4,"OBJECTID":1868,"FECHA LEV":2015,"SALUD":null,"PROYE":null,"ACCESO":null,"ACCESIBIL":null,"UBI":null,"COLONIA":null,"TRONCO":null,"CFE":null},"geometry":{"type":"Point","coordinates":[370630.191,2837661.07008]}},{"type":"Feature","properties":{"LONG":null,"LAT":null,"NOMCIEN":"Quercus fusiformis","NOMCOM":"Encino siempreverde, encino molino","ORIGEN":"Nativa","ALTURA":9.7,"DAP":19.5,"OBJECTID":1869,"FECHA LEV":2015,"SALUD":null,"PROYE":null,"ACCESO":null,"ACCESIBIL":null,"UBI":null,"COLONIA":null,"TRONCO":null,"CFE":null},"geometry":{"type":"Point","coordinates":[370622.0,2837666.00008]}},{"type":"Feature","properties":{"LONG":null,"LAT":null,"NOMCIEN":"Quercus fusiformis","NOMCOM":"Encino siempreverde, encino molino","ORIGEN":"Nativa","ALTURA":10.1,"DAP":19.2,"OBJECTID":1870,"FECHA LEV":2015,"SALUD":null,"PROYE":null,"ACCESO":null,"ACCESIBIL":null,"UBI":null,"COLONIA":null,"TRONCO":null,"CFE":null},"geometry":{"type":"Point","coordinates":[370669.0,2837674.00008]}},{"type":"Feature","properties":{"LONG":null,"LAT":null,"NOMCIEN":"Quercus polymorpha","NOMCOM":"Encino roble, roble","ORIGEN":"Nativa","ALTURA":16.1,"DAP":29.2,"OBJECTID":1871,"FECHA LEV":2015,"SALUD":null,"PROYE":null,"ACCESO":null,"ACCESIBIL":null,"UBI":null,"COLONIA":null,"TRONCO":null,"CFE":null},"geometry":{"type":"Point","coordinates":[370616.0,2837660.00008]}},{"type":"Feature","properties":{"LONG":null,"LAT":null,"NOMCIEN":"Quercus fusiformis","NOMCOM":"Encino siempreverde, encino molino","ORIGEN":"Nativa","ALTURA":13.2,"DAP":37.5,"OBJECTID":1872,"FECHA LEV":2015,"SALUD":null,"PROYE":null,"ACCESO":null,"ACCESIBIL":null,"UBI":null,"COLONIA":null,"TRONCO":null,"CFE":null},"geometry":{"type":"Point","coordinates":[370617.0,2837665.00008]}},{"type":"Feature","properties":{"LONG":null,"LAT":null,"NOMCIEN":"Quercus fusiformis","NOMCOM":"Encino siempreverde, encino molino","ORIGEN":"Nativa","ALTURA":9.5,"DAP":18.7,"OBJECTID":1873,"FECHA LEV":2015,"SALUD":null,"PROYE":null,"ACCESO":null,"ACCESIBIL":null,"UBI":null,"COLONIA":null,"TRONCO":null,"CFE":null},"geometry":{"type":"Point","coordinates":[370683.464,2837634.77508]}},{"type":"Feature","properties":{"LONG":null,"LAT":null,"NOMCIEN":"Quercus fusiformis","NOMCOM":"Encino siempreverde, encino molino","ORIGEN":"Nativa","ALTURA":10.0,"DAP":19.0,"OBJECTID":1874,"FECHA LEV":2015,"SALUD":null,"PROYE":null,"ACCESO":null,"ACCESIBIL":null,"UBI":null,"COLONIA":null,"TRONCO":null,"CFE":null},"geometry":{"type":"Point","coordinates":[370675.326,2837619.23608]}},{"type":"Feature","properties":{"LONG":null,"LAT":null,"NOMCIEN":"Quercus fusiformis","NOMCOM":"Encino siempreverde, encino molino","ORIGEN":"Nativa","ALTURA":8.9,"DAP":19.6,"OBJECTID":1875,"FECHA LEV":2015,"SALUD":null,"PROYE":null,"ACCESO":null,"ACCESIBIL":null,"UBI":null,"COLONIA":null,"TRONCO":null,"CFE":null},"geometry":{"type":"Point","coordinates":[370714.0,2837676.00008]}},{"type":"Feature","properties":{"LONG":null,"LAT":null,"NOMCIEN":"Quercus polymorpha","NOMCOM":"Encino roble, roble","ORIGEN":"Nativa","ALTURA":12.7,"DAP":19.5,"OBJECTID":1876,"FECHA LEV":2015,"SALUD":null,"PROYE":null,"ACCESO":null,"ACCESIBIL":null,"UBI":null,"COLONIA":null,"TRONCO":null,"CFE":null},"geometry":{"type":"Point","coordinates":[370716.0,2837660.00008]}},{"type":"Feature","properties":{"LONG":null,"LAT":null,"NOMCIEN":"Quercus fusiformis","NOMCOM":"Encino siempreverde, encino molino","ORIGEN":"Nativa","ALTURA":10.8,"DAP":19.6,"OBJECTID":1877,"FECHA LEV":2015,"SALUD":null,"PROYE":null,"ACCESO":null,"ACCESIBIL":null,"UBI":null,"COLONIA":null,"TRONCO":null,"CFE":null},"geometry":{"type":"Point","coordinates":[370716.0,2837653.00008]}},{"type":"Feature","properties":{"LONG":null,"LAT":null,"NOMCIEN":"Fraxinus americana","NOMCOM":"Fresno blanco americano","ORIGEN":"Nativa","ALTURA":9.4,"DAP":79.9,"OBJECTID":1878,"FECHA LEV":2015,"SALUD":null,"PROYE":null,"ACCESO":null,"ACCESIBIL":null,"UBI":null,"COLONIA":null,"TRONCO":null,"CFE":null},"geometry":{"type":"Point","coordinates":[370605.861,2837617.20008]}},{"type":"Feature","properties":{"LONG":null,"LAT":null,"NOMCIEN":"Quercus fusiformis","NOMCOM":"Encino siempreverde, encino molino","ORIGEN":"Nativa","ALTURA":8.4,"DAP":18.2,"OBJECTID":1879,"FECHA LEV":2015,"SALUD":null,"PROYE":null,"ACCESO":null,"ACCESIBIL":null,"UBI":null,"COLONIA":null,"TRONCO":null,"CFE":null},"geometry":{"type":"Point","coordinates":[370716.0,2837646.00008]}},{"type":"Feature","properties":{"LONG":null,"LAT":null,"NOMCIEN":"Quercus fusiformis","NOMCOM":"Encino siempreverde, encino molino","ORIGEN":"Nativa","ALTURA":10.0,"DAP":18.5,"OBJECTID":1880,"FECHA LEV":2015,"SALUD":null,"PROYE":null,"ACCESO":null,"ACCESIBIL":null,"UBI":null,"COLONIA":null,"TRONCO":null,"CFE":null},"geometry":{"type":"Point","coordinates":[370704.0,2837638.00008]}},{"type":"Feature","properties":{"LONG":null,"LAT":null,"NOMCIEN":"Quercus fusiformis","NOMCOM":"Encino siempreverde, encino molino","ORIGEN":"Nativa","ALTURA":12.0,"DAP":18.2,"OBJECTID":1881,"FECHA LEV":2015,"SALUD":null,"PROYE":null,"ACCESO":null,"ACCESIBIL":null,"UBI":null,"COLONIA":null,"TRONCO":null,"CFE":null},"geometry":{"type":"Point","coordinates":[370710.0,2837647.00008]}},{"type":"Feature","properties":{"LONG":null,"LAT":null,"NOMCIEN":"Fraxinus americana","NOMCOM":"Fresno blanco americano","ORIGEN":"Nativa","ALTURA":11.0,"DAP":65.8,"OBJECTID":1882,"FECHA LEV":2015,"SALUD":null,"PROYE":null,"ACCESO":null,"ACCESIBIL":null,"UBI":null,"COLONIA":null,"TRONCO":null,"CFE":null},"geometry":{"type":"Point","coordinates":[370605.34,2837593.77908]}},{"type":"Feature","properties":{"LONG":null,"LAT":null,"NOMCIEN":"Fraxinus americana","NOMCOM":"Fresno blanco americano","ORIGEN":"Nativa","ALTURA":6.7,"DAP":15.3,"OBJECTID":1883,"FECHA LEV":2015,"SALUD":null,"PROYE":null,"ACCESO":null,"ACCESIBIL":null,"UBI":null,"COLONIA":null,"TRONCO":null,"CFE":null},"geometry":{"type":"Point","coordinates":[370522.448,2837346.55908]}},{"type":"Feature","properties":{"LONG":null,"LAT":null,"NOMCIEN":"Fraxinus americana","NOMCOM":"Fresno blanco americano","ORIGEN":"Nativa","ALTURA":9.9,"DAP":53.4,"OBJECTID":1884,"FECHA LEV":2015,"SALUD":null,"PROYE":null,"ACCESO":null,"ACCESIBIL":null,"UBI":null,"COLONIA":null,"TRONCO":null,"CFE":null},"geometry":{"type":"Point","coordinates":[370650.292,2837448.34608]}},{"type":"Feature","properties":{"LONG":null,"LAT":null,"NOMCIEN":"Fraxinus americana","NOMCOM":"Fresno blanco americano","ORIGEN":"Nativa","ALTURA":9.7,"DAP":31.0,"OBJECTID":1885,"FECHA LEV":2015,"SALUD":null,"PROYE":null,"ACCESO":null,"ACCESIBIL":null,"UBI":null,"COLONIA":null,"TRONCO":null,"CFE":null},"geometry":{"type":"Point","coordinates":[370698.539,2837487.12708]}},{"type":"Feature","properties":{"LONG":null,"LAT":null,"NOMCIEN":"Fraxinus americana","NOMCOM":"Fresno blanco americano","ORIGEN":"Nativa","ALTURA":8.5,"DAP":26.3,"OBJECTID":1886,"FECHA LEV":2015,"SALUD":null,"PROYE":null,"ACCESO":null,"ACCESIBIL":null,"UBI":null,"COLONIA":null,"TRONCO":null,"CFE":null},"geometry":{"type":"Point","coordinates":[370707.598,2837494.55708]}},{"type":"Feature","properties":{"LONG":null,"LAT":null,"NOMCIEN":"Fraxinus americana","NOMCOM":"Fresno blanco americano","ORIGEN":"Nativa","ALTURA":8.1,"DAP":30.0,"OBJECTID":1887,"FECHA LEV":2015,"SALUD":null,"PROYE":null,"ACCESO":null,"ACCESIBIL":null,"UBI":null,"COLONIA":null,"TRONCO":null,"CFE":null},"geometry":{"type":"Point","coordinates":[370722.56,2837506.46608]}},{"type":"Feature","properties":{"LONG":null,"LAT":null,"NOMCIEN":"Fraxinus americana","NOMCOM":"Fresno blanco americano","ORIGEN":"Nativa","ALTURA":20.5,"DAP":60.3,"OBJECTID":1888,"FECHA LEV":2015,"SALUD":null,"PROYE":null,"ACCESO":null,"ACCESIBIL":null,"UBI":null,"COLONIA":null,"TRONCO":null,"CFE":null},"geometry":{"type":"Point","coordinates":[370731.11,2837514.40608]}},{"type":"Feature","properties":{"LONG":null,"LAT":null,"NOMCIEN":"Fraxinus americana","NOMCOM":"Fresno blanco americano","ORIGEN":"Nativa","ALTURA":6.0,"DAP":23.3,"OBJECTID":1889,"FECHA LEV":2015,"SALUD":null,"PROYE":null,"ACCESO":null,"ACCESIBIL":null,"UBI":null,"COLONIA":null,"TRONCO":null,"CFE":null},"geometry":{"type":"Point","coordinates":[370759.0,2837536.69708]}},{"type":"Feature","properties":{"LONG":null,"LAT":null,"NOMCIEN":"Fraxinus americana","NOMCOM":"Fresno blanco americano","ORIGEN":"Nativa","ALTURA":7.3,"DAP":38.1,"OBJECTID":1890,"FECHA LEV":2015,"SALUD":null,"PROYE":null,"ACCESO":null,"ACCESIBIL":null,"UBI":null,"COLONIA":null,"TRONCO":null,"CFE":null},"geometry":{"type":"Point","coordinates":[370795.745,2837566.82608]}},{"type":"Feature","properties":{"LONG":null,"LAT":null,"NOMCIEN":"Fraxinus americana","NOMCOM":"Fresno blanco americano","ORIGEN":"Nativa","ALTURA":7.0,"DAP":20.0,"OBJECTID":1891,"FECHA LEV":2015,"SALUD":null,"PROYE":null,"ACCESO":null,"ACCESIBIL":null,"UBI":null,"COLONIA":null,"TRONCO":null,"CFE":null},"geometry":{"type":"Point","coordinates":[370803.99,2837573.54408]}},{"type":"Feature","properties":{"LONG":null,"LAT":null,"NOMCIEN":"Quercus vaseyana","NOMCOM":"Encino bravo, encino de Vasey","ORIGEN":"Introducida","ALTURA":8.7,"DAP":24.4,"OBJECTID":1892,"FECHA LEV":2015,"SALUD":null,"PROYE":null,"ACCESO":null,"ACCESIBIL":null,"UBI":null,"COLONIA":null,"TRONCO":null,"CFE":null},"geometry":{"type":"Point","coordinates":[370787.602,2837694.36408]}},{"type":"Feature","properties":{"LONG":null,"LAT":null,"NOMCIEN":"Quercus polymorpha","NOMCOM":"Encino roble, roble","ORIGEN":"Nativa","ALTURA":8.0,"DAP":19.0,"OBJECTID":1893,"FECHA LEV":2015,"SALUD":null,"PROYE":null,"ACCESO":null,"ACCESIBIL":null,"UBI":null,"COLONIA":null,"TRONCO":null,"CFE":null},"geometry":{"type":"Point","coordinates":[370779.387,2837702.81508]}},{"type":"Feature","properties":{"LONG":null,"LAT":null,"NOMCIEN":"Fraxinus americana","NOMCOM":"Fresno blanco americano","ORIGEN":"Nativa","ALTURA":7.4,"DAP":22.9,"OBJECTID":1894,"FECHA LEV":2015,"SALUD":null,"PROYE":null,"ACCESO":null,"ACCESIBIL":null,"UBI":null,"COLONIA":null,"TRONCO":null,"CFE":null},"geometry":{"type":"Point","coordinates":[370528.351,2837350.73308]}},{"type":"Feature","properties":{"LONG":null,"LAT":null,"NOMCIEN":"Quercus fusiformis","NOMCOM":"Encino siempreverde, encino molino","ORIGEN":"Nativa","ALTURA":11.7,"DAP":30.5,"OBJECTID":1895,"FECHA LEV":2015,"SALUD":null,"PROYE":null,"ACCESO":null,"ACCESIBIL":null,"UBI":null,"COLONIA":null,"TRONCO":null,"CFE":null},"geometry":{"type":"Point","coordinates":[370774.897,2837706.55708]}},{"type":"Feature","properties":{"LONG":null,"LAT":null,"NOMCIEN":"Quercus vaseyana","NOMCOM":"Encino bravo, encino de Vasey","ORIGEN":"Introducida","ALTURA":11.5,"DAP":21.7,"OBJECTID":1896,"FECHA LEV":2015,"SALUD":null,"PROYE":null,"ACCESO":null,"ACCESIBIL":null,"UBI":null,"COLONIA":null,"TRONCO":null,"CFE":null},"geometry":{"type":"Point","coordinates":[370766.415,2837715.12208]}},{"type":"Feature","properties":{"LONG":null,"LAT":null,"NOMCIEN":"Quercus polymorpha","NOMCOM":"Encino roble, roble","ORIGEN":"Nativa","ALTURA":6.6,"DAP":17.0,"OBJECTID":1897,"FECHA LEV":2015,"SALUD":null,"PROYE":null,"ACCESO":null,"ACCESIBIL":null,"UBI":null,"COLONIA":null,"TRONCO":null,"CFE":null},"geometry":{"type":"Point","coordinates":[370762.174,2837719.44708]}},{"type":"Feature","properties":{"LONG":null,"LAT":null,"NOMCIEN":"Quercus fusiformis","NOMCOM":"Encino siempreverde, encino molino","ORIGEN":"Nativa","ALTURA":10.3,"DAP":33.1,"OBJECTID":1898,"FECHA LEV":2015,"SALUD":null,"PROYE":null,"ACCESO":null,"ACCESIBIL":null,"UBI":null,"COLONIA":null,"TRONCO":null,"CFE":null},"geometry":{"type":"Point","coordinates":[370758.016,2837723.52108]}},{"type":"Feature","properties":{"LONG":null,"LAT":null,"NOMCIEN":"Quercus polymorpha","NOMCOM":"Encino roble, roble","ORIGEN":"Nativa","ALTURA":11.5,"DAP":18.7,"OBJECTID":1899,"FECHA LEV":2015,"SALUD":null,"PROYE":null,"ACCESO":null,"ACCESIBIL":null,"UBI":null,"COLONIA":null,"TRONCO":null,"CFE":null},"geometry":{"type":"Point","coordinates":[370740.968,2837740.56908]}},{"type":"Feature","properties":{"LONG":null,"LAT":null,"NOMCIEN":"Fraxinus americana","NOMCOM":"Fresno blanco americano","ORIGEN":"Nativa","ALTURA":7.5,"DAP":18.0,"OBJECTID":1900,"FECHA LEV":2015,"SALUD":null,"PROYE":null,"ACCESO":null,"ACCESIBIL":null,"UBI":null,"COLONIA":null,"TRONCO":null,"CFE":null},"geometry":{"type":"Point","coordinates":[370736.228,2837744.64308]}},{"type":"Feature","properties":{"LONG":null,"LAT":null,"NOMCIEN":"Fraxinus americana","NOMCOM":"Fresno blanco americano","ORIGEN":"Nativa","ALTURA":6.6,"DAP":26.4,"OBJECTID":1901,"FECHA LEV":2015,"SALUD":null,"PROYE":null,"ACCESO":null,"ACCESIBIL":null,"UBI":null,"COLONIA":null,"TRONCO":null,"CFE":null},"geometry":{"type":"Point","coordinates":[370732.154,2837747.97008]}},{"type":"Feature","properties":{"LONG":null,"LAT":null,"NOMCIEN":"Quercus polymorpha","NOMCOM":"Encino roble, roble","ORIGEN":"Nativa","ALTURA":11.9,"DAP":25.6,"OBJECTID":1902,"FECHA LEV":2015,"SALUD":null,"PROYE":null,"ACCESO":null,"ACCESIBIL":null,"UBI":null,"COLONIA":null,"TRONCO":null,"CFE":null},"geometry":{"type":"Point","coordinates":[370726.998,2837753.62408]}},{"type":"Feature","properties":{"LONG":null,"LAT":null,"NOMCIEN":"Quercus polymorpha","NOMCOM":"Encino roble, roble","ORIGEN":"Nativa","ALTURA":6.6,"DAP":12.9,"OBJECTID":1903,"FECHA LEV":2015,"SALUD":null,"PROYE":null,"ACCESO":null,"ACCESIBIL":null,"UBI":null,"COLONIA":null,"TRONCO":null,"CFE":null},"geometry":{"type":"Point","coordinates":[370685.93,2837794.95208]}},{"type":"Feature","properties":{"LONG":null,"LAT":null,"NOMCIEN":"Quercus vaseyana","NOMCOM":"Encino bravo, encino de Vasey","ORIGEN":"Introducida","ALTURA":8.2,"DAP":23.7,"OBJECTID":1904,"FECHA LEV":2015,"SALUD":null,"PROYE":null,"ACCESO":null,"ACCESIBIL":null,"UBI":null,"COLONIA":null,"TRONCO":null,"CFE":null},"geometry":{"type":"Point","coordinates":[370676.142,2837803.81608]}},{"type":"Feature","properties":{"LONG":null,"LAT":null,"NOMCIEN":"Fraxinus americana","NOMCOM":"Fresno blanco americano","ORIGEN":"Nativa","ALTURA":7.9,"DAP":40.5,"OBJECTID":1905,"FECHA LEV":2015,"SALUD":null,"PROYE":null,"ACCESO":null,"ACCESIBIL":null,"UBI":null,"COLONIA":null,"TRONCO":null,"CFE":null},"geometry":{"type":"Point","coordinates":[370540.057,2837358.97708]}},{"type":"Feature","properties":{"LONG":null,"LAT":null,"NOMCIEN":"Quercus polymorpha","NOMCOM":"Encino roble, roble","ORIGEN":"Nativa","ALTURA":8.0,"DAP":19.5,"OBJECTID":1906,"FECHA LEV":2015,"SALUD":null,"PROYE":null,"ACCESO":null,"ACCESIBIL":null,"UBI":null,"COLONIA":null,"TRONCO":null,"CFE":null},"geometry":{"type":"Point","coordinates":[370668.087,2837811.69208]}},{"type":"Feature","properties":{"LONG":null,"LAT":null,"NOMCIEN":"Quercus fusiformis","NOMCOM":"Encino siempreverde, encino molino","ORIGEN":"Nativa","ALTURA":8.4,"DAP":30.9,"OBJECTID":1907,"FECHA LEV":2015,"SALUD":null,"PROYE":null,"ACCESO":null,"ACCESIBIL":null,"UBI":null,"COLONIA":null,"TRONCO":null,"CFE":null},"geometry":{"type":"Point","coordinates":[370655.289,2837824.11408]}},{"type":"Feature","properties":{"LONG":null,"LAT":null,"NOMCIEN":"Quercus vaseyana","NOMCOM":"Encino bravo, encino de Vasey","ORIGEN":"Introducida","ALTURA":8.3,"DAP":27.3,"OBJECTID":1908,"FECHA LEV":2015,"SALUD":null,"PROYE":null,"ACCESO":null,"ACCESIBIL":null,"UBI":null,"COLONIA":null,"TRONCO":null,"CFE":null},"geometry":{"type":"Point","coordinates":[370651.136,2837828.69608]}},{"type":"Feature","properties":{"LONG":null,"LAT":null,"NOMCIEN":"Quercus fusiformis","NOMCOM":"Encino siempreverde, encino molino","ORIGEN":"Nativa","ALTURA":10.5,"DAP":35.4,"OBJECTID":1909,"FECHA LEV":2015,"SALUD":null,"PROYE":null,"ACCESO":null,"ACCESIBIL":null,"UBI":null,"COLONIA":null,"TRONCO":null,"CFE":null},"geometry":{"type":"Point","coordinates":[370642.544,2837836.71508]}},{"type":"Feature","properties":{"LONG":null,"LAT":null,"NOMCIEN":"Quercus fusiformis","NOMCOM":"Encino siempreverde, encino molino","ORIGEN":"Nativa","ALTURA":11.6,"DAP":33.7,"OBJECTID":1910,"FECHA LEV":2015,"SALUD":null,"PROYE":null,"ACCESO":null,"ACCESIBIL":null,"UBI":null,"COLONIA":null,"TRONCO":null,"CFE":null},"geometry":{"type":"Point","coordinates":[370638.105,2837841.15408]}},{"type":"Feature","properties":{"LONG":null,"LAT":null,"NOMCIEN":"Quercus fusiformis","NOMCOM":"Encino siempreverde, encino molino","ORIGEN":"Nativa","ALTURA":9.9,"DAP":32.8,"OBJECTID":1911,"FECHA LEV":2015,"SALUD":null,"PROYE":null,"ACCESO":null,"ACCESIBIL":null,"UBI":null,"COLONIA":null,"TRONCO":null,"CFE":null},"geometry":{"type":"Point","coordinates":[370629.37,2837849.03008]}},{"type":"Feature","properties":{"LONG":null,"LAT":null,"NOMCIEN":"Quercus fusiformis","NOMCOM":"Encino siempreverde, encino molino","ORIGEN":"Nativa","ALTURA":11.0,"DAP":31.1,"OBJECTID":1912,"FECHA LEV":2015,"SALUD":null,"PROYE":null,"ACCESO":null,"ACCESIBIL":null,"UBI":null,"COLONIA":null,"TRONCO":null,"CFE":null},"geometry":{"type":"Point","coordinates":[370610.468,2837868.21808]}},{"type":"Feature","properties":{"LONG":null,"LAT":null,"NOMCIEN":"Fraxinus americana","NOMCOM":"Fresno blanco americano","ORIGEN":"Nativa","ALTURA":9.0,"DAP":22.7,"OBJECTID":1913,"FECHA LEV":2015,"SALUD":null,"PROYE":null,"ACCESO":null,"ACCESIBIL":null,"UBI":null,"COLONIA":null,"TRONCO":null,"CFE":null},"geometry":{"type":"Point","coordinates":[370601.161,2837877.38308]}},{"type":"Feature","properties":{"LONG":null,"LAT":null,"NOMCIEN":"Fraxinus americana","NOMCOM":"Fresno blanco americano","ORIGEN":"Nativa","ALTURA":9.0,"DAP":19.5,"OBJECTID":1914,"FECHA LEV":2015,"SALUD":null,"PROYE":null,"ACCESO":null,"ACCESIBIL":null,"UBI":null,"COLONIA":null,"TRONCO":null,"CFE":null},"geometry":{"type":"Point","coordinates":[370580.683,2837897.14408]}},{"type":"Feature","properties":{"LONG":null,"LAT":null,"NOMCIEN":"Quercus vaseyana","NOMCOM":"Encino bravo, encino de Vasey","ORIGEN":"Introducida","ALTURA":6.0,"DAP":17.0,"OBJECTID":1915,"FECHA LEV":2015,"SALUD":null,"PROYE":null,"ACCESO":null,"ACCESIBIL":null,"UBI":null,"COLONIA":null,"TRONCO":null,"CFE":null},"geometry":{"type":"Point","coordinates":[370577.39,2837900.29408]}},{"type":"Feature","properties":{"LONG":null,"LAT":null,"NOMCIEN":"Fraxinus americana","NOMCOM":"Fresno blanco americano","ORIGEN":"Nativa","ALTURA":9.0,"DAP":55.8,"OBJECTID":1916,"FECHA LEV":2015,"SALUD":null,"PROYE":null,"ACCESO":null,"ACCESIBIL":null,"UBI":null,"COLONIA":null,"TRONCO":null,"CFE":null},"geometry":{"type":"Point","coordinates":[370558.175,2837374.24508]}},{"type":"Feature","properties":{"LONG":null,"LAT":null,"NOMCIEN":"Quercus fusiformis","NOMCOM":"Encino siempreverde, encino molino","ORIGEN":"Nativa","ALTURA":6.5,"DAP":15.6,"OBJECTID":1917,"FECHA LEV":2015,"SALUD":null,"PROYE":null,"ACCESO":null,"ACCESIBIL":null,"UBI":null,"COLONIA":null,"TRONCO":null,"CFE":null},"geometry":{"type":"Point","coordinates":[370570.946,2837906.59508]}},{"type":"Feature","properties":{"LONG":null,"LAT":null,"NOMCIEN":"Fraxinus americana","NOMCOM":"Fresno blanco americano","ORIGEN":"Nativa","ALTURA":6.5,"DAP":20.8,"OBJECTID":1918,"FECHA LEV":2015,"SALUD":null,"PROYE":null,"ACCESO":null,"ACCESIBIL":null,"UBI":null,"COLONIA":null,"TRONCO":null,"CFE":null},"geometry":{"type":"Point","coordinates":[370564.502,2837912.89608]}},{"type":"Feature","properties":{"LONG":null,"LAT":null,"NOMCIEN":"Quercus vaseyana","NOMCOM":"Encino bravo, encino de Vasey","ORIGEN":"Introducida","ALTURA":13.0,"DAP":27.4,"OBJECTID":1919,"FECHA LEV":2015,"SALUD":null,"PROYE":null,"ACCESO":null,"ACCESIBIL":null,"UBI":null,"COLONIA":null,"TRONCO":null,"CFE":null},"geometry":{"type":"Point","coordinates":[370557.772,2837919.48308]}},{"type":"Feature","properties":{"LONG":null,"LAT":null,"NOMCIEN":"Fraxinus americana","NOMCOM":"Fresno blanco americano","ORIGEN":"Nativa","ALTURA":10.3,"DAP":38.5,"OBJECTID":1920,"FECHA LEV":2015,"SALUD":null,"PROYE":null,"ACCESO":null,"ACCESIBIL":null,"UBI":null,"COLONIA":null,"TRONCO":null,"CFE":null},"geometry":{"type":"Point","coordinates":[370532.856,2837930.36608]}},{"type":"Feature","properties":{"LONG":null,"LAT":null,"NOMCIEN":"Quercus vaseyana","NOMCOM":"Encino bravo, encino de Vasey","ORIGEN":"Introducida","ALTURA":10.5,"DAP":26.5,"OBJECTID":1921,"FECHA LEV":2015,"SALUD":null,"PROYE":null,"ACCESO":null,"ACCESIBIL":null,"UBI":null,"COLONIA":null,"TRONCO":null,"CFE":null},"geometry":{"type":"Point","coordinates":[370525.123,2837923.34908]}},{"type":"Feature","properties":{"LONG":null,"LAT":null,"NOMCIEN":"Quercus vaseyana","NOMCOM":"Encino bravo, encino de Vasey","ORIGEN":"Introducida","ALTURA":12.8,"DAP":33.2,"OBJECTID":1922,"FECHA LEV":2015,"SALUD":null,"PROYE":null,"ACCESO":null,"ACCESIBIL":null,"UBI":null,"COLONIA":null,"TRONCO":null,"CFE":null},"geometry":{"type":"Point","coordinates":[370516.818,2837916.61908]}},{"type":"Feature","properties":{"LONG":null,"LAT":null,"NOMCIEN":"Quercus fusiformis","NOMCOM":"Encino siempreverde, encino molino","ORIGEN":"Nativa","ALTURA":13.0,"DAP":34.8,"OBJECTID":1923,"FECHA LEV":2015,"SALUD":null,"PROYE":null,"ACCESO":null,"ACCESIBIL":null,"UBI":null,"COLONIA":null,"TRONCO":null,"CFE":null},"geometry":{"type":"Point","coordinates":[370512.665,2837913.61208]}},{"type":"Feature","properties":{"LONG":null,"LAT":null,"NOMCIEN":"Quercus fusiformis","NOMCOM":"Encino siempreverde, encino molino","ORIGEN":"Nativa","ALTURA":10.3,"DAP":29.7,"OBJECTID":1924,"FECHA LEV":2015,"SALUD":null,"PROYE":null,"ACCESO":null,"ACCESIBIL":null,"UBI":null,"COLONIA":null,"TRONCO":null,"CFE":null},"geometry":{"type":"Point","coordinates":[370452.523,2837862.63408]}},{"type":"Feature","properties":{"LONG":null,"LAT":null,"NOMCIEN":"Quercus vaseyana","NOMCOM":"Encino bravo, encino de Vasey","ORIGEN":"Introducida","ALTURA":12.0,"DAP":25.8,"OBJECTID":1925,"FECHA LEV":2015,"SALUD":null,"PROYE":null,"ACCESO":null,"ACCESIBIL":null,"UBI":null,"COLONIA":null,"TRONCO":null,"CFE":null},"geometry":{"type":"Point","coordinates":[370448.227,2837858.91108]}},{"type":"Feature","properties":{"LONG":null,"LAT":null,"NOMCIEN":"Quercus vaseyana","NOMCOM":"Encino bravo, encino de Vasey","ORIGEN":"Introducida","ALTURA":10.9,"DAP":23.3,"OBJECTID":1926,"FECHA LEV":2015,"SALUD":null,"PROYE":null,"ACCESO":null,"ACCESIBIL":null,"UBI":null,"COLONIA":null,"TRONCO":null,"CFE":null},"geometry":{"type":"Point","coordinates":[370445.077,2837855.76008]}},{"type":"Feature","properties":{"LONG":null,"LAT":null,"NOMCIEN":"Fraxinus americana","NOMCOM":"Fresno blanco americano","ORIGEN":"Nativa","ALTURA":6.5,"DAP":20.1,"OBJECTID":1927,"FECHA LEV":2015,"SALUD":null,"PROYE":null,"ACCESO":null,"ACCESIBIL":null,"UBI":null,"COLONIA":null,"TRONCO":null,"CFE":null},"geometry":{"type":"Point","coordinates":[370589.932,2837399.79408]}},{"type":"Feature","properties":{"LONG":null,"LAT":null,"NOMCIEN":"Quercus fusiformis","NOMCOM":"Encino siempreverde, encino molino","ORIGEN":"Nativa","ALTURA":10.4,"DAP":25.0,"OBJECTID":1928,"FECHA LEV":2015,"SALUD":null,"PROYE":null,"ACCESO":null,"ACCESIBIL":null,"UBI":null,"COLONIA":null,"TRONCO":null,"CFE":null},"geometry":{"type":"Point","coordinates":[370440.924,2837852.75308]}},{"type":"Feature","properties":{"LONG":null,"LAT":null,"NOMCIEN":"Quercus fusiformis","NOMCOM":"Encino siempreverde, encino molino","ORIGEN":"Nativa","ALTURA":9.6,"DAP":29.6,"OBJECTID":1929,"FECHA LEV":2015,"SALUD":null,"PROYE":null,"ACCESO":null,"ACCESIBIL":null,"UBI":null,"COLONIA":null,"TRONCO":null,"CFE":null},"geometry":{"type":"Point","coordinates":[370437.058,2837849.60308]}},{"type":"Feature","properties":{"LONG":null,"LAT":null,"NOMCIEN":"Quercus vaseyana","NOMCOM":"Encino bravo, encino de Vasey","ORIGEN":"Introducida","ALTURA":10.7,"DAP":21.9,"OBJECTID":1930,"FECHA LEV":2015,"SALUD":null,"PROYE":null,"ACCESO":null,"ACCESIBIL":null,"UBI":null,"COLONIA":null,"TRONCO":null,"CFE":null},"geometry":{"type":"Point","coordinates":[370430.471,2837844.01808]}},{"type":"Feature","properties":{"LONG":null,"LAT":null,"NOMCIEN":"Quercus fusiformis","NOMCOM":"Encino siempreverde, encino molino","ORIGEN":"Nativa","ALTURA":10.5,"DAP":28.4,"OBJECTID":1931,"FECHA LEV":2015,"SALUD":null,"PROYE":null,"ACCESO":null,"ACCESIBIL":null,"UBI":null,"COLONIA":null,"TRONCO":null,"CFE":null},"geometry":{"type":"Point","coordinates":[370425.459,2837839.72208]}},{"type":"Feature","properties":{"LONG":null,"LAT":null,"NOMCIEN":"Fraxinus americana","NOMCOM":"Fresno blanco americano","ORIGEN":"Nativa","ALTURA":10.6,"DAP":79.1,"OBJECTID":1932,"FECHA LEV":2015,"SALUD":null,"PROYE":null,"ACCESO":null,"ACCESIBIL":null,"UBI":null,"COLONIA":null,"TRONCO":null,"CFE":null},"geometry":{"type":"Point","coordinates":[370418.156,2837833.85108]}},{"type":"Feature","properties":{"LONG":null,"LAT":null,"NOMCIEN":"Fraxinus americana","NOMCOM":"Fresno blanco americano","ORIGEN":"Nativa","ALTURA":11.9,"DAP":50.6,"OBJECTID":1933,"FECHA LEV":2015,"SALUD":null,"PROYE":null,"ACCESO":null,"ACCESIBIL":null,"UBI":null,"COLONIA":null,"TRONCO":null,"CFE":null},"geometry":{"type":"Point","coordinates":[370403.836,2837819.53208]}},{"type":"Feature","properties":{"LONG":null,"LAT":null,"NOMCIEN":"Quercus fusiformis","NOMCOM":"Encino siempreverde, encino molino","ORIGEN":"Nativa","ALTURA":11.3,"DAP":25.1,"OBJECTID":1934,"FECHA LEV":2015,"SALUD":null,"PROYE":null,"ACCESO":null,"ACCESIBIL":null,"UBI":null,"COLONIA":null,"TRONCO":null,"CFE":null},"geometry":{"type":"Point","coordinates":[370394.528,2837814.23308]}},{"type":"Feature","properties":{"LONG":null,"LAT":null,"NOMCIEN":"Quercus fusiformis","NOMCOM":"Encino siempreverde, encino molino","ORIGEN":"Nativa","ALTURA":11.2,"DAP":27.5,"OBJECTID":1935,"FECHA LEV":2015,"SALUD":null,"PROYE":null,"ACCESO":null,"ACCESIBIL":null,"UBI":null,"COLONIA":null,"TRONCO":null,"CFE":null},"geometry":{"type":"Point","coordinates":[370391.378,2837810.51008]}},{"type":"Feature","properties":{"LONG":null,"LAT":null,"NOMCIEN":"Quercus fusiformis","NOMCOM":"Encino siempreverde, encino molino","ORIGEN":"Nativa","ALTURA":11.6,"DAP":30.9,"OBJECTID":1936,"FECHA LEV":2015,"SALUD":null,"PROYE":null,"ACCESO":null,"ACCESIBIL":null,"UBI":null,"COLONIA":null,"TRONCO":null,"CFE":null},"geometry":{"type":"Point","coordinates":[370368.896,2837791.89508]}},{"type":"Feature","properties":{"LONG":null,"LAT":null,"NOMCIEN":"Quercus fusiformis","NOMCOM":"Encino siempreverde, encino molino","ORIGEN":"Nativa","ALTURA":12.2,"DAP":24.8,"OBJECTID":1937,"FECHA LEV":2015,"SALUD":null,"PROYE":null,"ACCESO":null,"ACCESIBIL":null,"UBI":null,"COLONIA":null,"TRONCO":null,"CFE":null},"geometry":{"type":"Point","coordinates":[370361.88,2837785.30808]}},{"type":"Feature","properties":{"LONG":null,"LAT":null,"NOMCIEN":"Quercus vaseyana","NOMCOM":"Encino bravo, encino de Vasey","ORIGEN":"Introducida","ALTURA":8.0,"DAP":12.6,"OBJECTID":1938,"FECHA LEV":2015,"SALUD":null,"PROYE":null,"ACCESO":null,"ACCESIBIL":null,"UBI":null,"COLONIA":null,"TRONCO":null,"CFE":null},"geometry":{"type":"Point","coordinates":[370609.679,2837416.69008]}},{"type":"Feature","properties":{"LONG":null,"LAT":null,"NOMCIEN":"Quercus fusiformis","NOMCOM":"Encino siempreverde, encino molino","ORIGEN":"Nativa","ALTURA":14.1,"DAP":29.8,"OBJECTID":1939,"FECHA LEV":2015,"SALUD":null,"PROYE":null,"ACCESO":null,"ACCESIBIL":null,"UBI":null,"COLONIA":null,"TRONCO":null,"CFE":null},"geometry":{"type":"Point","coordinates":[370354.72,2837780.15308]}},{"type":"Feature","properties":{"LONG":null,"LAT":null,"NOMCIEN":"Quercus fusiformis","NOMCOM":"Encino siempreverde, encino molino","ORIGEN":"Nativa","ALTURA":10.0,"DAP":25.8,"OBJECTID":1940,"FECHA LEV":2015,"SALUD":null,"PROYE":null,"ACCESO":null,"ACCESIBIL":null,"UBI":null,"COLONIA":null,"TRONCO":null,"CFE":null},"geometry":{"type":"Point","coordinates":[370349.994,2837775.14108]}},{"type":"Feature","properties":{"LONG":null,"LAT":null,"NOMCIEN":"Quercus fusiformis","NOMCOM":"Encino siempreverde, encino molino","ORIGEN":"Nativa","ALTURA":9.4,"DAP":32.0,"OBJECTID":1941,"FECHA LEV":2015,"SALUD":null,"PROYE":null,"ACCESO":null,"ACCESIBIL":null,"UBI":null,"COLONIA":null,"TRONCO":null,"CFE":null},"geometry":{"type":"Point","coordinates":[370341.689,2837769.12708]}},{"type":"Feature","properties":{"LONG":null,"LAT":null,"NOMCIEN":"Quercus fusiformis","NOMCOM":"Encino siempreverde, encino molino","ORIGEN":"Nativa","ALTURA":11.1,"DAP":26.0,"OBJECTID":1942,"FECHA LEV":2015,"SALUD":null,"PROYE":null,"ACCESO":null,"ACCESIBIL":null,"UBI":null,"COLONIA":null,"TRONCO":null,"CFE":null},"geometry":{"type":"Point","coordinates":[370338.252,2837766.12008]}},{"type":"Feature","properties":{"LONG":null,"LAT":null,"NOMCIEN":"Juglans nigra","NOMCOM":"Nogal americano","ORIGEN":"Introducida","ALTURA":12.2,"DAP":26.6,"OBJECTID":1943,"FECHA LEV":2015,"SALUD":null,"PROYE":null,"ACCESO":null,"ACCESIBIL":null,"UBI":null,"COLONIA":null,"TRONCO":null,"CFE":null},"geometry":{"type":"Point","coordinates":[370333.812,2837762.99908]}},{"type":"Feature","properties":{"LONG":null,"LAT":null,"NOMCIEN":"Juglans nigra","NOMCOM":"Nogal americano","ORIGEN":"Introducida","ALTURA":11.7,"DAP":25.9,"OBJECTID":1944,"FECHA LEV":2015,"SALUD":null,"PROYE":null,"ACCESO":null,"ACCESIBIL":null,"UBI":null,"COLONIA":null,"TRONCO":null,"CFE":null},"geometry":{"type":"Point","coordinates":[370327.942,2837758.38708]}},{"type":"Feature","properties":{"LONG":null,"LAT":null,"NOMCIEN":"Fraxinus americana","NOMCOM":"Fresno blanco americano","ORIGEN":"Nativa","ALTURA":7.0,"DAP":15.6,"OBJECTID":1945,"FECHA LEV":2015,"SALUD":null,"PROYE":null,"ACCESO":null,"ACCESIBIL":null,"UBI":null,"COLONIA":null,"TRONCO":null,"CFE":null},"geometry":{"type":"Point","coordinates":[370318.747,2837673.52208]}},{"type":"Feature","properties":{"LONG":null,"LAT":null,"NOMCIEN":"Fraxinus americana","NOMCOM":"Fresno blanco americano","ORIGEN":"Nativa","ALTURA":8.6,"DAP":38.4,"OBJECTID":1946,"FECHA LEV":2015,"SALUD":null,"PROYE":null,"ACCESO":null,"ACCESIBIL":null,"UBI":null,"COLONIA":null,"TRONCO":null,"CFE":null},"geometry":{"type":"Point","coordinates":[370339.787,2837637.55508]}},{"type":"Feature","properties":{"LONG":null,"LAT":null,"NOMCIEN":"Fraxinus americana","NOMCOM":"Fresno blanco americano","ORIGEN":"Nativa","ALTURA":8.6,"DAP":27.5,"OBJECTID":1947,"FECHA LEV":2015,"SALUD":null,"PROYE":null,"ACCESO":null,"ACCESIBIL":null,"UBI":null,"COLONIA":null,"TRONCO":null,"CFE":null},"geometry":{"type":"Point","coordinates":[370343.082,2837630.56608]}},{"type":"Feature","properties":{"LONG":null,"LAT":null,"NOMCIEN":"Fraxinus americana","NOMCOM":"Fresno blanco americano","ORIGEN":"Nativa","ALTURA":8.0,"DAP":27.2,"OBJECTID":1948,"FECHA LEV":2015,"SALUD":null,"PROYE":null,"ACCESO":null,"ACCESIBIL":null,"UBI":null,"COLONIA":null,"TRONCO":null,"CFE":null},"geometry":{"type":"Point","coordinates":[370361.211,2837597.87708]}},{"type":"Feature","properties":{"LONG":null,"LAT":null,"NOMCIEN":"Fraxinus americana","NOMCOM":"Fresno blanco americano","ORIGEN":"Nativa","ALTURA":10.0,"DAP":43.3,"OBJECTID":1949,"FECHA LEV":2015,"SALUD":null,"PROYE":null,"ACCESO":null,"ACCESIBIL":null,"UBI":null,"COLONIA":null,"TRONCO":null,"CFE":null},"geometry":{"type":"Point","coordinates":[370618.941,2837426.25808]}},{"type":"Feature","properties":{"LONG":null,"LAT":null,"NOMCIEN":"Fraxinus americana","NOMCOM":"Fresno blanco americano","ORIGEN":"Nativa","ALTURA":8.0,"DAP":45.5,"OBJECTID":1950,"FECHA LEV":2015,"SALUD":null,"PROYE":null,"ACCESO":null,"ACCESIBIL":null,"UBI":null,"COLONIA":null,"TRONCO":null,"CFE":null},"geometry":{"type":"Point","coordinates":[370370.939,2837583.77708]}},{"type":"Feature","properties":{"LONG":null,"LAT":null,"NOMCIEN":"Fraxinus americana","NOMCOM":"Fresno blanco americano","ORIGEN":"Nativa","ALTURA":8.0,"DAP":80.2,"OBJECTID":1951,"FECHA LEV":2015,"SALUD":null,"PROYE":null,"ACCESO":null,"ACCESIBIL":null,"UBI":null,"COLONIA":null,"TRONCO":null,"CFE":null},"geometry":{"type":"Point","coordinates":[370375.202,2837572.19108]}},{"type":"Feature","properties":{"LONG":null,"LAT":null,"NOMCIEN":"Fraxinus americana","NOMCOM":"Fresno blanco americano","ORIGEN":"Nativa","ALTURA":8.0,"DAP":23.5,"OBJECTID":1952,"FECHA LEV":2015,"SALUD":null,"PROYE":null,"ACCESO":null,"ACCESIBIL":null,"UBI":null,"COLONIA":null,"TRONCO":null,"CFE":null},"geometry":{"type":"Point","coordinates":[370380.558,2837563.44608]}},{"type":"Feature","properties":{"LONG":null,"LAT":null,"NOMCIEN":"Fraxinus americana","NOMCOM":"Fresno blanco americano","ORIGEN":"Nativa","ALTURA":8.0,"DAP":31.7,"OBJECTID":1953,"FECHA LEV":2015,"SALUD":null,"PROYE":null,"ACCESO":null,"ACCESIBIL":null,"UBI":null,"COLONIA":null,"TRONCO":null,"CFE":null},"geometry":{"type":"Point","coordinates":[370388.327,2837551.32008]}},{"type":"Feature","properties":{"LONG":null,"LAT":null,"NOMCIEN":"Fraxinus americana","NOMCOM":"Fresno blanco americano","ORIGEN":"Nativa","ALTURA":8.0,"DAP":69.7,"OBJECTID":1954,"FECHA LEV":2015,"SALUD":null,"PROYE":null,"ACCESO":null,"ACCESIBIL":null,"UBI":null,"COLONIA":null,"TRONCO":null,"CFE":null},"geometry":{"type":"Point","coordinates":[370392.042,2837544.21308]}},{"type":"Feature","properties":{"LONG":null,"LAT":null,"NOMCIEN":"Fraxinus americana","NOMCOM":"Fresno blanco americano","ORIGEN":"Nativa","ALTURA":8.0,"DAP":22.7,"OBJECTID":1955,"FECHA LEV":2015,"SALUD":null,"PROYE":null,"ACCESO":null,"ACCESIBIL":null,"UBI":null,"COLONIA":null,"TRONCO":null,"CFE":null},"geometry":{"type":"Point","coordinates":[370395.507,2837538.39408]}},{"type":"Feature","properties":{"LONG":null,"LAT":null,"NOMCIEN":"Fraxinus americana","NOMCOM":"Fresno blanco americano","ORIGEN":"Nativa","ALTURA":8.0,"DAP":57.4,"OBJECTID":1956,"FECHA LEV":2015,"SALUD":null,"PROYE":null,"ACCESO":null,"ACCESIBIL":null,"UBI":null,"COLONIA":null,"TRONCO":null,"CFE":null},"geometry":{"type":"Point","coordinates":[370396.189,2837529.23408]}},{"type":"Feature","properties":{"LONG":null,"LAT":null,"NOMCIEN":"Fraxinus americana","NOMCOM":"Fresno blanco americano","ORIGEN":"Nativa","ALTURA":8.0,"DAP":38.1,"OBJECTID":1957,"FECHA LEV":2015,"SALUD":null,"PROYE":null,"ACCESO":null,"ACCESIBIL":null,"UBI":null,"COLONIA":null,"TRONCO":null,"CFE":null},"geometry":{"type":"Point","coordinates":[370402.265,2837522.63708]}},{"type":"Feature","properties":{"LONG":null,"LAT":null,"NOMCIEN":"Fraxinus americana","NOMCOM":"Fresno blanco americano","ORIGEN":"Nativa","ALTURA":8.0,"DAP":86.1,"OBJECTID":1958,"FECHA LEV":2015,"SALUD":null,"PROYE":null,"ACCESO":null,"ACCESIBIL":null,"UBI":null,"COLONIA":null,"TRONCO":null,"CFE":null},"geometry":{"type":"Point","coordinates":[370407.488,2837517.30008]}},{"type":"Feature","properties":{"LONG":null,"LAT":null,"NOMCIEN":"Fraxinus americana","NOMCOM":"Fresno blanco americano","ORIGEN":"Nativa","ALTURA":8.0,"DAP":28.9,"OBJECTID":1959,"FECHA LEV":2015,"SALUD":null,"PROYE":null,"ACCESO":null,"ACCESIBIL":null,"UBI":null,"COLONIA":null,"TRONCO":null,"CFE":null},"geometry":{"type":"Point","coordinates":[370408.431,2837509.55908]}},{"type":"Feature","properties":{"LONG":null,"LAT":null,"NOMCIEN":"Fraxinus americana","NOMCOM":"Fresno blanco americano","ORIGEN":"Nativa","ALTURA":7.5,"DAP":35.5,"OBJECTID":1960,"FECHA LEV":2015,"SALUD":null,"PROYE":null,"ACCESO":null,"ACCESIBIL":null,"UBI":null,"COLONIA":null,"TRONCO":null,"CFE":null},"geometry":{"type":"Point","coordinates":[370636.347,2837437.15008]}},{"type":"Feature","properties":{"LONG":null,"LAT":null,"NOMCIEN":"Fraxinus americana","NOMCOM":"Fresno blanco americano","ORIGEN":"Nativa","ALTURA":8.0,"DAP":74.3,"OBJECTID":1961,"FECHA LEV":2015,"SALUD":null,"PROYE":null,"ACCESO":null,"ACCESIBIL":null,"UBI":null,"COLONIA":null,"TRONCO":null,"CFE":null},"geometry":{"type":"Point","coordinates":[370411.601,2837507.37308]}},{"type":"Feature","properties":{"LONG":null,"LAT":null,"NOMCIEN":"Fraxinus americana","NOMCOM":"Fresno blanco americano","ORIGEN":"Nativa","ALTURA":8.0,"DAP":36.3,"OBJECTID":1962,"FECHA LEV":2015,"SALUD":null,"PROYE":null,"ACCESO":null,"ACCESIBIL":null,"UBI":null,"COLONIA":null,"TRONCO":null,"CFE":null},"geometry":{"type":"Point","coordinates":[370425.483,2837480.92108]}},{"type":"Feature","properties":{"LONG":null,"LAT":null,"NOMCIEN":"Fraxinus americana","NOMCOM":"Fresno blanco americano","ORIGEN":"Nativa","ALTURA":8.0,"DAP":36.8,"OBJECTID":1963,"FECHA LEV":2015,"SALUD":null,"PROYE":null,"ACCESO":null,"ACCESIBIL":null,"UBI":null,"COLONIA":null,"TRONCO":null,"CFE":null},"geometry":{"type":"Point","coordinates":[370434.664,2837465.83708]}},{"type":"Feature","properties":{"LONG":null,"LAT":null,"NOMCIEN":"Fraxinus americana","NOMCOM":"Fresno blanco americano","ORIGEN":"Nativa","ALTURA":8.0,"DAP":76.2,"OBJECTID":1964,"FECHA LEV":2015,"SALUD":null,"PROYE":null,"ACCESO":null,"ACCESIBIL":null,"UBI":null,"COLONIA":null,"TRONCO":null,"CFE":null},"geometry":{"type":"Point","coordinates":[370439.583,2837458.07608]}},{"type":"Feature","properties":{"LONG":null,"LAT":null,"NOMCIEN":"Fraxinus americana","NOMCOM":"Fresno blanco americano","ORIGEN":"Nativa","ALTURA":9.5,"DAP":33.4,"OBJECTID":1965,"FECHA LEV":2015,"SALUD":null,"PROYE":null,"ACCESO":null,"ACCESIBIL":null,"UBI":null,"COLONIA":null,"TRONCO":null,"CFE":null},"geometry":{"type":"Point","coordinates":[370486.147,2837374.56708]}},{"type":"Feature","properties":{"LONG":null,"LAT":null,"NOMCIEN":"Fraxinus americana","NOMCOM":"Fresno blanco americano","ORIGEN":"Nativa","ALTURA":9.0,"DAP":19.1,"OBJECTID":1966,"FECHA LEV":2015,"SALUD":null,"PROYE":null,"ACCESO":null,"ACCESIBIL":null,"UBI":null,"COLONIA":null,"TRONCO":null,"CFE":null},"geometry":{"type":"Point","coordinates":[370487.677,2837371.50708]}},{"type":"Feature","properties":{"LONG":null,"LAT":null,"NOMCIEN":"Fraxinus americana","NOMCOM":"Fresno blanco americano","ORIGEN":"Nativa","ALTURA":9.0,"DAP":24.9,"OBJECTID":1967,"FECHA LEV":2015,"SALUD":null,"PROYE":null,"ACCESO":null,"ACCESIBIL":null,"UBI":null,"COLONIA":null,"TRONCO":null,"CFE":null},"geometry":{"type":"Point","coordinates":[370491.831,2837362.32508]}},{"type":"Feature","properties":{"LONG":null,"LAT":null,"NOMCIEN":"Washingtonia robusta","NOMCOM":"Palma Washington, palmera abanico, palma blanca","ORIGEN":"Nativa","ALTURA":11.9,"DAP":84.9,"OBJECTID":1968,"FECHA LEV":2015,"SALUD":null,"PROYE":null,"ACCESO":null,"ACCESIBIL":null,"UBI":null,"COLONIA":null,"TRONCO":null,"CFE":null},"geometry":{"type":"Point","coordinates":[370493.033,2837359.92008]}},{"type":"Feature","properties":{"LONG":null,"LAT":null,"NOMCIEN":"Fraxinus americana","NOMCOM":"Fresno blanco americano","ORIGEN":"Nativa","ALTURA":10.0,"DAP":27.0,"OBJECTID":1969,"FECHA LEV":2015,"SALUD":null,"PROYE":null,"ACCESO":null,"ACCESIBIL":null,"UBI":null,"COLONIA":null,"TRONCO":null,"CFE":null},"geometry":{"type":"Point","coordinates":[370499.919,2837346.03908]}},{"type":"Feature","properties":{"LONG":null,"LAT":null,"NOMCIEN":"Fraxinus americana","NOMCOM":"Fresno blanco americano","ORIGEN":"Nativa","ALTURA":9.0,"DAP":32.8,"OBJECTID":1970,"FECHA LEV":2015,"SALUD":null,"PROYE":null,"ACCESO":null,"ACCESIBIL":null,"UBI":null,"COLONIA":null,"TRONCO":null,"CFE":null},"geometry":{"type":"Point","coordinates":[370605.493,2837873.35208]}},{"type":"Feature","properties":{"LONG":null,"LAT":null,"NOMCIEN":"Fraxinus americana","NOMCOM":"Fresno blanco americano","ORIGEN":"Nativa","ALTURA":6.5,"DAP":21.1,"OBJECTID":1971,"FECHA LEV":2015,"SALUD":null,"PROYE":null,"ACCESO":null,"ACCESIBIL":null,"UBI":null,"COLONIA":null,"TRONCO":null,"CFE":null},"geometry":{"type":"Point","coordinates":[370643.777,2837443.05308]}},{"type":"Feature","properties":{"LONG":null,"LAT":null,"NOMCIEN":"Fraxinus americana","NOMCOM":"Fresno blanco americano","ORIGEN":"Nativa","ALTURA":6.5,"DAP":24.0,"OBJECTID":1972,"FECHA LEV":2015,"SALUD":null,"PROYE":null,"ACCESO":null,"ACCESIBIL":null,"UBI":null,"COLONIA":null,"TRONCO":null,"CFE":null},"geometry":{"type":"Point","coordinates":[370710.441,2837498.26108]}},{"type":"Feature","properties":{"LONG":null,"LAT":null,"NOMCIEN":"Quercus polymorpha","NOMCOM":"Encino roble, roble","ORIGEN":"Nativa","ALTURA":7.8,"DAP":12.3,"OBJECTID":1973,"FECHA LEV":2015,"SALUD":null,"PROYE":null,"ACCESO":null,"ACCESIBIL":null,"UBI":null,"COLONIA":null,"TRONCO":null,"CFE":null},"geometry":{"type":"Point","coordinates":[370660.063,2837455.98008]}},{"type":"Feature","properties":{"LONG":null,"LAT":null,"NOMCIEN":"Quercus polymorpha","NOMCOM":"Encino roble, roble","ORIGEN":"Nativa","ALTURA":6.9,"DAP":12.3,"OBJECTID":1974,"FECHA LEV":2015,"SALUD":null,"PROYE":null,"ACCESO":null,"ACCESIBIL":null,"UBI":null,"COLONIA":null,"TRONCO":null,"CFE":null},"geometry":{"type":"Point","coordinates":[370700.585,2837489.78708]}},{"type":"Feature","properties":{"LONG":null,"LAT":null,"NOMCIEN":"Quercus fusiformis","NOMCOM":"Encino siempreverde, encino molino","ORIGEN":"Nativa","ALTURA":7.5,"DAP":15.2,"OBJECTID":1975,"FECHA LEV":2015,"SALUD":null,"PROYE":null,"ACCESO":null,"ACCESIBIL":null,"UBI":null,"COLONIA":null,"TRONCO":null,"CFE":null},"geometry":{"type":"Point","coordinates":[370681.333,2837799.34108]}},{"type":"Feature","properties":{"LONG":null,"LAT":null,"NOMCIEN":"Quercus polymorpha","NOMCOM":"Encino roble, roble","ORIGEN":"Nativa","ALTURA":14.1,"DAP":34.0,"OBJECTID":1976,"FECHA LEV":2015,"SALUD":null,"PROYE":null,"ACCESO":null,"ACCESIBIL":null,"UBI":null,"COLONIA":null,"TRONCO":null,"CFE":null},"geometry":{"type":"Point","coordinates":[370414.457,2837747.83408]}},{"type":"Feature","properties":{"LONG":null,"LAT":null,"NOMCIEN":"Quercus polymorpha","NOMCOM":"Encino roble, roble","ORIGEN":"Nativa","ALTURA":17.1,"DAP":44.2,"OBJECTID":1977,"FECHA LEV":2015,"SALUD":null,"PROYE":null,"ACCESO":null,"ACCESIBIL":null,"UBI":null,"COLONIA":null,"TRONCO":null,"CFE":null},"geometry":{"type":"Point","coordinates":[370460.945,2837733.92508]}},{"type":"Feature","properties":{"LONG":null,"LAT":null,"NOMCIEN":"Quercus polymorpha","NOMCOM":"Encino roble, roble","ORIGEN":"Nativa","ALTURA":16.5,"DAP":35.5,"OBJECTID":1978,"FECHA LEV":2015,"SALUD":null,"PROYE":null,"ACCESO":null,"ACCESIBIL":null,"UBI":null,"COLONIA":null,"TRONCO":null,"CFE":null},"geometry":{"type":"Point","coordinates":[370468.442,2837739.82708]}},{"type":"Feature","properties":{"LONG":null,"LAT":null,"NOMCIEN":"Quercus polymorpha","NOMCOM":"Encino roble, roble","ORIGEN":"Nativa","ALTURA":12.7,"DAP":35.9,"OBJECTID":1979,"FECHA LEV":2015,"SALUD":null,"PROYE":null,"ACCESO":null,"ACCESIBIL":null,"UBI":null,"COLONIA":null,"TRONCO":null,"CFE":null},"geometry":{"type":"Point","coordinates":[370477.374,2837691.17908]}},{"type":"Feature","properties":{"LONG":null,"LAT":null,"NOMCIEN":"Quercus polymorpha","NOMCOM":"Encino roble, roble","ORIGEN":"Nativa","ALTURA":14.3,"DAP":50.1,"OBJECTID":1980,"FECHA LEV":2015,"SALUD":null,"PROYE":null,"ACCESO":null,"ACCESIBIL":null,"UBI":null,"COLONIA":null,"TRONCO":null,"CFE":null},"geometry":{"type":"Point","coordinates":[370458.234,2837692.77408]}},{"type":"Feature","properties":{"LONG":null,"LAT":null,"NOMCIEN":"Quercus fusiformis","NOMCOM":"Encino siempreverde, encino molino","ORIGEN":"Nativa","ALTURA":14.5,"DAP":33.1,"OBJECTID":1981,"FECHA LEV":2015,"SALUD":null,"PROYE":null,"ACCESO":null,"ACCESIBIL":null,"UBI":null,"COLONIA":null,"TRONCO":null,"CFE":null},"geometry":{"type":"Point","coordinates":[370422.406,2837742.49808]}},{"type":"Feature","properties":{"LONG":null,"LAT":null,"NOMCIEN":"Quercus fusiformis","NOMCOM":"Encino siempreverde, encino molino","ORIGEN":"Nativa","ALTURA":13.7,"DAP":42.3,"OBJECTID":1982,"FECHA LEV":2015,"SALUD":null,"PROYE":null,"ACCESO":null,"ACCESIBIL":null,"UBI":null,"COLONIA":null,"TRONCO":null,"CFE":null},"geometry":{"type":"Point","coordinates":[370469.658,2837695.44608]}},{"type":"Feature","properties":{"LONG":null,"LAT":null,"NOMCIEN":"Quercus fusiformis","NOMCOM":"Encino siempreverde, encino molino","ORIGEN":"Nativa","ALTURA":9.4,"DAP":23.3,"OBJECTID":1983,"FECHA LEV":2015,"SALUD":null,"PROYE":null,"ACCESO":null,"ACCESIBIL":null,"UBI":null,"COLONIA":null,"TRONCO":null,"CFE":null},"geometry":{"type":"Point","coordinates":[370420.611,2837687.86908]}},{"type":"Feature","properties":{"LONG":null,"LAT":null,"NOMCIEN":"Quercus fusiformis","NOMCOM":"Encino siempreverde, encino molino","ORIGEN":"Nativa","ALTURA":10.9,"DAP":23.4,"OBJECTID":1984,"FECHA LEV":2015,"SALUD":null,"PROYE":null,"ACCESO":null,"ACCESIBIL":null,"UBI":null,"COLONIA":null,"TRONCO":null,"CFE":null},"geometry":{"type":"Point","coordinates":[370459.517,2837742.02208]}},{"type":"Feature","properties":{"LONG":null,"LAT":null,"NOMCIEN":"Quercus fusiformis","NOMCOM":"Encino siempreverde, encino molino","ORIGEN":"Nativa","ALTURA":12.5,"DAP":34.1,"OBJECTID":1985,"FECHA LEV":2015,"SALUD":null,"PROYE":null,"ACCESO":null,"ACCESIBIL":null,"UBI":null,"COLONIA":null,"TRONCO":null,"CFE":null},"geometry":{"type":"Point","coordinates":[370481.07,2837733.08508]}},{"type":"Feature","properties":{"LONG":null,"LAT":null,"NOMCIEN":"Quercus fusiformis","NOMCOM":"Encino siempreverde, encino molino","ORIGEN":"Nativa","ALTURA":13.9,"DAP":48.5,"OBJECTID":1986,"FECHA LEV":2015,"SALUD":null,"PROYE":null,"ACCESO":null,"ACCESIBIL":null,"UBI":null,"COLONIA":null,"TRONCO":null,"CFE":null},"geometry":{"type":"Point","coordinates":[370485.451,2837695.23608]}},{"type":"Feature","properties":{"LONG":null,"LAT":null,"NOMCIEN":"Quercus fusiformis","NOMCOM":"Encino siempreverde, encino molino","ORIGEN":"Nativa","ALTURA":8.5,"DAP":16.2,"OBJECTID":1987,"FECHA LEV":2015,"SALUD":null,"PROYE":null,"ACCESO":null,"ACCESIBIL":null,"UBI":null,"COLONIA":null,"TRONCO":null,"CFE":null},"geometry":{"type":"Point","coordinates":[370475.3,2837747.83708]}},{"type":"Feature","properties":{"LONG":null,"LAT":null,"NOMCIEN":"Quercus fusiformis","NOMCOM":"Encino siempreverde, encino molino","ORIGEN":"Nativa","ALTURA":16.6,"DAP":39.9,"OBJECTID":1988,"FECHA LEV":2015,"SALUD":null,"PROYE":null,"ACCESO":null,"ACCESIBIL":null,"UBI":null,"COLONIA":null,"TRONCO":null,"CFE":null},"geometry":{"type":"Point","coordinates":[370439.015,2837688.22608]}},{"type":"Feature","properties":{"LONG":null,"LAT":null,"NOMCIEN":"Quercus fusiformis","NOMCOM":"Encino siempreverde, encino molino","ORIGEN":"Nativa","ALTURA":12.1,"DAP":34.4,"OBJECTID":1989,"FECHA LEV":2015,"SALUD":null,"PROYE":null,"ACCESO":null,"ACCESIBIL":null,"UBI":null,"COLONIA":null,"TRONCO":null,"CFE":null},"geometry":{"type":"Point","coordinates":[370430.428,2837688.40208]}},{"type":"Feature","properties":{"LONG":null,"LAT":null,"NOMCIEN":"Quercus fusiformis","NOMCOM":"Encino siempreverde, encino molino","ORIGEN":"Nativa","ALTURA":12.0,"DAP":38.7,"OBJECTID":1990,"FECHA LEV":2015,"SALUD":null,"PROYE":null,"ACCESO":null,"ACCESIBIL":null,"UBI":null,"COLONIA":null,"TRONCO":null,"CFE":null},"geometry":{"type":"Point","coordinates":[370463.021,2837682.61908]}},{"type":"Feature","properties":{"LONG":null,"LAT":null,"NOMCIEN":"Quercus fusiformis","NOMCOM":"Encino siempreverde, encino molino","ORIGEN":"Nativa","ALTURA":11.8,"DAP":35.8,"OBJECTID":1991,"FECHA LEV":2015,"SALUD":null,"PROYE":null,"ACCESO":null,"ACCESIBIL":null,"UBI":null,"COLONIA":null,"TRONCO":null,"CFE":null},"geometry":{"type":"Point","coordinates":[370473.36,2837682.61908]}},{"type":"Feature","properties":{"LONG":null,"LAT":null,"NOMCIEN":"Taxodium distichum","NOMCOM":"Sabino, ciprés calvo, ciprés de los pantanos","ORIGEN":"Introducida","ALTURA":15.9,"DAP":70.0,"OBJECTID":1992,"FECHA LEV":2015,"SALUD":null,"PROYE":null,"ACCESO":null,"ACCESIBIL":null,"UBI":null,"COLONIA":null,"TRONCO":null,"CFE":null},"geometry":{"type":"Point","coordinates":[370471.93,2837716.22408]}},{"type":"Feature","properties":{"LONG":null,"LAT":null,"NOMCIEN":"Quercus fusiformis","NOMCOM":"Encino siempreverde, encino molino","ORIGEN":"Nativa","ALTURA":12.4,"DAP":37.4,"OBJECTID":1993,"FECHA LEV":2015,"SALUD":null,"PROYE":null,"ACCESO":null,"ACCESIBIL":null,"UBI":null,"COLONIA":null,"TRONCO":null,"CFE":null},"geometry":{"type":"Point","coordinates":[370441.278,2837746.23708]}},{"type":"Feature","properties":{"LONG":null,"LAT":null,"NOMCIEN":"Quercus polymorpha","NOMCOM":"Encino roble, roble","ORIGEN":"Nativa","ALTURA":11.5,"DAP":29.3,"OBJECTID":1994,"FECHA LEV":2015,"SALUD":null,"PROYE":null,"ACCESO":null,"ACCESIBIL":null,"UBI":null,"COLONIA":null,"TRONCO":null,"CFE":null},"geometry":{"type":"Point","coordinates":[370485.021,2837736.65808]}},{"type":"Feature","properties":{"LONG":null,"LAT":null,"NOMCIEN":"Quercus fusiformis","NOMCOM":"Encino siempreverde, encino molino","ORIGEN":"Nativa","ALTURA":7.9,"DAP":22.4,"OBJECTID":1995,"FECHA LEV":2015,"SALUD":null,"PROYE":null,"ACCESO":null,"ACCESIBIL":null,"UBI":null,"COLONIA":null,"TRONCO":null,"CFE":null},"geometry":{"type":"Point","coordinates":[370485.095,2837746.94708]}},{"type":"Feature","properties":{"LONG":null,"LAT":null,"NOMCIEN":"Quercus fusiformis","NOMCOM":"Encino siempreverde, encino molino","ORIGEN":"Nativa","ALTURA":14.1,"DAP":41.4,"OBJECTID":1996,"FECHA LEV":2015,"SALUD":null,"PROYE":null,"ACCESO":null,"ACCESIBIL":null,"UBI":null,"COLONIA":null,"TRONCO":null,"CFE":null},"geometry":{"type":"Point","coordinates":[370484.064,2837683.01708]}},{"type":"Feature","properties":{"LONG":null,"LAT":null,"NOMCIEN":"Quercus polymorpha","NOMCOM":"Encino roble, roble","ORIGEN":"Nativa","ALTURA":15.2,"DAP":38.2,"OBJECTID":1997,"FECHA LEV":2015,"SALUD":null,"PROYE":null,"ACCESO":null,"ACCESIBIL":null,"UBI":null,"COLONIA":null,"TRONCO":null,"CFE":null},"geometry":{"type":"Point","coordinates":[370438.12,2837680.93608]}},{"type":"Feature","properties":{"LONG":null,"LAT":null,"NOMCIEN":"Quercus polymorpha","NOMCOM":"Encino roble, roble","ORIGEN":"Nativa","ALTURA":12.8,"DAP":23.5,"OBJECTID":1998,"FECHA LEV":2015,"SALUD":null,"PROYE":null,"ACCESO":null,"ACCESIBIL":null,"UBI":null,"COLONIA":null,"TRONCO":null,"CFE":null},"geometry":{"type":"Point","coordinates":[370428.77,2837680.60208]}},{"type":"Feature","properties":{"LONG":null,"LAT":null,"NOMCIEN":"Quercus fusiformis","NOMCOM":"Encino siempreverde, encino molino","ORIGEN":"Nativa","ALTURA":14.9,"DAP":40.1,"OBJECTID":1999,"FECHA LEV":2015,"SALUD":null,"PROYE":null,"ACCESO":null,"ACCESIBIL":null,"UBI":null,"COLONIA":null,"TRONCO":null,"CFE":null},"geometry":{"type":"Point","coordinates":[370416.97,2837680.49108]}},{"type":"Feature","properties":{"LONG":null,"LAT":null,"NOMCIEN":"Quercus polymorpha","NOMCOM":"Encino roble, roble","ORIGEN":"Nativa","ALTURA":13.7,"DAP":40.2,"OBJECTID":2000,"FECHA LEV":2015,"SALUD":null,"PROYE":null,"ACCESO":null,"ACCESIBIL":null,"UBI":null,"COLONIA":null,"TRONCO":null,"CFE":null},"geometry":{"type":"Point","coordinates":[370425.456,2837748.10208]}},{"type":"Feature","properties":{"LONG":null,"LAT":null,"NOMCIEN":"Quercus polymorpha","NOMCOM":"Encino roble, roble","ORIGEN":"Nativa","ALTURA":10.1,"DAP":39.9,"OBJECTID":2001,"FECHA LEV":2015,"SALUD":null,"PROYE":null,"ACCESO":null,"ACCESIBIL":null,"UBI":null,"COLONIA":null,"TRONCO":null,"CFE":null},"geometry":{"type":"Point","coordinates":[370431.479,2837743.20208]}},{"type":"Feature","properties":{"LONG":null,"LAT":null,"NOMCIEN":"Quercus polymorpha","NOMCOM":"Encino roble, roble","ORIGEN":"Nativa","ALTURA":16.7,"DAP":37.6,"OBJECTID":2002,"FECHA LEV":2015,"SALUD":null,"PROYE":null,"ACCESO":null,"ACCESIBIL":null,"UBI":null,"COLONIA":null,"TRONCO":null,"CFE":null},"geometry":{"type":"Point","coordinates":[370453.449,2837738.71008]}},{"type":"Feature","properties":{"LONG":null,"LAT":null,"NOMCIEN":"Quercus polymorpha","NOMCOM":"Encino roble, roble","ORIGEN":"Nativa","ALTURA":14.2,"DAP":44.1,"OBJECTID":2003,"FECHA LEV":2015,"SALUD":null,"PROYE":null,"ACCESO":null,"ACCESIBIL":null,"UBI":null,"COLONIA":null,"TRONCO":null,"CFE":null},"geometry":{"type":"Point","coordinates":[370612.511,2837787.50408]}},{"type":"Feature","properties":{"LONG":null,"LAT":null,"NOMCIEN":"Quercus fusiformis","NOMCOM":"Encino siempreverde, encino molino","ORIGEN":"Nativa","ALTURA":8.8,"DAP":48.6,"OBJECTID":2004,"FECHA LEV":2015,"SALUD":null,"PROYE":null,"ACCESO":null,"ACCESIBIL":null,"UBI":null,"COLONIA":null,"TRONCO":null,"CFE":null},"geometry":{"type":"Point","coordinates":[370701.261,2837762.88108]}},{"type":"Feature","properties":{"LONG":null,"LAT":null,"NOMCIEN":"Quercus shumardii","NOMCOM":"Encino rojo","ORIGEN":"Introducida","ALTURA":10.8,"DAP":34.9,"OBJECTID":2005,"FECHA LEV":2015,"SALUD":null,"PROYE":null,"ACCESO":null,"ACCESIBIL":null,"UBI":null,"COLONIA":null,"TRONCO":null,"CFE":null},"geometry":{"type":"Point","coordinates":[370629.981,2837767.94908]}},{"type":"Feature","properties":{"LONG":null,"LAT":null,"NOMCIEN":"Ligustrum japonicum","NOMCOM":"Trueno de Texas, trueno japonés","ORIGEN":"Introducida","ALTURA":12.9,"DAP":45.5,"OBJECTID":2006,"FECHA LEV":2015,"SALUD":null,"PROYE":null,"ACCESO":null,"ACCESIBIL":null,"UBI":null,"COLONIA":null,"TRONCO":null,"CFE":null},"geometry":{"type":"Point","coordinates":[370643.509,2837762.49108]}},{"type":"Feature","properties":{"LONG":null,"LAT":null,"NOMCIEN":"Ligustrum japonicum","NOMCOM":"Trueno de Texas, trueno japonés","ORIGEN":"Introducida","ALTURA":12.6,"DAP":57.3,"OBJECTID":2007,"FECHA LEV":2015,"SALUD":null,"PROYE":null,"ACCESO":null,"ACCESIBIL":null,"UBI":null,"COLONIA":null,"TRONCO":null,"CFE":null},"geometry":{"type":"Point","coordinates":[370659.715,2837762.02308]}},{"type":"Feature","properties":{"LONG":null,"LAT":null,"NOMCIEN":"Fraxinus americana","NOMCOM":"Fresno blanco americano","ORIGEN":"Nativa","ALTURA":10.4,"DAP":52.9,"OBJECTID":2008,"FECHA LEV":2015,"SALUD":null,"PROYE":null,"ACCESO":null,"ACCESIBIL":null,"UBI":null,"COLONIA":null,"TRONCO":null,"CFE":null},"geometry":{"type":"Point","coordinates":[370650.833,2837762.17908]}},{"type":"Feature","properties":{"LONG":null,"LAT":null,"NOMCIEN":"Fraxinus americana","NOMCOM":"Fresno blanco americano","ORIGEN":"Nativa","ALTURA":11.3,"DAP":50.9,"OBJECTID":2009,"FECHA LEV":2015,"SALUD":null,"PROYE":null,"ACCESO":null,"ACCESIBIL":null,"UBI":null,"COLONIA":null,"TRONCO":null,"CFE":null},"geometry":{"type":"Point","coordinates":[370667.195,2837762.49108]}},{"type":"Feature","properties":{"LONG":null,"LAT":null,"NOMCIEN":"Platanus mexicana","NOMCOM":"Álamo de río, álamo blanco, sicomoro mexicano","ORIGEN":"Nativa","ALTURA":16.2,"DAP":35.5,"OBJECTID":2010,"FECHA LEV":2015,"SALUD":null,"PROYE":null,"ACCESO":null,"ACCESIBIL":null,"UBI":null,"COLONIA":null,"TRONCO":null,"CFE":null},"geometry":{"type":"Point","coordinates":[370691.505,2837757.97108]}},{"type":"Feature","properties":{"LONG":null,"LAT":null,"NOMCIEN":"Cupressus sempervirens","NOMCOM":"Ciprés mediterráneo, ciprés italiano, ciprés pincel","ORIGEN":"Introducida","ALTURA":11.7,"DAP":24.1,"OBJECTID":2011,"FECHA LEV":2015,"SALUD":null,"PROYE":null,"ACCESO":null,"ACCESIBIL":null,"UBI":null,"COLONIA":null,"TRONCO":null,"CFE":null},"geometry":{"type":"Point","coordinates":[370669.574,2837796.68608]}},{"type":"Feature","properties":{"LONG":null,"LAT":null,"NOMCIEN":"Quercus shumardii","NOMCOM":"Encino rojo","ORIGEN":"Introducida","ALTURA":11.2,"DAP":30.3,"OBJECTID":2012,"FECHA LEV":2015,"SALUD":null,"PROYE":null,"ACCESO":null,"ACCESIBIL":null,"UBI":null,"COLONIA":null,"TRONCO":null,"CFE":null},"geometry":{"type":"Point","coordinates":[370663.507,2837797.32508]}},{"type":"Feature","properties":{"LONG":null,"LAT":null,"NOMCIEN":"Cupressus sempervirens","NOMCOM":"Ciprés mediterráneo, ciprés italiano, ciprés pincel","ORIGEN":"Introducida","ALTURA":15.3,"DAP":24.6,"OBJECTID":2013,"FECHA LEV":2015,"SALUD":null,"PROYE":null,"ACCESO":null,"ACCESIBIL":null,"UBI":null,"COLONIA":null,"TRONCO":null,"CFE":null},"geometry":{"type":"Point","coordinates":[370653.929,2837796.68608]}},{"type":"Feature","properties":{"LONG":null,"LAT":null,"NOMCIEN":"Quercus polymorpha","NOMCOM":"Encino roble, roble","ORIGEN":"Nativa","ALTURA":11.7,"DAP":32.8,"OBJECTID":2014,"FECHA LEV":2015,"SALUD":null,"PROYE":null,"ACCESO":null,"ACCESIBIL":null,"UBI":null,"COLONIA":null,"TRONCO":null,"CFE":null},"geometry":{"type":"Point","coordinates":[370630.292,2837780.01108]}},{"type":"Feature","properties":{"LONG":null,"LAT":null,"NOMCIEN":"Quercus shumardii","NOMCOM":"Encino rojo","ORIGEN":"Introducida","ALTURA":11.0,"DAP":22.9,"OBJECTID":2015,"FECHA LEV":2015,"SALUD":null,"PROYE":null,"ACCESO":null,"ACCESIBIL":null,"UBI":null,"COLONIA":null,"TRONCO":null,"CFE":null},"geometry":{"type":"Point","coordinates":[370654.248,2837791.89608]}},{"type":"Feature","properties":{"LONG":null,"LAT":null,"NOMCIEN":"Quercus shumardii","NOMCOM":"Encino rojo","ORIGEN":"Introducida","ALTURA":14.6,"DAP":33.1,"OBJECTID":2016,"FECHA LEV":2015,"SALUD":null,"PROYE":null,"ACCESO":null,"ACCESIBIL":null,"UBI":null,"COLONIA":null,"TRONCO":null,"CFE":null},"geometry":{"type":"Point","coordinates":[370645.308,2837797.00508]}},{"type":"Feature","properties":{"LONG":null,"LAT":null,"NOMCIEN":"Cupressus sempervirens","NOMCOM":"Ciprés mediterráneo, ciprés italiano, ciprés pincel","ORIGEN":"Introducida","ALTURA":17.4,"DAP":25.1,"OBJECTID":2017,"FECHA LEV":2015,"SALUD":null,"PROYE":null,"ACCESO":null,"ACCESIBIL":null,"UBI":null,"COLONIA":null,"TRONCO":null,"CFE":null},"geometry":{"type":"Point","coordinates":[370637.645,2837797.32508]}},{"type":"Feature","properties":{"LONG":null,"LAT":null,"NOMCIEN":"Quercus shumardii","NOMCOM":"Encino rojo","ORIGEN":"Introducida","ALTURA":14.6,"DAP":37.8,"OBJECTID":2018,"FECHA LEV":2015,"SALUD":null,"PROYE":null,"ACCESO":null,"ACCESIBIL":null,"UBI":null,"COLONIA":null,"TRONCO":null,"CFE":null},"geometry":{"type":"Point","coordinates":[370629.024,2837797.32508]}},{"type":"Feature","properties":{"LONG":null,"LAT":null,"NOMCIEN":"Quercus shumardii","NOMCOM":"Encino rojo","ORIGEN":"Introducida","ALTURA":7.8,"DAP":26.5,"OBJECTID":2019,"FECHA LEV":2015,"SALUD":null,"PROYE":null,"ACCESO":null,"ACCESIBIL":null,"UBI":null,"COLONIA":null,"TRONCO":null,"CFE":null},"geometry":{"type":"Point","coordinates":[370658.108,2837810.58408]}},{"type":"Feature","properties":{"LONG":null,"LAT":null,"NOMCIEN":"Quercus shumardii","NOMCOM":"Encino rojo","ORIGEN":"Introducida","ALTURA":13.0,"DAP":28.7,"OBJECTID":2020,"FECHA LEV":2015,"SALUD":null,"PROYE":null,"ACCESO":null,"ACCESIBIL":null,"UBI":null,"COLONIA":null,"TRONCO":null,"CFE":null},"geometry":{"type":"Point","coordinates":[370660.902,2837807.79008]}},{"type":"Feature","properties":{"LONG":null,"LAT":null,"NOMCIEN":"Pinus montezumae","NOMCOM":"Pino moctezuma, pino chamaite, pino ocote","ORIGEN":"Nativa","ALTURA":8.2,"DAP":27.0,"OBJECTID":2021,"FECHA LEV":2015,"SALUD":null,"PROYE":null,"ACCESO":null,"ACCESIBIL":null,"UBI":null,"COLONIA":null,"TRONCO":null,"CFE":null},"geometry":{"type":"Point","coordinates":[370616.54,2837810.14008]}},{"type":"Feature","properties":{"LONG":null,"LAT":null,"NOMCIEN":"Quercus fusiformis","NOMCOM":"Encino siempreverde, encino molino","ORIGEN":"Nativa","ALTURA":10.2,"DAP":39.1,"OBJECTID":2022,"FECHA LEV":2015,"SALUD":null,"PROYE":null,"ACCESO":null,"ACCESIBIL":null,"UBI":null,"COLONIA":null,"TRONCO":null,"CFE":null},"geometry":{"type":"Point","coordinates":[370680.315,2837754.19708]}},{"type":"Feature","properties":{"LONG":null,"LAT":null,"NOMCIEN":"Quercus fusiformis","NOMCOM":"Encino siempreverde, encino molino","ORIGEN":"Nativa","ALTURA":7.6,"DAP":16.8,"OBJECTID":2023,"FECHA LEV":2015,"SALUD":null,"PROYE":null,"ACCESO":null,"ACCESIBIL":null,"UBI":null,"COLONIA":null,"TRONCO":null,"CFE":null},"geometry":{"type":"Point","coordinates":[370630.99,2837815.33008]}},{"type":"Feature","properties":{"LONG":null,"LAT":null,"NOMCIEN":"Quercus fusiformis","NOMCOM":"Encino siempreverde, encino molino","ORIGEN":"Nativa","ALTURA":9.0,"DAP":25.2,"OBJECTID":2024,"FECHA LEV":2015,"SALUD":null,"PROYE":null,"ACCESO":null,"ACCESIBIL":null,"UBI":null,"COLONIA":null,"TRONCO":null,"CFE":null},"geometry":{"type":"Point","coordinates":[370616.26,2837804.03008]}},{"type":"Feature","properties":{"LONG":null,"LAT":null,"NOMCIEN":"Quercus polymorpha","NOMCOM":"Encino roble, roble","ORIGEN":"Nativa","ALTURA":12.3,"DAP":32.0,"OBJECTID":2025,"FECHA LEV":2015,"SALUD":null,"PROYE":null,"ACCESO":null,"ACCESIBIL":null,"UBI":null,"COLONIA":null,"TRONCO":null,"CFE":null},"geometry":{"type":"Point","coordinates":[370631.181,2837786.86908]}},{"type":"Feature","properties":{"LONG":null,"LAT":null,"NOMCIEN":"Quercus shumardii","NOMCOM":"Encino rojo","ORIGEN":"Introducida","ALTURA":7.2,"DAP":12.3,"OBJECTID":2026,"FECHA LEV":2015,"SALUD":null,"PROYE":null,"ACCESO":null,"ACCESIBIL":null,"UBI":null,"COLONIA":null,"TRONCO":null,"CFE":null},"geometry":{"type":"Point","coordinates":[370625.28,2837810.28008]}},{"type":"Feature","properties":{"LONG":null,"LAT":null,"NOMCIEN":"Quercus fusiformis","NOMCOM":"Encino siempreverde, encino molino","ORIGEN":"Nativa","ALTURA":10.3,"DAP":20.2,"OBJECTID":2027,"FECHA LEV":2015,"SALUD":null,"PROYE":null,"ACCESO":null,"ACCESIBIL":null,"UBI":null,"COLONIA":null,"TRONCO":null,"CFE":null},"geometry":{"type":"Point","coordinates":[370641.63,2837812.78008]}},{"type":"Feature","properties":{"LONG":null,"LAT":null,"NOMCIEN":"Quercus shumardii","NOMCOM":"Encino rojo","ORIGEN":"Introducida","ALTURA":10.8,"DAP":33.4,"OBJECTID":2028,"FECHA LEV":2015,"SALUD":null,"PROYE":null,"ACCESO":null,"ACCESIBIL":null,"UBI":null,"COLONIA":null,"TRONCO":null,"CFE":null},"geometry":{"type":"Point","coordinates":[370647.43,2837820.07008]}},{"type":"Feature","properties":{"LONG":null,"LAT":null,"NOMCIEN":"Quercus polymorpha","NOMCOM":"Encino roble, roble","ORIGEN":"Nativa","ALTURA":10.9,"DAP":19.4,"OBJECTID":2029,"FECHA LEV":2015,"SALUD":null,"PROYE":null,"ACCESO":null,"ACCESIBIL":null,"UBI":null,"COLONIA":null,"TRONCO":null,"CFE":null},"geometry":{"type":"Point","coordinates":[370652.71,2837814.27008]}},{"type":"Feature","properties":{"LONG":null,"LAT":null,"NOMCIEN":"Quercus fusiformis","NOMCOM":"Encino siempreverde, encino molino","ORIGEN":"Nativa","ALTURA":8.2,"DAP":17.5,"OBJECTID":2030,"FECHA LEV":2015,"SALUD":null,"PROYE":null,"ACCESO":null,"ACCESIBIL":null,"UBI":null,"COLONIA":null,"TRONCO":null,"CFE":null},"geometry":{"type":"Point","coordinates":[370657.45,2837812.87008]}},{"type":"Feature","properties":{"LONG":null,"LAT":null,"NOMCIEN":"Quercus fusiformis","NOMCOM":"Encino siempreverde, encino molino","ORIGEN":"Nativa","ALTURA":9.8,"DAP":25.9,"OBJECTID":2031,"FECHA LEV":2015,"SALUD":null,"PROYE":null,"ACCESO":null,"ACCESIBIL":null,"UBI":null,"COLONIA":null,"TRONCO":null,"CFE":null},"geometry":{"type":"Point","coordinates":[370665.78,2837804.45008]}},{"type":"Feature","properties":{"LONG":null,"LAT":null,"NOMCIEN":"Pinus montezumae","NOMCOM":"Pino moctezuma, pino chamaite, pino ocote","ORIGEN":"Nativa","ALTURA":10.1,"DAP":27.5,"OBJECTID":2032,"FECHA LEV":2015,"SALUD":null,"PROYE":null,"ACCESO":null,"ACCESIBIL":null,"UBI":null,"COLONIA":null,"TRONCO":null,"CFE":null},"geometry":{"type":"Point","coordinates":[370666.84,2837790.80008]}},{"type":"Feature","properties":{"LONG":null,"LAT":null,"NOMCIEN":"Quercus fusiformis","NOMCOM":"Encino siempreverde, encino molino","ORIGEN":"Nativa","ALTURA":9.2,"DAP":21.8,"OBJECTID":2033,"FECHA LEV":2015,"SALUD":null,"PROYE":null,"ACCESO":null,"ACCESIBIL":null,"UBI":null,"COLONIA":null,"TRONCO":null,"CFE":null},"geometry":{"type":"Point","coordinates":[370645.83,2837806.32008]}},{"type":"Feature","properties":{"LONG":null,"LAT":null,"NOMCIEN":"Pinus montezumae","NOMCOM":"Pino moctezuma, pino chamaite, pino ocote","ORIGEN":"Nativa","ALTURA":8.4,"DAP":23.0,"OBJECTID":2034,"FECHA LEV":2015,"SALUD":null,"PROYE":null,"ACCESO":null,"ACCESIBIL":null,"UBI":null,"COLONIA":null,"TRONCO":null,"CFE":null},"geometry":{"type":"Point","coordinates":[370639.29,2837810.91008]}},{"type":"Feature","properties":{"LONG":null,"LAT":null,"NOMCIEN":"Quercus polymorpha","NOMCOM":"Encino roble, roble","ORIGEN":"Nativa","ALTURA":13.1,"DAP":27.7,"OBJECTID":2035,"FECHA LEV":2015,"SALUD":null,"PROYE":null,"ACCESO":null,"ACCESIBIL":null,"UBI":null,"COLONIA":null,"TRONCO":null,"CFE":null},"geometry":{"type":"Point","coordinates":[370616.306,2837796.92708]}},{"type":"Feature","properties":{"LONG":null,"LAT":null,"NOMCIEN":"Quercus polymorpha","NOMCOM":"Encino roble, roble","ORIGEN":"Nativa","ALTURA":10.4,"DAP":26.4,"OBJECTID":2036,"FECHA LEV":2015,"SALUD":null,"PROYE":null,"ACCESO":null,"ACCESIBIL":null,"UBI":null,"COLONIA":null,"TRONCO":null,"CFE":null},"geometry":{"type":"Point","coordinates":[370647.564,2837787.12308]}},{"type":"Feature","properties":{"LONG":null,"LAT":null,"NOMCIEN":"Quercus fusiformis","NOMCOM":"Encino siempreverde, encino molino","ORIGEN":"Nativa","ALTURA":8.7,"DAP":20.0,"OBJECTID":2037,"FECHA LEV":2015,"SALUD":null,"PROYE":null,"ACCESO":null,"ACCESIBIL":null,"UBI":null,"COLONIA":null,"TRONCO":null,"CFE":null},"geometry":{"type":"Point","coordinates":[370640.0,2837765.00008]}},{"type":"Feature","properties":{"LONG":null,"LAT":null,"NOMCIEN":"Quercus polymorpha","NOMCOM":"Encino roble, roble","ORIGEN":"Nativa","ALTURA":13.7,"DAP":30.6,"OBJECTID":2038,"FECHA LEV":2015,"SALUD":null,"PROYE":null,"ACCESO":null,"ACCESIBIL":null,"UBI":null,"COLONIA":null,"TRONCO":null,"CFE":null},"geometry":{"type":"Point","coordinates":[370667.757,2837788.01208]}},{"type":"Feature","properties":{"LONG":null,"LAT":null,"NOMCIEN":"Quercus polymorpha","NOMCOM":"Encino roble, roble","ORIGEN":"Nativa","ALTURA":8.8,"DAP":28.3,"OBJECTID":2039,"FECHA LEV":2015,"SALUD":null,"PROYE":null,"ACCESO":null,"ACCESIBIL":null,"UBI":null,"COLONIA":null,"TRONCO":null,"CFE":null},"geometry":{"type":"Point","coordinates":[370674.234,2837787.88508]}},{"type":"Feature","properties":{"LONG":null,"LAT":null,"NOMCIEN":"Quercus polymorpha","NOMCOM":"Encino roble, roble","ORIGEN":"Nativa","ALTURA":14.8,"DAP":25.8,"OBJECTID":2040,"FECHA LEV":2015,"SALUD":null,"PROYE":null,"ACCESO":null,"ACCESIBIL":null,"UBI":null,"COLONIA":null,"TRONCO":null,"CFE":null},"geometry":{"type":"Point","coordinates":[370647.691,2837759.31008]}},{"type":"Feature","properties":{"LONG":null,"LAT":null,"NOMCIEN":"Quercus fusiformis","NOMCOM":"Encino siempreverde, encino molino","ORIGEN":"Nativa","ALTURA":13.0,"DAP":42.8,"OBJECTID":2041,"FECHA LEV":2015,"SALUD":null,"PROYE":null,"ACCESO":null,"ACCESIBIL":null,"UBI":null,"COLONIA":null,"TRONCO":null,"CFE":null},"geometry":{"type":"Point","coordinates":[370612.654,2837778.85308]}},{"type":"Feature","properties":{"LONG":null,"LAT":null,"NOMCIEN":"Fraxinus americana","NOMCOM":"Fresno blanco americano","ORIGEN":"Nativa","ALTURA":14.3,"DAP":37.3,"OBJECTID":2042,"FECHA LEV":2015,"SALUD":null,"PROYE":null,"ACCESO":null,"ACCESIBIL":null,"UBI":null,"COLONIA":null,"TRONCO":null,"CFE":null},"geometry":{"type":"Point","coordinates":[370638.678,2837786.80108]}},{"type":"Feature","properties":{"LONG":null,"LAT":null,"NOMCIEN":"Quercus polymorpha","NOMCOM":"Encino roble, roble","ORIGEN":"Nativa","ALTURA":15.9,"DAP":21.2,"OBJECTID":2043,"FECHA LEV":2015,"SALUD":null,"PROYE":null,"ACCESO":null,"ACCESIBIL":null,"UBI":null,"COLONIA":null,"TRONCO":null,"CFE":null},"geometry":{"type":"Point","coordinates":[370648.0,2837813.00008]}}]}